COUNTYFIPS,COUNTY,STATE,rucc_2013_code,community_type,nchs_urban_rural_code
9261,County_9261,Florida,9.0,Rural,6.0
33417,County_33417,North Carolina,6.0,Rural,5.0
1695,County_1695,Alabama,6.0,Rural,5.0
28741,County_28741,Nevada,4.0,Suburban/Small City,4.0
37117,County_37117,Oregon,7.0,Rural,5.0
56427,County_56427,Other,2.0,Urban,2.0
42739,County_42739,Tennessee,9.0,Rural,6.0
2843,County_2843,Alaska,3.0,Urban,3.0
36055,County_36055,Oklahoma,3.0,Urban,3.0
11739,County_11739,Hawaii,8.0,Rural,6.0
3197,County_3197,Arizona,8.0,Rural,6.0
33939,County_33939,North Carolina,1.0,Urban,1.0
38811,County_38811,Pennsylvania,9.0,Rural,6.0
50149,County_50149,Wyoming,6.0,Rural,5.0
31755,County_31755,New Mexico,4.0,Suburban/Small City,4.0
48027,County_48027,West Virginia,3.0,Urban,3.0
56975,County_56975,Other,2.0,Urban,2.0
11023,County_11023,Hawaii,8.0,Rural,6.0
47603,County_47603,Washington,2.0,Urban,2.0
32545,County_32545,New York,8.0,Rural,6.0
48951,County_48951,West Virginia,1.0,Urban,1.0
12941,County_12941,Idaho,7.0,Rural,5.0
29835,County_29835,New Hampshire,7.0,Rural,5.0
28877,County_28877,Nevada,6.0,Rural,5.0
40139,County_40139,South Carolina,9.0,Rural,6.0
55031,County_55031,Other,9.0,Rural,6.0
51729,County_51729,Other,9.0,Rural,6.0
56219,County_56219,Other,2.0,Urban,2.0
10217,County_10217,Georgia,2.0,Urban,2.0
39397,County_39397,Rhode Island,7.0,Rural,5.0
27187,County_27187,Nebraska,8.0,Rural,6.0
53441,County_53441,Other,9.0,Rural,6.0
43713,County_43713,Texas,1.0,Urban,1.0
32867,County_32867,New York,6.0,Rural,5.0
34531,County_34531,North Dakota,9.0,Rural,6.0
23543,County_23543,Minnesota,4.0,Suburban/Small City,4.0
28911,County_28911,Nevada,2.0,Urban,2.0
23923,County_23923,Minnesota,7.0,Rural,5.0
56329,County_56329,Other,1.0,Urban,1.0
6253,County_6253,Colorado,1.0,Urban,1.0
30691,County_30691,New Jersey,2.0,Urban,2.0
52325,County_52325,Other,8.0,Rural,6.0
55517,County_55517,Other,8.0,Rural,6.0
5805,County_5805,California,1.0,Urban,1.0
23243,County_23243,Minnesota,6.0,Rural,5.0
55125,County_55125,Other,8.0,Rural,6.0
21441,County_21441,Massachusetts,2.0,Urban,2.0
9001,County_9001,Florida,8.0,Rural,6.0
19807,County_19807,Maine,7.0,Rural,5.0
34247,County_34247,North Dakota,1.0,Urban,1.0
27585,County_27585,Nebraska,2.0,Urban,2.0
11447,County_11447,Hawaii,1.0,Urban,1.0
8341,County_8341,Delaware,9.0,Rural,6.0
49733,County_49733,Wisconsin,3.0,Urban,3.0
41359,County_41359,South Dakota,3.0,Urban,3.0
54961,County_54961,Other,1.0,Urban,1.0
31503,County_31503,New Mexico,9.0,Rural,6.0
14791,County_14791,Indiana,7.0,Rural,5.0
33477,County_33477,North Carolina,6.0,Rural,5.0
56141,County_56141,Other,3.0,Urban,3.0
1363,County_1363,Alabama,8.0,Rural,6.0
44571,County_44571,Utah,1.0,Urban,1.0
14255,County_14255,Indiana,7.0,Rural,5.0
56709,County_56709,Other,9.0,Rural,6.0
23171,County_23171,Minnesota,4.0,Suburban/Small City,4.0
39457,County_39457,Rhode Island,8.0,Rural,6.0
12197,County_12197,Idaho,7.0,Rural,5.0
49845,County_49845,Wisconsin,9.0,Rural,6.0
48381,County_48381,West Virginia,8.0,Rural,6.0
39709,County_39709,Rhode Island,4.0,Suburban/Small City,4.0
40223,County_40223,South Carolina,9.0,Rural,6.0
9441,County_9441,Florida,1.0,Urban,1.0
14423,County_14423,Indiana,6.0,Rural,5.0
30565,County_30565,New Jersey,2.0,Urban,2.0
23479,County_23479,Minnesota,2.0,Urban,2.0
49315,County_49315,Wisconsin,1.0,Urban,1.0
41105,County_41105,South Dakota,2.0,Urban,2.0
46793,County_46793,Virginia,8.0,Rural,6.0
44109,County_44109,Utah,3.0,Urban,3.0
2933,County_2933,Alaska,7.0,Rural,5.0
9957,County_9957,Florida,2.0,Urban,2.0
2787,County_2787,Alaska,7.0,Rural,5.0
34335,County_34335,North Dakota,2.0,Urban,2.0
54463,County_54463,Other,8.0,Rural,6.0
46583,County_46583,Virginia,3.0,Urban,3.0
1573,County_1573,Alabama,3.0,Urban,3.0
13057,County_13057,Illinois,8.0,Rural,6.0
54617,County_54617,Other,7.0,Rural,5.0
8265,County_8265,Delaware,7.0,Rural,5.0
51595,County_51595,Other,6.0,Rural,5.0
12079,County_12079,Idaho,6.0,Rural,5.0
51677,County_51677,Other,8.0,Rural,6.0
28493,County_28493,Nevada,7.0,Rural,5.0
14961,County_14961,Indiana,4.0,Suburban/Small City,4.0
3159,County_3159,Arizona,3.0,Urban,3.0
55607,County_55607,Other,6.0,Rural,5.0
24679,County_24679,Mississippi,1.0,Urban,1.0
21725,County_21725,Massachusetts,1.0,Urban,1.0
42897,County_42897,Tennessee,6.0,Rural,5.0
41827,County_41827,South Dakota,5.0,Suburban/Small City,4.0
30667,County_30667,New Jersey,1.0,Urban,1.0
53823,County_53823,Other,4.0,Suburban/Small City,4.0
23893,County_23893,Minnesota,4.0,Suburban/Small City,4.0
24639,County_24639,Mississippi,2.0,Urban,2.0
4315,County_4315,Arkansas,8.0,Rural,6.0
4071,County_4071,Arkansas,1.0,Urban,1.0
43065,County_43065,Texas,2.0,Urban,2.0
12669,County_12669,Idaho,5.0,Suburban/Small City,4.0
48991,County_48991,West Virginia,9.0,Rural,6.0
21949,County_21949,Massachusetts,4.0,Suburban/Small City,4.0
27501,County_27501,Nebraska,8.0,Rural,6.0
6159,County_6159,Colorado,7.0,Rural,5.0
49449,County_49449,Wisconsin,8.0,Rural,6.0
39353,County_39353,Rhode Island,8.0,Rural,6.0
52567,County_52567,Other,7.0,Rural,5.0
2535,County_2535,Alaska,2.0,Urban,2.0
48527,County_48527,West Virginia,2.0,Urban,2.0
26307,County_26307,Montana,5.0,Suburban/Small City,4.0
33007,County_33007,North Carolina,8.0,Rural,6.0
55595,County_55595,Other,1.0,Urban,1.0
20833,County_20833,Maryland,5.0,Suburban/Small City,4.0
52685,County_52685,Other,1.0,Urban,1.0
10445,County_10445,Georgia,1.0,Urban,1.0
53153,County_53153,Other,1.0,Urban,1.0
29449,County_29449,New Hampshire,4.0,Suburban/Small City,4.0
43179,County_43179,Texas,7.0,Rural,5.0
39339,County_39339,Rhode Island,6.0,Rural,5.0
43705,County_43705,Texas,2.0,Urban,2.0
33745,County_33745,North Carolina,9.0,Rural,6.0
12335,County_12335,Idaho,1.0,Urban,1.0
23573,County_23573,Minnesota,3.0,Urban,3.0
46635,County_46635,Virginia,6.0,Rural,5.0
7151,County_7151,Connecticut,5.0,Suburban/Small City,4.0
8681,County_8681,Delaware,5.0,Suburban/Small City,4.0
29903,County_29903,New Hampshire,3.0,Urban,3.0
32979,County_32979,New York,5.0,Suburban/Small City,4.0
48115,County_48115,West Virginia,2.0,Urban,2.0
13469,County_13469,Illinois,9.0,Rural,6.0
14375,County_14375,Indiana,8.0,Rural,6.0
17185,County_17185,Kentucky,1.0,Urban,1.0
25895,County_25895,Missouri,3.0,Urban,3.0
11583,County_11583,Hawaii,7.0,Rural,5.0
24151,County_24151,Mississippi,8.0,Rural,6.0
24391,County_24391,Mississippi,4.0,Suburban/Small City,4.0
11237,County_11237,Hawaii,8.0,Rural,6.0
12221,County_12221,Idaho,8.0,Rural,6.0
20417,County_20417,Maryland,8.0,Rural,6.0
19595,County_19595,Maine,8.0,Rural,6.0
30269,County_30269,New Jersey,9.0,Rural,6.0
32165,County_32165,New York,5.0,Suburban/Small City,4.0
1353,County_1353,Alabama,3.0,Urban,3.0
33153,County_33153,North Carolina,5.0,Suburban/Small City,4.0
52779,County_52779,Other,1.0,Urban,1.0
38755,County_38755,Pennsylvania,3.0,Urban,3.0
36617,County_36617,Oklahoma,6.0,Rural,5.0
53817,County_53817,Other,8.0,Rural,6.0
48115,County_48115,West Virginia,2.0,Urban,2.0
21251,County_21251,Massachusetts,7.0,Rural,5.0
15251,County_15251,Iowa,9.0,Rural,6.0
6907,County_6907,Colorado,9.0,Rural,6.0
53943,County_53943,Other,5.0,Suburban/Small City,4.0
5307,County_5307,California,8.0,Rural,6.0
43061,County_43061,Texas,6.0,Rural,5.0
52065,County_52065,Other,9.0,Rural,6.0
8375,County_8375,Delaware,3.0,Urban,3.0
55531,County_55531,Other,8.0,Rural,6.0
5365,County_5365,California,2.0,Urban,2.0
26115,County_26115,Montana,3.0,Urban,3.0
24727,County_24727,Mississippi,7.0,Rural,5.0
26491,County_26491,Montana,8.0,Rural,6.0
19915,County_19915,Maine,1.0,Urban,1.0
29697,County_29697,New Hampshire,1.0,Urban,1.0
55325,County_55325,Other,1.0,Urban,1.0
7127,County_7127,Connecticut,2.0,Urban,2.0
24341,County_24341,Mississippi,9.0,Rural,6.0
18005,County_18005,Louisiana,2.0,Urban,2.0
14049,County_14049,Indiana,8.0,Rural,6.0
53751,County_53751,Other,1.0,Urban,1.0
28643,County_28643,Nevada,6.0,Rural,5.0
6209,County_6209,Colorado,6.0,Rural,5.0
25399,County_25399,Missouri,1.0,Urban,1.0
33039,County_33039,North Carolina,1.0,Urban,1.0
27849,County_27849,Nebraska,2.0,Urban,2.0
14337,County_14337,Indiana,5.0,Suburban/Small City,4.0
19525,County_19525,Maine,3.0,Urban,3.0
8951,County_8951,Delaware,7.0,Rural,5.0
28703,County_28703,Nevada,1.0,Urban,1.0
51357,County_51357,Other,1.0,Urban,1.0
35709,County_35709,Ohio,5.0,Suburban/Small City,4.0
24493,County_24493,Mississippi,7.0,Rural,5.0
33987,County_33987,North Carolina,9.0,Rural,6.0
41199,County_41199,South Dakota,2.0,Urban,2.0
30835,County_30835,New Jersey,2.0,Urban,2.0
25167,County_25167,Missouri,8.0,Rural,6.0
11275,County_11275,Hawaii,8.0,Rural,6.0
3323,County_3323,Arizona,3.0,Urban,3.0
50229,County_50229,Wyoming,2.0,Urban,2.0
9817,County_9817,Florida,1.0,Urban,1.0
26671,County_26671,Montana,2.0,Urban,2.0
20607,County_20607,Maryland,5.0,Suburban/Small City,4.0
31589,County_31589,New Mexico,8.0,Rural,6.0
35953,County_35953,Ohio,2.0,Urban,2.0
55987,County_55987,Other,9.0,Rural,6.0
50577,County_50577,Wyoming,3.0,Urban,3.0
1753,County_1753,Alabama,8.0,Rural,6.0
28261,County_28261,Nevada,8.0,Rural,6.0
4503,County_4503,Arkansas,1.0,Urban,1.0
33907,County_33907,North Carolina,3.0,Urban,3.0
26753,County_26753,Montana,1.0,Urban,1.0
16723,County_16723,Kansas,6.0,Rural,5.0
20193,County_20193,Maryland,7.0,Rural,5.0
11037,County_11037,Hawaii,8.0,Rural,6.0
40635,County_40635,South Carolina,2.0,Urban,2.0
56937,County_56937,Other,9.0,Rural,6.0
44259,County_44259,Utah,6.0,Rural,5.0
42033,County_42033,Tennessee,2.0,Urban,2.0
38923,County_38923,Pennsylvania,5.0,Suburban/Small City,4.0
53381,County_53381,Other,7.0,Rural,5.0
20163,County_20163,Maryland,1.0,Urban,1.0
39633,County_39633,Rhode Island,6.0,Rural,5.0
34199,County_34199,North Dakota,6.0,Rural,5.0
9779,County_9779,Florida,9.0,Rural,6.0
32717,County_32717,New York,4.0,Suburban/Small City,4.0
26177,County_26177,Montana,1.0,Urban,1.0
8439,County_8439,Delaware,7.0,Rural,5.0
16225,County_16225,Kansas,8.0,Rural,6.0
42089,County_42089,Tennessee,2.0,Urban,2.0
38241,County_38241,Pennsylvania,6.0,Rural,5.0
45443,County_45443,Vermont,2.0,Urban,2.0
21521,County_21521,Massachusetts,3.0,Urban,3.0
8477,County_8477,Delaware,4.0,Suburban/Small City,4.0
26983,County_26983,Montana,5.0,Suburban/Small City,4.0
24629,County_24629,Mississippi,6.0,Rural,5.0
27743,County_27743,Nebraska,9.0,Rural,6.0
3123,County_3123,Arizona,4.0,Suburban/Small City,4.0
19091,County_19091,Maine,8.0,Rural,6.0
23951,County_23951,Minnesota,8.0,Rural,6.0
49109,County_49109,Wisconsin,4.0,Suburban/Small City,4.0
50695,County_50695,Wyoming,7.0,Rural,5.0
13401,County_13401,Illinois,8.0,Rural,6.0
45595,County_45595,Vermont,2.0,Urban,2.0
30955,County_30955,New Jersey,8.0,Rural,6.0
48429,County_48429,West Virginia,1.0,Urban,1.0
20207,County_20207,Maryland,3.0,Urban,3.0
56785,County_56785,Other,1.0,Urban,1.0
39239,County_39239,Rhode Island,9.0,Rural,6.0
15915,County_15915,Iowa,2.0,Urban,2.0
4913,County_4913,Arkansas,6.0,Rural,5.0
24409,County_24409,Mississippi,9.0,Rural,6.0
34181,County_34181,North Dakota,7.0,Rural,5.0
49791,County_49791,Wisconsin,9.0,Rural,6.0
14837,County_14837,Indiana,8.0,Rural,6.0
25271,County_25271,Missouri,1.0,Urban,1.0
38503,County_38503,Pennsylvania,9.0,Rural,6.0
53553,County_53553,Other,4.0,Suburban/Small City,4.0
24483,County_24483,Mississippi,8.0,Rural,6.0
4953,County_4953,Arkansas,1.0,Urban,1.0
42177,County_42177,Tennessee,8.0,Rural,6.0
21779,County_21779,Massachusetts,8.0,Rural,6.0
51985,County_51985,Other,8.0,Rural,6.0
40433,County_40433,South Carolina,2.0,Urban,2.0
48283,County_48283,West Virginia,2.0,Urban,2.0
22547,County_22547,Michigan,1.0,Urban,1.0
13699,County_13699,Illinois,2.0,Urban,2.0
20887,County_20887,Maryland,3.0,Urban,3.0
2661,County_2661,Alaska,5.0,Suburban/Small City,4.0
26439,County_26439,Montana,2.0,Urban,2.0
37169,County_37169,Oregon,9.0,Rural,6.0
20729,County_20729,Maryland,3.0,Urban,3.0
8675,County_8675,Delaware,6.0,Rural,5.0
19995,County_19995,Maine,4.0,Suburban/Small City,4.0
17163,County_17163,Kentucky,6.0,Rural,5.0
14673,County_14673,Indiana,2.0,Urban,2.0
27507,County_27507,Nebraska,6.0,Rural,5.0
35353,County_35353,Ohio,9.0,Rural,6.0
23199,County_23199,Minnesota,3.0,Urban,3.0
6777,County_6777,Colorado,8.0,Rural,6.0
22207,County_22207,Michigan,6.0,Rural,5.0
19631,County_19631,Maine,5.0,Suburban/Small City,4.0
51037,County_51037,Other,2.0,Urban,2.0
10237,County_10237,Georgia,7.0,Rural,5.0
6883,County_6883,Colorado,3.0,Urban,3.0
10297,County_10297,Georgia,8.0,Rural,6.0
43169,County_43169,Texas,8.0,Rural,6.0
12317,County_12317,Idaho,9.0,Rural,6.0
49107,County_49107,Wisconsin,2.0,Urban,2.0
30077,County_30077,New Jersey,9.0,Rural,6.0
21009,County_21009,Massachusetts,3.0,Urban,3.0
39777,County_39777,Rhode Island,1.0,Urban,1.0
49677,County_49677,Wisconsin,9.0,Rural,6.0
26687,County_26687,Montana,3.0,Urban,3.0
20455,County_20455,Maryland,3.0,Urban,3.0
36631,County_36631,Oklahoma,1.0,Urban,1.0
19923,County_19923,Maine,5.0,Suburban/Small City,4.0
56401,County_56401,Other,1.0,Urban,1.0
8289,County_8289,Delaware,7.0,Rural,5.0
9661,County_9661,Florida,5.0,Suburban/Small City,4.0
38257,County_38257,Pennsylvania,3.0,Urban,3.0
18633,County_18633,Louisiana,7.0,Rural,5.0
33343,County_33343,North Carolina,6.0,Rural,5.0
42303,County_42303,Tennessee,8.0,Rural,6.0
54305,County_54305,Other,5.0,Suburban/Small City,4.0
20161,County_20161,Maryland,1.0,Urban,1.0
21675,County_21675,Massachusetts,5.0,Suburban/Small City,4.0
46697,County_46697,Virginia,6.0,Rural,5.0
11979,County_11979,Hawaii,1.0,Urban,1.0
54005,County_54005,Other,6.0,Rural,5.0
15169,County_15169,Iowa,9.0,Rural,6.0
39507,County_39507,Rhode Island,6.0,Rural,5.0
28721,County_28721,Nevada,1.0,Urban,1.0
33077,County_33077,North Carolina,1.0,Urban,1.0
53843,County_53843,Other,2.0,Urban,2.0
54743,County_54743,Other,3.0,Urban,3.0
42463,County_42463,Tennessee,6.0,Rural,5.0
50921,County_50921,Wyoming,2.0,Urban,2.0
44779,County_44779,Utah,3.0,Urban,3.0
30805,County_30805,New Jersey,8.0,Rural,6.0
55679,County_55679,Other,7.0,Rural,5.0
16113,County_16113,Kansas,5.0,Suburban/Small City,4.0
43217,County_43217,Texas,3.0,Urban,3.0
32849,County_32849,New York,1.0,Urban,1.0
45827,County_45827,Vermont,2.0,Urban,2.0
37909,County_37909,Oregon,7.0,Rural,5.0
17399,County_17399,Kentucky,1.0,Urban,1.0
38595,County_38595,Pennsylvania,6.0,Rural,5.0
18085,County_18085,Louisiana,8.0,Rural,6.0
23215,County_23215,Minnesota,3.0,Urban,3.0
44921,County_44921,Utah,6.0,Rural,5.0
42815,County_42815,Tennessee,5.0,Suburban/Small City,4.0
8035,County_8035,Delaware,1.0,Urban,1.0
13951,County_13951,Illinois,9.0,Rural,6.0
44193,County_44193,Utah,6.0,Rural,5.0
13213,County_13213,Illinois,3.0,Urban,3.0
26079,County_26079,Montana,3.0,Urban,3.0
40851,County_40851,South Carolina,8.0,Rural,6.0
38077,County_38077,Pennsylvania,7.0,Rural,5.0
31161,County_31161,New Mexico,4.0,Suburban/Small City,4.0
8135,County_8135,Delaware,8.0,Rural,6.0
29047,County_29047,New Hampshire,5.0,Suburban/Small City,4.0
15909,County_15909,Iowa,6.0,Rural,5.0
2319,County_2319,Alaska,1.0,Urban,1.0
46267,County_46267,Virginia,1.0,Urban,1.0
55631,County_55631,Other,1.0,Urban,1.0
28553,County_28553,Nevada,4.0,Suburban/Small City,4.0
12941,County_12941,Idaho,9.0,Rural,6.0
11591,County_11591,Hawaii,1.0,Urban,1.0
52257,County_52257,Other,1.0,Urban,1.0
33251,County_33251,North Carolina,9.0,Rural,6.0
3725,County_3725,Arizona,3.0,Urban,3.0
31417,County_31417,New Mexico,8.0,Rural,6.0
13149,County_13149,Illinois,7.0,Rural,5.0
40725,County_40725,South Carolina,8.0,Rural,6.0
56063,County_56063,Other,2.0,Urban,2.0
24317,County_24317,Mississippi,1.0,Urban,1.0
18341,County_18341,Louisiana,3.0,Urban,3.0
15601,County_15601,Iowa,9.0,Rural,6.0
2943,County_2943,Alaska,3.0,Urban,3.0
10949,County_10949,Georgia,9.0,Rural,6.0
1041,County_1041,Alabama,8.0,Rural,6.0
9777,County_9777,Florida,8.0,Rural,6.0
27263,County_27263,Nebraska,9.0,Rural,6.0
1701,County_1701,Alabama,3.0,Urban,3.0
41389,County_41389,South Dakota,7.0,Rural,5.0
18099,County_18099,Louisiana,2.0,Urban,2.0
33977,County_33977,North Carolina,5.0,Suburban/Small City,4.0
32383,County_32383,New York,7.0,Rural,5.0
48105,County_48105,West Virginia,5.0,Suburban/Small City,4.0
5719,County_5719,California,9.0,Rural,6.0
21621,County_21621,Massachusetts,7.0,Rural,5.0
21237,County_21237,Massachusetts,7.0,Rural,5.0
51665,County_51665,Other,2.0,Urban,2.0
26887,County_26887,Montana,8.0,Rural,6.0
7849,County_7849,Connecticut,7.0,Rural,5.0
46889,County_46889,Virginia,2.0,Urban,2.0
16355,County_16355,Kansas,3.0,Urban,3.0
17175,County_17175,Kentucky,9.0,Rural,6.0
56707,County_56707,Other,9.0,Rural,6.0
21071,County_21071,Massachusetts,8.0,Rural,6.0
34825,County_34825,North Dakota,9.0,Rural,6.0
38521,County_38521,Pennsylvania,1.0,Urban,1.0
55273,County_55273,Other,9.0,Rural,6.0
25471,County_25471,Missouri,5.0,Suburban/Small City,4.0
23357,County_23357,Minnesota,3.0,Urban,3.0
8215,County_8215,Delaware,8.0,Rural,6.0
26945,County_26945,Montana,7.0,Rural,5.0
43269,County_43269,Texas,6.0,Rural,5.0
5749,County_5749,California,8.0,Rural,6.0
34923,County_34923,North Dakota,1.0,Urban,1.0
21557,County_21557,Massachusetts,6.0,Rural,5.0
52597,County_52597,Other,8.0,Rural,6.0
27993,County_27993,Nebraska,1.0,Urban,1.0
40159,County_40159,South Carolina,6.0,Rural,5.0
28781,County_28781,Nevada,6.0,Rural,5.0
45099,County_45099,Vermont,6.0,Rural,5.0
17679,County_17679,Kentucky,4.0,Suburban/Small City,4.0
53289,County_53289,Other,9.0,Rural,6.0
44211,County_44211,Utah,6.0,Rural,5.0
30561,County_30561,New Jersey,1.0,Urban,1.0
20501,County_20501,Maryland,8.0,Rural,6.0
51407,County_51407,Other,8.0,Rural,6.0
27011,County_27011,Nebraska,6.0,Rural,5.0
38923,County_38923,Pennsylvania,5.0,Suburban/Small City,4.0
21681,County_21681,Massachusetts,8.0,Rural,6.0
8899,County_8899,Delaware,5.0,Suburban/Small City,4.0
14069,County_14069,Indiana,2.0,Urban,2.0
4615,County_4615,Arkansas,3.0,Urban,3.0
35427,County_35427,Ohio,6.0,Rural,5.0
2549,County_2549,Alaska,5.0,Suburban/Small City,4.0
26209,County_26209,Montana,7.0,Rural,5.0
43117,County_43117,Texas,7.0,Rural,5.0
34889,County_34889,North Dakota,8.0,Rural,6.0
9819,County_9819,Florida,9.0,Rural,6.0
31887,County_31887,New Mexico,9.0,Rural,6.0
48807,County_48807,West Virginia,7.0,Rural,5.0
27447,County_27447,Nebraska,8.0,Rural,6.0
18273,County_18273,Louisiana,2.0,Urban,2.0
34399,County_34399,North Dakota,2.0,Urban,2.0
17981,County_17981,Kentucky,2.0,Urban,2.0
8393,County_8393,Delaware,6.0,Rural,5.0
22439,County_22439,Michigan,2.0,Urban,2.0
31785,County_31785,New Mexico,7.0,Rural,5.0
6853,County_6853,Colorado,1.0,Urban,1.0
16195,County_16195,Kansas,5.0,Suburban/Small City,4.0
16181,County_16181,Kansas,5.0,Suburban/Small City,4.0
8141,County_8141,Delaware,9.0,Rural,6.0
27479,County_27479,Nebraska,8.0,Rural,6.0
6177,County_6177,Colorado,2.0,Urban,2.0
17721,County_17721,Kentucky,6.0,Rural,5.0
1901,County_1901,Alabama,1.0,Urban,1.0
41619,County_41619,South Dakota,7.0,Rural,5.0
47163,County_47163,Washington,2.0,Urban,2.0
33181,County_33181,North Carolina,2.0,Urban,2.0
33085,County_33085,North Carolina,7.0,Rural,5.0
53981,County_53981,Other,7.0,Rural,5.0
28213,County_28213,Nevada,7.0,Rural,5.0
12067,County_12067,Idaho,6.0,Rural,5.0
5343,County_5343,California,6.0,Rural,5.0
46755,County_46755,Virginia,6.0,Rural,5.0
7325,County_7325,Connecticut,9.0,Rural,6.0
49117,County_49117,Wisconsin,3.0,Urban,3.0
48533,County_48533,West Virginia,3.0,Urban,3.0
16777,County_16777,Kansas,7.0,Rural,5.0
37595,County_37595,Oregon,1.0,Urban,1.0
22493,County_22493,Michigan,8.0,Rural,6.0
2275,County_2275,Alaska,8.0,Rural,6.0
4643,County_4643,Arkansas,7.0,Rural,5.0
38739,County_38739,Pennsylvania,9.0,Rural,6.0
55373,County_55373,Other,8.0,Rural,6.0
54673,County_54673,Other,6.0,Rural,5.0
31063,County_31063,New Mexico,9.0,Rural,6.0
13589,County_13589,Illinois,3.0,Urban,3.0
5983,County_5983,California,9.0,Rural,6.0
11007,County_11007,Hawaii,6.0,Rural,5.0
28815,County_28815,Nevada,2.0,Urban,2.0
37719,County_37719,Oregon,2.0,Urban,2.0
8743,County_8743,Delaware,4.0,Suburban/Small City,4.0
45629,County_45629,Vermont,9.0,Rural,6.0
26301,County_26301,Montana,6.0,Rural,5.0
35927,County_35927,Ohio,3.0,Urban,3.0
21201,County_21201,Massachusetts,9.0,Rural,6.0
35409,County_35409,Ohio,1.0,Urban,1.0
16947,County_16947,Kansas,1.0,Urban,1.0
22519,County_22519,Michigan,8.0,Rural,6.0
38649,County_38649,Pennsylvania,8.0,Rural,6.0
17017,County_17017,Kentucky,7.0,Rural,5.0
41105,County_41105,South Dakota,7.0,Rural,5.0
16715,County_16715,Kansas,7.0,Rural,5.0
34483,County_34483,North Dakota,8.0,Rural,6.0
25785,County_25785,Missouri,6.0,Rural,5.0
8217,County_8217,Delaware,7.0,Rural,5.0
34571,County_34571,North Dakota,9.0,Rural,6.0
5757,County_5757,California,1.0,Urban,1.0
9769,County_9769,Florida,9.0,Rural,6.0
33615,County_33615,North Carolina,8.0,Rural,6.0
19369,County_19369,Maine,2.0,Urban,2.0
32239,County_32239,New York,2.0,Urban,2.0
19115,County_19115,Maine,3.0,Urban,3.0
4513,County_4513,Arkansas,5.0,Suburban/Small City,4.0
32147,County_32147,New York,9.0,Rural,6.0
4835,County_4835,Arkansas,4.0,Suburban/Small City,4.0
1763,County_1763,Alabama,9.0,Rural,6.0
4621,County_4621,Arkansas,9.0,Rural,6.0
34387,County_34387,North Dakota,8.0,Rural,6.0
28045,County_28045,Nevada,9.0,Rural,6.0
16741,County_16741,Kansas,2.0,Urban,2.0
23947,County_23947,Minnesota,7.0,Rural,5.0
43879,County_43879,Texas,7.0,Rural,5.0
55623,County_55623,Other,7.0,Rural,5.0
21777,County_21777,Massachusetts,3.0,Urban,3.0
32479,County_32479,New York,2.0,Urban,2.0
10963,County_10963,Georgia,1.0,Urban,1.0
50101,County_50101,Wyoming,4.0,Suburban/Small City,4.0
25989,County_25989,Missouri,9.0,Rural,6.0
35811,County_35811,Ohio,8.0,Rural,6.0
26961,County_26961,Montana,7.0,Rural,5.0
20293,County_20293,Maryland,5.0,Suburban/Small City,4.0
30541,County_30541,New Jersey,1.0,Urban,1.0
50211,County_50211,Wyoming,8.0,Rural,6.0
27959,County_27959,Nebraska,9.0,Rural,6.0
36565,County_36565,Oklahoma,9.0,Rural,6.0
38017,County_38017,Pennsylvania,8.0,Rural,6.0
15083,County_15083,Iowa,2.0,Urban,2.0
50475,County_50475,Wyoming,7.0,Rural,5.0
40989,County_40989,South Carolina,1.0,Urban,1.0
48239,County_48239,West Virginia,1.0,Urban,1.0
21353,County_21353,Massachusetts,4.0,Suburban/Small City,4.0
19479,County_19479,Maine,8.0,Rural,6.0
3869,County_3869,Arizona,8.0,Rural,6.0
12621,County_12621,Idaho,6.0,Rural,5.0
49409,County_49409,Wisconsin,5.0,Suburban/Small City,4.0
35815,County_35815,Ohio,9.0,Rural,6.0
4051,County_4051,Arkansas,8.0,Rural,6.0
49391,County_49391,Wisconsin,9.0,Rural,6.0
32555,County_32555,New York,3.0,Urban,3.0
11049,County_11049,Hawaii,9.0,Rural,6.0
25671,County_25671,Missouri,2.0,Urban,2.0
4005,County_4005,Arkansas,2.0,Urban,2.0
19525,County_19525,Maine,8.0,Rural,6.0
51331,County_51331,Other,7.0,Rural,5.0
53087,County_53087,Other,6.0,Rural,5.0
46225,County_46225,Virginia,8.0,Rural,6.0
37775,County_37775,Oregon,7.0,Rural,5.0
16679,County_16679,Kansas,6.0,Rural,5.0
4861,County_4861,Arkansas,3.0,Urban,3.0
35051,County_35051,Ohio,4.0,Suburban/Small City,4.0
9843,County_9843,Florida,8.0,Rural,6.0
41835,County_41835,South Dakota,9.0,Rural,6.0
48451,County_48451,West Virginia,2.0,Urban,2.0
47645,County_47645,Washington,1.0,Urban,1.0
37163,County_37163,Oregon,2.0,Urban,2.0
12135,County_12135,Idaho,2.0,Urban,2.0
35863,County_35863,Ohio,7.0,Rural,5.0
30837,County_30837,New Jersey,2.0,Urban,2.0
55151,County_55151,Other,5.0,Suburban/Small City,4.0
55711,County_55711,Other,2.0,Urban,2.0
7357,County_7357,Connecticut,9.0,Rural,6.0
48647,County_48647,West Virginia,1.0,Urban,1.0
12593,County_12593,Idaho,8.0,Rural,6.0
10219,County_10219,Georgia,1.0,Urban,1.0
34497,County_34497,North Dakota,5.0,Suburban/Small City,4.0
47103,County_47103,Washington,8.0,Rural,6.0
3673,County_3673,Arizona,1.0,Urban,1.0
13497,County_13497,Illinois,7.0,Rural,5.0
30677,County_30677,New Jersey,5.0,Suburban/Small City,4.0
48957,County_48957,West Virginia,6.0,Rural,5.0
31057,County_31057,New Mexico,7.0,Rural,5.0
31967,County_31967,New Mexico,2.0,Urban,2.0
31833,County_31833,New Mexico,6.0,Rural,5.0
1081,County_1081,Alabama,8.0,Rural,6.0
46943,County_46943,Virginia,9.0,Rural,6.0
46499,County_46499,Virginia,3.0,Urban,3.0
3865,County_3865,Arizona,6.0,Rural,5.0
44827,County_44827,Utah,2.0,Urban,2.0
37873,County_37873,Oregon,2.0,Urban,2.0
24731,County_24731,Mississippi,1.0,Urban,1.0
21825,County_21825,Massachusetts,8.0,Rural,6.0
12333,County_12333,Idaho,3.0,Urban,3.0
12809,County_12809,Idaho,8.0,Rural,6.0
17021,County_17021,Kentucky,7.0,Rural,5.0
24073,County_24073,Mississippi,9.0,Rural,6.0
38357,County_38357,Pennsylvania,1.0,Urban,1.0
40299,County_40299,South Carolina,1.0,Urban,1.0
53927,County_53927,Other,6.0,Rural,5.0
17087,County_17087,Kentucky,1.0,Urban,1.0
36709,County_36709,Oklahoma,9.0,Rural,6.0
10703,County_10703,Georgia,6.0,Rural,5.0
52791,County_52791,Other,6.0,Rural,5.0
17091,County_17091,Kentucky,3.0,Urban,3.0
21779,County_21779,Massachusetts,6.0,Rural,5.0
32621,County_32621,New York,2.0,Urban,2.0
32297,County_32297,New York,6.0,Rural,5.0
37625,County_37625,Oregon,8.0,Rural,6.0
53727,County_53727,Other,1.0,Urban,1.0
27155,County_27155,Nebraska,9.0,Rural,6.0
35809,County_35809,Ohio,7.0,Rural,5.0
10247,County_10247,Georgia,8.0,Rural,6.0
1837,County_1837,Alabama,1.0,Urban,1.0
12475,County_12475,Idaho,4.0,Suburban/Small City,4.0
10891,County_10891,Georgia,1.0,Urban,1.0
55203,County_55203,Other,7.0,Rural,5.0
15319,County_15319,Iowa,7.0,Rural,5.0
10239,County_10239,Georgia,8.0,Rural,6.0
32241,County_32241,New York,2.0,Urban,2.0
29309,County_29309,New Hampshire,2.0,Urban,2.0
41475,County_41475,South Dakota,2.0,Urban,2.0
10011,County_10011,Georgia,1.0,Urban,1.0
31093,County_31093,New Mexico,9.0,Rural,6.0
11647,County_11647,Hawaii,9.0,Rural,6.0
10937,County_10937,Georgia,3.0,Urban,3.0
12887,County_12887,Idaho,9.0,Rural,6.0
32425,County_32425,New York,9.0,Rural,6.0
40289,County_40289,South Carolina,9.0,Rural,6.0
36665,County_36665,Oklahoma,8.0,Rural,6.0
26749,County_26749,Montana,3.0,Urban,3.0
7819,County_7819,Connecticut,5.0,Suburban/Small City,4.0
53177,County_53177,Other,7.0,Rural,5.0
10767,County_10767,Georgia,2.0,Urban,2.0
22835,County_22835,Michigan,4.0,Suburban/Small City,4.0
32163,County_32163,New York,8.0,Rural,6.0
19269,County_19269,Maine,8.0,Rural,6.0
2123,County_2123,Alaska,9.0,Rural,6.0
29937,County_29937,New Hampshire,4.0,Suburban/Small City,4.0
10815,County_10815,Georgia,7.0,Rural,5.0
33019,County_33019,North Carolina,7.0,Rural,5.0
15327,County_15327,Iowa,9.0,Rural,6.0
46801,County_46801,Virginia,2.0,Urban,2.0
51133,County_51133,Other,8.0,Rural,6.0
14721,County_14721,Indiana,3.0,Urban,3.0
45655,County_45655,Vermont,7.0,Rural,5.0
51701,County_51701,Other,3.0,Urban,3.0
46841,County_46841,Virginia,8.0,Rural,6.0
40299,County_40299,South Carolina,4.0,Suburban/Small City,4.0
47393,County_47393,Washington,3.0,Urban,3.0
34169,County_34169,North Dakota,3.0,Urban,3.0
41369,County_41369,South Dakota,3.0,Urban,3.0
22989,County_22989,Michigan,4.0,Suburban/Small City,4.0
34371,County_34371,North Dakota,6.0,Rural,5.0
54523,County_54523,Other,1.0,Urban,1.0
44201,County_44201,Utah,7.0,Rural,5.0
1323,County_1323,Alabama,4.0,Suburban/Small City,4.0
11891,County_11891,Hawaii,2.0,Urban,2.0
31675,County_31675,New Mexico,9.0,Rural,6.0
43583,County_43583,Texas,3.0,Urban,3.0
13363,County_13363,Illinois,3.0,Urban,3.0
47701,County_47701,Washington,5.0,Suburban/Small City,4.0
29539,County_29539,New Hampshire,8.0,Rural,6.0
12365,County_12365,Idaho,6.0,Rural,5.0
25657,County_25657,Missouri,3.0,Urban,3.0
12355,County_12355,Idaho,8.0,Rural,6.0
30697,County_30697,New Jersey,3.0,Urban,3.0
52033,County_52033,Other,5.0,Suburban/Small City,4.0
27727,County_27727,Nebraska,9.0,Rural,6.0
5111,County_5111,California,2.0,Urban,2.0
45655,County_45655,Vermont,4.0,Suburban/Small City,4.0
42623,County_42623,Tennessee,1.0,Urban,1.0
49209,County_49209,Wisconsin,9.0,Rural,6.0
52889,County_52889,Other,6.0,Rural,5.0
20331,County_20331,Maryland,2.0,Urban,2.0
17097,County_17097,Kentucky,8.0,Rural,6.0
18987,County_18987,Louisiana,4.0,Suburban/Small City,4.0
24187,County_24187,Mississippi,1.0,Urban,1.0
17429,County_17429,Kentucky,8.0,Rural,6.0
37293,County_37293,Oregon,1.0,Urban,1.0
19925,County_19925,Maine,2.0,Urban,2.0
15485,County_15485,Iowa,9.0,Rural,6.0
37561,County_37561,Oregon,6.0,Rural,5.0
43087,County_43087,Texas,8.0,Rural,6.0
2239,County_2239,Alaska,8.0,Rural,6.0
1917,County_1917,Alabama,9.0,Rural,6.0
18911,County_18911,Louisiana,3.0,Urban,3.0
50885,County_50885,Wyoming,8.0,Rural,6.0
3329,County_3329,Arizona,6.0,Rural,5.0
29063,County_29063,New Hampshire,7.0,Rural,5.0
54587,County_54587,Other,7.0,Rural,5.0
27957,County_27957,Nebraska,1.0,Urban,1.0
33603,County_33603,North Carolina,8.0,Rural,6.0
33835,County_33835,North Carolina,8.0,Rural,6.0
47533,County_47533,Washington,7.0,Rural,5.0
19949,County_19949,Maine,4.0,Suburban/Small City,4.0
40249,County_40249,South Carolina,3.0,Urban,3.0
17341,County_17341,Kentucky,1.0,Urban,1.0
12187,County_12187,Idaho,6.0,Rural,5.0
30095,County_30095,New Jersey,4.0,Suburban/Small City,4.0
11943,County_11943,Hawaii,4.0,Suburban/Small City,4.0
31733,County_31733,New Mexico,5.0,Suburban/Small City,4.0
8337,County_8337,Delaware,2.0,Urban,2.0
12293,County_12293,Idaho,5.0,Suburban/Small City,4.0
43809,County_43809,Texas,8.0,Rural,6.0
53515,County_53515,Other,9.0,Rural,6.0
51199,County_51199,Other,8.0,Rural,6.0
21357,County_21357,Massachusetts,8.0,Rural,6.0
55273,County_55273,Other,3.0,Urban,3.0
1187,County_1187,Alabama,9.0,Rural,6.0
22523,County_22523,Michigan,3.0,Urban,3.0
43391,County_43391,Texas,6.0,Rural,5.0
28897,County_28897,Nevada,6.0,Rural,5.0
35929,County_35929,Ohio,3.0,Urban,3.0
45193,County_45193,Vermont,2.0,Urban,2.0
34829,County_34829,North Dakota,3.0,Urban,3.0
27413,County_27413,Nebraska,9.0,Rural,6.0
51773,County_51773,Other,2.0,Urban,2.0
46055,County_46055,Virginia,3.0,Urban,3.0
10661,County_10661,Georgia,3.0,Urban,3.0
8877,County_8877,Delaware,3.0,Urban,3.0
5499,County_5499,California,9.0,Rural,6.0
25283,County_25283,Missouri,6.0,Rural,5.0
7175,County_7175,Connecticut,9.0,Rural,6.0
31585,County_31585,New Mexico,2.0,Urban,2.0
30833,County_30833,New Jersey,9.0,Rural,6.0
48387,County_48387,West Virginia,8.0,Rural,6.0
1633,County_1633,Alabama,6.0,Rural,5.0
48523,County_48523,West Virginia,4.0,Suburban/Small City,4.0
26101,County_26101,Montana,7.0,Rural,5.0
22667,County_22667,Michigan,9.0,Rural,6.0
10581,County_10581,Georgia,1.0,Urban,1.0
29307,County_29307,New Hampshire,8.0,Rural,6.0
27675,County_27675,Nebraska,1.0,Urban,1.0
38713,County_38713,Pennsylvania,1.0,Urban,1.0
13147,County_13147,Illinois,3.0,Urban,3.0
6701,County_6701,Colorado,2.0,Urban,2.0
3743,County_3743,Arizona,7.0,Rural,5.0
31565,County_31565,New Mexico,4.0,Suburban/Small City,4.0
51337,County_51337,Other,8.0,Rural,6.0
4223,County_4223,Arkansas,6.0,Rural,5.0
20689,County_20689,Maryland,6.0,Rural,5.0
40837,County_40837,South Carolina,8.0,Rural,6.0
46159,County_46159,Virginia,5.0,Suburban/Small City,4.0
18923,County_18923,Louisiana,1.0,Urban,1.0
10249,County_10249,Georgia,2.0,Urban,2.0
10867,County_10867,Georgia,8.0,Rural,6.0
19621,County_19621,Maine,4.0,Suburban/Small City,4.0
11731,County_11731,Hawaii,9.0,Rural,6.0
4475,County_4475,Arkansas,8.0,Rural,6.0
22349,County_22349,Michigan,9.0,Rural,6.0
42309,County_42309,Tennessee,6.0,Rural,5.0
48725,County_48725,West Virginia,3.0,Urban,3.0
19161,County_19161,Maine,3.0,Urban,3.0
13497,County_13497,Illinois,5.0,Suburban/Small City,4.0
43159,County_43159,Texas,9.0,Rural,6.0
26725,County_26725,Montana,3.0,Urban,3.0
35403,County_35403,Ohio,4.0,Suburban/Small City,4.0
14217,County_14217,Indiana,2.0,Urban,2.0
8231,County_8231,Delaware,6.0,Rural,5.0
32647,County_32647,New York,1.0,Urban,1.0
49209,County_49209,Wisconsin,8.0,Rural,6.0
5707,County_5707,California,7.0,Rural,5.0
51201,County_51201,Other,5.0,Suburban/Small City,4.0
42651,County_42651,Tennessee,6.0,Rural,5.0
38501,County_38501,Pennsylvania,9.0,Rural,6.0
10967,County_10967,Georgia,2.0,Urban,2.0
54217,County_54217,Other,2.0,Urban,2.0
10983,County_10983,Georgia,9.0,Rural,6.0
44767,County_44767,Utah,1.0,Urban,1.0
42193,County_42193,Tennessee,7.0,Rural,5.0
42955,County_42955,Tennessee,4.0,Suburban/Small City,4.0
54203,County_54203,Other,8.0,Rural,6.0
5953,County_5953,California,5.0,Suburban/Small City,4.0
50367,County_50367,Wyoming,2.0,Urban,2.0
4499,County_4499,Arkansas,5.0,Suburban/Small City,4.0
5595,County_5595,California,1.0,Urban,1.0
9497,County_9497,Florida,5.0,Suburban/Small City,4.0
21217,County_21217,Massachusetts,7.0,Rural,5.0
8601,County_8601,Delaware,3.0,Urban,3.0
32683,County_32683,New York,3.0,Urban,3.0
18715,County_18715,Louisiana,8.0,Rural,6.0
38359,County_38359,Pennsylvania,9.0,Rural,6.0
6341,County_6341,Colorado,2.0,Urban,2.0
31223,County_31223,New Mexico,2.0,Urban,2.0
56733,County_56733,Other,4.0,Suburban/Small City,4.0
8777,County_8777,Delaware,1.0,Urban,1.0
55927,County_55927,Other,8.0,Rural,6.0
12381,County_12381,Idaho,2.0,Urban,2.0
54779,County_54779,Other,9.0,Rural,6.0
12115,County_12115,Idaho,6.0,Rural,5.0
42219,County_42219,Tennessee,9.0,Rural,6.0
29893,County_29893,New Hampshire,7.0,Rural,5.0
30039,County_30039,New Jersey,6.0,Rural,5.0
31829,County_31829,New Mexico,8.0,Rural,6.0
4415,County_4415,Arkansas,6.0,Rural,5.0
36589,County_36589,Oklahoma,1.0,Urban,1.0
29335,County_29335,New Hampshire,1.0,Urban,1.0
53893,County_53893,Other,3.0,Urban,3.0
31419,County_31419,New Mexico,9.0,Rural,6.0
52131,County_52131,Other,7.0,Rural,5.0
18829,County_18829,Louisiana,6.0,Rural,5.0
16457,County_16457,Kansas,9.0,Rural,6.0
55423,County_55423,Other,9.0,Rural,6.0
13757,County_13757,Illinois,7.0,Rural,5.0
41309,County_41309,South Dakota,5.0,Suburban/Small City,4.0
12661,County_12661,Idaho,6.0,Rural,5.0
15119,County_15119,Iowa,1.0,Urban,1.0
13653,County_13653,Illinois,3.0,Urban,3.0
40063,County_40063,South Carolina,2.0,Urban,2.0
11581,County_11581,Hawaii,9.0,Rural,6.0
51297,County_51297,Other,9.0,Rural,6.0
8657,County_8657,Delaware,2.0,Urban,2.0
40421,County_40421,South Carolina,5.0,Suburban/Small City,4.0
29321,County_29321,New Hampshire,8.0,Rural,6.0
11583,County_11583,Hawaii,9.0,Rural,6.0
15887,County_15887,Iowa,5.0,Suburban/Small City,4.0
38291,County_38291,Pennsylvania,8.0,Rural,6.0
3871,County_3871,Arizona,9.0,Rural,6.0
4175,County_4175,Arkansas,5.0,Suburban/Small City,4.0
4419,County_4419,Arkansas,8.0,Rural,6.0
48239,County_48239,West Virginia,9.0,Rural,6.0
25805,County_25805,Missouri,7.0,Rural,5.0
17499,County_17499,Kentucky,7.0,Rural,5.0
6847,County_6847,Colorado,2.0,Urban,2.0
19317,County_19317,Maine,7.0,Rural,5.0
29761,County_29761,New Hampshire,2.0,Urban,2.0
27351,County_27351,Nebraska,1.0,Urban,1.0
1945,County_1945,Alabama,4.0,Suburban/Small City,4.0
56395,County_56395,Other,3.0,Urban,3.0
43495,County_43495,Texas,3.0,Urban,3.0
46035,County_46035,Virginia,7.0,Rural,5.0
41099,County_41099,South Dakota,1.0,Urban,1.0
23507,County_23507,Minnesota,8.0,Rural,6.0
18241,County_18241,Louisiana,6.0,Rural,5.0
1345,County_1345,Alabama,6.0,Rural,5.0
44071,County_44071,Utah,9.0,Rural,6.0
5927,County_5927,California,8.0,Rural,6.0
35937,County_35937,Ohio,2.0,Urban,2.0
23249,County_23249,Minnesota,6.0,Rural,5.0
35081,County_35081,Ohio,8.0,Rural,6.0
48669,County_48669,West Virginia,1.0,Urban,1.0
40791,County_40791,South Carolina,7.0,Rural,5.0
23415,County_23415,Minnesota,6.0,Rural,5.0
15113,County_15113,Iowa,9.0,Rural,6.0
22995,County_22995,Michigan,9.0,Rural,6.0
3901,County_3901,Arizona,3.0,Urban,3.0
47753,County_47753,Washington,7.0,Rural,5.0
54405,County_54405,Other,7.0,Rural,5.0
41347,County_41347,South Dakota,4.0,Suburban/Small City,4.0
26053,County_26053,Montana,5.0,Suburban/Small City,4.0
47167,County_47167,Washington,7.0,Rural,5.0
42379,County_42379,Tennessee,7.0,Rural,5.0
52901,County_52901,Other,6.0,Rural,5.0
31693,County_31693,New Mexico,2.0,Urban,2.0
3397,County_3397,Arizona,5.0,Suburban/Small City,4.0
17935,County_17935,Kentucky,5.0,Suburban/Small City,4.0
39345,County_39345,Rhode Island,1.0,Urban,1.0
45589,County_45589,Vermont,6.0,Rural,5.0
29987,County_29987,New Hampshire,6.0,Rural,5.0
30897,County_30897,New Jersey,7.0,Rural,5.0
53105,County_53105,Other,8.0,Rural,6.0
50383,County_50383,Wyoming,5.0,Suburban/Small City,4.0
20651,County_20651,Maryland,1.0,Urban,1.0
10451,County_10451,Georgia,3.0,Urban,3.0
49349,County_49349,Wisconsin,7.0,Rural,5.0
2629,County_2629,Alaska,3.0,Urban,3.0
5455,County_5455,California,7.0,Rural,5.0
48453,County_48453,West Virginia,9.0,Rural,6.0
51355,County_51355,Other,5.0,Suburban/Small City,4.0
19565,County_19565,Maine,2.0,Urban,2.0
7197,County_7197,Connecticut,9.0,Rural,6.0
51783,County_51783,Other,8.0,Rural,6.0
10869,County_10869,Georgia,7.0,Rural,5.0
29683,County_29683,New Hampshire,9.0,Rural,6.0
44731,County_44731,Utah,4.0,Suburban/Small City,4.0
55375,County_55375,Other,3.0,Urban,3.0
28391,County_28391,Nevada,2.0,Urban,2.0
40517,County_40517,South Carolina,9.0,Rural,6.0
29505,County_29505,New Hampshire,3.0,Urban,3.0
53023,County_53023,Other,7.0,Rural,5.0
31507,County_31507,New Mexico,9.0,Rural,6.0
37989,County_37989,Oregon,7.0,Rural,5.0
24617,County_24617,Mississippi,4.0,Suburban/Small City,4.0
30257,County_30257,New Jersey,6.0,Rural,5.0
56117,County_56117,Other,8.0,Rural,6.0
47925,County_47925,Washington,2.0,Urban,2.0
6781,County_6781,Colorado,7.0,Rural,5.0
3787,County_3787,Arizona,2.0,Urban,2.0
9055,County_9055,Florida,5.0,Suburban/Small City,4.0
41349,County_41349,South Dakota,8.0,Rural,6.0
9001,County_9001,Florida,1.0,Urban,1.0
45859,County_45859,Vermont,2.0,Urban,2.0
37457,County_37457,Oregon,5.0,Suburban/Small City,4.0
15427,County_15427,Iowa,5.0,Suburban/Small City,4.0
38781,County_38781,Pennsylvania,9.0,Rural,6.0
19489,County_19489,Maine,4.0,Suburban/Small City,4.0
54005,County_54005,Other,4.0,Suburban/Small City,4.0
39285,County_39285,Rhode Island,6.0,Rural,5.0
26143,County_26143,Montana,1.0,Urban,1.0
33169,County_33169,North Carolina,5.0,Suburban/Small City,4.0
34789,County_34789,North Dakota,3.0,Urban,3.0
5765,County_5765,California,9.0,Rural,6.0
49347,County_49347,Wisconsin,1.0,Urban,1.0
48043,County_48043,West Virginia,5.0,Suburban/Small City,4.0
38067,County_38067,Pennsylvania,3.0,Urban,3.0
18379,County_18379,Louisiana,3.0,Urban,3.0
55033,County_55033,Other,9.0,Rural,6.0
25097,County_25097,Missouri,8.0,Rural,6.0
26859,County_26859,Montana,1.0,Urban,1.0
53673,County_53673,Other,1.0,Urban,1.0
18287,County_18287,Louisiana,9.0,Rural,6.0
31835,County_31835,New Mexico,5.0,Suburban/Small City,4.0
46557,County_46557,Virginia,1.0,Urban,1.0
31365,County_31365,New Mexico,1.0,Urban,1.0
46169,County_46169,Virginia,9.0,Rural,6.0
1163,County_1163,Alabama,7.0,Rural,5.0
38345,County_38345,Pennsylvania,6.0,Rural,5.0
22009,County_22009,Michigan,3.0,Urban,3.0
16905,County_16905,Kansas,9.0,Rural,6.0
11095,County_11095,Hawaii,3.0,Urban,3.0
6807,County_6807,Colorado,6.0,Rural,5.0
10155,County_10155,Georgia,8.0,Rural,6.0
52691,County_52691,Other,4.0,Suburban/Small City,4.0
19175,County_19175,Maine,8.0,Rural,6.0
20827,County_20827,Maryland,7.0,Rural,5.0
2897,County_2897,Alaska,1.0,Urban,1.0
42229,County_42229,Tennessee,8.0,Rural,6.0
36363,County_36363,Oklahoma,2.0,Urban,2.0
53217,County_53217,Other,8.0,Rural,6.0
30777,County_30777,New Jersey,2.0,Urban,2.0
35345,County_35345,Ohio,8.0,Rural,6.0
22593,County_22593,Michigan,5.0,Suburban/Small City,4.0
34281,County_34281,North Dakota,4.0,Suburban/Small City,4.0
16163,County_16163,Kansas,8.0,Rural,6.0
48639,County_48639,West Virginia,9.0,Rural,6.0
41933,County_41933,South Dakota,3.0,Urban,3.0
56543,County_56543,Other,4.0,Suburban/Small City,4.0
6771,County_6771,Colorado,9.0,Rural,6.0
55779,County_55779,Other,8.0,Rural,6.0
20367,County_20367,Maryland,6.0,Rural,5.0
21695,County_21695,Massachusetts,1.0,Urban,1.0
19133,County_19133,Maine,7.0,Rural,5.0
44261,County_44261,Utah,3.0,Urban,3.0
53107,County_53107,Other,8.0,Rural,6.0
55825,County_55825,Other,3.0,Urban,3.0
43457,County_43457,Texas,9.0,Rural,6.0
2211,County_2211,Alaska,6.0,Rural,5.0
7691,County_7691,Connecticut,3.0,Urban,3.0
15963,County_15963,Iowa,6.0,Rural,5.0
3375,County_3375,Arizona,1.0,Urban,1.0
46239,County_46239,Virginia,1.0,Urban,1.0
39035,County_39035,Rhode Island,6.0,Rural,5.0
35879,County_35879,Ohio,8.0,Rural,6.0
56227,County_56227,Other,6.0,Rural,5.0
55019,County_55019,Other,7.0,Rural,5.0
7345,County_7345,Connecticut,8.0,Rural,6.0
54587,County_54587,Other,1.0,Urban,1.0
15321,County_15321,Iowa,1.0,Urban,1.0
5153,County_5153,California,9.0,Rural,6.0
43193,County_43193,Texas,8.0,Rural,6.0
40725,County_40725,South Carolina,1.0,Urban,1.0
55325,County_55325,Other,9.0,Rural,6.0
55511,County_55511,Other,8.0,Rural,6.0
6979,County_6979,Colorado,1.0,Urban,1.0
34185,County_34185,North Dakota,8.0,Rural,6.0
9707,County_9707,Florida,1.0,Urban,1.0
15601,County_15601,Iowa,7.0,Rural,5.0
19877,County_19877,Maine,6.0,Rural,5.0
32447,County_32447,New York,1.0,Urban,1.0
18251,County_18251,Louisiana,9.0,Rural,6.0
54869,County_54869,Other,7.0,Rural,5.0
31923,County_31923,New Mexico,9.0,Rural,6.0
45809,County_45809,Vermont,8.0,Rural,6.0
9041,County_9041,Florida,7.0,Rural,5.0
49123,County_49123,Wisconsin,9.0,Rural,6.0
52627,County_52627,Other,1.0,Urban,1.0
2253,County_2253,Alaska,3.0,Urban,3.0
31513,County_31513,New Mexico,8.0,Rural,6.0
54461,County_54461,Other,9.0,Rural,6.0
44285,County_44285,Utah,9.0,Rural,6.0
51829,County_51829,Other,8.0,Rural,6.0
50039,County_50039,Wyoming,1.0,Urban,1.0
19867,County_19867,Maine,6.0,Rural,5.0
4577,County_4577,Arkansas,9.0,Rural,6.0
44845,County_44845,Utah,8.0,Rural,6.0
41849,County_41849,South Dakota,9.0,Rural,6.0
48779,County_48779,West Virginia,9.0,Rural,6.0
28817,County_28817,Nevada,3.0,Urban,3.0
31929,County_31929,New Mexico,5.0,Suburban/Small City,4.0
48391,County_48391,West Virginia,2.0,Urban,2.0
36571,County_36571,Oklahoma,6.0,Rural,5.0
34787,County_34787,North Dakota,9.0,Rural,6.0
27129,County_27129,Nebraska,9.0,Rural,6.0
7991,County_7991,Connecticut,4.0,Suburban/Small City,4.0
39313,County_39313,Rhode Island,3.0,Urban,3.0
31275,County_31275,New Mexico,7.0,Rural,5.0
11567,County_11567,Hawaii,1.0,Urban,1.0
33715,County_33715,North Carolina,8.0,Rural,6.0
10557,County_10557,Georgia,9.0,Rural,6.0
30063,County_30063,New Jersey,1.0,Urban,1.0
29663,County_29663,New Hampshire,7.0,Rural,5.0
30173,County_30173,New Jersey,3.0,Urban,3.0
36793,County_36793,Oklahoma,8.0,Rural,6.0
34439,County_34439,North Dakota,5.0,Suburban/Small City,4.0
51939,County_51939,Other,3.0,Urban,3.0
51221,County_51221,Other,3.0,Urban,3.0
20259,County_20259,Maryland,9.0,Rural,6.0
35941,County_35941,Ohio,5.0,Suburban/Small City,4.0
16959,County_16959,Kansas,7.0,Rural,5.0
21391,County_21391,Massachusetts,3.0,Urban,3.0
48645,County_48645,West Virginia,6.0,Rural,5.0
51979,County_51979,Other,8.0,Rural,6.0
25271,County_25271,Missouri,3.0,Urban,3.0
49049,County_49049,Wisconsin,8.0,Rural,6.0
44657,County_44657,Utah,5.0,Suburban/Small City,4.0
15163,County_15163,Iowa,7.0,Rural,5.0
21943,County_21943,Massachusetts,1.0,Urban,1.0
12539,County_12539,Idaho,8.0,Rural,6.0
3221,County_3221,Arizona,7.0,Rural,5.0
36299,County_36299,Oklahoma,3.0,Urban,3.0
50245,County_50245,Wyoming,3.0,Urban,3.0
11725,County_11725,Hawaii,7.0,Rural,5.0
19761,County_19761,Maine,7.0,Rural,5.0
40441,County_40441,South Carolina,2.0,Urban,2.0
23591,County_23591,Minnesota,1.0,Urban,1.0
4415,County_4415,Arkansas,8.0,Rural,6.0
51759,County_51759,Other,3.0,Urban,3.0
29161,County_29161,New Hampshire,7.0,Rural,5.0
55581,County_55581,Other,1.0,Urban,1.0
46645,County_46645,Virginia,6.0,Rural,5.0
43773,County_43773,Texas,6.0,Rural,5.0
42531,County_42531,Tennessee,9.0,Rural,6.0
12399,County_12399,Idaho,9.0,Rural,6.0
28259,County_28259,Nevada,1.0,Urban,1.0
21443,County_21443,Massachusetts,6.0,Rural,5.0
55573,County_55573,Other,9.0,Rural,6.0
52047,County_52047,Other,2.0,Urban,2.0
52749,County_52749,Other,8.0,Rural,6.0
52953,County_52953,Other,4.0,Suburban/Small City,4.0
44417,County_44417,Utah,2.0,Urban,2.0
45195,County_45195,Vermont,7.0,Rural,5.0
46105,County_46105,Virginia,9.0,Rural,6.0
49833,County_49833,Wisconsin,1.0,Urban,1.0
29333,County_29333,New Hampshire,6.0,Rural,5.0
24023,County_24023,Mississippi,9.0,Rural,6.0
26865,County_26865,Montana,1.0,Urban,1.0
26171,County_26171,Montana,7.0,Rural,5.0
17149,County_17149,Kentucky,8.0,Rural,6.0
44167,County_44167,Utah,7.0,Rural,5.0
34375,County_34375,North Dakota,6.0,Rural,5.0
7389,County_7389,Connecticut,2.0,Urban,2.0
46943,County_46943,Virginia,5.0,Suburban/Small City,4.0
30789,County_30789,New Jersey,3.0,Urban,3.0
21461,County_21461,Massachusetts,8.0,Rural,6.0
12597,County_12597,Idaho,1.0,Urban,1.0
46749,County_46749,Virginia,9.0,Rural,6.0
16271,County_16271,Kansas,9.0,Rural,6.0
9853,County_9853,Florida,4.0,Suburban/Small City,4.0
5551,County_5551,California,9.0,Rural,6.0
29239,County_29239,New Hampshire,9.0,Rural,6.0
31689,County_31689,New Mexico,3.0,Urban,3.0
15983,County_15983,Iowa,8.0,Rural,6.0
4725,County_4725,Arkansas,8.0,Rural,6.0
36133,County_36133,Oklahoma,8.0,Rural,6.0
52521,County_52521,Other,9.0,Rural,6.0
41525,County_41525,South Dakota,6.0,Rural,5.0
22793,County_22793,Michigan,7.0,Rural,5.0
43219,County_43219,Texas,4.0,Suburban/Small City,4.0
2041,County_2041,Alaska,4.0,Suburban/Small City,4.0
2473,County_2473,Alaska,3.0,Urban,3.0
10371,County_10371,Georgia,5.0,Suburban/Small City,4.0
26787,County_26787,Montana,6.0,Rural,5.0
34667,County_34667,North Dakota,6.0,Rural,5.0
30431,County_30431,New Jersey,9.0,Rural,6.0
20109,County_20109,Maryland,9.0,Rural,6.0
32809,County_32809,New York,8.0,Rural,6.0
3983,County_3983,Arizona,2.0,Urban,2.0
7967,County_7967,Connecticut,4.0,Suburban/Small City,4.0
34673,County_34673,North Dakota,8.0,Rural,6.0
56315,County_56315,Other,8.0,Rural,6.0
12339,County_12339,Idaho,4.0,Suburban/Small City,4.0
50057,County_50057,Wyoming,4.0,Suburban/Small City,4.0
37981,County_37981,Oregon,7.0,Rural,5.0
38669,County_38669,Pennsylvania,6.0,Rural,5.0
6465,County_6465,Colorado,5.0,Suburban/Small City,4.0
10625,County_10625,Georgia,9.0,Rural,6.0
12173,County_12173,Idaho,1.0,Urban,1.0
41265,County_41265,South Dakota,3.0,Urban,3.0
26969,County_26969,Montana,6.0,Rural,5.0
41427,County_41427,South Dakota,7.0,Rural,5.0
49683,County_49683,Wisconsin,2.0,Urban,2.0
31717,County_31717,New Mexico,7.0,Rural,5.0
46185,County_46185,Virginia,6.0,Rural,5.0
8607,County_8607,Delaware,8.0,Rural,6.0
16097,County_16097,Kansas,2.0,Urban,2.0
52637,County_52637,Other,8.0,Rural,6.0
22729,County_22729,Michigan,8.0,Rural,6.0
14011,County_14011,Indiana,2.0,Urban,2.0
54367,County_54367,Other,4.0,Suburban/Small City,4.0
8799,County_8799,Delaware,1.0,Urban,1.0
18623,County_18623,Louisiana,9.0,Rural,6.0
30781,County_30781,New Jersey,6.0,Rural,5.0
22461,County_22461,Michigan,3.0,Urban,3.0
31453,County_31453,New Mexico,7.0,Rural,5.0
48249,County_48249,West Virginia,9.0,Rural,6.0
15145,County_15145,Iowa,9.0,Rural,6.0
22631,County_22631,Michigan,8.0,Rural,6.0
19553,County_19553,Maine,1.0,Urban,1.0
28121,County_28121,Nevada,2.0,Urban,2.0
29689,County_29689,New Hampshire,9.0,Rural,6.0
9923,County_9923,Florida,1.0,Urban,1.0
56663,County_56663,Other,9.0,Rural,6.0
41247,County_41247,South Dakota,8.0,Rural,6.0
55887,County_55887,Other,7.0,Rural,5.0
38027,County_38027,Pennsylvania,6.0,Rural,5.0
4427,County_4427,Arkansas,1.0,Urban,1.0
35119,County_35119,Ohio,9.0,Rural,6.0
38653,County_38653,Pennsylvania,6.0,Rural,5.0
23177,County_23177,Minnesota,6.0,Rural,5.0
31783,County_31783,New Mexico,9.0,Rural,6.0
4113,County_4113,Arkansas,9.0,Rural,6.0
51749,County_51749,Other,3.0,Urban,3.0
56515,County_56515,Other,9.0,Rural,6.0
49045,County_49045,Wisconsin,8.0,Rural,6.0
17503,County_17503,Kentucky,1.0,Urban,1.0
37695,County_37695,Oregon,9.0,Rural,6.0
54479,County_54479,Other,8.0,Rural,6.0
11423,County_11423,Hawaii,9.0,Rural,6.0
54907,County_54907,Other,6.0,Rural,5.0
4645,County_4645,Arkansas,8.0,Rural,6.0
32735,County_32735,New York,4.0,Suburban/Small City,4.0
29499,County_29499,New Hampshire,5.0,Suburban/Small City,4.0
41949,County_41949,South Dakota,8.0,Rural,6.0
1829,County_1829,Alabama,8.0,Rural,6.0
45565,County_45565,Vermont,9.0,Rural,6.0
42031,County_42031,Tennessee,8.0,Rural,6.0
33173,County_33173,North Carolina,9.0,Rural,6.0
39417,County_39417,Rhode Island,1.0,Urban,1.0
12431,County_12431,Idaho,1.0,Urban,1.0
16537,County_16537,Kansas,8.0,Rural,6.0
22957,County_22957,Michigan,1.0,Urban,1.0
46863,County_46863,Virginia,2.0,Urban,2.0
40823,County_40823,South Carolina,8.0,Rural,6.0
51865,County_51865,Other,5.0,Suburban/Small City,4.0
17425,County_17425,Kentucky,7.0,Rural,5.0
31461,County_31461,New Mexico,9.0,Rural,6.0
44547,County_44547,Utah,8.0,Rural,6.0
43167,County_43167,Texas,8.0,Rural,6.0
31765,County_31765,New Mexico,1.0,Urban,1.0
35255,County_35255,Ohio,6.0,Rural,5.0
23249,County_23249,Minnesota,8.0,Rural,6.0
31671,County_31671,New Mexico,8.0,Rural,6.0
16245,County_16245,Kansas,2.0,Urban,2.0
15661,County_15661,Iowa,8.0,Rural,6.0
46973,County_46973,Virginia,2.0,Urban,2.0
34071,County_34071,North Dakota,6.0,Rural,5.0
25917,County_25917,Missouri,4.0,Suburban/Small City,4.0
7173,County_7173,Connecticut,6.0,Rural,5.0
20935,County_20935,Maryland,2.0,Urban,2.0
37569,County_37569,Oregon,2.0,Urban,2.0
56303,County_56303,Other,6.0,Rural,5.0
6505,County_6505,Colorado,6.0,Rural,5.0
25245,County_25245,Missouri,9.0,Rural,6.0
43543,County_43543,Texas,9.0,Rural,6.0
53625,County_53625,Other,1.0,Urban,1.0
44461,County_44461,Utah,2.0,Urban,2.0
40499,County_40499,South Carolina,9.0,Rural,6.0
1817,County_1817,Alabama,1.0,Urban,1.0
22271,County_22271,Michigan,3.0,Urban,3.0
12263,County_12263,Idaho,2.0,Urban,2.0
9917,County_9917,Florida,2.0,Urban,2.0
39983,County_39983,Rhode Island,6.0,Rural,5.0
10459,County_10459,Georgia,1.0,Urban,1.0
11387,County_11387,Hawaii,9.0,Rural,6.0
19493,County_19493,Maine,6.0,Rural,5.0
16629,County_16629,Kansas,9.0,Rural,6.0
1825,County_1825,Alabama,9.0,Rural,6.0
27947,County_27947,Nebraska,1.0,Urban,1.0
10487,County_10487,Georgia,6.0,Rural,5.0
42931,County_42931,Tennessee,1.0,Urban,1.0
22847,County_22847,Michigan,8.0,Rural,6.0
5643,County_5643,California,8.0,Rural,6.0
25929,County_25929,Missouri,4.0,Suburban/Small City,4.0
33641,County_33641,North Carolina,2.0,Urban,2.0
24835,County_24835,Mississippi,4.0,Suburban/Small City,4.0
23301,County_23301,Minnesota,7.0,Rural,5.0
39579,County_39579,Rhode Island,1.0,Urban,1.0
7401,County_7401,Connecticut,8.0,Rural,6.0
49551,County_49551,Wisconsin,4.0,Suburban/Small City,4.0
6445,County_6445,Colorado,2.0,Urban,2.0
44081,County_44081,Utah,9.0,Rural,6.0
45359,County_45359,Vermont,1.0,Urban,1.0
44721,County_44721,Utah,7.0,Rural,5.0
50489,County_50489,Wyoming,3.0,Urban,3.0
35795,County_35795,Ohio,5.0,Suburban/Small City,4.0
16477,County_16477,Kansas,9.0,Rural,6.0
55727,County_55727,Other,8.0,Rural,6.0
15849,County_15849,Iowa,2.0,Urban,2.0
3413,County_3413,Arizona,9.0,Rural,6.0
20659,County_20659,Maryland,1.0,Urban,1.0
30135,County_30135,New Jersey,3.0,Urban,3.0
13263,County_13263,Illinois,2.0,Urban,2.0
28907,County_28907,Nevada,7.0,Rural,5.0
22845,County_22845,Michigan,5.0,Suburban/Small City,4.0
27057,County_27057,Nebraska,2.0,Urban,2.0
29979,County_29979,New Hampshire,5.0,Suburban/Small City,4.0
53405,County_53405,Other,1.0,Urban,1.0
43191,County_43191,Texas,8.0,Rural,6.0
29109,County_29109,New Hampshire,2.0,Urban,2.0
42885,County_42885,Tennessee,3.0,Urban,3.0
46813,County_46813,Virginia,1.0,Urban,1.0
56611,County_56611,Other,9.0,Rural,6.0
56389,County_56389,Other,9.0,Rural,6.0
13639,County_13639,Illinois,7.0,Rural,5.0
32299,County_32299,New York,7.0,Rural,5.0
53437,County_53437,Other,8.0,Rural,6.0
3863,County_3863,Arizona,9.0,Rural,6.0
3623,County_3623,Arizona,2.0,Urban,2.0
20195,County_20195,Maryland,7.0,Rural,5.0
20217,County_20217,Maryland,7.0,Rural,5.0
55191,County_55191,Other,4.0,Suburban/Small City,4.0
45111,County_45111,Vermont,2.0,Urban,2.0
49413,County_49413,Wisconsin,8.0,Rural,6.0
9433,County_9433,Florida,1.0,Urban,1.0
9447,County_9447,Florida,8.0,Rural,6.0
13503,County_13503,Illinois,9.0,Rural,6.0
49495,County_49495,Wisconsin,3.0,Urban,3.0
43743,County_43743,Texas,8.0,Rural,6.0
54567,County_54567,Other,9.0,Rural,6.0
21635,County_21635,Massachusetts,9.0,Rural,6.0
24337,County_24337,Mississippi,1.0,Urban,1.0
46057,County_46057,Virginia,9.0,Rural,6.0
18375,County_18375,Louisiana,2.0,Urban,2.0
38785,County_38785,Pennsylvania,7.0,Rural,5.0
6091,County_6091,Colorado,9.0,Rural,6.0
53963,County_53963,Other,1.0,Urban,1.0
20645,County_20645,Maryland,9.0,Rural,6.0
29107,County_29107,New Hampshire,4.0,Suburban/Small City,4.0
23565,County_23565,Minnesota,3.0,Urban,3.0
27163,County_27163,Nebraska,3.0,Urban,3.0
24645,County_24645,Mississippi,8.0,Rural,6.0
10817,County_10817,Georgia,8.0,Rural,6.0
55055,County_55055,Other,1.0,Urban,1.0
10715,County_10715,Georgia,9.0,Rural,6.0
48817,County_48817,West Virginia,9.0,Rural,6.0
14117,County_14117,Indiana,8.0,Rural,6.0
46873,County_46873,Virginia,7.0,Rural,5.0
54339,County_54339,Other,9.0,Rural,6.0
1279,County_1279,Alabama,1.0,Urban,1.0
16301,County_16301,Kansas,2.0,Urban,2.0
28243,County_28243,Nevada,2.0,Urban,2.0
25353,County_25353,Missouri,6.0,Rural,5.0
15573,County_15573,Iowa,6.0,Rural,5.0
34729,County_34729,North Dakota,6.0,Rural,5.0
18523,County_18523,Louisiana,7.0,Rural,5.0
31669,County_31669,New Mexico,9.0,Rural,6.0
10271,County_10271,Georgia,7.0,Rural,5.0
55621,County_55621,Other,6.0,Rural,5.0
55887,County_55887,Other,1.0,Urban,1.0
38841,County_38841,Pennsylvania,8.0,Rural,6.0
5405,County_5405,California,2.0,Urban,2.0
23153,County_23153,Minnesota,7.0,Rural,5.0
17523,County_17523,Kentucky,9.0,Rural,6.0
8775,County_8775,Delaware,9.0,Rural,6.0
27223,County_27223,Nebraska,6.0,Rural,5.0
41509,County_41509,South Dakota,2.0,Urban,2.0
52601,County_52601,Other,7.0,Rural,5.0
33973,County_33973,North Carolina,1.0,Urban,1.0
39317,County_39317,Rhode Island,3.0,Urban,3.0
50489,County_50489,Wyoming,5.0,Suburban/Small City,4.0
51067,County_51067,Other,6.0,Rural,5.0
24819,County_24819,Mississippi,9.0,Rural,6.0
27775,County_27775,Nebraska,8.0,Rural,6.0
54963,County_54963,Other,2.0,Urban,2.0
27041,County_27041,Nebraska,1.0,Urban,1.0
56649,County_56649,Other,8.0,Rural,6.0
18415,County_18415,Louisiana,7.0,Rural,5.0
45515,County_45515,Vermont,6.0,Rural,5.0
9223,County_9223,Florida,5.0,Suburban/Small City,4.0
37317,County_37317,Oregon,9.0,Rural,6.0
29981,County_29981,New Hampshire,9.0,Rural,6.0
6211,County_6211,Colorado,6.0,Rural,5.0
10477,County_10477,Georgia,8.0,Rural,6.0
9835,County_9835,Florida,8.0,Rural,6.0
32241,County_32241,New York,9.0,Rural,6.0
54903,County_54903,Other,1.0,Urban,1.0
45947,County_45947,Vermont,6.0,Rural,5.0
9787,County_9787,Florida,9.0,Rural,6.0
44011,County_44011,Utah,3.0,Urban,3.0
41863,County_41863,South Dakota,6.0,Rural,5.0
35433,County_35433,Ohio,3.0,Urban,3.0
7401,County_7401,Connecticut,8.0,Rural,6.0
53577,County_53577,Other,8.0,Rural,6.0
50495,County_50495,Wyoming,9.0,Rural,6.0
38425,County_38425,Pennsylvania,2.0,Urban,2.0
51053,County_51053,Other,1.0,Urban,1.0
43589,County_43589,Texas,3.0,Urban,3.0
36921,County_36921,Oklahoma,2.0,Urban,2.0
19853,County_19853,Maine,7.0,Rural,5.0
41763,County_41763,South Dakota,9.0,Rural,6.0
6749,County_6749,Colorado,8.0,Rural,6.0
9691,County_9691,Florida,1.0,Urban,1.0
20341,County_20341,Maryland,3.0,Urban,3.0
48217,County_48217,West Virginia,6.0,Rural,5.0
40611,County_40611,South Carolina,8.0,Rural,6.0
13961,County_13961,Illinois,7.0,Rural,5.0
3987,County_3987,Arizona,8.0,Rural,6.0
32871,County_32871,New York,9.0,Rural,6.0
35963,County_35963,Ohio,9.0,Rural,6.0
22401,County_22401,Michigan,2.0,Urban,2.0
17613,County_17613,Kentucky,4.0,Suburban/Small City,4.0
22329,County_22329,Michigan,8.0,Rural,6.0
42313,County_42313,Tennessee,9.0,Rural,6.0
48061,County_48061,West Virginia,7.0,Rural,5.0
2217,County_2217,Alaska,8.0,Rural,6.0
15453,County_15453,Iowa,8.0,Rural,6.0
56365,County_56365,Other,1.0,Urban,1.0
37599,County_37599,Oregon,9.0,Rural,6.0
2817,County_2817,Alaska,9.0,Rural,6.0
8777,County_8777,Delaware,7.0,Rural,5.0
32497,County_32497,New York,9.0,Rural,6.0
27981,County_27981,Nebraska,6.0,Rural,5.0
55723,County_55723,Other,3.0,Urban,3.0
50537,County_50537,Wyoming,2.0,Urban,2.0
27905,County_27905,Nebraska,7.0,Rural,5.0
47537,County_47537,Washington,6.0,Rural,5.0
40071,County_40071,South Carolina,9.0,Rural,6.0
49971,County_49971,Wisconsin,2.0,Urban,2.0
13521,County_13521,Illinois,8.0,Rural,6.0
54147,County_54147,Other,2.0,Urban,2.0
8185,County_8185,Delaware,8.0,Rural,6.0
49061,County_49061,Wisconsin,1.0,Urban,1.0
50845,County_50845,Wyoming,6.0,Rural,5.0
49029,County_49029,Wisconsin,5.0,Suburban/Small City,4.0
16493,County_16493,Kansas,2.0,Urban,2.0
21223,County_21223,Massachusetts,7.0,Rural,5.0
49339,County_49339,Wisconsin,6.0,Rural,5.0
50393,County_50393,Wyoming,3.0,Urban,3.0
25807,County_25807,Missouri,7.0,Rural,5.0
51569,County_51569,Other,3.0,Urban,3.0
40665,County_40665,South Carolina,9.0,Rural,6.0
2011,County_2011,Alaska,9.0,Rural,6.0
3505,County_3505,Arizona,5.0,Suburban/Small City,4.0
23551,County_23551,Minnesota,7.0,Rural,5.0
23273,County_23273,Minnesota,2.0,Urban,2.0
11113,County_11113,Hawaii,8.0,Rural,6.0
33783,County_33783,North Carolina,8.0,Rural,6.0
36329,County_36329,Oklahoma,6.0,Rural,5.0
45091,County_45091,Vermont,3.0,Urban,3.0
10583,County_10583,Georgia,1.0,Urban,1.0
48403,County_48403,West Virginia,1.0,Urban,1.0
12343,County_12343,Idaho,7.0,Rural,5.0
2817,County_2817,Alaska,9.0,Rural,6.0
37965,County_37965,Oregon,5.0,Suburban/Small City,4.0
27379,County_27379,Nebraska,4.0,Suburban/Small City,4.0
40207,County_40207,South Carolina,7.0,Rural,5.0
4097,County_4097,Arkansas,8.0,Rural,6.0
3417,County_3417,Arizona,8.0,Rural,6.0
51629,County_51629,Other,1.0,Urban,1.0
33019,County_33019,North Carolina,2.0,Urban,2.0
34105,County_34105,North Dakota,5.0,Suburban/Small City,4.0
39165,County_39165,Rhode Island,9.0,Rural,6.0
35495,County_35495,Ohio,2.0,Urban,2.0
7639,County_7639,Connecticut,3.0,Urban,3.0
32711,County_32711,New York,2.0,Urban,2.0
11571,County_11571,Hawaii,8.0,Rural,6.0
6465,County_6465,Colorado,3.0,Urban,3.0
49955,County_49955,Wisconsin,1.0,Urban,1.0
38251,County_38251,Pennsylvania,1.0,Urban,1.0
34105,County_34105,North Dakota,7.0,Rural,5.0
13495,County_13495,Illinois,1.0,Urban,1.0
23375,County_23375,Minnesota,2.0,Urban,2.0
17885,County_17885,Kentucky,1.0,Urban,1.0
6083,County_6083,Colorado,7.0,Rural,5.0
36861,County_36861,Oklahoma,2.0,Urban,2.0
8843,County_8843,Delaware,3.0,Urban,3.0
50889,County_50889,Wyoming,8.0,Rural,6.0
19971,County_19971,Maine,3.0,Urban,3.0
53901,County_53901,Other,6.0,Rural,5.0
37221,County_37221,Oregon,5.0,Suburban/Small City,4.0
35291,County_35291,Ohio,6.0,Rural,5.0
9251,County_9251,Florida,6.0,Rural,5.0
50781,County_50781,Wyoming,3.0,Urban,3.0
18917,County_18917,Louisiana,6.0,Rural,5.0
1491,County_1491,Alabama,6.0,Rural,5.0
9473,County_9473,Florida,8.0,Rural,6.0
38877,County_38877,Pennsylvania,3.0,Urban,3.0
34619,County_34619,North Dakota,5.0,Suburban/Small City,4.0
46715,County_46715,Virginia,1.0,Urban,1.0
27921,County_27921,Nebraska,8.0,Rural,6.0
16159,County_16159,Kansas,2.0,Urban,2.0
36661,County_36661,Oklahoma,3.0,Urban,3.0
40095,County_40095,South Carolina,6.0,Rural,5.0
22655,County_22655,Michigan,5.0,Suburban/Small City,4.0
20935,County_20935,Maryland,1.0,Urban,1.0
47411,County_47411,Washington,2.0,Urban,2.0
49053,County_49053,Wisconsin,8.0,Rural,6.0
11917,County_11917,Hawaii,2.0,Urban,2.0
52111,County_52111,Other,3.0,Urban,3.0
31145,County_31145,New Mexico,5.0,Suburban/Small City,4.0
15919,County_15919,Iowa,2.0,Urban,2.0
38405,County_38405,Pennsylvania,9.0,Rural,6.0
11743,County_11743,Hawaii,6.0,Rural,5.0
43317,County_43317,Texas,9.0,Rural,6.0
41563,County_41563,South Dakota,8.0,Rural,6.0
21007,County_21007,Massachusetts,3.0,Urban,3.0
39093,County_39093,Rhode Island,1.0,Urban,1.0
30803,County_30803,New Jersey,9.0,Rural,6.0
2041,County_2041,Alaska,2.0,Urban,2.0
30155,County_30155,New Jersey,2.0,Urban,2.0
23289,County_23289,Minnesota,8.0,Rural,6.0
17221,County_17221,Kentucky,7.0,Rural,5.0
9895,County_9895,Florida,6.0,Rural,5.0
42191,County_42191,Tennessee,3.0,Urban,3.0
45367,County_45367,Vermont,8.0,Rural,6.0
19223,County_19223,Maine,7.0,Rural,5.0
26905,County_26905,Montana,7.0,Rural,5.0
29275,County_29275,New Hampshire,8.0,Rural,6.0
2021,County_2021,Alaska,7.0,Rural,5.0
45151,County_45151,Vermont,8.0,Rural,6.0
33213,County_33213,North Carolina,4.0,Suburban/Small City,4.0
37639,County_37639,Oregon,2.0,Urban,2.0
7359,County_7359,Connecticut,7.0,Rural,5.0
7147,County_7147,Connecticut,9.0,Rural,6.0
17989,County_17989,Kentucky,2.0,Urban,2.0
37483,County_37483,Oregon,7.0,Rural,5.0
23253,County_23253,Minnesota,9.0,Rural,6.0
1701,County_1701,Alabama,1.0,Urban,1.0
50651,County_50651,Wyoming,5.0,Suburban/Small City,4.0
44831,County_44831,Utah,6.0,Rural,5.0
16157,County_16157,Kansas,9.0,Rural,6.0
4199,County_4199,Arkansas,1.0,Urban,1.0
8163,County_8163,Delaware,5.0,Suburban/Small City,4.0
3275,County_3275,Arizona,7.0,Rural,5.0
13627,County_13627,Illinois,3.0,Urban,3.0
21889,County_21889,Massachusetts,4.0,Suburban/Small City,4.0
51935,County_51935,Other,9.0,Rural,6.0
47749,County_47749,Washington,3.0,Urban,3.0
29653,County_29653,New Hampshire,9.0,Rural,6.0
10481,County_10481,Georgia,2.0,Urban,2.0
53733,County_53733,Other,4.0,Suburban/Small City,4.0
39667,County_39667,Rhode Island,7.0,Rural,5.0
14583,County_14583,Indiana,1.0,Urban,1.0
23919,County_23919,Minnesota,7.0,Rural,5.0
43657,County_43657,Texas,1.0,Urban,1.0
53115,County_53115,Other,9.0,Rural,6.0
36777,County_36777,Oklahoma,7.0,Rural,5.0
35487,County_35487,Ohio,8.0,Rural,6.0
26543,County_26543,Montana,4.0,Suburban/Small City,4.0
27161,County_27161,Nebraska,1.0,Urban,1.0
22769,County_22769,Michigan,9.0,Rural,6.0
20361,County_20361,Maryland,1.0,Urban,1.0
23703,County_23703,Minnesota,2.0,Urban,2.0
33749,County_33749,North Carolina,9.0,Rural,6.0
18767,County_18767,Louisiana,3.0,Urban,3.0
21785,County_21785,Massachusetts,5.0,Suburban/Small City,4.0
35133,County_35133,Ohio,8.0,Rural,6.0
15763,County_15763,Iowa,8.0,Rural,6.0
53917,County_53917,Other,8.0,Rural,6.0
32239,County_32239,New York,8.0,Rural,6.0
35359,County_35359,Ohio,3.0,Urban,3.0
11803,County_11803,Hawaii,2.0,Urban,2.0
4371,County_4371,Arkansas,6.0,Rural,5.0
41745,County_41745,South Dakota,3.0,Urban,3.0
7167,County_7167,Connecticut,8.0,Rural,6.0
54403,County_54403,Other,6.0,Rural,5.0
45903,County_45903,Vermont,3.0,Urban,3.0
7667,County_7667,Connecticut,8.0,Rural,6.0
7455,County_7455,Connecticut,3.0,Urban,3.0
7589,County_7589,Connecticut,8.0,Rural,6.0
51839,County_51839,Other,5.0,Suburban/Small City,4.0
13221,County_13221,Illinois,2.0,Urban,2.0
16051,County_16051,Kansas,6.0,Rural,5.0
42089,County_42089,Tennessee,6.0,Rural,5.0
52163,County_52163,Other,7.0,Rural,5.0
35305,County_35305,Ohio,7.0,Rural,5.0
8285,County_8285,Delaware,8.0,Rural,6.0
11431,County_11431,Hawaii,8.0,Rural,6.0
21245,County_21245,Massachusetts,9.0,Rural,6.0
14707,County_14707,Indiana,6.0,Rural,5.0
13281,County_13281,Illinois,8.0,Rural,6.0
53403,County_53403,Other,5.0,Suburban/Small City,4.0
38453,County_38453,Pennsylvania,9.0,Rural,6.0
44133,County_44133,Utah,7.0,Rural,5.0
22537,County_22537,Michigan,1.0,Urban,1.0
41763,County_41763,South Dakota,3.0,Urban,3.0
30415,County_30415,New Jersey,7.0,Rural,5.0
22481,County_22481,Michigan,8.0,Rural,6.0
31873,County_31873,New Mexico,6.0,Rural,5.0
8279,County_8279,Delaware,2.0,Urban,2.0
41885,County_41885,South Dakota,9.0,Rural,6.0
14781,County_14781,Indiana,8.0,Rural,6.0
4487,County_4487,Arkansas,8.0,Rural,6.0
10437,County_10437,Georgia,8.0,Rural,6.0
21133,County_21133,Massachusetts,3.0,Urban,3.0
5663,County_5663,California,8.0,Rural,6.0
16615,County_16615,Kansas,9.0,Rural,6.0
45609,County_45609,Vermont,5.0,Suburban/Small City,4.0
14883,County_14883,Indiana,8.0,Rural,6.0
6921,County_6921,Colorado,4.0,Suburban/Small City,4.0
51261,County_51261,Other,9.0,Rural,6.0
14279,County_14279,Indiana,3.0,Urban,3.0
1389,County_1389,Alabama,1.0,Urban,1.0
32177,County_32177,New York,2.0,Urban,2.0
47757,County_47757,Washington,5.0,Suburban/Small City,4.0
28425,County_28425,Nevada,5.0,Suburban/Small City,4.0
27979,County_27979,Nebraska,9.0,Rural,6.0
7921,County_7921,Connecticut,3.0,Urban,3.0
16987,County_16987,Kansas,6.0,Rural,5.0
48883,County_48883,West Virginia,1.0,Urban,1.0
22901,County_22901,Michigan,7.0,Rural,5.0
49549,County_49549,Wisconsin,7.0,Rural,5.0
33913,County_33913,North Carolina,8.0,Rural,6.0
22085,County_22085,Michigan,9.0,Rural,6.0
45499,County_45499,Vermont,7.0,Rural,5.0
4925,County_4925,Arkansas,9.0,Rural,6.0
34003,County_34003,North Dakota,3.0,Urban,3.0
26273,County_26273,Montana,4.0,Suburban/Small City,4.0
28799,County_28799,Nevada,9.0,Rural,6.0
55417,County_55417,Other,9.0,Rural,6.0
29597,County_29597,New Hampshire,2.0,Urban,2.0
39125,County_39125,Rhode Island,8.0,Rural,6.0
2309,County_2309,Alaska,8.0,Rural,6.0
50919,County_50919,Wyoming,3.0,Urban,3.0
53733,County_53733,Other,1.0,Urban,1.0
2671,County_2671,Alaska,9.0,Rural,6.0
6011,County_6011,Colorado,8.0,Rural,6.0
27765,County_27765,Nebraska,3.0,Urban,3.0
39437,County_39437,Rhode Island,5.0,Suburban/Small City,4.0
10629,County_10629,Georgia,9.0,Rural,6.0
47859,County_47859,Washington,9.0,Rural,6.0
1277,County_1277,Alabama,4.0,Suburban/Small City,4.0
51375,County_51375,Other,9.0,Rural,6.0
48699,County_48699,West Virginia,8.0,Rural,6.0
38737,County_38737,Pennsylvania,7.0,Rural,5.0
32109,County_32109,New York,9.0,Rural,6.0
34121,County_34121,North Dakota,9.0,Rural,6.0
16521,County_16521,Kansas,7.0,Rural,5.0
36155,County_36155,Oklahoma,1.0,Urban,1.0
5297,County_5297,California,2.0,Urban,2.0
7713,County_7713,Connecticut,7.0,Rural,5.0
3783,County_3783,Arizona,3.0,Urban,3.0
29941,County_29941,New Hampshire,5.0,Suburban/Small City,4.0
14505,County_14505,Indiana,6.0,Rural,5.0
9163,County_9163,Florida,3.0,Urban,3.0
34189,County_34189,North Dakota,7.0,Rural,5.0
34643,County_34643,North Dakota,9.0,Rural,6.0
43713,County_43713,Texas,6.0,Rural,5.0
34751,County_34751,North Dakota,4.0,Suburban/Small City,4.0
37151,County_37151,Oregon,9.0,Rural,6.0
27349,County_27349,Nebraska,6.0,Rural,5.0
31591,County_31591,New Mexico,5.0,Suburban/Small City,4.0
25193,County_25193,Missouri,5.0,Suburban/Small City,4.0
31391,County_31391,New Mexico,2.0,Urban,2.0
25481,County_25481,Missouri,1.0,Urban,1.0
32491,County_32491,New York,1.0,Urban,1.0
37457,County_37457,Oregon,8.0,Rural,6.0
18117,County_18117,Louisiana,7.0,Rural,5.0
10147,County_10147,Georgia,2.0,Urban,2.0
7683,County_7683,Connecticut,2.0,Urban,2.0
51985,County_51985,Other,8.0,Rural,6.0
22231,County_22231,Michigan,2.0,Urban,2.0
18777,County_18777,Louisiana,9.0,Rural,6.0
19011,County_19011,Maine,9.0,Rural,6.0
45023,County_45023,Vermont,3.0,Urban,3.0
48067,County_48067,West Virginia,2.0,Urban,2.0
44889,County_44889,Utah,8.0,Rural,6.0
40029,County_40029,South Carolina,7.0,Rural,5.0
31911,County_31911,New Mexico,4.0,Suburban/Small City,4.0
47415,County_47415,Washington,7.0,Rural,5.0
12863,County_12863,Idaho,8.0,Rural,6.0
36613,County_36613,Oklahoma,1.0,Urban,1.0
35307,County_35307,Ohio,9.0,Rural,6.0
39313,County_39313,Rhode Island,8.0,Rural,6.0
55321,County_55321,Other,1.0,Urban,1.0
4479,County_4479,Arkansas,4.0,Suburban/Small City,4.0
25507,County_25507,Missouri,2.0,Urban,2.0
31955,County_31955,New Mexico,8.0,Rural,6.0
10087,County_10087,Georgia,7.0,Rural,5.0
52321,County_52321,Other,2.0,Urban,2.0
2761,County_2761,Alaska,4.0,Suburban/Small City,4.0
2151,County_2151,Alaska,9.0,Rural,6.0
35131,County_35131,Ohio,7.0,Rural,5.0
31135,County_31135,New Mexico,7.0,Rural,5.0
19361,County_19361,Maine,2.0,Urban,2.0
18641,County_18641,Louisiana,9.0,Rural,6.0
42569,County_42569,Tennessee,2.0,Urban,2.0
51679,County_51679,Other,7.0,Rural,5.0
22313,County_22313,Michigan,8.0,Rural,6.0
13831,County_13831,Illinois,8.0,Rural,6.0
13173,County_13173,Illinois,7.0,Rural,5.0
29171,County_29171,New Hampshire,8.0,Rural,6.0
28927,County_28927,Nevada,8.0,Rural,6.0
41519,County_41519,South Dakota,9.0,Rural,6.0
10057,County_10057,Georgia,8.0,Rural,6.0
10915,County_10915,Georgia,7.0,Rural,5.0
37189,County_37189,Oregon,7.0,Rural,5.0
12069,County_12069,Idaho,3.0,Urban,3.0
20131,County_20131,Maryland,9.0,Rural,6.0
25847,County_25847,Missouri,8.0,Rural,6.0
48893,County_48893,West Virginia,9.0,Rural,6.0
38167,County_38167,Pennsylvania,6.0,Rural,5.0
3083,County_3083,Arizona,1.0,Urban,1.0
25249,County_25249,Missouri,2.0,Urban,2.0
37317,County_37317,Oregon,2.0,Urban,2.0
17645,County_17645,Kentucky,9.0,Rural,6.0
11767,County_11767,Hawaii,1.0,Urban,1.0
34583,County_34583,North Dakota,6.0,Rural,5.0
18495,County_18495,Louisiana,1.0,Urban,1.0
34135,County_34135,North Dakota,8.0,Rural,6.0
41725,County_41725,South Dakota,1.0,Urban,1.0
3153,County_3153,Arizona,4.0,Suburban/Small City,4.0
37251,County_37251,Oregon,9.0,Rural,6.0
8117,County_8117,Delaware,6.0,Rural,5.0
44073,County_44073,Utah,8.0,Rural,6.0
45233,County_45233,Vermont,3.0,Urban,3.0
13425,County_13425,Illinois,8.0,Rural,6.0
38363,County_38363,Pennsylvania,7.0,Rural,5.0
29183,County_29183,New Hampshire,1.0,Urban,1.0
55563,County_55563,Other,6.0,Rural,5.0
31363,County_31363,New Mexico,8.0,Rural,6.0
56613,County_56613,Other,7.0,Rural,5.0
21545,County_21545,Massachusetts,8.0,Rural,6.0
15467,County_15467,Iowa,1.0,Urban,1.0
49565,County_49565,Wisconsin,7.0,Rural,5.0
53515,County_53515,Other,8.0,Rural,6.0
18981,County_18981,Louisiana,5.0,Suburban/Small City,4.0
17213,County_17213,Kentucky,1.0,Urban,1.0
4459,County_4459,Arkansas,7.0,Rural,5.0
18987,County_18987,Louisiana,4.0,Suburban/Small City,4.0
43525,County_43525,Texas,3.0,Urban,3.0
45767,County_45767,Vermont,8.0,Rural,6.0
37643,County_37643,Oregon,9.0,Rural,6.0
35903,County_35903,Ohio,6.0,Rural,5.0
20071,County_20071,Maryland,9.0,Rural,6.0
13763,County_13763,Illinois,8.0,Rural,6.0
35843,County_35843,Ohio,9.0,Rural,6.0
17099,County_17099,Kentucky,9.0,Rural,6.0
4431,County_4431,Arkansas,6.0,Rural,5.0
2917,County_2917,Alaska,7.0,Rural,5.0
27071,County_27071,Nebraska,8.0,Rural,6.0
37317,County_37317,Oregon,2.0,Urban,2.0
45253,County_45253,Vermont,7.0,Rural,5.0
10587,County_10587,Georgia,2.0,Urban,2.0
55165,County_55165,Other,1.0,Urban,1.0
55735,County_55735,Other,9.0,Rural,6.0
37789,County_37789,Oregon,4.0,Suburban/Small City,4.0
41303,County_41303,South Dakota,4.0,Suburban/Small City,4.0
38731,County_38731,Pennsylvania,6.0,Rural,5.0
31549,County_31549,New Mexico,7.0,Rural,5.0
15481,County_15481,Iowa,6.0,Rural,5.0
23205,County_23205,Minnesota,2.0,Urban,2.0
17487,County_17487,Kentucky,8.0,Rural,6.0
36147,County_36147,Oklahoma,9.0,Rural,6.0
45547,County_45547,Vermont,8.0,Rural,6.0
38361,County_38361,Pennsylvania,6.0,Rural,5.0
38451,County_38451,Pennsylvania,9.0,Rural,6.0
43989,County_43989,Texas,8.0,Rural,6.0
35987,County_35987,Ohio,1.0,Urban,1.0
36327,County_36327,Oklahoma,6.0,Rural,5.0
31667,County_31667,New Mexico,5.0,Suburban/Small City,4.0
11923,County_11923,Hawaii,6.0,Rural,5.0
4903,County_4903,Arkansas,8.0,Rural,6.0
36667,County_36667,Oklahoma,2.0,Urban,2.0
43713,County_43713,Texas,4.0,Suburban/Small City,4.0
56627,County_56627,Other,2.0,Urban,2.0
6233,County_6233,Colorado,2.0,Urban,2.0
42103,County_42103,Tennessee,9.0,Rural,6.0
52483,County_52483,Other,8.0,Rural,6.0
3647,County_3647,Arizona,8.0,Rural,6.0
54089,County_54089,Other,8.0,Rural,6.0
53595,County_53595,Other,8.0,Rural,6.0
17515,County_17515,Kentucky,3.0,Urban,3.0
12775,County_12775,Idaho,7.0,Rural,5.0
52947,County_52947,Other,6.0,Rural,5.0
39911,County_39911,Rhode Island,2.0,Urban,2.0
45241,County_45241,Vermont,4.0,Suburban/Small City,4.0
23341,County_23341,Minnesota,5.0,Suburban/Small City,4.0
53177,County_53177,Other,8.0,Rural,6.0
36607,County_36607,Oklahoma,8.0,Rural,6.0
41731,County_41731,South Dakota,5.0,Suburban/Small City,4.0
11657,County_11657,Hawaii,3.0,Urban,3.0
4805,County_4805,Arkansas,2.0,Urban,2.0
37567,County_37567,Oregon,7.0,Rural,5.0
25343,County_25343,Missouri,6.0,Rural,5.0
34927,County_34927,North Dakota,8.0,Rural,6.0
45239,County_45239,Vermont,3.0,Urban,3.0
4299,County_4299,Arkansas,1.0,Urban,1.0
41009,County_41009,South Dakota,9.0,Rural,6.0
25305,County_25305,Missouri,9.0,Rural,6.0
3179,County_3179,Arizona,4.0,Suburban/Small City,4.0
31209,County_31209,New Mexico,7.0,Rural,5.0
7131,County_7131,Connecticut,9.0,Rural,6.0
54443,County_54443,Other,3.0,Urban,3.0
26947,County_26947,Montana,1.0,Urban,1.0
35745,County_35745,Ohio,9.0,Rural,6.0
33831,County_33831,North Carolina,7.0,Rural,5.0
11055,County_11055,Hawaii,7.0,Rural,5.0
46001,County_46001,Virginia,4.0,Suburban/Small City,4.0
17491,County_17491,Kentucky,4.0,Suburban/Small City,4.0
38773,County_38773,Pennsylvania,2.0,Urban,2.0
23347,County_23347,Minnesota,8.0,Rural,6.0
5945,County_5945,California,1.0,Urban,1.0
38579,County_38579,Pennsylvania,8.0,Rural,6.0
30947,County_30947,New Jersey,9.0,Rural,6.0
49045,County_49045,Wisconsin,2.0,Urban,2.0
14279,County_14279,Indiana,6.0,Rural,5.0
50919,County_50919,Wyoming,6.0,Rural,5.0
34971,County_34971,North Dakota,1.0,Urban,1.0
27647,County_27647,Nebraska,9.0,Rural,6.0
10109,County_10109,Georgia,2.0,Urban,2.0
56933,County_56933,Other,4.0,Suburban/Small City,4.0
35261,County_35261,Ohio,3.0,Urban,3.0
24725,County_24725,Mississippi,6.0,Rural,5.0
40475,County_40475,South Carolina,8.0,Rural,6.0
17957,County_17957,Kentucky,6.0,Rural,5.0
23953,County_23953,Minnesota,2.0,Urban,2.0
44883,County_44883,Utah,6.0,Rural,5.0
54183,County_54183,Other,4.0,Suburban/Small City,4.0
7815,County_7815,Connecticut,5.0,Suburban/Small City,4.0
45023,County_45023,Vermont,9.0,Rural,6.0
32453,County_32453,New York,6.0,Rural,5.0
52245,County_52245,Other,7.0,Rural,5.0
44853,County_44853,Utah,8.0,Rural,6.0
7165,County_7165,Connecticut,2.0,Urban,2.0
5857,County_5857,California,2.0,Urban,2.0
29181,County_29181,New Hampshire,1.0,Urban,1.0
53887,County_53887,Other,4.0,Suburban/Small City,4.0
4323,County_4323,Arkansas,5.0,Suburban/Small City,4.0
3795,County_3795,Arizona,8.0,Rural,6.0
50501,County_50501,Wyoming,6.0,Rural,5.0
39943,County_39943,Rhode Island,7.0,Rural,5.0
51525,County_51525,Other,1.0,Urban,1.0
25865,County_25865,Missouri,3.0,Urban,3.0
48797,County_48797,West Virginia,7.0,Rural,5.0
20809,County_20809,Maryland,7.0,Rural,5.0
16953,County_16953,Kansas,4.0,Suburban/Small City,4.0
19155,County_19155,Maine,1.0,Urban,1.0
23871,County_23871,Minnesota,2.0,Urban,2.0
33465,County_33465,North Carolina,2.0,Urban,2.0
4063,County_4063,Arkansas,7.0,Rural,5.0
53211,County_53211,Other,8.0,Rural,6.0
29353,County_29353,New Hampshire,3.0,Urban,3.0
43629,County_43629,Texas,7.0,Rural,5.0
13599,County_13599,Illinois,5.0,Suburban/Small City,4.0
24957,County_24957,Mississippi,5.0,Suburban/Small City,4.0
8483,County_8483,Delaware,9.0,Rural,6.0
25053,County_25053,Missouri,7.0,Rural,5.0
41291,County_41291,South Dakota,4.0,Suburban/Small City,4.0
10047,County_10047,Georgia,4.0,Suburban/Small City,4.0
42347,County_42347,Tennessee,9.0,Rural,6.0
18215,County_18215,Louisiana,3.0,Urban,3.0
33295,County_33295,North Carolina,8.0,Rural,6.0
46873,County_46873,Virginia,5.0,Suburban/Small City,4.0
11873,County_11873,Hawaii,8.0,Rural,6.0
4311,County_4311,Arkansas,8.0,Rural,6.0
33759,County_33759,North Carolina,5.0,Suburban/Small City,4.0
11969,County_11969,Hawaii,7.0,Rural,5.0
40817,County_40817,South Carolina,9.0,Rural,6.0
12189,County_12189,Idaho,9.0,Rural,6.0
19759,County_19759,Maine,6.0,Rural,5.0
15965,County_15965,Iowa,7.0,Rural,5.0
8357,County_8357,Delaware,7.0,Rural,5.0
31143,County_31143,New Mexico,9.0,Rural,6.0
55407,County_55407,Other,2.0,Urban,2.0
28125,County_28125,Nevada,8.0,Rural,6.0
49425,County_49425,Wisconsin,3.0,Urban,3.0
34143,County_34143,North Dakota,1.0,Urban,1.0
44123,County_44123,Utah,6.0,Rural,5.0
11263,County_11263,Hawaii,2.0,Urban,2.0
13147,County_13147,Illinois,2.0,Urban,2.0
39595,County_39595,Rhode Island,2.0,Urban,2.0
1425,County_1425,Alabama,4.0,Suburban/Small City,4.0
18131,County_18131,Louisiana,2.0,Urban,2.0
37819,County_37819,Oregon,3.0,Urban,3.0
56951,County_56951,Other,8.0,Rural,6.0
35885,County_35885,Ohio,9.0,Rural,6.0
22845,County_22845,Michigan,9.0,Rural,6.0
38171,County_38171,Pennsylvania,5.0,Suburban/Small City,4.0
49671,County_49671,Wisconsin,2.0,Urban,2.0
9361,County_9361,Florida,1.0,Urban,1.0
55947,County_55947,Other,6.0,Rural,5.0
43955,County_43955,Texas,2.0,Urban,2.0
48551,County_48551,West Virginia,1.0,Urban,1.0
17473,County_17473,Kentucky,9.0,Rural,6.0
2921,County_2921,Alaska,7.0,Rural,5.0
45891,County_45891,Vermont,2.0,Urban,2.0
21815,County_21815,Massachusetts,9.0,Rural,6.0
9117,County_9117,Florida,4.0,Suburban/Small City,4.0
15631,County_15631,Iowa,1.0,Urban,1.0
39153,County_39153,Rhode Island,8.0,Rural,6.0
35853,County_35853,Ohio,9.0,Rural,6.0
55657,County_55657,Other,2.0,Urban,2.0
12215,County_12215,Idaho,2.0,Urban,2.0
36781,County_36781,Oklahoma,9.0,Rural,6.0
15973,County_15973,Iowa,2.0,Urban,2.0
38749,County_38749,Pennsylvania,2.0,Urban,2.0
37241,County_37241,Oregon,1.0,Urban,1.0
5545,County_5545,California,2.0,Urban,2.0
13709,County_13709,Illinois,2.0,Urban,2.0
10629,County_10629,Georgia,1.0,Urban,1.0
35835,County_35835,Ohio,8.0,Rural,6.0
42161,County_42161,Tennessee,1.0,Urban,1.0
51875,County_51875,Other,7.0,Rural,5.0
21499,County_21499,Massachusetts,2.0,Urban,2.0
50207,County_50207,Wyoming,8.0,Rural,6.0
39795,County_39795,Rhode Island,5.0,Suburban/Small City,4.0
19005,County_19005,Maine,2.0,Urban,2.0
15283,County_15283,Iowa,8.0,Rural,6.0
31395,County_31395,New Mexico,1.0,Urban,1.0
50679,County_50679,Wyoming,8.0,Rural,6.0
32175,County_32175,New York,1.0,Urban,1.0
26265,County_26265,Montana,9.0,Rural,6.0
33309,County_33309,North Carolina,4.0,Suburban/Small City,4.0
40119,County_40119,South Carolina,7.0,Rural,5.0
37849,County_37849,Oregon,7.0,Rural,5.0
25841,County_25841,Missouri,1.0,Urban,1.0
50829,County_50829,Wyoming,8.0,Rural,6.0
8767,County_8767,Delaware,3.0,Urban,3.0
21599,County_21599,Massachusetts,1.0,Urban,1.0
29257,County_29257,New Hampshire,8.0,Rural,6.0
44305,County_44305,Utah,2.0,Urban,2.0
29933,County_29933,New Hampshire,3.0,Urban,3.0
40943,County_40943,South Carolina,9.0,Rural,6.0
26389,County_26389,Montana,1.0,Urban,1.0
32907,County_32907,New York,1.0,Urban,1.0
17205,County_17205,Kentucky,1.0,Urban,1.0
21075,County_21075,Massachusetts,9.0,Rural,6.0
2313,County_2313,Alaska,8.0,Rural,6.0
18911,County_18911,Louisiana,9.0,Rural,6.0
54357,County_54357,Other,8.0,Rural,6.0
19467,County_19467,Maine,5.0,Suburban/Small City,4.0
28459,County_28459,Nevada,6.0,Rural,5.0
48801,County_48801,West Virginia,2.0,Urban,2.0
54465,County_54465,Other,7.0,Rural,5.0
29157,County_29157,New Hampshire,4.0,Suburban/Small City,4.0
12133,County_12133,Idaho,6.0,Rural,5.0
38881,County_38881,Pennsylvania,9.0,Rural,6.0
12935,County_12935,Idaho,5.0,Suburban/Small City,4.0
34995,County_34995,North Dakota,1.0,Urban,1.0
31417,County_31417,New Mexico,6.0,Rural,5.0
2895,County_2895,Alaska,3.0,Urban,3.0
22337,County_22337,Michigan,7.0,Rural,5.0
55565,County_55565,Other,6.0,Rural,5.0
12869,County_12869,Idaho,2.0,Urban,2.0
40993,County_40993,South Carolina,3.0,Urban,3.0
49991,County_49991,Wisconsin,1.0,Urban,1.0
2573,County_2573,Alaska,8.0,Rural,6.0
12109,County_12109,Idaho,7.0,Rural,5.0
13807,County_13807,Illinois,8.0,Rural,6.0
31979,County_31979,New Mexico,2.0,Urban,2.0
53507,County_53507,Other,8.0,Rural,6.0
2277,County_2277,Alaska,9.0,Rural,6.0
30841,County_30841,New Jersey,8.0,Rural,6.0
39731,County_39731,Rhode Island,9.0,Rural,6.0
13143,County_13143,Illinois,2.0,Urban,2.0
35201,County_35201,Ohio,7.0,Rural,5.0
44039,County_44039,Utah,1.0,Urban,1.0
55377,County_55377,Other,2.0,Urban,2.0
13589,County_13589,Illinois,8.0,Rural,6.0
22193,County_22193,Michigan,3.0,Urban,3.0
31647,County_31647,New Mexico,7.0,Rural,5.0
45623,County_45623,Vermont,8.0,Rural,6.0
55047,County_55047,Other,9.0,Rural,6.0
3779,County_3779,Arizona,5.0,Suburban/Small City,4.0
45499,County_45499,Vermont,8.0,Rural,6.0
22623,County_22623,Michigan,4.0,Suburban/Small City,4.0
35907,County_35907,Ohio,8.0,Rural,6.0
41921,County_41921,South Dakota,6.0,Rural,5.0
32559,County_32559,New York,2.0,Urban,2.0
45521,County_45521,Vermont,8.0,Rural,6.0
36513,County_36513,Oklahoma,6.0,Rural,5.0
46175,County_46175,Virginia,9.0,Rural,6.0
46129,County_46129,Virginia,1.0,Urban,1.0
18167,County_18167,Louisiana,8.0,Rural,6.0
2179,County_2179,Alaska,9.0,Rural,6.0
29643,County_29643,New Hampshire,5.0,Suburban/Small City,4.0
38567,County_38567,Pennsylvania,1.0,Urban,1.0
50007,County_50007,Wyoming,2.0,Urban,2.0
53117,County_53117,Other,4.0,Suburban/Small City,4.0
47553,County_47553,Washington,2.0,Urban,2.0
1375,County_1375,Alabama,8.0,Rural,6.0
46825,County_46825,Virginia,6.0,Rural,5.0
31721,County_31721,New Mexico,3.0,Urban,3.0
41025,County_41025,South Dakota,8.0,Rural,6.0
51173,County_51173,Other,3.0,Urban,3.0
56259,County_56259,Other,8.0,Rural,6.0
35449,County_35449,Ohio,8.0,Rural,6.0
55715,County_55715,Other,3.0,Urban,3.0
17239,County_17239,Kentucky,6.0,Rural,5.0
3875,County_3875,Arizona,9.0,Rural,6.0
17937,County_17937,Kentucky,6.0,Rural,5.0
13669,County_13669,Illinois,3.0,Urban,3.0
14639,County_14639,Indiana,5.0,Suburban/Small City,4.0
44981,County_44981,Utah,9.0,Rural,6.0
38953,County_38953,Pennsylvania,4.0,Suburban/Small City,4.0
37263,County_37263,Oregon,2.0,Urban,2.0
49653,County_49653,Wisconsin,8.0,Rural,6.0
40971,County_40971,South Carolina,9.0,Rural,6.0
32971,County_32971,New York,1.0,Urban,1.0
35979,County_35979,Ohio,3.0,Urban,3.0
40467,County_40467,South Carolina,8.0,Rural,6.0
43727,County_43727,Texas,9.0,Rural,6.0
3799,County_3799,Arizona,9.0,Rural,6.0
12781,County_12781,Idaho,3.0,Urban,3.0
46395,County_46395,Virginia,9.0,Rural,6.0
45823,County_45823,Vermont,9.0,Rural,6.0
29085,County_29085,New Hampshire,8.0,Rural,6.0
39789,County_39789,Rhode Island,3.0,Urban,3.0
12701,County_12701,Idaho,3.0,Urban,3.0
5231,County_5231,California,1.0,Urban,1.0
3717,County_3717,Arizona,9.0,Rural,6.0
4141,County_4141,Arkansas,9.0,Rural,6.0
35503,County_35503,Ohio,3.0,Urban,3.0
50147,County_50147,Wyoming,5.0,Suburban/Small City,4.0
5957,County_5957,California,7.0,Rural,5.0
43307,County_43307,Texas,3.0,Urban,3.0
40623,County_40623,South Carolina,6.0,Rural,5.0
27153,County_27153,Nebraska,6.0,Rural,5.0
52201,County_52201,Other,5.0,Suburban/Small City,4.0
51913,County_51913,Other,4.0,Suburban/Small City,4.0
5875,County_5875,California,7.0,Rural,5.0
44295,County_44295,Utah,8.0,Rural,6.0
11413,County_11413,Hawaii,3.0,Urban,3.0
21263,County_21263,Massachusetts,8.0,Rural,6.0
38883,County_38883,Pennsylvania,5.0,Suburban/Small City,4.0
45103,County_45103,Vermont,3.0,Urban,3.0
29381,County_29381,New Hampshire,3.0,Urban,3.0
12321,County_12321,Idaho,1.0,Urban,1.0
6569,County_6569,Colorado,5.0,Suburban/Small City,4.0
2611,County_2611,Alaska,9.0,Rural,6.0
34581,County_34581,North Dakota,3.0,Urban,3.0
45891,County_45891,Vermont,4.0,Suburban/Small City,4.0
15371,County_15371,Iowa,6.0,Rural,5.0
55141,County_55141,Other,6.0,Rural,5.0
50223,County_50223,Wyoming,8.0,Rural,6.0
39623,County_39623,Rhode Island,6.0,Rural,5.0
40947,County_40947,South Carolina,1.0,Urban,1.0
7753,County_7753,Connecticut,4.0,Suburban/Small City,4.0
31463,County_31463,New Mexico,7.0,Rural,5.0
6101,County_6101,Colorado,5.0,Suburban/Small City,4.0
27907,County_27907,Nebraska,3.0,Urban,3.0
35687,County_35687,Ohio,5.0,Suburban/Small City,4.0
50941,County_50941,Wyoming,8.0,Rural,6.0
56003,County_56003,Other,1.0,Urban,1.0
19991,County_19991,Maine,7.0,Rural,5.0
25933,County_25933,Missouri,6.0,Rural,5.0
51119,County_51119,Other,5.0,Suburban/Small City,4.0
45961,County_45961,Vermont,3.0,Urban,3.0
30811,County_30811,New Jersey,6.0,Rural,5.0
41825,County_41825,South Dakota,5.0,Suburban/Small City,4.0
3655,County_3655,Arizona,6.0,Rural,5.0
50679,County_50679,Wyoming,9.0,Rural,6.0
7947,County_7947,Connecticut,2.0,Urban,2.0
19161,County_19161,Maine,3.0,Urban,3.0
49287,County_49287,Wisconsin,6.0,Rural,5.0
19415,County_19415,Maine,8.0,Rural,6.0
26373,County_26373,Montana,4.0,Suburban/Small City,4.0
39691,County_39691,Rhode Island,8.0,Rural,6.0
49209,County_49209,Wisconsin,7.0,Rural,5.0
51797,County_51797,Other,1.0,Urban,1.0
19121,County_19121,Maine,4.0,Suburban/Small City,4.0
24523,County_24523,Mississippi,1.0,Urban,1.0
23235,County_23235,Minnesota,2.0,Urban,2.0
46443,County_46443,Virginia,2.0,Urban,2.0
50009,County_50009,Wyoming,2.0,Urban,2.0
19055,County_19055,Maine,4.0,Suburban/Small City,4.0
7975,County_7975,Connecticut,2.0,Urban,2.0
54535,County_54535,Other,5.0,Suburban/Small City,4.0
18949,County_18949,Louisiana,9.0,Rural,6.0
17431,County_17431,Kentucky,1.0,Urban,1.0
9693,County_9693,Florida,5.0,Suburban/Small City,4.0
5927,County_5927,California,9.0,Rural,6.0
24795,County_24795,Mississippi,3.0,Urban,3.0
23831,County_23831,Minnesota,2.0,Urban,2.0
19435,County_19435,Maine,1.0,Urban,1.0
56273,County_56273,Other,3.0,Urban,3.0
15449,County_15449,Iowa,9.0,Rural,6.0
31661,County_31661,New Mexico,8.0,Rural,6.0
42301,County_42301,Tennessee,1.0,Urban,1.0
46869,County_46869,Virginia,1.0,Urban,1.0
44735,County_44735,Utah,2.0,Urban,2.0
45023,County_45023,Vermont,9.0,Rural,6.0
29509,County_29509,New Hampshire,1.0,Urban,1.0
36309,County_36309,Oklahoma,7.0,Rural,5.0
10217,County_10217,Georgia,3.0,Urban,3.0
44497,County_44497,Utah,9.0,Rural,6.0
20915,County_20915,Maryland,6.0,Rural,5.0
52071,County_52071,Other,1.0,Urban,1.0
8889,County_8889,Delaware,8.0,Rural,6.0
16261,County_16261,Kansas,9.0,Rural,6.0
30469,County_30469,New Jersey,5.0,Suburban/Small City,4.0
53585,County_53585,Other,4.0,Suburban/Small City,4.0
33701,County_33701,North Carolina,8.0,Rural,6.0
44817,County_44817,Utah,8.0,Rural,6.0
1449,County_1449,Alabama,8.0,Rural,6.0
24585,County_24585,Mississippi,9.0,Rural,6.0
41041,County_41041,South Dakota,6.0,Rural,5.0
20013,County_20013,Maryland,1.0,Urban,1.0
49231,County_49231,Wisconsin,8.0,Rural,6.0
46127,County_46127,Virginia,7.0,Rural,5.0
20373,County_20373,Maryland,9.0,Rural,6.0
25329,County_25329,Missouri,6.0,Rural,5.0
20341,County_20341,Maryland,1.0,Urban,1.0
5327,County_5327,California,6.0,Rural,5.0
5471,County_5471,California,6.0,Rural,5.0
29547,County_29547,New Hampshire,8.0,Rural,6.0
22529,County_22529,Michigan,2.0,Urban,2.0
31569,County_31569,New Mexico,1.0,Urban,1.0
27453,County_27453,Nebraska,2.0,Urban,2.0
34761,County_34761,North Dakota,9.0,Rural,6.0
2463,County_2463,Alaska,6.0,Rural,5.0
19227,County_19227,Maine,8.0,Rural,6.0
7295,County_7295,Connecticut,8.0,Rural,6.0
28763,County_28763,Nevada,2.0,Urban,2.0
12615,County_12615,Idaho,7.0,Rural,5.0
13379,County_13379,Illinois,2.0,Urban,2.0
30453,County_30453,New Jersey,6.0,Rural,5.0
38861,County_38861,Pennsylvania,2.0,Urban,2.0
27559,County_27559,Nebraska,7.0,Rural,5.0
3491,County_3491,Arizona,8.0,Rural,6.0
44069,County_44069,Utah,9.0,Rural,6.0
28515,County_28515,Nevada,1.0,Urban,1.0
20901,County_20901,Maryland,7.0,Rural,5.0
12375,County_12375,Idaho,3.0,Urban,3.0
37049,County_37049,Oregon,8.0,Rural,6.0
33561,County_33561,North Carolina,4.0,Suburban/Small City,4.0
28557,County_28557,Nevada,3.0,Urban,3.0
12687,County_12687,Idaho,9.0,Rural,6.0
27513,County_27513,Nebraska,4.0,Suburban/Small City,4.0
26631,County_26631,Montana,8.0,Rural,6.0
34353,County_34353,North Dakota,8.0,Rural,6.0
6343,County_6343,Colorado,2.0,Urban,2.0
31557,County_31557,New Mexico,9.0,Rural,6.0
3257,County_3257,Arizona,4.0,Suburban/Small City,4.0
42285,County_42285,Tennessee,5.0,Suburban/Small City,4.0
3797,County_3797,Arizona,8.0,Rural,6.0
42147,County_42147,Tennessee,5.0,Suburban/Small City,4.0
2217,County_2217,Alaska,5.0,Suburban/Small City,4.0
8465,County_8465,Delaware,8.0,Rural,6.0
43449,County_43449,Texas,9.0,Rural,6.0
10231,County_10231,Georgia,7.0,Rural,5.0
50139,County_50139,Wyoming,3.0,Urban,3.0
34017,County_34017,North Dakota,9.0,Rural,6.0
25771,County_25771,Missouri,6.0,Rural,5.0
37679,County_37679,Oregon,9.0,Rural,6.0
55665,County_55665,Other,8.0,Rural,6.0
13139,County_13139,Illinois,7.0,Rural,5.0
27743,County_27743,Nebraska,2.0,Urban,2.0
28699,County_28699,Nevada,8.0,Rural,6.0
30215,County_30215,New Jersey,4.0,Suburban/Small City,4.0
20461,County_20461,Maryland,7.0,Rural,5.0
26155,County_26155,Montana,9.0,Rural,6.0
33751,County_33751,North Carolina,6.0,Rural,5.0
53373,County_53373,Other,2.0,Urban,2.0
11429,County_11429,Hawaii,8.0,Rural,6.0
50287,County_50287,Wyoming,3.0,Urban,3.0
24743,County_24743,Mississippi,2.0,Urban,2.0
48621,County_48621,West Virginia,7.0,Rural,5.0
40335,County_40335,South Carolina,7.0,Rural,5.0
38925,County_38925,Pennsylvania,6.0,Rural,5.0
47101,County_47101,Washington,6.0,Rural,5.0
18503,County_18503,Louisiana,5.0,Suburban/Small City,4.0
26569,County_26569,Montana,2.0,Urban,2.0
10513,County_10513,Georgia,9.0,Rural,6.0
26501,County_26501,Montana,6.0,Rural,5.0
16161,County_16161,Kansas,2.0,Urban,2.0
31243,County_31243,New Mexico,6.0,Rural,5.0
51669,County_51669,Other,9.0,Rural,6.0
49541,County_49541,Wisconsin,8.0,Rural,6.0
2053,County_2053,Alaska,8.0,Rural,6.0
49935,County_49935,Wisconsin,8.0,Rural,6.0
5047,County_5047,California,1.0,Urban,1.0
40799,County_40799,South Carolina,8.0,Rural,6.0
17681,County_17681,Kentucky,7.0,Rural,5.0
33587,County_33587,North Carolina,3.0,Urban,3.0
36787,County_36787,Oklahoma,7.0,Rural,5.0
4111,County_4111,Arkansas,6.0,Rural,5.0
26521,County_26521,Montana,3.0,Urban,3.0
7935,County_7935,Connecticut,1.0,Urban,1.0
20313,County_20313,Maryland,6.0,Rural,5.0
21779,County_21779,Massachusetts,9.0,Rural,6.0
31741,County_31741,New Mexico,3.0,Urban,3.0
32195,County_32195,New York,6.0,Rural,5.0
26187,County_26187,Montana,9.0,Rural,6.0
35043,County_35043,Ohio,9.0,Rural,6.0
37287,County_37287,Oregon,8.0,Rural,6.0
29537,County_29537,New Hampshire,2.0,Urban,2.0
6489,County_6489,Colorado,7.0,Rural,5.0
31253,County_31253,New Mexico,2.0,Urban,2.0
24591,County_24591,Mississippi,6.0,Rural,5.0
54219,County_54219,Other,5.0,Suburban/Small City,4.0
9931,County_9931,Florida,1.0,Urban,1.0
25381,County_25381,Missouri,1.0,Urban,1.0
7699,County_7699,Connecticut,1.0,Urban,1.0
24685,County_24685,Mississippi,8.0,Rural,6.0
14925,County_14925,Indiana,8.0,Rural,6.0
34867,County_34867,North Dakota,4.0,Suburban/Small City,4.0
18159,County_18159,Louisiana,8.0,Rural,6.0
54235,County_54235,Other,2.0,Urban,2.0
1759,County_1759,Alabama,1.0,Urban,1.0
44457,County_44457,Utah,7.0,Rural,5.0
16055,County_16055,Kansas,6.0,Rural,5.0
16543,County_16543,Kansas,6.0,Rural,5.0
31947,County_31947,New Mexico,7.0,Rural,5.0
23111,County_23111,Minnesota,7.0,Rural,5.0
35239,County_35239,Ohio,9.0,Rural,6.0
18585,County_18585,Louisiana,9.0,Rural,6.0
53493,County_53493,Other,9.0,Rural,6.0
23559,County_23559,Minnesota,2.0,Urban,2.0
36915,County_36915,Oklahoma,5.0,Suburban/Small City,4.0
47305,County_47305,Washington,6.0,Rural,5.0
2257,County_2257,Alaska,2.0,Urban,2.0
8481,County_8481,Delaware,8.0,Rural,6.0
52859,County_52859,Other,3.0,Urban,3.0
16009,County_16009,Kansas,9.0,Rural,6.0
47531,County_47531,Washington,2.0,Urban,2.0
49685,County_49685,Wisconsin,7.0,Rural,5.0
43737,County_43737,Texas,1.0,Urban,1.0
34207,County_34207,North Dakota,4.0,Suburban/Small City,4.0
19331,County_19331,Maine,1.0,Urban,1.0
16147,County_16147,Kansas,6.0,Rural,5.0
15367,County_15367,Iowa,7.0,Rural,5.0
51539,County_51539,Other,8.0,Rural,6.0
4705,County_4705,Arkansas,2.0,Urban,2.0
19687,County_19687,Maine,1.0,Urban,1.0
23193,County_23193,Minnesota,8.0,Rural,6.0
44011,County_44011,Utah,6.0,Rural,5.0
40651,County_40651,South Carolina,7.0,Rural,5.0
50567,County_50567,Wyoming,3.0,Urban,3.0
30475,County_30475,New Jersey,5.0,Suburban/Small City,4.0
6233,County_6233,Colorado,1.0,Urban,1.0
34345,County_34345,North Dakota,9.0,Rural,6.0
45587,County_45587,Vermont,7.0,Rural,5.0
48733,County_48733,West Virginia,7.0,Rural,5.0
44907,County_44907,Utah,2.0,Urban,2.0
44845,County_44845,Utah,8.0,Rural,6.0
47931,County_47931,Washington,9.0,Rural,6.0
37335,County_37335,Oregon,8.0,Rural,6.0
22443,County_22443,Michigan,3.0,Urban,3.0
17387,County_17387,Kentucky,8.0,Rural,6.0
46945,County_46945,Virginia,9.0,Rural,6.0
5649,County_5649,California,7.0,Rural,5.0
14125,County_14125,Indiana,3.0,Urban,3.0
27389,County_27389,Nebraska,4.0,Suburban/Small City,4.0
36743,County_36743,Oklahoma,5.0,Suburban/Small City,4.0
39715,County_39715,Rhode Island,6.0,Rural,5.0
31093,County_31093,New Mexico,9.0,Rural,6.0
13793,County_13793,Illinois,6.0,Rural,5.0
30035,County_30035,New Jersey,3.0,Urban,3.0
44589,County_44589,Utah,1.0,Urban,1.0
47123,County_47123,Washington,5.0,Suburban/Small City,4.0
53321,County_53321,Other,9.0,Rural,6.0
52295,County_52295,Other,8.0,Rural,6.0
14599,County_14599,Indiana,3.0,Urban,3.0
36257,County_36257,Oklahoma,7.0,Rural,5.0
46433,County_46433,Virginia,7.0,Rural,5.0
2493,County_2493,Alaska,7.0,Rural,5.0
26797,County_26797,Montana,8.0,Rural,6.0
56977,County_56977,Other,6.0,Rural,5.0
47149,County_47149,Washington,9.0,Rural,6.0
9517,County_9517,Florida,9.0,Rural,6.0
15937,County_15937,Iowa,7.0,Rural,5.0
5819,County_5819,California,3.0,Urban,3.0
44389,County_44389,Utah,2.0,Urban,2.0
51267,County_51267,Other,9.0,Rural,6.0
28991,County_28991,Nevada,4.0,Suburban/Small City,4.0
27053,County_27053,Nebraska,3.0,Urban,3.0
34757,County_34757,North Dakota,7.0,Rural,5.0
25135,County_25135,Missouri,2.0,Urban,2.0
42433,County_42433,Tennessee,9.0,Rural,6.0
29375,County_29375,New Hampshire,1.0,Urban,1.0
10419,County_10419,Georgia,7.0,Rural,5.0
13063,County_13063,Illinois,1.0,Urban,1.0
34939,County_34939,North Dakota,4.0,Suburban/Small City,4.0
36423,County_36423,Oklahoma,1.0,Urban,1.0
41733,County_41733,South Dakota,7.0,Rural,5.0
48489,County_48489,West Virginia,8.0,Rural,6.0
9143,County_9143,Florida,3.0,Urban,3.0
16527,County_16527,Kansas,6.0,Rural,5.0
40491,County_40491,South Carolina,5.0,Suburban/Small City,4.0
32197,County_32197,New York,1.0,Urban,1.0
20341,County_20341,Maryland,6.0,Rural,5.0
22207,County_22207,Michigan,5.0,Suburban/Small City,4.0
28543,County_28543,Nevada,7.0,Rural,5.0
30525,County_30525,New Jersey,7.0,Rural,5.0
4047,County_4047,Arkansas,8.0,Rural,6.0
55421,County_55421,Other,1.0,Urban,1.0
16091,County_16091,Kansas,6.0,Rural,5.0
56963,County_56963,Other,8.0,Rural,6.0
22533,County_22533,Michigan,8.0,Rural,6.0
3505,County_3505,Arizona,4.0,Suburban/Small City,4.0
16321,County_16321,Kansas,2.0,Urban,2.0
1537,County_1537,Alabama,5.0,Suburban/Small City,4.0
35411,County_35411,Ohio,7.0,Rural,5.0
3691,County_3691,Arizona,2.0,Urban,2.0
22437,County_22437,Michigan,3.0,Urban,3.0
42177,County_42177,Tennessee,3.0,Urban,3.0
19689,County_19689,Maine,1.0,Urban,1.0
29133,County_29133,New Hampshire,2.0,Urban,2.0
30689,County_30689,New Jersey,7.0,Rural,5.0
21489,County_21489,Massachusetts,6.0,Rural,5.0
13773,County_13773,Illinois,8.0,Rural,6.0
4473,County_4473,Arkansas,3.0,Urban,3.0
31159,County_31159,New Mexico,6.0,Rural,5.0
8989,County_8989,Delaware,7.0,Rural,5.0
4907,County_4907,Arkansas,1.0,Urban,1.0
56533,County_56533,Other,9.0,Rural,6.0
47979,County_47979,Washington,2.0,Urban,2.0
40417,County_40417,South Carolina,7.0,Rural,5.0
15273,County_15273,Iowa,2.0,Urban,2.0
18589,County_18589,Louisiana,1.0,Urban,1.0
17589,County_17589,Kentucky,9.0,Rural,6.0
28047,County_28047,Nevada,2.0,Urban,2.0
3785,County_3785,Arizona,8.0,Rural,6.0
25241,County_25241,Missouri,1.0,Urban,1.0
49121,County_49121,Wisconsin,7.0,Rural,5.0
16355,County_16355,Kansas,7.0,Rural,5.0
44665,County_44665,Utah,7.0,Rural,5.0
7811,County_7811,Connecticut,2.0,Urban,2.0
10229,County_10229,Georgia,7.0,Rural,5.0
46749,County_46749,Virginia,9.0,Rural,6.0
41873,County_41873,South Dakota,9.0,Rural,6.0
47667,County_47667,Washington,6.0,Rural,5.0
18661,County_18661,Louisiana,1.0,Urban,1.0
20095,County_20095,Maryland,5.0,Suburban/Small City,4.0
16075,County_16075,Kansas,9.0,Rural,6.0
52241,County_52241,Other,2.0,Urban,2.0
18735,County_18735,Louisiana,2.0,Urban,2.0
46183,County_46183,Virginia,6.0,Rural,5.0
22505,County_22505,Michigan,3.0,Urban,3.0
45137,County_45137,Vermont,9.0,Rural,6.0
49531,County_49531,Wisconsin,8.0,Rural,6.0
32535,County_32535,New York,5.0,Suburban/Small City,4.0
7491,County_7491,Connecticut,7.0,Rural,5.0
44491,County_44491,Utah,2.0,Urban,2.0
37001,County_37001,Oregon,8.0,Rural,6.0
37393,County_37393,Oregon,8.0,Rural,6.0
48141,County_48141,West Virginia,6.0,Rural,5.0
43827,County_43827,Texas,4.0,Suburban/Small City,4.0
24291,County_24291,Mississippi,2.0,Urban,2.0
27231,County_27231,Nebraska,9.0,Rural,6.0
45153,County_45153,Vermont,1.0,Urban,1.0
2307,County_2307,Alaska,3.0,Urban,3.0
52097,County_52097,Other,5.0,Suburban/Small City,4.0
18945,County_18945,Louisiana,8.0,Rural,6.0
40675,County_40675,South Carolina,1.0,Urban,1.0
43483,County_43483,Texas,2.0,Urban,2.0
28725,County_28725,Nevada,4.0,Suburban/Small City,4.0
29629,County_29629,New Hampshire,3.0,Urban,3.0
2529,County_2529,Alaska,5.0,Suburban/Small City,4.0
37691,County_37691,Oregon,9.0,Rural,6.0
25873,County_25873,Missouri,9.0,Rural,6.0
48115,County_48115,West Virginia,4.0,Suburban/Small City,4.0
14009,County_14009,Indiana,1.0,Urban,1.0
41223,County_41223,South Dakota,7.0,Rural,5.0
6441,County_6441,Colorado,1.0,Urban,1.0
44445,County_44445,Utah,4.0,Suburban/Small City,4.0
22541,County_22541,Michigan,8.0,Rural,6.0
1355,County_1355,Alabama,6.0,Rural,5.0
10857,County_10857,Georgia,8.0,Rural,6.0
44315,County_44315,Utah,5.0,Suburban/Small City,4.0
21063,County_21063,Massachusetts,4.0,Suburban/Small City,4.0
46521,County_46521,Virginia,1.0,Urban,1.0
5143,County_5143,California,8.0,Rural,6.0
32513,County_32513,New York,4.0,Suburban/Small City,4.0
23715,County_23715,Minnesota,8.0,Rural,6.0
45791,County_45791,Vermont,2.0,Urban,2.0
48809,County_48809,West Virginia,2.0,Urban,2.0
20623,County_20623,Maryland,8.0,Rural,6.0
30621,County_30621,New Jersey,5.0,Suburban/Small City,4.0
41447,County_41447,South Dakota,7.0,Rural,5.0
4835,County_4835,Arkansas,2.0,Urban,2.0
5789,County_5789,California,7.0,Rural,5.0
50829,County_50829,Wyoming,8.0,Rural,6.0
18915,County_18915,Louisiana,8.0,Rural,6.0
9271,County_9271,Florida,2.0,Urban,2.0
53931,County_53931,Other,7.0,Rural,5.0
48049,County_48049,West Virginia,2.0,Urban,2.0
34477,County_34477,North Dakota,3.0,Urban,3.0
51067,County_51067,Other,2.0,Urban,2.0
49703,County_49703,Wisconsin,8.0,Rural,6.0
56615,County_56615,Other,8.0,Rural,6.0
51593,County_51593,Other,6.0,Rural,5.0
52687,County_52687,Other,4.0,Suburban/Small City,4.0
8665,County_8665,Delaware,8.0,Rural,6.0
23013,County_23013,Minnesota,4.0,Suburban/Small City,4.0
2493,County_2493,Alaska,1.0,Urban,1.0
20155,County_20155,Maryland,4.0,Suburban/Small City,4.0
50513,County_50513,Wyoming,5.0,Suburban/Small City,4.0
2985,County_2985,Alaska,1.0,Urban,1.0
56311,County_56311,Other,3.0,Urban,3.0
42541,County_42541,Tennessee,5.0,Suburban/Small City,4.0
42969,County_42969,Tennessee,5.0,Suburban/Small City,4.0
40427,County_40427,South Carolina,8.0,Rural,6.0
32135,County_32135,New York,6.0,Rural,5.0
32617,County_32617,New York,8.0,Rural,6.0
44655,County_44655,Utah,7.0,Rural,5.0
41961,County_41961,South Dakota,7.0,Rural,5.0
29093,County_29093,New Hampshire,6.0,Rural,5.0
56579,County_56579,Other,6.0,Rural,5.0
25275,County_25275,Missouri,4.0,Suburban/Small City,4.0
8087,County_8087,Delaware,2.0,Urban,2.0
33637,County_33637,North Carolina,7.0,Rural,5.0
7407,County_7407,Connecticut,2.0,Urban,2.0
55573,County_55573,Other,6.0,Rural,5.0
21287,County_21287,Massachusetts,3.0,Urban,3.0
28643,County_28643,Nevada,9.0,Rural,6.0
3781,County_3781,Arizona,4.0,Suburban/Small City,4.0
12827,County_12827,Idaho,7.0,Rural,5.0
42807,County_42807,Tennessee,9.0,Rural,6.0
10107,County_10107,Georgia,4.0,Suburban/Small City,4.0
46577,County_46577,Virginia,9.0,Rural,6.0
28755,County_28755,Nevada,6.0,Rural,5.0
15751,County_15751,Iowa,4.0,Suburban/Small City,4.0
53955,County_53955,Other,1.0,Urban,1.0
15169,County_15169,Iowa,7.0,Rural,5.0
9365,County_9365,Florida,1.0,Urban,1.0
53919,County_53919,Other,6.0,Rural,5.0
44687,County_44687,Utah,9.0,Rural,6.0
37387,County_37387,Oregon,6.0,Rural,5.0
18409,County_18409,Louisiana,9.0,Rural,6.0
37725,County_37725,Oregon,7.0,Rural,5.0
34015,County_34015,North Dakota,3.0,Urban,3.0
32221,County_32221,New York,7.0,Rural,5.0
2343,County_2343,Alaska,9.0,Rural,6.0
12589,County_12589,Idaho,9.0,Rural,6.0
20871,County_20871,Maryland,2.0,Urban,2.0
13995,County_13995,Illinois,4.0,Suburban/Small City,4.0
34345,County_34345,North Dakota,2.0,Urban,2.0
30139,County_30139,New Jersey,5.0,Suburban/Small City,4.0
15863,County_15863,Iowa,9.0,Rural,6.0
20843,County_20843,Maryland,5.0,Suburban/Small City,4.0
23373,County_23373,Minnesota,6.0,Rural,5.0
45259,County_45259,Vermont,3.0,Urban,3.0
52035,County_52035,Other,1.0,Urban,1.0
34601,County_34601,North Dakota,7.0,Rural,5.0
52265,County_52265,Other,6.0,Rural,5.0
14211,County_14211,Indiana,6.0,Rural,5.0
13875,County_13875,Illinois,7.0,Rural,5.0
42339,County_42339,Tennessee,7.0,Rural,5.0
22657,County_22657,Michigan,6.0,Rural,5.0
43211,County_43211,Texas,7.0,Rural,5.0
34825,County_34825,North Dakota,7.0,Rural,5.0
39559,County_39559,Rhode Island,6.0,Rural,5.0
42879,County_42879,Tennessee,3.0,Urban,3.0
29653,County_29653,New Hampshire,6.0,Rural,5.0
49601,County_49601,Wisconsin,9.0,Rural,6.0
22033,County_22033,Michigan,9.0,Rural,6.0
12115,County_12115,Idaho,3.0,Urban,3.0
5005,County_5005,California,9.0,Rural,6.0
16799,County_16799,Kansas,1.0,Urban,1.0
45241,County_45241,Vermont,4.0,Suburban/Small City,4.0
19175,County_19175,Maine,6.0,Rural,5.0
56519,County_56519,Other,7.0,Rural,5.0
2969,County_2969,Alaska,8.0,Rural,6.0
35049,County_35049,Ohio,2.0,Urban,2.0
2981,County_2981,Alaska,1.0,Urban,1.0
13383,County_13383,Illinois,8.0,Rural,6.0
41035,County_41035,South Dakota,2.0,Urban,2.0
43335,County_43335,Texas,7.0,Rural,5.0
55849,County_55849,Other,8.0,Rural,6.0
20011,County_20011,Maryland,8.0,Rural,6.0
9443,County_9443,Florida,1.0,Urban,1.0
47895,County_47895,Washington,4.0,Suburban/Small City,4.0
6647,County_6647,Colorado,2.0,Urban,2.0
55015,County_55015,Other,9.0,Rural,6.0
53839,County_53839,Other,4.0,Suburban/Small City,4.0
36705,County_36705,Oklahoma,6.0,Rural,5.0
40835,County_40835,South Carolina,8.0,Rural,6.0
17345,County_17345,Kentucky,2.0,Urban,2.0
56517,County_56517,Other,2.0,Urban,2.0
21769,County_21769,Massachusetts,6.0,Rural,5.0
6503,County_6503,Colorado,3.0,Urban,3.0
35905,County_35905,Ohio,1.0,Urban,1.0
42451,County_42451,Tennessee,6.0,Rural,5.0
17811,County_17811,Kentucky,2.0,Urban,2.0
20037,County_20037,Maryland,9.0,Rural,6.0
44357,County_44357,Utah,1.0,Urban,1.0
21487,County_21487,Massachusetts,9.0,Rural,6.0
51481,County_51481,Other,2.0,Urban,2.0
49717,County_49717,Wisconsin,4.0,Suburban/Small City,4.0
18955,County_18955,Louisiana,8.0,Rural,6.0
35615,County_35615,Ohio,8.0,Rural,6.0
33133,County_33133,North Carolina,9.0,Rural,6.0
21909,County_21909,Massachusetts,8.0,Rural,6.0
33983,County_33983,North Carolina,8.0,Rural,6.0
23299,County_23299,Minnesota,9.0,Rural,6.0
13729,County_13729,Illinois,9.0,Rural,6.0
34733,County_34733,North Dakota,2.0,Urban,2.0
33221,County_33221,North Carolina,2.0,Urban,2.0
13183,County_13183,Illinois,3.0,Urban,3.0
51327,County_51327,Other,8.0,Rural,6.0
46525,County_46525,Virginia,1.0,Urban,1.0
36235,County_36235,Oklahoma,1.0,Urban,1.0
16427,County_16427,Kansas,3.0,Urban,3.0
45731,County_45731,Vermont,9.0,Rural,6.0
13877,County_13877,Illinois,8.0,Rural,6.0
8527,County_8527,Delaware,1.0,Urban,1.0
36213,County_36213,Oklahoma,7.0,Rural,5.0
41851,County_41851,South Dakota,4.0,Suburban/Small City,4.0
4621,County_4621,Arkansas,3.0,Urban,3.0
6867,County_6867,Colorado,2.0,Urban,2.0
9961,County_9961,Florida,8.0,Rural,6.0
9359,County_9359,Florida,1.0,Urban,1.0
45087,County_45087,Vermont,6.0,Rural,5.0
4343,County_4343,Arkansas,4.0,Suburban/Small City,4.0
7673,County_7673,Connecticut,6.0,Rural,5.0
17931,County_17931,Kentucky,1.0,Urban,1.0
27923,County_27923,Nebraska,7.0,Rural,5.0
9795,County_9795,Florida,4.0,Suburban/Small City,4.0
34541,County_34541,North Dakota,2.0,Urban,2.0
43663,County_43663,Texas,1.0,Urban,1.0
48355,County_48355,West Virginia,1.0,Urban,1.0
50835,County_50835,Wyoming,8.0,Rural,6.0
54255,County_54255,Other,6.0,Rural,5.0
1829,County_1829,Alabama,3.0,Urban,3.0
48707,County_48707,West Virginia,8.0,Rural,6.0
8429,County_8429,Delaware,1.0,Urban,1.0
37523,County_37523,Oregon,1.0,Urban,1.0
25891,County_25891,Missouri,8.0,Rural,6.0
21989,County_21989,Massachusetts,1.0,Urban,1.0
37677,County_37677,Oregon,1.0,Urban,1.0
27923,County_27923,Nebraska,3.0,Urban,3.0
7797,County_7797,Connecticut,3.0,Urban,3.0
28703,County_28703,Nevada,2.0,Urban,2.0
30241,County_30241,New Jersey,1.0,Urban,1.0
12351,County_12351,Idaho,7.0,Rural,5.0
28063,County_28063,Nevada,8.0,Rural,6.0
31359,County_31359,New Mexico,7.0,Rural,5.0
44469,County_44469,Utah,7.0,Rural,5.0
35273,County_35273,Ohio,8.0,Rural,6.0
18861,County_18861,Louisiana,9.0,Rural,6.0
20391,County_20391,Maryland,8.0,Rural,6.0
23289,County_23289,Minnesota,9.0,Rural,6.0
17899,County_17899,Kentucky,8.0,Rural,6.0
27085,County_27085,Nebraska,1.0,Urban,1.0
2601,County_2601,Alaska,1.0,Urban,1.0
16097,County_16097,Kansas,8.0,Rural,6.0
15431,County_15431,Iowa,3.0,Urban,3.0
36719,County_36719,Oklahoma,6.0,Rural,5.0
33991,County_33991,North Carolina,8.0,Rural,6.0
46131,County_46131,Virginia,9.0,Rural,6.0
50841,County_50841,Wyoming,7.0,Rural,5.0
37851,County_37851,Oregon,6.0,Rural,5.0
44597,County_44597,Utah,4.0,Suburban/Small City,4.0
1559,County_1559,Alabama,5.0,Suburban/Small City,4.0
13939,County_13939,Illinois,9.0,Rural,6.0
12151,County_12151,Idaho,9.0,Rural,6.0
4627,County_4627,Arkansas,9.0,Rural,6.0
12503,County_12503,Idaho,7.0,Rural,5.0
21395,County_21395,Massachusetts,3.0,Urban,3.0
50427,County_50427,Wyoming,2.0,Urban,2.0
33667,County_33667,North Carolina,6.0,Rural,5.0
27279,County_27279,Nebraska,8.0,Rural,6.0
4141,County_4141,Arkansas,1.0,Urban,1.0
21913,County_21913,Massachusetts,2.0,Urban,2.0
50549,County_50549,Wyoming,3.0,Urban,3.0
25429,County_25429,Missouri,2.0,Urban,2.0
40925,County_40925,South Carolina,6.0,Rural,5.0
22517,County_22517,Michigan,8.0,Rural,6.0
54293,County_54293,Other,9.0,Rural,6.0
11151,County_11151,Hawaii,9.0,Rural,6.0
15313,County_15313,Iowa,5.0,Suburban/Small City,4.0
46263,County_46263,Virginia,4.0,Suburban/Small City,4.0
27259,County_27259,Nebraska,8.0,Rural,6.0
45623,County_45623,Vermont,8.0,Rural,6.0
36525,County_36525,Oklahoma,8.0,Rural,6.0
54379,County_54379,Other,9.0,Rural,6.0
52271,County_52271,Other,6.0,Rural,5.0
46719,County_46719,Virginia,7.0,Rural,5.0
53663,County_53663,Other,3.0,Urban,3.0
26365,County_26365,Montana,1.0,Urban,1.0
18687,County_18687,Louisiana,4.0,Suburban/Small City,4.0
38385,County_38385,Pennsylvania,2.0,Urban,2.0
17631,County_17631,Kentucky,3.0,Urban,3.0
38271,County_38271,Pennsylvania,9.0,Rural,6.0
4263,County_4263,Arkansas,2.0,Urban,2.0
31201,County_31201,New Mexico,1.0,Urban,1.0
1131,County_1131,Alabama,9.0,Rural,6.0
9741,County_9741,Florida,1.0,Urban,1.0
46917,County_46917,Virginia,1.0,Urban,1.0
54951,County_54951,Other,2.0,Urban,2.0
9773,County_9773,Florida,1.0,Urban,1.0
34393,County_34393,North Dakota,8.0,Rural,6.0
8639,County_8639,Delaware,4.0,Suburban/Small City,4.0
23597,County_23597,Minnesota,1.0,Urban,1.0
33149,County_33149,North Carolina,1.0,Urban,1.0
12171,County_12171,Idaho,7.0,Rural,5.0
14161,County_14161,Indiana,3.0,Urban,3.0
45379,County_45379,Vermont,7.0,Rural,5.0
40759,County_40759,South Carolina,6.0,Rural,5.0
47601,County_47601,Washington,7.0,Rural,5.0
22139,County_22139,Michigan,1.0,Urban,1.0
7993,County_7993,Connecticut,5.0,Suburban/Small City,4.0
18997,County_18997,Louisiana,3.0,Urban,3.0
3205,County_3205,Arizona,6.0,Rural,5.0
11901,County_11901,Hawaii,8.0,Rural,6.0
38095,County_38095,Pennsylvania,9.0,Rural,6.0
47729,County_47729,Washington,2.0,Urban,2.0
22347,County_22347,Michigan,9.0,Rural,6.0
18269,County_18269,Louisiana,8.0,Rural,6.0
56571,County_56571,Other,4.0,Suburban/Small City,4.0
38471,County_38471,Pennsylvania,2.0,Urban,2.0
35685,County_35685,Ohio,1.0,Urban,1.0
41619,County_41619,South Dakota,5.0,Suburban/Small City,4.0
51701,County_51701,Other,5.0,Suburban/Small City,4.0
49571,County_49571,Wisconsin,9.0,Rural,6.0
6531,County_6531,Colorado,1.0,Urban,1.0
1561,County_1561,Alabama,2.0,Urban,2.0
49089,County_49089,Wisconsin,8.0,Rural,6.0
15269,County_15269,Iowa,1.0,Urban,1.0
49493,County_49493,Wisconsin,1.0,Urban,1.0
8873,County_8873,Delaware,9.0,Rural,6.0
29907,County_29907,New Hampshire,3.0,Urban,3.0
29531,County_29531,New Hampshire,1.0,Urban,1.0
18877,County_18877,Louisiana,7.0,Rural,5.0
33499,County_33499,North Carolina,3.0,Urban,3.0
46953,County_46953,Virginia,4.0,Suburban/Small City,4.0
9011,County_9011,Florida,1.0,Urban,1.0
56781,County_56781,Other,5.0,Suburban/Small City,4.0
55825,County_55825,Other,8.0,Rural,6.0
20615,County_20615,Maryland,9.0,Rural,6.0
2551,County_2551,Alaska,6.0,Rural,5.0
29929,County_29929,New Hampshire,9.0,Rural,6.0
56995,County_56995,Other,1.0,Urban,1.0
50217,County_50217,Wyoming,9.0,Rural,6.0
2049,County_2049,Alaska,1.0,Urban,1.0
13967,County_13967,Illinois,5.0,Suburban/Small City,4.0
6541,County_6541,Colorado,7.0,Rural,5.0
23835,County_23835,Minnesota,2.0,Urban,2.0
55285,County_55285,Other,8.0,Rural,6.0
34827,County_34827,North Dakota,2.0,Urban,2.0
10707,County_10707,Georgia,2.0,Urban,2.0
17169,County_17169,Kentucky,4.0,Suburban/Small City,4.0
52865,County_52865,Other,1.0,Urban,1.0
39351,County_39351,Rhode Island,7.0,Rural,5.0
18303,County_18303,Louisiana,8.0,Rural,6.0
17295,County_17295,Kentucky,8.0,Rural,6.0
10093,County_10093,Georgia,5.0,Suburban/Small City,4.0
56065,County_56065,Other,8.0,Rural,6.0
38423,County_38423,Pennsylvania,3.0,Urban,3.0
24583,County_24583,Mississippi,6.0,Rural,5.0
2943,County_2943,Alaska,7.0,Rural,5.0
45781,County_45781,Vermont,9.0,Rural,6.0
46647,County_46647,Virginia,2.0,Urban,2.0
6839,County_6839,Colorado,9.0,Rural,6.0
33359,County_33359,North Carolina,9.0,Rural,6.0
28353,County_28353,Nevada,6.0,Rural,5.0
49025,County_49025,Wisconsin,6.0,Rural,5.0
42555,County_42555,Tennessee,4.0,Suburban/Small City,4.0
11317,County_11317,Hawaii,9.0,Rural,6.0
43205,County_43205,Texas,8.0,Rural,6.0
35537,County_35537,Ohio,1.0,Urban,1.0
41551,County_41551,South Dakota,9.0,Rural,6.0
12651,County_12651,Idaho,8.0,Rural,6.0
44365,County_44365,Utah,8.0,Rural,6.0
11667,County_11667,Hawaii,8.0,Rural,6.0
56307,County_56307,Other,4.0,Suburban/Small City,4.0
30635,County_30635,New Jersey,8.0,Rural,6.0
24449,County_24449,Mississippi,2.0,Urban,2.0
40255,County_40255,South Carolina,3.0,Urban,3.0
10859,County_10859,Georgia,3.0,Urban,3.0
19317,County_19317,Maine,3.0,Urban,3.0
15237,County_15237,Iowa,3.0,Urban,3.0
8505,County_8505,Delaware,8.0,Rural,6.0
52177,County_52177,Other,3.0,Urban,3.0
10423,County_10423,Georgia,2.0,Urban,2.0
22967,County_22967,Michigan,6.0,Rural,5.0
45125,County_45125,Vermont,9.0,Rural,6.0
1783,County_1783,Alabama,1.0,Urban,1.0
53437,County_53437,Other,4.0,Suburban/Small City,4.0
33677,County_33677,North Carolina,9.0,Rural,6.0
54303,County_54303,Other,5.0,Suburban/Small City,4.0
42309,County_42309,Tennessee,4.0,Suburban/Small City,4.0
32475,County_32475,New York,2.0,Urban,2.0
33347,County_33347,North Carolina,1.0,Urban,1.0
38153,County_38153,Pennsylvania,8.0,Rural,6.0
45423,County_45423,Vermont,7.0,Rural,5.0
20853,County_20853,Maryland,6.0,Rural,5.0
39991,County_39991,Rhode Island,7.0,Rural,5.0
26867,County_26867,Montana,5.0,Suburban/Small City,4.0
23037,County_23037,Minnesota,2.0,Urban,2.0
41955,County_41955,South Dakota,8.0,Rural,6.0
15547,County_15547,Iowa,2.0,Urban,2.0
48663,County_48663,West Virginia,8.0,Rural,6.0
7699,County_7699,Connecticut,6.0,Rural,5.0
35047,County_35047,Ohio,9.0,Rural,6.0
53167,County_53167,Other,2.0,Urban,2.0
24501,County_24501,Mississippi,9.0,Rural,6.0
16445,County_16445,Kansas,3.0,Urban,3.0
17235,County_17235,Kentucky,1.0,Urban,1.0
26127,County_26127,Montana,2.0,Urban,2.0
32745,County_32745,New York,9.0,Rural,6.0
50803,County_50803,Wyoming,3.0,Urban,3.0
27155,County_27155,Nebraska,2.0,Urban,2.0
32067,County_32067,New York,2.0,Urban,2.0
27651,County_27651,Nebraska,9.0,Rural,6.0
13815,County_13815,Illinois,4.0,Suburban/Small City,4.0
35163,County_35163,Ohio,4.0,Suburban/Small City,4.0
38629,County_38629,Pennsylvania,9.0,Rural,6.0
28299,County_28299,Nevada,1.0,Urban,1.0
40329,County_40329,South Carolina,5.0,Suburban/Small City,4.0
43701,County_43701,Texas,1.0,Urban,1.0
36125,County_36125,Oklahoma,9.0,Rural,6.0
22019,County_22019,Michigan,6.0,Rural,5.0
48577,County_48577,West Virginia,9.0,Rural,6.0
5617,County_5617,California,8.0,Rural,6.0
38271,County_38271,Pennsylvania,8.0,Rural,6.0
31881,County_31881,New Mexico,2.0,Urban,2.0
18631,County_18631,Louisiana,3.0,Urban,3.0
14543,County_14543,Indiana,9.0,Rural,6.0
8915,County_8915,Delaware,2.0,Urban,2.0
51941,County_51941,Other,3.0,Urban,3.0
48691,County_48691,West Virginia,7.0,Rural,5.0
14385,County_14385,Indiana,4.0,Suburban/Small City,4.0
54871,County_54871,Other,3.0,Urban,3.0
39763,County_39763,Rhode Island,3.0,Urban,3.0
40371,County_40371,South Carolina,9.0,Rural,6.0
42949,County_42949,Tennessee,2.0,Urban,2.0
29891,County_29891,New Hampshire,1.0,Urban,1.0
16039,County_16039,Kansas,7.0,Rural,5.0
3487,County_3487,Arizona,6.0,Rural,5.0
2029,County_2029,Alaska,1.0,Urban,1.0
35267,County_35267,Ohio,8.0,Rural,6.0
29041,County_29041,New Hampshire,7.0,Rural,5.0
28715,County_28715,Nevada,9.0,Rural,6.0
22767,County_22767,Michigan,6.0,Rural,5.0
39533,County_39533,Rhode Island,1.0,Urban,1.0
31395,County_31395,New Mexico,7.0,Rural,5.0
28973,County_28973,Nevada,4.0,Suburban/Small City,4.0
55255,County_55255,Other,2.0,Urban,2.0
34915,County_34915,North Dakota,8.0,Rural,6.0
13557,County_13557,Illinois,1.0,Urban,1.0
41843,County_41843,South Dakota,1.0,Urban,1.0
45923,County_45923,Vermont,3.0,Urban,3.0
9143,County_9143,Florida,5.0,Suburban/Small City,4.0
10457,County_10457,Georgia,6.0,Rural,5.0
46513,County_46513,Virginia,2.0,Urban,2.0
36771,County_36771,Oklahoma,8.0,Rural,6.0
27855,County_27855,Nebraska,2.0,Urban,2.0
39621,County_39621,Rhode Island,3.0,Urban,3.0
27479,County_27479,Nebraska,5.0,Suburban/Small City,4.0
33447,County_33447,North Carolina,3.0,Urban,3.0
34237,County_34237,North Dakota,8.0,Rural,6.0
31989,County_31989,New Mexico,7.0,Rural,5.0
11105,County_11105,Hawaii,7.0,Rural,5.0
33497,County_33497,North Carolina,9.0,Rural,6.0
40275,County_40275,South Carolina,7.0,Rural,5.0
47919,County_47919,Washington,5.0,Suburban/Small City,4.0
43711,County_43711,Texas,5.0,Suburban/Small City,4.0
3577,County_3577,Arizona,8.0,Rural,6.0
24971,County_24971,Mississippi,6.0,Rural,5.0
40065,County_40065,South Carolina,2.0,Urban,2.0
18239,County_18239,Louisiana,9.0,Rural,6.0
29107,County_29107,New Hampshire,2.0,Urban,2.0
27159,County_27159,Nebraska,2.0,Urban,2.0
24789,County_24789,Mississippi,8.0,Rural,6.0
5263,County_5263,California,6.0,Rural,5.0
15039,County_15039,Iowa,6.0,Rural,5.0
3057,County_3057,Arizona,8.0,Rural,6.0
33405,County_33405,North Carolina,9.0,Rural,6.0
45341,County_45341,Vermont,2.0,Urban,2.0
51799,County_51799,Other,3.0,Urban,3.0
52863,County_52863,Other,2.0,Urban,2.0
12887,County_12887,Idaho,5.0,Suburban/Small City,4.0
9197,County_9197,Florida,6.0,Rural,5.0
18243,County_18243,Louisiana,6.0,Rural,5.0
36461,County_36461,Oklahoma,7.0,Rural,5.0
2793,County_2793,Alaska,9.0,Rural,6.0
6177,County_6177,Colorado,3.0,Urban,3.0
48373,County_48373,West Virginia,3.0,Urban,3.0
33817,County_33817,North Carolina,2.0,Urban,2.0
4411,County_4411,Arkansas,6.0,Rural,5.0
40505,County_40505,South Carolina,2.0,Urban,2.0
21583,County_21583,Massachusetts,2.0,Urban,2.0
17549,County_17549,Kentucky,8.0,Rural,6.0
1343,County_1343,Alabama,8.0,Rural,6.0
33681,County_33681,North Carolina,3.0,Urban,3.0
22147,County_22147,Michigan,8.0,Rural,6.0
38871,County_38871,Pennsylvania,1.0,Urban,1.0
22577,County_22577,Michigan,6.0,Rural,5.0
17503,County_17503,Kentucky,9.0,Rural,6.0
19283,County_19283,Maine,5.0,Suburban/Small City,4.0
45415,County_45415,Vermont,7.0,Rural,5.0
18589,County_18589,Louisiana,5.0,Suburban/Small City,4.0
40107,County_40107,South Carolina,9.0,Rural,6.0
21561,County_21561,Massachusetts,2.0,Urban,2.0
49213,County_49213,Wisconsin,6.0,Rural,5.0
31087,County_31087,New Mexico,9.0,Rural,6.0
22311,County_22311,Michigan,6.0,Rural,5.0
19215,County_19215,Maine,1.0,Urban,1.0
28095,County_28095,Nevada,6.0,Rural,5.0
12853,County_12853,Idaho,8.0,Rural,6.0
18867,County_18867,Louisiana,7.0,Rural,5.0
26747,County_26747,Montana,3.0,Urban,3.0
29005,County_29005,New Hampshire,8.0,Rural,6.0
3053,County_3053,Arizona,9.0,Rural,6.0
34185,County_34185,North Dakota,7.0,Rural,5.0
10191,County_10191,Georgia,1.0,Urban,1.0
47545,County_47545,Washington,5.0,Suburban/Small City,4.0
21563,County_21563,Massachusetts,9.0,Rural,6.0
50609,County_50609,Wyoming,6.0,Rural,5.0
22037,County_22037,Michigan,5.0,Suburban/Small City,4.0
30899,County_30899,New Jersey,1.0,Urban,1.0
8977,County_8977,Delaware,6.0,Rural,5.0
5027,County_5027,California,4.0,Suburban/Small City,4.0
19353,County_19353,Maine,7.0,Rural,5.0
32753,County_32753,New York,7.0,Rural,5.0
42347,County_42347,Tennessee,9.0,Rural,6.0
31281,County_31281,New Mexico,8.0,Rural,6.0
35415,County_35415,Ohio,9.0,Rural,6.0
27849,County_27849,Nebraska,9.0,Rural,6.0
19517,County_19517,Maine,4.0,Suburban/Small City,4.0
4739,County_4739,Arkansas,6.0,Rural,5.0
52227,County_52227,Other,2.0,Urban,2.0
12797,County_12797,Idaho,2.0,Urban,2.0
10683,County_10683,Georgia,1.0,Urban,1.0
26859,County_26859,Montana,4.0,Suburban/Small City,4.0
23671,County_23671,Minnesota,3.0,Urban,3.0
33023,County_33023,North Carolina,8.0,Rural,6.0
15953,County_15953,Iowa,1.0,Urban,1.0
5857,County_5857,California,7.0,Rural,5.0
1273,County_1273,Alabama,9.0,Rural,6.0
15115,County_15115,Iowa,3.0,Urban,3.0
4045,County_4045,Arkansas,8.0,Rural,6.0
42779,County_42779,Tennessee,1.0,Urban,1.0
2563,County_2563,Alaska,2.0,Urban,2.0
26607,County_26607,Montana,8.0,Rural,6.0
19537,County_19537,Maine,3.0,Urban,3.0
33315,County_33315,North Carolina,4.0,Suburban/Small City,4.0
35629,County_35629,Ohio,9.0,Rural,6.0
51861,County_51861,Other,2.0,Urban,2.0
37731,County_37731,Oregon,9.0,Rural,6.0
2245,County_2245,Alaska,8.0,Rural,6.0
56633,County_56633,Other,5.0,Suburban/Small City,4.0
32857,County_32857,New York,1.0,Urban,1.0
23385,County_23385,Minnesota,2.0,Urban,2.0
36263,County_36263,Oklahoma,4.0,Suburban/Small City,4.0
27393,County_27393,Nebraska,8.0,Rural,6.0
9931,County_9931,Florida,4.0,Suburban/Small City,4.0
9015,County_9015,Florida,3.0,Urban,3.0
47291,County_47291,Washington,4.0,Suburban/Small City,4.0
1775,County_1775,Alabama,8.0,Rural,6.0
2383,County_2383,Alaska,3.0,Urban,3.0
15893,County_15893,Iowa,8.0,Rural,6.0
29425,County_29425,New Hampshire,6.0,Rural,5.0
37407,County_37407,Oregon,2.0,Urban,2.0
6947,County_6947,Colorado,8.0,Rural,6.0
48447,County_48447,West Virginia,8.0,Rural,6.0
11207,County_11207,Hawaii,3.0,Urban,3.0
42827,County_42827,Tennessee,2.0,Urban,2.0
45521,County_45521,Vermont,1.0,Urban,1.0
26529,County_26529,Montana,4.0,Suburban/Small City,4.0
28565,County_28565,Nevada,6.0,Rural,5.0
37325,County_37325,Oregon,5.0,Suburban/Small City,4.0
24367,County_24367,Mississippi,5.0,Suburban/Small City,4.0
9985,County_9985,Florida,2.0,Urban,2.0
9461,County_9461,Florida,6.0,Rural,5.0
50549,County_50549,Wyoming,4.0,Suburban/Small City,4.0
38229,County_38229,Pennsylvania,2.0,Urban,2.0
36715,County_36715,Oklahoma,6.0,Rural,5.0
43133,County_43133,Texas,7.0,Rural,5.0
56937,County_56937,Other,4.0,Suburban/Small City,4.0
56265,County_56265,Other,3.0,Urban,3.0
2205,County_2205,Alaska,1.0,Urban,1.0
34117,County_34117,North Dakota,2.0,Urban,2.0
54743,County_54743,Other,9.0,Rural,6.0
29063,County_29063,New Hampshire,1.0,Urban,1.0
49559,County_49559,Wisconsin,5.0,Suburban/Small City,4.0
46109,County_46109,Virginia,8.0,Rural,6.0
53795,County_53795,Other,6.0,Rural,5.0
8271,County_8271,Delaware,1.0,Urban,1.0
52063,County_52063,Other,9.0,Rural,6.0
28041,County_28041,Nevada,9.0,Rural,6.0
43681,County_43681,Texas,2.0,Urban,2.0
45315,County_45315,Vermont,2.0,Urban,2.0
52631,County_52631,Other,3.0,Urban,3.0
43665,County_43665,Texas,3.0,Urban,3.0
54469,County_54469,Other,8.0,Rural,6.0
56745,County_56745,Other,2.0,Urban,2.0
11253,County_11253,Hawaii,1.0,Urban,1.0
17845,County_17845,Kentucky,6.0,Rural,5.0
26905,County_26905,Montana,1.0,Urban,1.0
12535,County_12535,Idaho,8.0,Rural,6.0
30951,County_30951,New Jersey,8.0,Rural,6.0
45159,County_45159,Vermont,9.0,Rural,6.0
12061,County_12061,Idaho,8.0,Rural,6.0
11275,County_11275,Hawaii,7.0,Rural,5.0
52483,County_52483,Other,9.0,Rural,6.0
49411,County_49411,Wisconsin,6.0,Rural,5.0
53113,County_53113,Other,6.0,Rural,5.0
1537,County_1537,Alabama,3.0,Urban,3.0
47349,County_47349,Washington,3.0,Urban,3.0
26339,County_26339,Montana,6.0,Rural,5.0
24543,County_24543,Mississippi,8.0,Rural,6.0
34335,County_34335,North Dakota,8.0,Rural,6.0
1573,County_1573,Alabama,7.0,Rural,5.0
37333,County_37333,Oregon,2.0,Urban,2.0
46175,County_46175,Virginia,7.0,Rural,5.0
46461,County_46461,Virginia,3.0,Urban,3.0
15123,County_15123,Iowa,9.0,Rural,6.0
43745,County_43745,Texas,7.0,Rural,5.0
16347,County_16347,Kansas,1.0,Urban,1.0
38389,County_38389,Pennsylvania,2.0,Urban,2.0
11721,County_11721,Hawaii,8.0,Rural,6.0
34371,County_34371,North Dakota,9.0,Rural,6.0
41417,County_41417,South Dakota,4.0,Suburban/Small City,4.0
54919,County_54919,Other,1.0,Urban,1.0
8723,County_8723,Delaware,6.0,Rural,5.0
28345,County_28345,Nevada,7.0,Rural,5.0
4901,County_4901,Arkansas,8.0,Rural,6.0
12407,County_12407,Idaho,7.0,Rural,5.0
45997,County_45997,Vermont,9.0,Rural,6.0
42801,County_42801,Tennessee,2.0,Urban,2.0
52251,County_52251,Other,8.0,Rural,6.0
46017,County_46017,Virginia,9.0,Rural,6.0
51153,County_51153,Other,2.0,Urban,2.0
28365,County_28365,Nevada,9.0,Rural,6.0
48967,County_48967,West Virginia,4.0,Suburban/Small City,4.0
33825,County_33825,North Carolina,9.0,Rural,6.0
18593,County_18593,Louisiana,8.0,Rural,6.0
48545,County_48545,West Virginia,1.0,Urban,1.0
16371,County_16371,Kansas,2.0,Urban,2.0
49101,County_49101,Wisconsin,5.0,Suburban/Small City,4.0
19017,County_19017,Maine,1.0,Urban,1.0
31991,County_31991,New Mexico,6.0,Rural,5.0
46505,County_46505,Virginia,1.0,Urban,1.0
48679,County_48679,West Virginia,6.0,Rural,5.0
8215,County_8215,Delaware,1.0,Urban,1.0
51935,County_51935,Other,8.0,Rural,6.0
38045,County_38045,Pennsylvania,6.0,Rural,5.0
20073,County_20073,Maryland,3.0,Urban,3.0
31271,County_31271,New Mexico,1.0,Urban,1.0
23217,County_23217,Minnesota,9.0,Rural,6.0
22095,County_22095,Michigan,5.0,Suburban/Small City,4.0
30965,County_30965,New Jersey,9.0,Rural,6.0
1739,County_1739,Alabama,2.0,Urban,2.0
5381,County_5381,California,9.0,Rural,6.0
20423,County_20423,Maryland,9.0,Rural,6.0
18937,County_18937,Louisiana,8.0,Rural,6.0
22291,County_22291,Michigan,3.0,Urban,3.0
32277,County_32277,New York,1.0,Urban,1.0
46531,County_46531,Virginia,9.0,Rural,6.0
35273,County_35273,Ohio,8.0,Rural,6.0
20429,County_20429,Maryland,9.0,Rural,6.0
37343,County_37343,Oregon,2.0,Urban,2.0
33023,County_33023,North Carolina,5.0,Suburban/Small City,4.0
33281,County_33281,North Carolina,8.0,Rural,6.0
56407,County_56407,Other,9.0,Rural,6.0
1947,County_1947,Alabama,8.0,Rural,6.0
22995,County_22995,Michigan,8.0,Rural,6.0
43901,County_43901,Texas,6.0,Rural,5.0
56251,County_56251,Other,1.0,Urban,1.0
51809,County_51809,Other,2.0,Urban,2.0
45151,County_45151,Vermont,8.0,Rural,6.0
55955,County_55955,Other,9.0,Rural,6.0
46403,County_46403,Virginia,1.0,Urban,1.0
11313,County_11313,Hawaii,1.0,Urban,1.0
15545,County_15545,Iowa,9.0,Rural,6.0
21817,County_21817,Massachusetts,3.0,Urban,3.0
12787,County_12787,Idaho,7.0,Rural,5.0
6417,County_6417,Colorado,9.0,Rural,6.0
37295,County_37295,Oregon,9.0,Rural,6.0
54817,County_54817,Other,6.0,Rural,5.0
20495,County_20495,Maryland,1.0,Urban,1.0
24217,County_24217,Mississippi,9.0,Rural,6.0
33587,County_33587,North Carolina,9.0,Rural,6.0
55727,County_55727,Other,3.0,Urban,3.0
45541,County_45541,Vermont,2.0,Urban,2.0
16487,County_16487,Kansas,8.0,Rural,6.0
6379,County_6379,Colorado,4.0,Suburban/Small City,4.0
9821,County_9821,Florida,2.0,Urban,2.0
36395,County_36395,Oklahoma,6.0,Rural,5.0
36651,County_36651,Oklahoma,3.0,Urban,3.0
41493,County_41493,South Dakota,1.0,Urban,1.0
41335,County_41335,South Dakota,9.0,Rural,6.0
48335,County_48335,West Virginia,1.0,Urban,1.0
51779,County_51779,Other,9.0,Rural,6.0
26637,County_26637,Montana,1.0,Urban,1.0
14829,County_14829,Indiana,7.0,Rural,5.0
12795,County_12795,Idaho,2.0,Urban,2.0
41731,County_41731,South Dakota,1.0,Urban,1.0
19653,County_19653,Maine,7.0,Rural,5.0
14605,County_14605,Indiana,9.0,Rural,6.0
40219,County_40219,South Carolina,8.0,Rural,6.0
43505,County_43505,Texas,9.0,Rural,6.0
16249,County_16249,Kansas,3.0,Urban,3.0
10697,County_10697,Georgia,5.0,Suburban/Small City,4.0
36203,County_36203,Oklahoma,4.0,Suburban/Small City,4.0
52287,County_52287,Other,8.0,Rural,6.0
9211,County_9211,Florida,6.0,Rural,5.0
56419,County_56419,Other,4.0,Suburban/Small City,4.0
29057,County_29057,New Hampshire,5.0,Suburban/Small City,4.0
5517,County_5517,California,7.0,Rural,5.0
20851,County_20851,Maryland,9.0,Rural,6.0
11655,County_11655,Hawaii,3.0,Urban,3.0
17579,County_17579,Kentucky,8.0,Rural,6.0
11401,County_11401,Hawaii,5.0,Suburban/Small City,4.0
5719,County_5719,California,4.0,Suburban/Small City,4.0
48187,County_48187,West Virginia,9.0,Rural,6.0
30787,County_30787,New Jersey,3.0,Urban,3.0
26877,County_26877,Montana,1.0,Urban,1.0
17249,County_17249,Kentucky,8.0,Rural,6.0
5357,County_5357,California,4.0,Suburban/Small City,4.0
30585,County_30585,New Jersey,8.0,Rural,6.0
18197,County_18197,Louisiana,6.0,Rural,5.0
30419,County_30419,New Jersey,3.0,Urban,3.0
16383,County_16383,Kansas,1.0,Urban,1.0
43531,County_43531,Texas,8.0,Rural,6.0
54717,County_54717,Other,7.0,Rural,5.0
21923,County_21923,Massachusetts,8.0,Rural,6.0
31557,County_31557,New Mexico,6.0,Rural,5.0
13947,County_13947,Illinois,9.0,Rural,6.0
50715,County_50715,Wyoming,9.0,Rural,6.0
16421,County_16421,Kansas,4.0,Suburban/Small City,4.0
54317,County_54317,Other,6.0,Rural,5.0
11763,County_11763,Hawaii,8.0,Rural,6.0
50233,County_50233,Wyoming,1.0,Urban,1.0
56849,County_56849,Other,1.0,Urban,1.0
38561,County_38561,Pennsylvania,2.0,Urban,2.0
9543,County_9543,Florida,4.0,Suburban/Small City,4.0
13387,County_13387,Illinois,2.0,Urban,2.0
44031,County_44031,Utah,1.0,Urban,1.0
22515,County_22515,Michigan,8.0,Rural,6.0
5895,County_5895,California,1.0,Urban,1.0
47723,County_47723,Washington,3.0,Urban,3.0
16511,County_16511,Kansas,5.0,Suburban/Small City,4.0
52281,County_52281,Other,2.0,Urban,2.0
5149,County_5149,California,3.0,Urban,3.0
14179,County_14179,Indiana,6.0,Rural,5.0
19697,County_19697,Maine,8.0,Rural,6.0
54093,County_54093,Other,9.0,Rural,6.0
25199,County_25199,Missouri,1.0,Urban,1.0
19179,County_19179,Maine,5.0,Suburban/Small City,4.0
4653,County_4653,Arkansas,8.0,Rural,6.0
50273,County_50273,Wyoming,2.0,Urban,2.0
24739,County_24739,Mississippi,5.0,Suburban/Small City,4.0
27649,County_27649,Nebraska,2.0,Urban,2.0
16201,County_16201,Kansas,2.0,Urban,2.0
40373,County_40373,South Carolina,8.0,Rural,6.0
54629,County_54629,Other,3.0,Urban,3.0
35535,County_35535,Ohio,9.0,Rural,6.0
28739,County_28739,Nevada,5.0,Suburban/Small City,4.0
31913,County_31913,New Mexico,9.0,Rural,6.0
35009,County_35009,Ohio,1.0,Urban,1.0
47593,County_47593,Washington,6.0,Rural,5.0
12129,County_12129,Idaho,8.0,Rural,6.0
19885,County_19885,Maine,2.0,Urban,2.0
5575,County_5575,California,9.0,Rural,6.0
54701,County_54701,Other,7.0,Rural,5.0
40549,County_40549,South Carolina,1.0,Urban,1.0
2631,County_2631,Alaska,7.0,Rural,5.0
25529,County_25529,Missouri,2.0,Urban,2.0
37101,County_37101,Oregon,6.0,Rural,5.0
50967,County_50967,Wyoming,8.0,Rural,6.0
25241,County_25241,Missouri,7.0,Rural,5.0
20011,County_20011,Maryland,2.0,Urban,2.0
23655,County_23655,Minnesota,7.0,Rural,5.0
15363,County_15363,Iowa,8.0,Rural,6.0
27933,County_27933,Nebraska,7.0,Rural,5.0
21529,County_21529,Massachusetts,2.0,Urban,2.0
21039,County_21039,Massachusetts,2.0,Urban,2.0
13735,County_13735,Illinois,6.0,Rural,5.0
9969,County_9969,Florida,3.0,Urban,3.0
51597,County_51597,Other,2.0,Urban,2.0
15511,County_15511,Iowa,5.0,Suburban/Small City,4.0
8363,County_8363,Delaware,7.0,Rural,5.0
28939,County_28939,Nevada,1.0,Urban,1.0
39775,County_39775,Rhode Island,8.0,Rural,6.0
17621,County_17621,Kentucky,8.0,Rural,6.0
56423,County_56423,Other,7.0,Rural,5.0
46609,County_46609,Virginia,6.0,Rural,5.0
32561,County_32561,New York,7.0,Rural,5.0
9063,County_9063,Florida,5.0,Suburban/Small City,4.0
8535,County_8535,Delaware,1.0,Urban,1.0
44557,County_44557,Utah,6.0,Rural,5.0
56235,County_56235,Other,2.0,Urban,2.0
30947,County_30947,New Jersey,6.0,Rural,5.0
8671,County_8671,Delaware,6.0,Rural,5.0
11413,County_11413,Hawaii,9.0,Rural,6.0
3455,County_3455,Arizona,7.0,Rural,5.0
3857,County_3857,Arizona,2.0,Urban,2.0
12025,County_12025,Idaho,7.0,Rural,5.0
32651,County_32651,New York,8.0,Rural,6.0
20901,County_20901,Maryland,4.0,Suburban/Small City,4.0
6379,County_6379,Colorado,1.0,Urban,1.0
43467,County_43467,Texas,6.0,Rural,5.0
41793,County_41793,South Dakota,8.0,Rural,6.0
42693,County_42693,Tennessee,1.0,Urban,1.0
11265,County_11265,Hawaii,7.0,Rural,5.0
37609,County_37609,Oregon,7.0,Rural,5.0
19197,County_19197,Maine,5.0,Suburban/Small City,4.0
5681,County_5681,California,8.0,Rural,6.0
37265,County_37265,Oregon,7.0,Rural,5.0
27973,County_27973,Nebraska,3.0,Urban,3.0
56683,County_56683,Other,9.0,Rural,6.0
10131,County_10131,Georgia,1.0,Urban,1.0
26251,County_26251,Montana,2.0,Urban,2.0
18541,County_18541,Louisiana,1.0,Urban,1.0
23121,County_23121,Minnesota,9.0,Rural,6.0
8279,County_8279,Delaware,9.0,Rural,6.0
5401,County_5401,California,1.0,Urban,1.0
52347,County_52347,Other,6.0,Rural,5.0
17125,County_17125,Kentucky,5.0,Suburban/Small City,4.0
42929,County_42929,Tennessee,5.0,Suburban/Small City,4.0
16871,County_16871,Kansas,1.0,Urban,1.0
48417,County_48417,West Virginia,5.0,Suburban/Small City,4.0
7463,County_7463,Connecticut,6.0,Rural,5.0
36717,County_36717,Oklahoma,3.0,Urban,3.0
43411,County_43411,Texas,6.0,Rural,5.0
9517,County_9517,Florida,9.0,Rural,6.0
38809,County_38809,Pennsylvania,2.0,Urban,2.0
48439,County_48439,West Virginia,7.0,Rural,5.0
35007,County_35007,Ohio,7.0,Rural,5.0
53415,County_53415,Other,9.0,Rural,6.0
44497,County_44497,Utah,5.0,Suburban/Small City,4.0
50147,County_50147,Wyoming,4.0,Suburban/Small City,4.0
14145,County_14145,Indiana,3.0,Urban,3.0
22187,County_22187,Michigan,9.0,Rural,6.0
28605,County_28605,Nevada,1.0,Urban,1.0
40275,County_40275,South Carolina,6.0,Rural,5.0
48305,County_48305,West Virginia,5.0,Suburban/Small City,4.0
38939,County_38939,Pennsylvania,6.0,Rural,5.0
31765,County_31765,New Mexico,6.0,Rural,5.0
39775,County_39775,Rhode Island,9.0,Rural,6.0
34861,County_34861,North Dakota,1.0,Urban,1.0
50969,County_50969,Wyoming,2.0,Urban,2.0
48753,County_48753,West Virginia,9.0,Rural,6.0
4673,County_4673,Arkansas,7.0,Rural,5.0
25423,County_25423,Missouri,5.0,Suburban/Small City,4.0
55809,County_55809,Other,8.0,Rural,6.0
52057,County_52057,Other,8.0,Rural,6.0
14777,County_14777,Indiana,9.0,Rural,6.0
33617,County_33617,North Carolina,1.0,Urban,1.0
3255,County_3255,Arizona,3.0,Urban,3.0
50971,County_50971,Wyoming,5.0,Suburban/Small City,4.0
28683,County_28683,Nevada,2.0,Urban,2.0
34675,County_34675,North Dakota,9.0,Rural,6.0
37153,County_37153,Oregon,6.0,Rural,5.0
27497,County_27497,Nebraska,8.0,Rural,6.0
40623,County_40623,South Carolina,6.0,Rural,5.0
6829,County_6829,Colorado,5.0,Suburban/Small City,4.0
49647,County_49647,Wisconsin,3.0,Urban,3.0
24611,County_24611,Mississippi,2.0,Urban,2.0
17671,County_17671,Kentucky,9.0,Rural,6.0
25629,County_25629,Missouri,1.0,Urban,1.0
39483,County_39483,Rhode Island,4.0,Suburban/Small City,4.0
12259,County_12259,Idaho,1.0,Urban,1.0
6725,County_6725,Colorado,9.0,Rural,6.0
3177,County_3177,Arizona,9.0,Rural,6.0
25827,County_25827,Missouri,8.0,Rural,6.0
44123,County_44123,Utah,4.0,Suburban/Small City,4.0
28753,County_28753,Nevada,8.0,Rural,6.0
34943,County_34943,North Dakota,1.0,Urban,1.0
20057,County_20057,Maryland,9.0,Rural,6.0
54393,County_54393,Other,9.0,Rural,6.0
55315,County_55315,Other,8.0,Rural,6.0
53271,County_53271,Other,6.0,Rural,5.0
18827,County_18827,Louisiana,1.0,Urban,1.0
14099,County_14099,Indiana,7.0,Rural,5.0
13085,County_13085,Illinois,5.0,Suburban/Small City,4.0
40845,County_40845,South Carolina,8.0,Rural,6.0
1853,County_1853,Alabama,1.0,Urban,1.0
39249,County_39249,Rhode Island,7.0,Rural,5.0
49747,County_49747,Wisconsin,2.0,Urban,2.0
16669,County_16669,Kansas,7.0,Rural,5.0
53273,County_53273,Other,3.0,Urban,3.0
54503,County_54503,Other,8.0,Rural,6.0
21713,County_21713,Massachusetts,9.0,Rural,6.0
32157,County_32157,New York,6.0,Rural,5.0
41043,County_41043,South Dakota,4.0,Suburban/Small City,4.0
15569,County_15569,Iowa,9.0,Rural,6.0
33431,County_33431,North Carolina,9.0,Rural,6.0
23297,County_23297,Minnesota,1.0,Urban,1.0
19125,County_19125,Maine,6.0,Rural,5.0
20273,County_20273,Maryland,7.0,Rural,5.0
14697,County_14697,Indiana,8.0,Rural,6.0
18625,County_18625,Louisiana,2.0,Urban,2.0
21507,County_21507,Massachusetts,1.0,Urban,1.0
1235,County_1235,Alabama,6.0,Rural,5.0
21993,County_21993,Massachusetts,6.0,Rural,5.0
24581,County_24581,Mississippi,9.0,Rural,6.0
42315,County_42315,Tennessee,8.0,Rural,6.0
54525,County_54525,Other,8.0,Rural,6.0
13825,County_13825,Illinois,9.0,Rural,6.0
40317,County_40317,South Carolina,1.0,Urban,1.0
25325,County_25325,Missouri,6.0,Rural,5.0
53911,County_53911,Other,5.0,Suburban/Small City,4.0
19133,County_19133,Maine,5.0,Suburban/Small City,4.0
43571,County_43571,Texas,3.0,Urban,3.0
30259,County_30259,New Jersey,3.0,Urban,3.0
20063,County_20063,Maryland,3.0,Urban,3.0
33319,County_33319,North Carolina,4.0,Suburban/Small City,4.0
15327,County_15327,Iowa,2.0,Urban,2.0
35861,County_35861,Ohio,6.0,Rural,5.0
46465,County_46465,Virginia,1.0,Urban,1.0
5497,County_5497,California,9.0,Rural,6.0
37455,County_37455,Oregon,6.0,Rural,5.0
7223,County_7223,Connecticut,3.0,Urban,3.0
24321,County_24321,Mississippi,8.0,Rural,6.0
21713,County_21713,Massachusetts,6.0,Rural,5.0
37081,County_37081,Oregon,8.0,Rural,6.0
6615,County_6615,Colorado,8.0,Rural,6.0
23993,County_23993,Minnesota,9.0,Rural,6.0
25639,County_25639,Missouri,3.0,Urban,3.0
39727,County_39727,Rhode Island,3.0,Urban,3.0
56835,County_56835,Other,2.0,Urban,2.0
31311,County_31311,New Mexico,8.0,Rural,6.0
18331,County_18331,Louisiana,3.0,Urban,3.0
16975,County_16975,Kansas,2.0,Urban,2.0
10035,County_10035,Georgia,8.0,Rural,6.0
5541,County_5541,California,7.0,Rural,5.0
16985,County_16985,Kansas,8.0,Rural,6.0
53211,County_53211,Other,2.0,Urban,2.0
10593,County_10593,Georgia,8.0,Rural,6.0
11311,County_11311,Hawaii,8.0,Rural,6.0
21095,County_21095,Massachusetts,4.0,Suburban/Small City,4.0
56411,County_56411,Other,7.0,Rural,5.0
43541,County_43541,Texas,8.0,Rural,6.0
13531,County_13531,Illinois,7.0,Rural,5.0
40305,County_40305,South Carolina,7.0,Rural,5.0
33917,County_33917,North Carolina,5.0,Suburban/Small City,4.0
49763,County_49763,Wisconsin,2.0,Urban,2.0
33021,County_33021,North Carolina,9.0,Rural,6.0
52367,County_52367,Other,6.0,Rural,5.0
56521,County_56521,Other,9.0,Rural,6.0
45849,County_45849,Vermont,9.0,Rural,6.0
49377,County_49377,Wisconsin,6.0,Rural,5.0
21601,County_21601,Massachusetts,7.0,Rural,5.0
28161,County_28161,Nevada,8.0,Rural,6.0
31153,County_31153,New Mexico,9.0,Rural,6.0
11975,County_11975,Hawaii,3.0,Urban,3.0
34929,County_34929,North Dakota,4.0,Suburban/Small City,4.0
31631,County_31631,New Mexico,1.0,Urban,1.0
53453,County_53453,Other,1.0,Urban,1.0
39191,County_39191,Rhode Island,6.0,Rural,5.0
48883,County_48883,West Virginia,9.0,Rural,6.0
36751,County_36751,Oklahoma,1.0,Urban,1.0
13837,County_13837,Illinois,1.0,Urban,1.0
52927,County_52927,Other,2.0,Urban,2.0
7539,County_7539,Connecticut,9.0,Rural,6.0
14969,County_14969,Indiana,1.0,Urban,1.0
11895,County_11895,Hawaii,1.0,Urban,1.0
15973,County_15973,Iowa,3.0,Urban,3.0
56123,County_56123,Other,9.0,Rural,6.0
15909,County_15909,Iowa,2.0,Urban,2.0
20703,County_20703,Maryland,9.0,Rural,6.0
32763,County_32763,New York,3.0,Urban,3.0
28723,County_28723,Nevada,6.0,Rural,5.0
25309,County_25309,Missouri,8.0,Rural,6.0
49675,County_49675,Wisconsin,1.0,Urban,1.0
23917,County_23917,Minnesota,8.0,Rural,6.0
20985,County_20985,Maryland,1.0,Urban,1.0
49783,County_49783,Wisconsin,8.0,Rural,6.0
18083,County_18083,Louisiana,4.0,Suburban/Small City,4.0
36915,County_36915,Oklahoma,5.0,Suburban/Small City,4.0
29725,County_29725,New Hampshire,2.0,Urban,2.0
5597,County_5597,California,3.0,Urban,3.0
1331,County_1331,Alabama,2.0,Urban,2.0
36823,County_36823,Oklahoma,1.0,Urban,1.0
54451,County_54451,Other,8.0,Rural,6.0
12409,County_12409,Idaho,4.0,Suburban/Small City,4.0
46839,County_46839,Virginia,1.0,Urban,1.0
18775,County_18775,Louisiana,8.0,Rural,6.0
4093,County_4093,Arkansas,9.0,Rural,6.0
54529,County_54529,Other,8.0,Rural,6.0
35005,County_35005,Ohio,3.0,Urban,3.0
55159,County_55159,Other,7.0,Rural,5.0
9149,County_9149,Florida,5.0,Suburban/Small City,4.0
19659,County_19659,Maine,7.0,Rural,5.0
21609,County_21609,Massachusetts,8.0,Rural,6.0
11633,County_11633,Hawaii,4.0,Suburban/Small City,4.0
48869,County_48869,West Virginia,7.0,Rural,5.0
15563,County_15563,Iowa,5.0,Suburban/Small City,4.0
56957,County_56957,Other,7.0,Rural,5.0
2793,County_2793,Alaska,3.0,Urban,3.0
20735,County_20735,Maryland,9.0,Rural,6.0
30021,County_30021,New Jersey,9.0,Rural,6.0
39377,County_39377,Rhode Island,7.0,Rural,5.0
20785,County_20785,Maryland,8.0,Rural,6.0
29181,County_29181,New Hampshire,9.0,Rural,6.0
35053,County_35053,Ohio,9.0,Rural,6.0
37749,County_37749,Oregon,8.0,Rural,6.0
4063,County_4063,Arkansas,7.0,Rural,5.0
25163,County_25163,Missouri,8.0,Rural,6.0
9123,County_9123,Florida,8.0,Rural,6.0
43597,County_43597,Texas,8.0,Rural,6.0
50277,County_50277,Wyoming,1.0,Urban,1.0
52541,County_52541,Other,9.0,Rural,6.0
1867,County_1867,Alabama,1.0,Urban,1.0
24679,County_24679,Mississippi,8.0,Rural,6.0
4553,County_4553,Arkansas,8.0,Rural,6.0
56271,County_56271,Other,9.0,Rural,6.0
52917,County_52917,Other,8.0,Rural,6.0
41123,County_41123,South Dakota,8.0,Rural,6.0
22429,County_22429,Michigan,7.0,Rural,5.0
34353,County_34353,North Dakota,3.0,Urban,3.0
37389,County_37389,Oregon,8.0,Rural,6.0
11601,County_11601,Hawaii,2.0,Urban,2.0
13727,County_13727,Illinois,5.0,Suburban/Small City,4.0
36165,County_36165,Oklahoma,6.0,Rural,5.0
22283,County_22283,Michigan,5.0,Suburban/Small City,4.0
9483,County_9483,Florida,3.0,Urban,3.0
34361,County_34361,North Dakota,8.0,Rural,6.0
25111,County_25111,Missouri,9.0,Rural,6.0
48475,County_48475,West Virginia,4.0,Suburban/Small City,4.0
56073,County_56073,Other,3.0,Urban,3.0
30369,County_30369,New Jersey,7.0,Rural,5.0
49251,County_49251,Wisconsin,1.0,Urban,1.0
38855,County_38855,Pennsylvania,8.0,Rural,6.0
49607,County_49607,Wisconsin,9.0,Rural,6.0
45401,County_45401,Vermont,8.0,Rural,6.0
40205,County_40205,South Carolina,8.0,Rural,6.0
16449,County_16449,Kansas,2.0,Urban,2.0
28471,County_28471,Nevada,3.0,Urban,3.0
10817,County_10817,Georgia,2.0,Urban,2.0
33473,County_33473,North Carolina,6.0,Rural,5.0
7225,County_7225,Connecticut,8.0,Rural,6.0
53713,County_53713,Other,8.0,Rural,6.0
41211,County_41211,South Dakota,3.0,Urban,3.0
33959,County_33959,North Carolina,9.0,Rural,6.0
7405,County_7405,Connecticut,8.0,Rural,6.0
18633,County_18633,Louisiana,7.0,Rural,5.0
20033,County_20033,Maryland,1.0,Urban,1.0
25851,County_25851,Missouri,3.0,Urban,3.0
11779,County_11779,Hawaii,5.0,Suburban/Small City,4.0
11149,County_11149,Hawaii,7.0,Rural,5.0
5599,County_5599,California,1.0,Urban,1.0
42031,County_42031,Tennessee,1.0,Urban,1.0
52409,County_52409,Other,3.0,Urban,3.0
31981,County_31981,New Mexico,6.0,Rural,5.0
10129,County_10129,Georgia,1.0,Urban,1.0
40855,County_40855,South Carolina,5.0,Suburban/Small City,4.0
54385,County_54385,Other,1.0,Urban,1.0
52637,County_52637,Other,6.0,Rural,5.0
43001,County_43001,Texas,2.0,Urban,2.0
46573,County_46573,Virginia,8.0,Rural,6.0
4813,County_4813,Arkansas,8.0,Rural,6.0
51309,County_51309,Other,1.0,Urban,1.0
18351,County_18351,Louisiana,7.0,Rural,5.0
52403,County_52403,Other,7.0,Rural,5.0
43439,County_43439,Texas,9.0,Rural,6.0
28113,County_28113,Nevada,2.0,Urban,2.0
31469,County_31469,New Mexico,3.0,Urban,3.0
23479,County_23479,Minnesota,7.0,Rural,5.0
20345,County_20345,Maryland,3.0,Urban,3.0
27811,County_27811,Nebraska,4.0,Suburban/Small City,4.0
41939,County_41939,South Dakota,9.0,Rural,6.0
31255,County_31255,New Mexico,1.0,Urban,1.0
15311,County_15311,Iowa,9.0,Rural,6.0
2115,County_2115,Alaska,1.0,Urban,1.0
45483,County_45483,Vermont,2.0,Urban,2.0
11853,County_11853,Hawaii,6.0,Rural,5.0
4685,County_4685,Arkansas,8.0,Rural,6.0
15357,County_15357,Iowa,8.0,Rural,6.0
5241,County_5241,California,9.0,Rural,6.0
12863,County_12863,Idaho,1.0,Urban,1.0
12905,County_12905,Idaho,3.0,Urban,3.0
28281,County_28281,Nevada,8.0,Rural,6.0
34969,County_34969,North Dakota,1.0,Urban,1.0
4233,County_4233,Arkansas,4.0,Suburban/Small City,4.0
52809,County_52809,Other,2.0,Urban,2.0
52737,County_52737,Other,7.0,Rural,5.0
5911,County_5911,California,7.0,Rural,5.0
45099,County_45099,Vermont,9.0,Rural,6.0
8477,County_8477,Delaware,7.0,Rural,5.0
39805,County_39805,Rhode Island,1.0,Urban,1.0
17541,County_17541,Kentucky,9.0,Rural,6.0
53275,County_53275,Other,8.0,Rural,6.0
13485,County_13485,Illinois,2.0,Urban,2.0
16541,County_16541,Kansas,9.0,Rural,6.0
19907,County_19907,Maine,7.0,Rural,5.0
56521,County_56521,Other,3.0,Urban,3.0
38507,County_38507,Pennsylvania,8.0,Rural,6.0
11357,County_11357,Hawaii,8.0,Rural,6.0
48291,County_48291,West Virginia,1.0,Urban,1.0
24249,County_24249,Mississippi,9.0,Rural,6.0
51923,County_51923,Other,7.0,Rural,5.0
34563,County_34563,North Dakota,9.0,Rural,6.0
8587,County_8587,Delaware,2.0,Urban,2.0
44045,County_44045,Utah,9.0,Rural,6.0
45515,County_45515,Vermont,2.0,Urban,2.0
16219,County_16219,Kansas,6.0,Rural,5.0
40715,County_40715,South Carolina,5.0,Suburban/Small City,4.0
3537,County_3537,Arizona,1.0,Urban,1.0
35467,County_35467,Ohio,6.0,Rural,5.0
42503,County_42503,Tennessee,8.0,Rural,6.0
47369,County_47369,Washington,3.0,Urban,3.0
45367,County_45367,Vermont,1.0,Urban,1.0
13483,County_13483,Illinois,3.0,Urban,3.0
50613,County_50613,Wyoming,9.0,Rural,6.0
17269,County_17269,Kentucky,7.0,Rural,5.0
30549,County_30549,New Jersey,8.0,Rural,6.0
43417,County_43417,Texas,6.0,Rural,5.0
13553,County_13553,Illinois,9.0,Rural,6.0
14087,County_14087,Indiana,3.0,Urban,3.0
44237,County_44237,Utah,4.0,Suburban/Small City,4.0
17419,County_17419,Kentucky,6.0,Rural,5.0
42837,County_42837,Tennessee,9.0,Rural,6.0
11687,County_11687,Hawaii,1.0,Urban,1.0
22397,County_22397,Michigan,6.0,Rural,5.0
8879,County_8879,Delaware,2.0,Urban,2.0
17585,County_17585,Kentucky,3.0,Urban,3.0
28313,County_28313,Nevada,7.0,Rural,5.0
19443,County_19443,Maine,7.0,Rural,5.0
18601,County_18601,Louisiana,3.0,Urban,3.0
9961,County_9961,Florida,8.0,Rural,6.0
7911,County_7911,Connecticut,9.0,Rural,6.0
34825,County_34825,North Dakota,3.0,Urban,3.0
56233,County_56233,Other,3.0,Urban,3.0
31295,County_31295,New Mexico,7.0,Rural,5.0
11623,County_11623,Hawaii,8.0,Rural,6.0
35657,County_35657,Ohio,7.0,Rural,5.0
6351,County_6351,Colorado,4.0,Suburban/Small City,4.0
27065,County_27065,Nebraska,8.0,Rural,6.0
26317,County_26317,Montana,7.0,Rural,5.0
53155,County_53155,Other,6.0,Rural,5.0
27091,County_27091,Nebraska,3.0,Urban,3.0
4737,County_4737,Arkansas,8.0,Rural,6.0
47873,County_47873,Washington,9.0,Rural,6.0
9675,County_9675,Florida,8.0,Rural,6.0
43657,County_43657,Texas,6.0,Rural,5.0
50723,County_50723,Wyoming,9.0,Rural,6.0
54755,County_54755,Other,2.0,Urban,2.0
13671,County_13671,Illinois,5.0,Suburban/Small City,4.0
12505,County_12505,Idaho,6.0,Rural,5.0
18517,County_18517,Louisiana,9.0,Rural,6.0
53881,County_53881,Other,2.0,Urban,2.0
43815,County_43815,Texas,8.0,Rural,6.0
36431,County_36431,Oklahoma,6.0,Rural,5.0
34131,County_34131,North Dakota,2.0,Urban,2.0
52567,County_52567,Other,8.0,Rural,6.0
44097,County_44097,Utah,8.0,Rural,6.0
4551,County_4551,Arkansas,3.0,Urban,3.0
18619,County_18619,Louisiana,1.0,Urban,1.0
13309,County_13309,Illinois,8.0,Rural,6.0
23813,County_23813,Minnesota,9.0,Rural,6.0
13381,County_13381,Illinois,8.0,Rural,6.0
20611,County_20611,Maryland,2.0,Urban,2.0
7099,County_7099,Connecticut,9.0,Rural,6.0
52217,County_52217,Other,6.0,Rural,5.0
33055,County_33055,North Carolina,4.0,Suburban/Small City,4.0
24663,County_24663,Mississippi,8.0,Rural,6.0
27763,County_27763,Nebraska,8.0,Rural,6.0
24467,County_24467,Mississippi,8.0,Rural,6.0
24455,County_24455,Mississippi,2.0,Urban,2.0
49213,County_49213,Wisconsin,9.0,Rural,6.0
38153,County_38153,Pennsylvania,7.0,Rural,5.0
44323,County_44323,Utah,9.0,Rural,6.0
44673,County_44673,Utah,7.0,Rural,5.0
50373,County_50373,Wyoming,1.0,Urban,1.0
37059,County_37059,Oregon,7.0,Rural,5.0
27069,County_27069,Nebraska,9.0,Rural,6.0
51655,County_51655,Other,9.0,Rural,6.0
31433,County_31433,New Mexico,3.0,Urban,3.0
54769,County_54769,Other,5.0,Suburban/Small City,4.0
13061,County_13061,Illinois,1.0,Urban,1.0
4829,County_4829,Arkansas,5.0,Suburban/Small City,4.0
43577,County_43577,Texas,7.0,Rural,5.0
56181,County_56181,Other,2.0,Urban,2.0
23847,County_23847,Minnesota,6.0,Rural,5.0
19989,County_19989,Maine,2.0,Urban,2.0
13301,County_13301,Illinois,8.0,Rural,6.0
14765,County_14765,Indiana,3.0,Urban,3.0
46279,County_46279,Virginia,9.0,Rural,6.0
55335,County_55335,Other,9.0,Rural,6.0
2337,County_2337,Alaska,9.0,Rural,6.0
2783,County_2783,Alaska,1.0,Urban,1.0
41109,County_41109,South Dakota,8.0,Rural,6.0
26585,County_26585,Montana,2.0,Urban,2.0
16181,County_16181,Kansas,1.0,Urban,1.0
2567,County_2567,Alaska,4.0,Suburban/Small City,4.0
16487,County_16487,Kansas,3.0,Urban,3.0
20331,County_20331,Maryland,3.0,Urban,3.0
54981,County_54981,Other,8.0,Rural,6.0
11751,County_11751,Hawaii,3.0,Urban,3.0
44635,County_44635,Utah,3.0,Urban,3.0
35917,County_35917,Ohio,8.0,Rural,6.0
52067,County_52067,Other,6.0,Rural,5.0
3387,County_3387,Arizona,9.0,Rural,6.0
32903,County_32903,New York,8.0,Rural,6.0
1799,County_1799,Alabama,1.0,Urban,1.0
42679,County_42679,Tennessee,8.0,Rural,6.0
34921,County_34921,North Dakota,3.0,Urban,3.0
40953,County_40953,South Carolina,3.0,Urban,3.0
13419,County_13419,Illinois,7.0,Rural,5.0
56439,County_56439,Other,4.0,Suburban/Small City,4.0
44441,County_44441,Utah,3.0,Urban,3.0
33473,County_33473,North Carolina,8.0,Rural,6.0
47053,County_47053,Washington,3.0,Urban,3.0
36421,County_36421,Oklahoma,1.0,Urban,1.0
27847,County_27847,Nebraska,6.0,Rural,5.0
18427,County_18427,Louisiana,5.0,Suburban/Small City,4.0
52989,County_52989,Other,2.0,Urban,2.0
33665,County_33665,North Carolina,5.0,Suburban/Small City,4.0
55849,County_55849,Other,7.0,Rural,5.0
52205,County_52205,Other,6.0,Rural,5.0
38941,County_38941,Pennsylvania,2.0,Urban,2.0
36527,County_36527,Oklahoma,2.0,Urban,2.0
16497,County_16497,Kansas,2.0,Urban,2.0
48093,County_48093,West Virginia,4.0,Suburban/Small City,4.0
15887,County_15887,Iowa,5.0,Suburban/Small City,4.0
7069,County_7069,Connecticut,2.0,Urban,2.0
14183,County_14183,Indiana,4.0,Suburban/Small City,4.0
9667,County_9667,Florida,6.0,Rural,5.0
14851,County_14851,Indiana,9.0,Rural,6.0
10627,County_10627,Georgia,4.0,Suburban/Small City,4.0
14699,County_14699,Indiana,8.0,Rural,6.0
17317,County_17317,Kentucky,5.0,Suburban/Small City,4.0
31289,County_31289,New Mexico,3.0,Urban,3.0
49737,County_49737,Wisconsin,6.0,Rural,5.0
52931,County_52931,Other,4.0,Suburban/Small City,4.0
8237,County_8237,Delaware,7.0,Rural,5.0
11841,County_11841,Hawaii,3.0,Urban,3.0
21329,County_21329,Massachusetts,8.0,Rural,6.0
22473,County_22473,Michigan,3.0,Urban,3.0
40401,County_40401,South Carolina,3.0,Urban,3.0
21401,County_21401,Massachusetts,8.0,Rural,6.0
47431,County_47431,Washington,2.0,Urban,2.0
39851,County_39851,Rhode Island,5.0,Suburban/Small City,4.0
16755,County_16755,Kansas,8.0,Rural,6.0
27933,County_27933,Nebraska,5.0,Suburban/Small City,4.0
42805,County_42805,Tennessee,2.0,Urban,2.0
54033,County_54033,Other,9.0,Rural,6.0
31465,County_31465,New Mexico,5.0,Suburban/Small City,4.0
23669,County_23669,Minnesota,4.0,Suburban/Small City,4.0
25097,County_25097,Missouri,8.0,Rural,6.0
20955,County_20955,Maryland,4.0,Suburban/Small City,4.0
25431,County_25431,Missouri,1.0,Urban,1.0
13613,County_13613,Illinois,3.0,Urban,3.0
38613,County_38613,Pennsylvania,3.0,Urban,3.0
19033,County_19033,Maine,6.0,Rural,5.0
47049,County_47049,Washington,7.0,Rural,5.0
53369,County_53369,Other,8.0,Rural,6.0
25489,County_25489,Missouri,6.0,Rural,5.0
18767,County_18767,Louisiana,8.0,Rural,6.0
52723,County_52723,Other,1.0,Urban,1.0
30169,County_30169,New Jersey,8.0,Rural,6.0
51663,County_51663,Other,6.0,Rural,5.0
6135,County_6135,Colorado,7.0,Rural,5.0
13833,County_13833,Illinois,8.0,Rural,6.0
23381,County_23381,Minnesota,5.0,Suburban/Small City,4.0
18079,County_18079,Louisiana,3.0,Urban,3.0
35335,County_35335,Ohio,7.0,Rural,5.0
43105,County_43105,Texas,8.0,Rural,6.0
48969,County_48969,West Virginia,9.0,Rural,6.0
31041,County_31041,New Mexico,2.0,Urban,2.0
10197,County_10197,Georgia,3.0,Urban,3.0
15663,County_15663,Iowa,9.0,Rural,6.0
17773,County_17773,Kentucky,1.0,Urban,1.0
12941,County_12941,Idaho,5.0,Suburban/Small City,4.0
40847,County_40847,South Carolina,5.0,Suburban/Small City,4.0
20059,County_20059,Maryland,4.0,Suburban/Small City,4.0
16071,County_16071,Kansas,4.0,Suburban/Small City,4.0
22767,County_22767,Michigan,1.0,Urban,1.0
4055,County_4055,Arkansas,2.0,Urban,2.0
28519,County_28519,Nevada,4.0,Suburban/Small City,4.0
55629,County_55629,Other,1.0,Urban,1.0
54801,County_54801,Other,8.0,Rural,6.0
26223,County_26223,Montana,2.0,Urban,2.0
28493,County_28493,Nevada,9.0,Rural,6.0
46881,County_46881,Virginia,9.0,Rural,6.0
20497,County_20497,Maryland,8.0,Rural,6.0
38733,County_38733,Pennsylvania,1.0,Urban,1.0
19497,County_19497,Maine,3.0,Urban,3.0
42225,County_42225,Tennessee,4.0,Suburban/Small City,4.0
38271,County_38271,Pennsylvania,7.0,Rural,5.0
53187,County_53187,Other,8.0,Rural,6.0
3345,County_3345,Arizona,8.0,Rural,6.0
54983,County_54983,Other,5.0,Suburban/Small City,4.0
36385,County_36385,Oklahoma,8.0,Rural,6.0
6983,County_6983,Colorado,5.0,Suburban/Small City,4.0
49799,County_49799,Wisconsin,1.0,Urban,1.0
5439,County_5439,California,3.0,Urban,3.0
55503,County_55503,Other,4.0,Suburban/Small City,4.0
42723,County_42723,Tennessee,5.0,Suburban/Small City,4.0
47949,County_47949,Washington,8.0,Rural,6.0
54637,County_54637,Other,2.0,Urban,2.0
31311,County_31311,New Mexico,1.0,Urban,1.0
21229,County_21229,Massachusetts,6.0,Rural,5.0
42033,County_42033,Tennessee,9.0,Rural,6.0
53803,County_53803,Other,1.0,Urban,1.0
12839,County_12839,Idaho,1.0,Urban,1.0
16695,County_16695,Kansas,9.0,Rural,6.0
5353,County_5353,California,2.0,Urban,2.0
49135,County_49135,Wisconsin,1.0,Urban,1.0
45375,County_45375,Vermont,6.0,Rural,5.0
32691,County_32691,New York,2.0,Urban,2.0
7897,County_7897,Connecticut,9.0,Rural,6.0
14269,County_14269,Indiana,8.0,Rural,6.0
2851,County_2851,Alaska,9.0,Rural,6.0
37753,County_37753,Oregon,9.0,Rural,6.0
10573,County_10573,Georgia,6.0,Rural,5.0
15133,County_15133,Iowa,6.0,Rural,5.0
38515,County_38515,Pennsylvania,4.0,Suburban/Small City,4.0
48549,County_48549,West Virginia,2.0,Urban,2.0
28139,County_28139,Nevada,4.0,Suburban/Small City,4.0
34855,County_34855,North Dakota,5.0,Suburban/Small City,4.0
20667,County_20667,Maryland,4.0,Suburban/Small City,4.0
18971,County_18971,Louisiana,3.0,Urban,3.0
55629,County_55629,Other,8.0,Rural,6.0
31737,County_31737,New Mexico,1.0,Urban,1.0
56481,County_56481,Other,1.0,Urban,1.0
20253,County_20253,Maryland,5.0,Suburban/Small City,4.0
21735,County_21735,Massachusetts,1.0,Urban,1.0
11473,County_11473,Hawaii,5.0,Suburban/Small City,4.0
12959,County_12959,Idaho,2.0,Urban,2.0
9833,County_9833,Florida,5.0,Suburban/Small City,4.0
4653,County_4653,Arkansas,3.0,Urban,3.0
44093,County_44093,Utah,7.0,Rural,5.0
54755,County_54755,Other,8.0,Rural,6.0
45751,County_45751,Vermont,7.0,Rural,5.0
40193,County_40193,South Carolina,7.0,Rural,5.0
55063,County_55063,Other,4.0,Suburban/Small City,4.0
32081,County_32081,New York,7.0,Rural,5.0
35015,County_35015,Ohio,5.0,Suburban/Small City,4.0
51403,County_51403,Other,6.0,Rural,5.0
13767,County_13767,Illinois,2.0,Urban,2.0
44139,County_44139,Utah,5.0,Suburban/Small City,4.0
49175,County_49175,Wisconsin,1.0,Urban,1.0
18859,County_18859,Louisiana,8.0,Rural,6.0
46817,County_46817,Virginia,9.0,Rural,6.0
39109,County_39109,Rhode Island,7.0,Rural,5.0
25789,County_25789,Missouri,2.0,Urban,2.0
10975,County_10975,Georgia,4.0,Suburban/Small City,4.0
53733,County_53733,Other,6.0,Rural,5.0
11091,County_11091,Hawaii,8.0,Rural,6.0
27391,County_27391,Nebraska,5.0,Suburban/Small City,4.0
4395,County_4395,Arkansas,7.0,Rural,5.0
44687,County_44687,Utah,5.0,Suburban/Small City,4.0
37845,County_37845,Oregon,5.0,Suburban/Small City,4.0
50839,County_50839,Wyoming,3.0,Urban,3.0
5829,County_5829,California,5.0,Suburban/Small City,4.0
22797,County_22797,Michigan,8.0,Rural,6.0
43529,County_43529,Texas,6.0,Rural,5.0
30025,County_30025,New Jersey,2.0,Urban,2.0
51981,County_51981,Other,8.0,Rural,6.0
31341,County_31341,New Mexico,9.0,Rural,6.0
17543,County_17543,Kentucky,5.0,Suburban/Small City,4.0
47159,County_47159,Washington,7.0,Rural,5.0
22889,County_22889,Michigan,9.0,Rural,6.0
13403,County_13403,Illinois,9.0,Rural,6.0
30695,County_30695,New Jersey,8.0,Rural,6.0
16393,County_16393,Kansas,7.0,Rural,5.0
32857,County_32857,New York,6.0,Rural,5.0
50431,County_50431,Wyoming,6.0,Rural,5.0
19767,County_19767,Maine,1.0,Urban,1.0
23117,County_23117,Minnesota,2.0,Urban,2.0
2549,County_2549,Alaska,9.0,Rural,6.0
37179,County_37179,Oregon,9.0,Rural,6.0
46599,County_46599,Virginia,8.0,Rural,6.0
36489,County_36489,Oklahoma,6.0,Rural,5.0
20549,County_20549,Maryland,8.0,Rural,6.0
1033,County_1033,Alabama,8.0,Rural,6.0
56471,County_56471,Other,4.0,Suburban/Small City,4.0
3407,County_3407,Arizona,8.0,Rural,6.0
18467,County_18467,Louisiana,7.0,Rural,5.0
15487,County_15487,Iowa,3.0,Urban,3.0
13643,County_13643,Illinois,9.0,Rural,6.0
24709,County_24709,Mississippi,1.0,Urban,1.0
11983,County_11983,Hawaii,6.0,Rural,5.0
19805,County_19805,Maine,9.0,Rural,6.0
39169,County_39169,Rhode Island,8.0,Rural,6.0
20315,County_20315,Maryland,5.0,Suburban/Small City,4.0
35785,County_35785,Ohio,6.0,Rural,5.0
34859,County_34859,North Dakota,2.0,Urban,2.0
14461,County_14461,Indiana,2.0,Urban,2.0
5583,County_5583,California,9.0,Rural,6.0
11485,County_11485,Hawaii,4.0,Suburban/Small City,4.0
54463,County_54463,Other,6.0,Rural,5.0
4017,County_4017,Arkansas,6.0,Rural,5.0
43481,County_43481,Texas,2.0,Urban,2.0
28645,County_28645,Nevada,3.0,Urban,3.0
37317,County_37317,Oregon,8.0,Rural,6.0
55783,County_55783,Other,7.0,Rural,5.0
28339,County_28339,Nevada,7.0,Rural,5.0
33573,County_33573,North Carolina,2.0,Urban,2.0
22855,County_22855,Michigan,6.0,Rural,5.0
32419,County_32419,New York,8.0,Rural,6.0
16865,County_16865,Kansas,3.0,Urban,3.0
50077,County_50077,Wyoming,8.0,Rural,6.0
1775,County_1775,Alabama,4.0,Suburban/Small City,4.0
54283,County_54283,Other,9.0,Rural,6.0
15005,County_15005,Iowa,7.0,Rural,5.0
13337,County_13337,Illinois,8.0,Rural,6.0
19329,County_19329,Maine,7.0,Rural,5.0
47577,County_47577,Washington,2.0,Urban,2.0
43653,County_43653,Texas,9.0,Rural,6.0
25665,County_25665,Missouri,5.0,Suburban/Small City,4.0
35447,County_35447,Ohio,8.0,Rural,6.0
19917,County_19917,Maine,1.0,Urban,1.0
28493,County_28493,Nevada,2.0,Urban,2.0
22795,County_22795,Michigan,5.0,Suburban/Small City,4.0
31145,County_31145,New Mexico,1.0,Urban,1.0
55823,County_55823,Other,9.0,Rural,6.0
40207,County_40207,South Carolina,6.0,Rural,5.0
4593,County_4593,Arkansas,8.0,Rural,6.0
50063,County_50063,Wyoming,9.0,Rural,6.0
35607,County_35607,Ohio,6.0,Rural,5.0
5927,County_5927,California,1.0,Urban,1.0
55247,County_55247,Other,9.0,Rural,6.0
53129,County_53129,Other,8.0,Rural,6.0
10865,County_10865,Georgia,4.0,Suburban/Small City,4.0
6387,County_6387,Colorado,7.0,Rural,5.0
18201,County_18201,Louisiana,2.0,Urban,2.0
15457,County_15457,Iowa,1.0,Urban,1.0
39649,County_39649,Rhode Island,9.0,Rural,6.0
34811,County_34811,North Dakota,1.0,Urban,1.0
36973,County_36973,Oklahoma,3.0,Urban,3.0
29453,County_29453,New Hampshire,7.0,Rural,5.0
52011,County_52011,Other,7.0,Rural,5.0
8109,County_8109,Delaware,2.0,Urban,2.0
10391,County_10391,Georgia,9.0,Rural,6.0
17071,County_17071,Kentucky,8.0,Rural,6.0
38021,County_38021,Pennsylvania,4.0,Suburban/Small City,4.0
48821,County_48821,West Virginia,8.0,Rural,6.0
49047,County_49047,Wisconsin,6.0,Rural,5.0
19313,County_19313,Maine,2.0,Urban,2.0
22881,County_22881,Michigan,5.0,Suburban/Small City,4.0
46921,County_46921,Virginia,1.0,Urban,1.0
55011,County_55011,Other,8.0,Rural,6.0
29637,County_29637,New Hampshire,5.0,Suburban/Small City,4.0
33273,County_33273,North Carolina,6.0,Rural,5.0
37741,County_37741,Oregon,2.0,Urban,2.0
49701,County_49701,Wisconsin,2.0,Urban,2.0
38671,County_38671,Pennsylvania,1.0,Urban,1.0
24555,County_24555,Mississippi,3.0,Urban,3.0
21335,County_21335,Massachusetts,2.0,Urban,2.0
39419,County_39419,Rhode Island,4.0,Suburban/Small City,4.0
28453,County_28453,Nevada,7.0,Rural,5.0
49459,County_49459,Wisconsin,9.0,Rural,6.0
16463,County_16463,Kansas,9.0,Rural,6.0
21377,County_21377,Massachusetts,7.0,Rural,5.0
50141,County_50141,Wyoming,4.0,Suburban/Small City,4.0
7817,County_7817,Connecticut,9.0,Rural,6.0
52023,County_52023,Other,7.0,Rural,5.0
6709,County_6709,Colorado,1.0,Urban,1.0
13059,County_13059,Illinois,5.0,Suburban/Small City,4.0
32563,County_32563,New York,8.0,Rural,6.0
4007,County_4007,Arkansas,6.0,Rural,5.0
34075,County_34075,North Dakota,9.0,Rural,6.0
14347,County_14347,Indiana,1.0,Urban,1.0
23311,County_23311,Minnesota,6.0,Rural,5.0
49489,County_49489,Wisconsin,8.0,Rural,6.0
40565,County_40565,South Carolina,1.0,Urban,1.0
26829,County_26829,Montana,9.0,Rural,6.0
34073,County_34073,North Dakota,9.0,Rural,6.0
15029,County_15029,Iowa,5.0,Suburban/Small City,4.0
54275,County_54275,Other,3.0,Urban,3.0
33243,County_33243,North Carolina,5.0,Suburban/Small City,4.0
49599,County_49599,Wisconsin,9.0,Rural,6.0
28509,County_28509,Nevada,3.0,Urban,3.0
2687,County_2687,Alaska,6.0,Rural,5.0
41091,County_41091,South Dakota,7.0,Rural,5.0
42307,County_42307,Tennessee,2.0,Urban,2.0
25727,County_25727,Missouri,9.0,Rural,6.0
19657,County_19657,Maine,1.0,Urban,1.0
46093,County_46093,Virginia,1.0,Urban,1.0
44775,County_44775,Utah,2.0,Urban,2.0
48945,County_48945,West Virginia,8.0,Rural,6.0
22907,County_22907,Michigan,9.0,Rural,6.0
11379,County_11379,Hawaii,1.0,Urban,1.0
6789,County_6789,Colorado,8.0,Rural,6.0
27819,County_27819,Nebraska,8.0,Rural,6.0
37973,County_37973,Oregon,8.0,Rural,6.0
8293,County_8293,Delaware,2.0,Urban,2.0
47811,County_47811,Washington,9.0,Rural,6.0
32357,County_32357,New York,6.0,Rural,5.0
31431,County_31431,New Mexico,7.0,Rural,5.0
38863,County_38863,Pennsylvania,4.0,Suburban/Small City,4.0
13381,County_13381,Illinois,8.0,Rural,6.0
30603,County_30603,New Jersey,8.0,Rural,6.0
35987,County_35987,Ohio,3.0,Urban,3.0
52791,County_52791,Other,7.0,Rural,5.0
54691,County_54691,Other,7.0,Rural,5.0
13109,County_13109,Illinois,1.0,Urban,1.0
37315,County_37315,Oregon,4.0,Suburban/Small City,4.0
3841,County_3841,Arizona,1.0,Urban,1.0
36893,County_36893,Oklahoma,3.0,Urban,3.0
39579,County_39579,Rhode Island,4.0,Suburban/Small City,4.0
10405,County_10405,Georgia,4.0,Suburban/Small City,4.0
55535,County_55535,Other,9.0,Rural,6.0
27281,County_27281,Nebraska,1.0,Urban,1.0
22659,County_22659,Michigan,6.0,Rural,5.0
37083,County_37083,Oregon,8.0,Rural,6.0
55391,County_55391,Other,9.0,Rural,6.0
6221,County_6221,Colorado,4.0,Suburban/Small City,4.0
24831,County_24831,Mississippi,6.0,Rural,5.0
42387,County_42387,Tennessee,1.0,Urban,1.0
2037,County_2037,Alaska,9.0,Rural,6.0
18393,County_18393,Louisiana,2.0,Urban,2.0
40081,County_40081,South Carolina,9.0,Rural,6.0
52237,County_52237,Other,2.0,Urban,2.0
28485,County_28485,Nevada,1.0,Urban,1.0
22179,County_22179,Michigan,9.0,Rural,6.0
1993,County_1993,Alabama,9.0,Rural,6.0
19447,County_19447,Maine,9.0,Rural,6.0
6231,County_6231,Colorado,1.0,Urban,1.0
55607,County_55607,Other,1.0,Urban,1.0
23165,County_23165,Minnesota,3.0,Urban,3.0
35439,County_35439,Ohio,3.0,Urban,3.0
30525,County_30525,New Jersey,6.0,Rural,5.0
40237,County_40237,South Carolina,9.0,Rural,6.0
7069,County_7069,Connecticut,4.0,Suburban/Small City,4.0
32523,County_32523,New York,5.0,Suburban/Small City,4.0
34845,County_34845,North Dakota,1.0,Urban,1.0
43575,County_43575,Texas,9.0,Rural,6.0
19225,County_19225,Maine,8.0,Rural,6.0
38085,County_38085,Pennsylvania,3.0,Urban,3.0
47253,County_47253,Washington,8.0,Rural,6.0
24873,County_24873,Mississippi,9.0,Rural,6.0
6659,County_6659,Colorado,6.0,Rural,5.0
17945,County_17945,Kentucky,3.0,Urban,3.0
20617,County_20617,Maryland,6.0,Rural,5.0
16331,County_16331,Kansas,1.0,Urban,1.0
36699,County_36699,Oklahoma,9.0,Rural,6.0
53177,County_53177,Other,2.0,Urban,2.0
16725,County_16725,Kansas,1.0,Urban,1.0
49481,County_49481,Wisconsin,3.0,Urban,3.0
40967,County_40967,South Carolina,7.0,Rural,5.0
36821,County_36821,Oklahoma,6.0,Rural,5.0
39549,County_39549,Rhode Island,1.0,Urban,1.0
49071,County_49071,Wisconsin,1.0,Urban,1.0
56017,County_56017,Other,8.0,Rural,6.0
28229,County_28229,Nevada,7.0,Rural,5.0
37171,County_37171,Oregon,6.0,Rural,5.0
28689,County_28689,Nevada,1.0,Urban,1.0
1601,County_1601,Alabama,2.0,Urban,2.0
54119,County_54119,Other,6.0,Rural,5.0
48263,County_48263,West Virginia,3.0,Urban,3.0
4971,County_4971,Arkansas,9.0,Rural,6.0
55829,County_55829,Other,1.0,Urban,1.0
16059,County_16059,Kansas,7.0,Rural,5.0
1923,County_1923,Alabama,6.0,Rural,5.0
8499,County_8499,Delaware,9.0,Rural,6.0
17221,County_17221,Kentucky,8.0,Rural,6.0
32187,County_32187,New York,4.0,Suburban/Small City,4.0
53091,County_53091,Other,8.0,Rural,6.0
12077,County_12077,Idaho,1.0,Urban,1.0
56241,County_56241,Other,6.0,Rural,5.0
46479,County_46479,Virginia,9.0,Rural,6.0
17077,County_17077,Kentucky,6.0,Rural,5.0
42407,County_42407,Tennessee,9.0,Rural,6.0
21007,County_21007,Massachusetts,3.0,Urban,3.0
13927,County_13927,Illinois,1.0,Urban,1.0
27053,County_27053,Nebraska,4.0,Suburban/Small City,4.0
40507,County_40507,South Carolina,6.0,Rural,5.0
46515,County_46515,Virginia,2.0,Urban,2.0
17155,County_17155,Kentucky,5.0,Suburban/Small City,4.0
6051,County_6051,Colorado,8.0,Rural,6.0
46491,County_46491,Virginia,3.0,Urban,3.0
50037,County_50037,Wyoming,8.0,Rural,6.0
6407,County_6407,Colorado,2.0,Urban,2.0
17339,County_17339,Kentucky,2.0,Urban,2.0
19067,County_19067,Maine,2.0,Urban,2.0
18147,County_18147,Louisiana,6.0,Rural,5.0
44821,County_44821,Utah,7.0,Rural,5.0
21099,County_21099,Massachusetts,3.0,Urban,3.0
51275,County_51275,Other,7.0,Rural,5.0
24481,County_24481,Mississippi,3.0,Urban,3.0
47681,County_47681,Washington,7.0,Rural,5.0
1339,County_1339,Alabama,3.0,Urban,3.0
20285,County_20285,Maryland,4.0,Suburban/Small City,4.0
28213,County_28213,Nevada,4.0,Suburban/Small City,4.0
56569,County_56569,Other,1.0,Urban,1.0
50957,County_50957,Wyoming,8.0,Rural,6.0
21091,County_21091,Massachusetts,9.0,Rural,6.0
42377,County_42377,Tennessee,9.0,Rural,6.0
16741,County_16741,Kansas,9.0,Rural,6.0
31773,County_31773,New Mexico,6.0,Rural,5.0
49093,County_49093,Wisconsin,4.0,Suburban/Small City,4.0
20717,County_20717,Maryland,9.0,Rural,6.0
47859,County_47859,Washington,7.0,Rural,5.0
10299,County_10299,Georgia,6.0,Rural,5.0
52585,County_52585,Other,8.0,Rural,6.0
18315,County_18315,Louisiana,2.0,Urban,2.0
18027,County_18027,Louisiana,9.0,Rural,6.0
7463,County_7463,Connecticut,7.0,Rural,5.0
21935,County_21935,Massachusetts,7.0,Rural,5.0
49085,County_49085,Wisconsin,3.0,Urban,3.0
47051,County_47051,Washington,1.0,Urban,1.0
8917,County_8917,Delaware,8.0,Rural,6.0
30901,County_30901,New Jersey,8.0,Rural,6.0
23275,County_23275,Minnesota,1.0,Urban,1.0
41895,County_41895,South Dakota,8.0,Rural,6.0
7303,County_7303,Connecticut,5.0,Suburban/Small City,4.0
41249,County_41249,South Dakota,2.0,Urban,2.0
32057,County_32057,New York,4.0,Suburban/Small City,4.0
33947,County_33947,North Carolina,4.0,Suburban/Small City,4.0
5983,County_5983,California,4.0,Suburban/Small City,4.0
35009,County_35009,Ohio,2.0,Urban,2.0
4199,County_4199,Arkansas,6.0,Rural,5.0
21571,County_21571,Massachusetts,8.0,Rural,6.0
36031,County_36031,Oklahoma,1.0,Urban,1.0
3963,County_3963,Arizona,6.0,Rural,5.0
10863,County_10863,Georgia,4.0,Suburban/Small City,4.0
53649,County_53649,Other,2.0,Urban,2.0
17717,County_17717,Kentucky,4.0,Suburban/Small City,4.0
10437,County_10437,Georgia,8.0,Rural,6.0
3591,County_3591,Arizona,8.0,Rural,6.0
48499,County_48499,West Virginia,8.0,Rural,6.0
26143,County_26143,Montana,8.0,Rural,6.0
32415,County_32415,New York,6.0,Rural,5.0
55371,County_55371,Other,1.0,Urban,1.0
29783,County_29783,New Hampshire,8.0,Rural,6.0
16539,County_16539,Kansas,4.0,Suburban/Small City,4.0
7075,County_7075,Connecticut,8.0,Rural,6.0
18587,County_18587,Louisiana,2.0,Urban,2.0
12479,County_12479,Idaho,6.0,Rural,5.0
37245,County_37245,Oregon,8.0,Rural,6.0
32309,County_32309,New York,1.0,Urban,1.0
51543,County_51543,Other,2.0,Urban,2.0
50533,County_50533,Wyoming,1.0,Urban,1.0
47217,County_47217,Washington,8.0,Rural,6.0
39441,County_39441,Rhode Island,1.0,Urban,1.0
49261,County_49261,Wisconsin,8.0,Rural,6.0
9903,County_9903,Florida,6.0,Rural,5.0
40893,County_40893,South Carolina,2.0,Urban,2.0
5657,County_5657,California,8.0,Rural,6.0
6561,County_6561,Colorado,3.0,Urban,3.0
10135,County_10135,Georgia,6.0,Rural,5.0
36067,County_36067,Oklahoma,6.0,Rural,5.0
17969,County_17969,Kentucky,8.0,Rural,6.0
11717,County_11717,Hawaii,6.0,Rural,5.0
20641,County_20641,Maryland,6.0,Rural,5.0
54629,County_54629,Other,2.0,Urban,2.0
20447,County_20447,Maryland,2.0,Urban,2.0
43583,County_43583,Texas,2.0,Urban,2.0
24845,County_24845,Mississippi,8.0,Rural,6.0
6519,County_6519,Colorado,8.0,Rural,6.0
26629,County_26629,Montana,8.0,Rural,6.0
34933,County_34933,North Dakota,5.0,Suburban/Small City,4.0
6049,County_6049,Colorado,1.0,Urban,1.0
40855,County_40855,South Carolina,2.0,Urban,2.0
39263,County_39263,Rhode Island,6.0,Rural,5.0
7965,County_7965,Connecticut,2.0,Urban,2.0
52973,County_52973,Other,9.0,Rural,6.0
3427,County_3427,Arizona,2.0,Urban,2.0
13369,County_13369,Illinois,2.0,Urban,2.0
49557,County_49557,Wisconsin,1.0,Urban,1.0
10967,County_10967,Georgia,6.0,Rural,5.0
35749,County_35749,Ohio,1.0,Urban,1.0
52395,County_52395,Other,3.0,Urban,3.0
43875,County_43875,Texas,2.0,Urban,2.0
7343,County_7343,Connecticut,6.0,Rural,5.0
37527,County_37527,Oregon,8.0,Rural,6.0
17889,County_17889,Kentucky,3.0,Urban,3.0
31799,County_31799,New Mexico,8.0,Rural,6.0
7597,County_7597,Connecticut,6.0,Rural,5.0
51317,County_51317,Other,9.0,Rural,6.0
1051,County_1051,Alabama,2.0,Urban,2.0
22727,County_22727,Michigan,3.0,Urban,3.0
23039,County_23039,Minnesota,6.0,Rural,5.0
30977,County_30977,New Jersey,3.0,Urban,3.0
1057,County_1057,Alabama,4.0,Suburban/Small City,4.0
49261,County_49261,Wisconsin,7.0,Rural,5.0
26173,County_26173,Montana,9.0,Rural,6.0
35195,County_35195,Ohio,3.0,Urban,3.0
2029,County_2029,Alaska,7.0,Rural,5.0
48741,County_48741,West Virginia,7.0,Rural,5.0
15909,County_15909,Iowa,5.0,Suburban/Small City,4.0
10001,County_10001,Georgia,1.0,Urban,1.0
54357,County_54357,Other,1.0,Urban,1.0
39421,County_39421,Rhode Island,8.0,Rural,6.0
48445,County_48445,West Virginia,3.0,Urban,3.0
52183,County_52183,Other,4.0,Suburban/Small City,4.0
49603,County_49603,Wisconsin,6.0,Rural,5.0
23267,County_23267,Minnesota,2.0,Urban,2.0
30769,County_30769,New Jersey,5.0,Suburban/Small City,4.0
42387,County_42387,Tennessee,1.0,Urban,1.0
21531,County_21531,Massachusetts,6.0,Rural,5.0
51047,County_51047,Other,9.0,Rural,6.0
21215,County_21215,Massachusetts,7.0,Rural,5.0
37253,County_37253,Oregon,9.0,Rural,6.0
19463,County_19463,Maine,2.0,Urban,2.0
16789,County_16789,Kansas,7.0,Rural,5.0
36873,County_36873,Oklahoma,1.0,Urban,1.0
3259,County_3259,Arizona,8.0,Rural,6.0
40383,County_40383,South Carolina,9.0,Rural,6.0
34495,County_34495,North Dakota,7.0,Rural,5.0
9037,County_9037,Florida,9.0,Rural,6.0
22197,County_22197,Michigan,9.0,Rural,6.0
37221,County_37221,Oregon,4.0,Suburban/Small City,4.0
45771,County_45771,Vermont,8.0,Rural,6.0
56759,County_56759,Other,1.0,Urban,1.0
29241,County_29241,New Hampshire,3.0,Urban,3.0
45777,County_45777,Vermont,8.0,Rural,6.0
31657,County_31657,New Mexico,9.0,Rural,6.0
25109,County_25109,Missouri,9.0,Rural,6.0
40705,County_40705,South Carolina,1.0,Urban,1.0
52373,County_52373,Other,7.0,Rural,5.0
22263,County_22263,Michigan,7.0,Rural,5.0
23519,County_23519,Minnesota,7.0,Rural,5.0
13859,County_13859,Illinois,9.0,Rural,6.0
9389,County_9389,Florida,8.0,Rural,6.0
31797,County_31797,New Mexico,6.0,Rural,5.0
31789,County_31789,New Mexico,3.0,Urban,3.0
33731,County_33731,North Carolina,6.0,Rural,5.0
29391,County_29391,New Hampshire,1.0,Urban,1.0
4035,County_4035,Arkansas,4.0,Suburban/Small City,4.0
34289,County_34289,North Dakota,7.0,Rural,5.0
43241,County_43241,Texas,6.0,Rural,5.0
40535,County_40535,South Carolina,4.0,Suburban/Small City,4.0
7073,County_7073,Connecticut,3.0,Urban,3.0
35241,County_35241,Ohio,5.0,Suburban/Small City,4.0
10403,County_10403,Georgia,8.0,Rural,6.0
1085,County_1085,Alabama,3.0,Urban,3.0
41105,County_41105,South Dakota,3.0,Urban,3.0
49081,County_49081,Wisconsin,6.0,Rural,5.0
42715,County_42715,Tennessee,1.0,Urban,1.0
54111,County_54111,Other,8.0,Rural,6.0
55883,County_55883,Other,7.0,Rural,5.0
6325,County_6325,Colorado,2.0,Urban,2.0
6133,County_6133,Colorado,3.0,Urban,3.0
5349,County_5349,California,5.0,Suburban/Small City,4.0
12423,County_12423,Idaho,1.0,Urban,1.0
29083,County_29083,New Hampshire,2.0,Urban,2.0
18087,County_18087,Louisiana,1.0,Urban,1.0
14339,County_14339,Indiana,1.0,Urban,1.0
13629,County_13629,Illinois,5.0,Suburban/Small City,4.0
49709,County_49709,Wisconsin,8.0,Rural,6.0
13181,County_13181,Illinois,9.0,Rural,6.0
50285,County_50285,Wyoming,5.0,Suburban/Small City,4.0
13867,County_13867,Illinois,2.0,Urban,2.0
2321,County_2321,Alaska,2.0,Urban,2.0
17739,County_17739,Kentucky,8.0,Rural,6.0
26425,County_26425,Montana,3.0,Urban,3.0
1893,County_1893,Alabama,8.0,Rural,6.0
36821,County_36821,Oklahoma,9.0,Rural,6.0
39439,County_39439,Rhode Island,8.0,Rural,6.0
2179,County_2179,Alaska,7.0,Rural,5.0
42825,County_42825,Tennessee,8.0,Rural,6.0
41983,County_41983,South Dakota,4.0,Suburban/Small City,4.0
49641,County_49641,Wisconsin,1.0,Urban,1.0
1373,County_1373,Alabama,6.0,Rural,5.0
29363,County_29363,New Hampshire,7.0,Rural,5.0
3195,County_3195,Arizona,5.0,Suburban/Small City,4.0
2559,County_2559,Alaska,2.0,Urban,2.0
40411,County_40411,South Carolina,3.0,Urban,3.0
7397,County_7397,Connecticut,6.0,Rural,5.0
13865,County_13865,Illinois,6.0,Rural,5.0
17271,County_17271,Kentucky,5.0,Suburban/Small City,4.0
7837,County_7837,Connecticut,6.0,Rural,5.0
3343,County_3343,Arizona,2.0,Urban,2.0
5403,County_5403,California,8.0,Rural,6.0
31023,County_31023,New Mexico,6.0,Rural,5.0
12185,County_12185,Idaho,7.0,Rural,5.0
33831,County_33831,North Carolina,8.0,Rural,6.0
3849,County_3849,Arizona,4.0,Suburban/Small City,4.0
14385,County_14385,Indiana,6.0,Rural,5.0
36869,County_36869,Oklahoma,2.0,Urban,2.0
16227,County_16227,Kansas,1.0,Urban,1.0
18089,County_18089,Louisiana,9.0,Rural,6.0
29919,County_29919,New Hampshire,9.0,Rural,6.0
5971,County_5971,California,1.0,Urban,1.0
27985,County_27985,Nebraska,1.0,Urban,1.0
24823,County_24823,Mississippi,8.0,Rural,6.0
44063,County_44063,Utah,9.0,Rural,6.0
21083,County_21083,Massachusetts,2.0,Urban,2.0
23897,County_23897,Minnesota,1.0,Urban,1.0
34039,County_34039,North Dakota,7.0,Rural,5.0
15171,County_15171,Iowa,7.0,Rural,5.0
1743,County_1743,Alabama,8.0,Rural,6.0
47319,County_47319,Washington,6.0,Rural,5.0
18191,County_18191,Louisiana,1.0,Urban,1.0
5549,County_5549,California,8.0,Rural,6.0
37179,County_37179,Oregon,8.0,Rural,6.0
31363,County_31363,New Mexico,3.0,Urban,3.0
48411,County_48411,West Virginia,1.0,Urban,1.0
21609,County_21609,Massachusetts,1.0,Urban,1.0
31353,County_31353,New Mexico,7.0,Rural,5.0
53673,County_53673,Other,6.0,Rural,5.0
8063,County_8063,Delaware,4.0,Suburban/Small City,4.0
49597,County_49597,Wisconsin,8.0,Rural,6.0
56381,County_56381,Other,6.0,Rural,5.0
21331,County_21331,Massachusetts,3.0,Urban,3.0
10103,County_10103,Georgia,1.0,Urban,1.0
10315,County_10315,Georgia,6.0,Rural,5.0
4509,County_4509,Arkansas,8.0,Rural,6.0
20619,County_20619,Maryland,6.0,Rural,5.0
41049,County_41049,South Dakota,2.0,Urban,2.0
14519,County_14519,Indiana,7.0,Rural,5.0
15335,County_15335,Iowa,7.0,Rural,5.0
50753,County_50753,Wyoming,9.0,Rural,6.0
7205,County_7205,Connecticut,7.0,Rural,5.0
22699,County_22699,Michigan,2.0,Urban,2.0
32583,County_32583,New York,9.0,Rural,6.0
20547,County_20547,Maryland,9.0,Rural,6.0
43533,County_43533,Texas,3.0,Urban,3.0
14351,County_14351,Indiana,7.0,Rural,5.0
26783,County_26783,Montana,4.0,Suburban/Small City,4.0
12097,County_12097,Idaho,5.0,Suburban/Small City,4.0
46385,County_46385,Virginia,9.0,Rural,6.0
31211,County_31211,New Mexico,7.0,Rural,5.0
17417,County_17417,Kentucky,4.0,Suburban/Small City,4.0
9615,County_9615,Florida,1.0,Urban,1.0
31739,County_31739,New Mexico,5.0,Suburban/Small City,4.0
54571,County_54571,Other,9.0,Rural,6.0
19197,County_19197,Maine,3.0,Urban,3.0
31263,County_31263,New Mexico,6.0,Rural,5.0
42799,County_42799,Tennessee,8.0,Rural,6.0
23061,County_23061,Minnesota,8.0,Rural,6.0
5031,County_5031,California,1.0,Urban,1.0
8359,County_8359,Delaware,9.0,Rural,6.0
20311,County_20311,Maryland,8.0,Rural,6.0
1029,County_1029,Alabama,6.0,Rural,5.0
39951,County_39951,Rhode Island,5.0,Suburban/Small City,4.0
32721,County_32721,New York,4.0,Suburban/Small City,4.0
53895,County_53895,Other,2.0,Urban,2.0
31405,County_31405,New Mexico,5.0,Suburban/Small City,4.0
49601,County_49601,Wisconsin,1.0,Urban,1.0
45673,County_45673,Vermont,7.0,Rural,5.0
19899,County_19899,Maine,2.0,Urban,2.0
52661,County_52661,Other,5.0,Suburban/Small City,4.0
10675,County_10675,Georgia,4.0,Suburban/Small City,4.0
41843,County_41843,South Dakota,5.0,Suburban/Small City,4.0
25139,County_25139,Missouri,5.0,Suburban/Small City,4.0
19567,County_19567,Maine,9.0,Rural,6.0
6603,County_6603,Colorado,3.0,Urban,3.0
16871,County_16871,Kansas,9.0,Rural,6.0
25291,County_25291,Missouri,4.0,Suburban/Small City,4.0
56605,County_56605,Other,4.0,Suburban/Small City,4.0
37929,County_37929,Oregon,9.0,Rural,6.0
14433,County_14433,Indiana,8.0,Rural,6.0
9197,County_9197,Florida,7.0,Rural,5.0
21767,County_21767,Massachusetts,6.0,Rural,5.0
47581,County_47581,Washington,7.0,Rural,5.0
52641,County_52641,Other,1.0,Urban,1.0
18535,County_18535,Louisiana,7.0,Rural,5.0
54817,County_54817,Other,5.0,Suburban/Small City,4.0
11185,County_11185,Hawaii,9.0,Rural,6.0
41479,County_41479,South Dakota,5.0,Suburban/Small City,4.0
53823,County_53823,Other,4.0,Suburban/Small City,4.0
46387,County_46387,Virginia,9.0,Rural,6.0
6251,County_6251,Colorado,7.0,Rural,5.0
9253,County_9253,Florida,2.0,Urban,2.0
19843,County_19843,Maine,6.0,Rural,5.0
16157,County_16157,Kansas,6.0,Rural,5.0
29553,County_29553,New Hampshire,8.0,Rural,6.0
54979,County_54979,Other,2.0,Urban,2.0
45691,County_45691,Vermont,1.0,Urban,1.0
48523,County_48523,West Virginia,8.0,Rural,6.0
22709,County_22709,Michigan,1.0,Urban,1.0
16643,County_16643,Kansas,6.0,Rural,5.0
12773,County_12773,Idaho,1.0,Urban,1.0
19107,County_19107,Maine,3.0,Urban,3.0
38073,County_38073,Pennsylvania,3.0,Urban,3.0
54309,County_54309,Other,1.0,Urban,1.0
52689,County_52689,Other,7.0,Rural,5.0
55777,County_55777,Other,7.0,Rural,5.0
14557,County_14557,Indiana,9.0,Rural,6.0
23537,County_23537,Minnesota,6.0,Rural,5.0
41113,County_41113,South Dakota,8.0,Rural,6.0
13805,County_13805,Illinois,4.0,Suburban/Small City,4.0
26079,County_26079,Montana,2.0,Urban,2.0
52229,County_52229,Other,2.0,Urban,2.0
51921,County_51921,Other,3.0,Urban,3.0
35367,County_35367,Ohio,3.0,Urban,3.0
19819,County_19819,Maine,5.0,Suburban/Small City,4.0
51903,County_51903,Other,8.0,Rural,6.0
31481,County_31481,New Mexico,3.0,Urban,3.0
52943,County_52943,Other,3.0,Urban,3.0
56067,County_56067,Other,9.0,Rural,6.0
26609,County_26609,Montana,4.0,Suburban/Small City,4.0
44275,County_44275,Utah,5.0,Suburban/Small City,4.0
1157,County_1157,Alabama,2.0,Urban,2.0
49183,County_49183,Wisconsin,8.0,Rural,6.0
47231,County_47231,Washington,9.0,Rural,6.0
53675,County_53675,Other,6.0,Rural,5.0
47959,County_47959,Washington,6.0,Rural,5.0
20591,County_20591,Maryland,8.0,Rural,6.0
45951,County_45951,Vermont,3.0,Urban,3.0
43357,County_43357,Texas,1.0,Urban,1.0
1921,County_1921,Alabama,8.0,Rural,6.0
12945,County_12945,Idaho,1.0,Urban,1.0
13123,County_13123,Illinois,4.0,Suburban/Small City,4.0
12547,County_12547,Idaho,2.0,Urban,2.0
56027,County_56027,Other,7.0,Rural,5.0
15131,County_15131,Iowa,2.0,Urban,2.0
22141,County_22141,Michigan,9.0,Rural,6.0
7021,County_7021,Connecticut,8.0,Rural,6.0
44031,County_44031,Utah,1.0,Urban,1.0
8857,County_8857,Delaware,3.0,Urban,3.0
24127,County_24127,Mississippi,9.0,Rural,6.0
13325,County_13325,Illinois,2.0,Urban,2.0
25857,County_25857,Missouri,2.0,Urban,2.0
24541,County_24541,Mississippi,2.0,Urban,2.0
44347,County_44347,Utah,1.0,Urban,1.0
39475,County_39475,Rhode Island,9.0,Rural,6.0
24265,County_24265,Mississippi,6.0,Rural,5.0
52277,County_52277,Other,8.0,Rural,6.0
6661,County_6661,Colorado,1.0,Urban,1.0
14603,County_14603,Indiana,2.0,Urban,2.0
55459,County_55459,Other,8.0,Rural,6.0
13447,County_13447,Illinois,3.0,Urban,3.0
29293,County_29293,New Hampshire,8.0,Rural,6.0
18143,County_18143,Louisiana,8.0,Rural,6.0
16831,County_16831,Kansas,5.0,Suburban/Small City,4.0
14597,County_14597,Indiana,9.0,Rural,6.0
16945,County_16945,Kansas,7.0,Rural,5.0
43369,County_43369,Texas,1.0,Urban,1.0
41337,County_41337,South Dakota,7.0,Rural,5.0
27677,County_27677,Nebraska,2.0,Urban,2.0
37339,County_37339,Oregon,6.0,Rural,5.0
8539,County_8539,Delaware,8.0,Rural,6.0
52559,County_52559,Other,1.0,Urban,1.0
28647,County_28647,Nevada,2.0,Urban,2.0
26595,County_26595,Montana,9.0,Rural,6.0
17151,County_17151,Kentucky,6.0,Rural,5.0
21929,County_21929,Massachusetts,9.0,Rural,6.0
6153,County_6153,Colorado,5.0,Suburban/Small City,4.0
25437,County_25437,Missouri,4.0,Suburban/Small City,4.0
46121,County_46121,Virginia,8.0,Rural,6.0
2523,County_2523,Alaska,4.0,Suburban/Small City,4.0
7419,County_7419,Connecticut,2.0,Urban,2.0
9691,County_9691,Florida,9.0,Rural,6.0
46337,County_46337,Virginia,6.0,Rural,5.0
29493,County_29493,New Hampshire,8.0,Rural,6.0
7297,County_7297,Connecticut,8.0,Rural,6.0
55847,County_55847,Other,9.0,Rural,6.0
31707,County_31707,New Mexico,8.0,Rural,6.0
42623,County_42623,Tennessee,6.0,Rural,5.0
41501,County_41501,South Dakota,1.0,Urban,1.0
39129,County_39129,Rhode Island,1.0,Urban,1.0
8051,County_8051,Delaware,7.0,Rural,5.0
11991,County_11991,Hawaii,1.0,Urban,1.0
8689,County_8689,Delaware,9.0,Rural,6.0
24277,County_24277,Mississippi,7.0,Rural,5.0
10377,County_10377,Georgia,7.0,Rural,5.0
33915,County_33915,North Carolina,3.0,Urban,3.0
49225,County_49225,Wisconsin,9.0,Rural,6.0
15099,County_15099,Iowa,3.0,Urban,3.0
5431,County_5431,California,2.0,Urban,2.0
26463,County_26463,Montana,6.0,Rural,5.0
45535,County_45535,Vermont,1.0,Urban,1.0
41365,County_41365,South Dakota,7.0,Rural,5.0
11491,County_11491,Hawaii,7.0,Rural,5.0
14647,County_14647,Indiana,8.0,Rural,6.0
26353,County_26353,Montana,2.0,Urban,2.0
41227,County_41227,South Dakota,7.0,Rural,5.0
11375,County_11375,Hawaii,8.0,Rural,6.0
8447,County_8447,Delaware,5.0,Suburban/Small City,4.0
41583,County_41583,South Dakota,1.0,Urban,1.0
1175,County_1175,Alabama,8.0,Rural,6.0
52951,County_52951,Other,6.0,Rural,5.0
14435,County_14435,Indiana,8.0,Rural,6.0
29587,County_29587,New Hampshire,3.0,Urban,3.0
29957,County_29957,New Hampshire,1.0,Urban,1.0
47633,County_47633,Washington,3.0,Urban,3.0
1281,County_1281,Alabama,1.0,Urban,1.0
4711,County_4711,Arkansas,9.0,Rural,6.0
35305,County_35305,Ohio,9.0,Rural,6.0
18099,County_18099,Louisiana,7.0,Rural,5.0
30613,County_30613,New Jersey,4.0,Suburban/Small City,4.0
40447,County_40447,South Carolina,8.0,Rural,6.0
20037,County_20037,Maryland,3.0,Urban,3.0
4715,County_4715,Arkansas,4.0,Suburban/Small City,4.0
18239,County_18239,Louisiana,9.0,Rural,6.0
27059,County_27059,Nebraska,5.0,Suburban/Small City,4.0
4921,County_4921,Arkansas,8.0,Rural,6.0
24703,County_24703,Mississippi,8.0,Rural,6.0
52025,County_52025,Other,9.0,Rural,6.0
25167,County_25167,Missouri,1.0,Urban,1.0
37415,County_37415,Oregon,3.0,Urban,3.0
24469,County_24469,Mississippi,2.0,Urban,2.0
6893,County_6893,Colorado,1.0,Urban,1.0
30175,County_30175,New Jersey,3.0,Urban,3.0
41705,County_41705,South Dakota,6.0,Rural,5.0
44595,County_44595,Utah,6.0,Rural,5.0
52161,County_52161,Other,8.0,Rural,6.0
40977,County_40977,South Carolina,8.0,Rural,6.0
2025,County_2025,Alaska,4.0,Suburban/Small City,4.0
46007,County_46007,Virginia,6.0,Rural,5.0
21693,County_21693,Massachusetts,3.0,Urban,3.0
48735,County_48735,West Virginia,2.0,Urban,2.0
24915,County_24915,Mississippi,1.0,Urban,1.0
51911,County_51911,Other,8.0,Rural,6.0
47651,County_47651,Washington,7.0,Rural,5.0
53507,County_53507,Other,7.0,Rural,5.0
55257,County_55257,Other,9.0,Rural,6.0
22589,County_22589,Michigan,6.0,Rural,5.0
56901,County_56901,Other,8.0,Rural,6.0
56585,County_56585,Other,9.0,Rural,6.0
28081,County_28081,Nevada,5.0,Suburban/Small City,4.0
42317,County_42317,Tennessee,6.0,Rural,5.0
41777,County_41777,South Dakota,5.0,Suburban/Small City,4.0
44011,County_44011,Utah,7.0,Rural,5.0
41615,County_41615,South Dakota,9.0,Rural,6.0
2505,County_2505,Alaska,8.0,Rural,6.0
43401,County_43401,Texas,4.0,Suburban/Small City,4.0
49641,County_49641,Wisconsin,8.0,Rural,6.0
16289,County_16289,Kansas,7.0,Rural,5.0
55767,County_55767,Other,4.0,Suburban/Small City,4.0
15157,County_15157,Iowa,8.0,Rural,6.0
39793,County_39793,Rhode Island,1.0,Urban,1.0
43263,County_43263,Texas,2.0,Urban,2.0
33765,County_33765,North Carolina,4.0,Suburban/Small City,4.0
16885,County_16885,Kansas,4.0,Suburban/Small City,4.0
52747,County_52747,Other,8.0,Rural,6.0
5253,County_5253,California,8.0,Rural,6.0
48197,County_48197,West Virginia,2.0,Urban,2.0
5793,County_5793,California,8.0,Rural,6.0
47455,County_47455,Washington,9.0,Rural,6.0
41161,County_41161,South Dakota,2.0,Urban,2.0
35585,County_35585,Ohio,7.0,Rural,5.0
30007,County_30007,New Jersey,7.0,Rural,5.0
18943,County_18943,Louisiana,9.0,Rural,6.0
13913,County_13913,Illinois,5.0,Suburban/Small City,4.0
56855,County_56855,Other,7.0,Rural,5.0
2087,County_2087,Alaska,2.0,Urban,2.0
45197,County_45197,Vermont,8.0,Rural,6.0
48747,County_48747,West Virginia,9.0,Rural,6.0
53657,County_53657,Other,8.0,Rural,6.0
1721,County_1721,Alabama,6.0,Rural,5.0
50831,County_50831,Wyoming,7.0,Rural,5.0
19941,County_19941,Maine,2.0,Urban,2.0
26233,County_26233,Montana,9.0,Rural,6.0
21073,County_21073,Massachusetts,3.0,Urban,3.0
40833,County_40833,South Carolina,8.0,Rural,6.0
55789,County_55789,Other,3.0,Urban,3.0
48233,County_48233,West Virginia,2.0,Urban,2.0
3601,County_3601,Arizona,1.0,Urban,1.0
37859,County_37859,Oregon,2.0,Urban,2.0
15313,County_15313,Iowa,8.0,Rural,6.0
26917,County_26917,Montana,1.0,Urban,1.0
20757,County_20757,Maryland,8.0,Rural,6.0
48385,County_48385,West Virginia,8.0,Rural,6.0
37919,County_37919,Oregon,3.0,Urban,3.0
42791,County_42791,Tennessee,2.0,Urban,2.0
40617,County_40617,South Carolina,7.0,Rural,5.0
51663,County_51663,Other,9.0,Rural,6.0
7705,County_7705,Connecticut,2.0,Urban,2.0
28879,County_28879,Nevada,7.0,Rural,5.0
37327,County_37327,Oregon,8.0,Rural,6.0
3325,County_3325,Arizona,9.0,Rural,6.0
36975,County_36975,Oklahoma,6.0,Rural,5.0
53263,County_53263,Other,6.0,Rural,5.0
50293,County_50293,Wyoming,3.0,Urban,3.0
5743,County_5743,California,5.0,Suburban/Small City,4.0
5071,County_5071,California,9.0,Rural,6.0
23719,County_23719,Minnesota,5.0,Suburban/Small City,4.0
1215,County_1215,Alabama,4.0,Suburban/Small City,4.0
29375,County_29375,New Hampshire,9.0,Rural,6.0
45519,County_45519,Vermont,8.0,Rural,6.0
46581,County_46581,Virginia,6.0,Rural,5.0
49169,County_49169,Wisconsin,6.0,Rural,5.0
26645,County_26645,Montana,6.0,Rural,5.0
33821,County_33821,North Carolina,9.0,Rural,6.0
38207,County_38207,Pennsylvania,8.0,Rural,6.0
54773,County_54773,Other,9.0,Rural,6.0
14613,County_14613,Indiana,1.0,Urban,1.0
10859,County_10859,Georgia,7.0,Rural,5.0
6515,County_6515,Colorado,1.0,Urban,1.0
48991,County_48991,West Virginia,3.0,Urban,3.0
29659,County_29659,New Hampshire,6.0,Rural,5.0
29745,County_29745,New Hampshire,6.0,Rural,5.0
24811,County_24811,Mississippi,1.0,Urban,1.0
32703,County_32703,New York,8.0,Rural,6.0
38337,County_38337,Pennsylvania,1.0,Urban,1.0
32653,County_32653,New York,8.0,Rural,6.0
56825,County_56825,Other,8.0,Rural,6.0
26001,County_26001,Montana,9.0,Rural,6.0
51065,County_51065,Other,1.0,Urban,1.0
46979,County_46979,Virginia,9.0,Rural,6.0
47107,County_47107,Washington,6.0,Rural,5.0
9565,County_9565,Florida,8.0,Rural,6.0
22219,County_22219,Michigan,9.0,Rural,6.0
14733,County_14733,Indiana,3.0,Urban,3.0
9585,County_9585,Florida,1.0,Urban,1.0
41429,County_41429,South Dakota,1.0,Urban,1.0
17711,County_17711,Kentucky,8.0,Rural,6.0
46469,County_46469,Virginia,9.0,Rural,6.0
42921,County_42921,Tennessee,5.0,Suburban/Small City,4.0
5917,County_5917,California,9.0,Rural,6.0
40539,County_40539,South Carolina,7.0,Rural,5.0
37645,County_37645,Oregon,5.0,Suburban/Small City,4.0
40525,County_40525,South Carolina,8.0,Rural,6.0
45341,County_45341,Vermont,6.0,Rural,5.0
28079,County_28079,Nevada,6.0,Rural,5.0
26277,County_26277,Montana,6.0,Rural,5.0
11117,County_11117,Hawaii,9.0,Rural,6.0
17073,County_17073,Kentucky,7.0,Rural,5.0
42227,County_42227,Tennessee,2.0,Urban,2.0
2443,County_2443,Alaska,7.0,Rural,5.0
22399,County_22399,Michigan,1.0,Urban,1.0
14007,County_14007,Indiana,8.0,Rural,6.0
49217,County_49217,Wisconsin,3.0,Urban,3.0
45937,County_45937,Vermont,6.0,Rural,5.0
18515,County_18515,Louisiana,1.0,Urban,1.0
28891,County_28891,Nevada,2.0,Urban,2.0
14785,County_14785,Indiana,5.0,Suburban/Small City,4.0
15665,County_15665,Iowa,8.0,Rural,6.0
33447,County_33447,North Carolina,2.0,Urban,2.0
38635,County_38635,Pennsylvania,7.0,Rural,5.0
38803,County_38803,Pennsylvania,3.0,Urban,3.0
40557,County_40557,South Carolina,6.0,Rural,5.0
17159,County_17159,Kentucky,8.0,Rural,6.0
34889,County_34889,North Dakota,9.0,Rural,6.0
8871,County_8871,Delaware,6.0,Rural,5.0
27349,County_27349,Nebraska,5.0,Suburban/Small City,4.0
52907,County_52907,Other,2.0,Urban,2.0
52523,County_52523,Other,8.0,Rural,6.0
5333,County_5333,California,6.0,Rural,5.0
22355,County_22355,Michigan,6.0,Rural,5.0
52847,County_52847,Other,9.0,Rural,6.0
19619,County_19619,Maine,2.0,Urban,2.0
52977,County_52977,Other,3.0,Urban,3.0
25819,County_25819,Missouri,8.0,Rural,6.0
26525,County_26525,Montana,9.0,Rural,6.0
13805,County_13805,Illinois,6.0,Rural,5.0
1187,County_1187,Alabama,7.0,Rural,5.0
11949,County_11949,Hawaii,8.0,Rural,6.0
50827,County_50827,Wyoming,6.0,Rural,5.0
7821,County_7821,Connecticut,8.0,Rural,6.0
56493,County_56493,Other,3.0,Urban,3.0
6479,County_6479,Colorado,1.0,Urban,1.0
20805,County_20805,Maryland,6.0,Rural,5.0
32785,County_32785,New York,3.0,Urban,3.0
48541,County_48541,West Virginia,7.0,Rural,5.0
30333,County_30333,New Jersey,7.0,Rural,5.0
14249,County_14249,Indiana,8.0,Rural,6.0
5997,County_5997,California,9.0,Rural,6.0
56053,County_56053,Other,3.0,Urban,3.0
11687,County_11687,Hawaii,3.0,Urban,3.0
44629,County_44629,Utah,8.0,Rural,6.0
19907,County_19907,Maine,7.0,Rural,5.0
35735,County_35735,Ohio,9.0,Rural,6.0
35135,County_35135,Ohio,5.0,Suburban/Small City,4.0
40193,County_40193,South Carolina,7.0,Rural,5.0
20841,County_20841,Maryland,9.0,Rural,6.0
44715,County_44715,Utah,9.0,Rural,6.0
30083,County_30083,New Jersey,3.0,Urban,3.0
28359,County_28359,Nevada,5.0,Suburban/Small City,4.0
50765,County_50765,Wyoming,6.0,Rural,5.0
46071,County_46071,Virginia,7.0,Rural,5.0
6019,County_6019,Colorado,6.0,Rural,5.0
40393,County_40393,South Carolina,9.0,Rural,6.0
43589,County_43589,Texas,8.0,Rural,6.0
48121,County_48121,West Virginia,6.0,Rural,5.0
52263,County_52263,Other,7.0,Rural,5.0
56755,County_56755,Other,9.0,Rural,6.0
51983,County_51983,Other,2.0,Urban,2.0
36807,County_36807,Oklahoma,6.0,Rural,5.0
23421,County_23421,Minnesota,7.0,Rural,5.0
38731,County_38731,Pennsylvania,7.0,Rural,5.0
35463,County_35463,Ohio,8.0,Rural,6.0
19469,County_19469,Maine,5.0,Suburban/Small City,4.0
35409,County_35409,Ohio,3.0,Urban,3.0
26545,County_26545,Montana,8.0,Rural,6.0
19869,County_19869,Maine,8.0,Rural,6.0
8467,County_8467,Delaware,9.0,Rural,6.0
43421,County_43421,Texas,6.0,Rural,5.0
51331,County_51331,Other,1.0,Urban,1.0
36919,County_36919,Oklahoma,1.0,Urban,1.0
14295,County_14295,Indiana,8.0,Rural,6.0
12475,County_12475,Idaho,8.0,Rural,6.0
13987,County_13987,Illinois,2.0,Urban,2.0
23427,County_23427,Minnesota,8.0,Rural,6.0
43777,County_43777,Texas,9.0,Rural,6.0
22249,County_22249,Michigan,5.0,Suburban/Small City,4.0
10591,County_10591,Georgia,1.0,Urban,1.0
40799,County_40799,South Carolina,7.0,Rural,5.0
7967,County_7967,Connecticut,8.0,Rural,6.0
25235,County_25235,Missouri,7.0,Rural,5.0
41867,County_41867,South Dakota,2.0,Urban,2.0
8319,County_8319,Delaware,9.0,Rural,6.0
23749,County_23749,Minnesota,1.0,Urban,1.0
54769,County_54769,Other,6.0,Rural,5.0
20475,County_20475,Maryland,1.0,Urban,1.0
24885,County_24885,Mississippi,8.0,Rural,6.0
3879,County_3879,Arizona,8.0,Rural,6.0
21853,County_21853,Massachusetts,4.0,Suburban/Small City,4.0
13879,County_13879,Illinois,3.0,Urban,3.0
40759,County_40759,South Carolina,7.0,Rural,5.0
23517,County_23517,Minnesota,6.0,Rural,5.0
1979,County_1979,Alabama,9.0,Rural,6.0
56163,County_56163,Other,5.0,Suburban/Small City,4.0
33407,County_33407,North Carolina,8.0,Rural,6.0
41877,County_41877,South Dakota,1.0,Urban,1.0
32623,County_32623,New York,2.0,Urban,2.0
34743,County_34743,North Dakota,6.0,Rural,5.0
5809,County_5809,California,2.0,Urban,2.0
17323,County_17323,Kentucky,3.0,Urban,3.0
25501,County_25501,Missouri,1.0,Urban,1.0
10835,County_10835,Georgia,2.0,Urban,2.0
50497,County_50497,Wyoming,6.0,Rural,5.0
9447,County_9447,Florida,4.0,Suburban/Small City,4.0
20125,County_20125,Maryland,3.0,Urban,3.0
47563,County_47563,Washington,1.0,Urban,1.0
48205,County_48205,West Virginia,3.0,Urban,3.0
56143,County_56143,Other,6.0,Rural,5.0
31751,County_31751,New Mexico,2.0,Urban,2.0
47265,County_47265,Washington,6.0,Rural,5.0
36909,County_36909,Oklahoma,8.0,Rural,6.0
40227,County_40227,South Carolina,9.0,Rural,6.0
8583,County_8583,Delaware,8.0,Rural,6.0
38065,County_38065,Pennsylvania,7.0,Rural,5.0
7337,County_7337,Connecticut,4.0,Suburban/Small City,4.0
37395,County_37395,Oregon,6.0,Rural,5.0
17013,County_17013,Kentucky,1.0,Urban,1.0
16575,County_16575,Kansas,6.0,Rural,5.0
55303,County_55303,Other,8.0,Rural,6.0
44851,County_44851,Utah,2.0,Urban,2.0
7581,County_7581,Connecticut,3.0,Urban,3.0
30553,County_30553,New Jersey,3.0,Urban,3.0
37665,County_37665,Oregon,1.0,Urban,1.0
10801,County_10801,Georgia,3.0,Urban,3.0
35135,County_35135,Ohio,5.0,Suburban/Small City,4.0
16893,County_16893,Kansas,8.0,Rural,6.0
31677,County_31677,New Mexico,6.0,Rural,5.0
14075,County_14075,Indiana,1.0,Urban,1.0
37387,County_37387,Oregon,9.0,Rural,6.0
36517,County_36517,Oklahoma,3.0,Urban,3.0
12277,County_12277,Idaho,7.0,Rural,5.0
50843,County_50843,Wyoming,4.0,Suburban/Small City,4.0
9135,County_9135,Florida,8.0,Rural,6.0
8207,County_8207,Delaware,2.0,Urban,2.0
39049,County_39049,Rhode Island,1.0,Urban,1.0
41261,County_41261,South Dakota,2.0,Urban,2.0
13139,County_13139,Illinois,1.0,Urban,1.0
20047,County_20047,Maryland,8.0,Rural,6.0
27137,County_27137,Nebraska,9.0,Rural,6.0
47309,County_47309,Washington,3.0,Urban,3.0
49099,County_49099,Wisconsin,1.0,Urban,1.0
43795,County_43795,Texas,8.0,Rural,6.0
39211,County_39211,Rhode Island,2.0,Urban,2.0
54929,County_54929,Other,9.0,Rural,6.0
47339,County_47339,Washington,2.0,Urban,2.0
36579,County_36579,Oklahoma,8.0,Rural,6.0
23013,County_23013,Minnesota,2.0,Urban,2.0
17645,County_17645,Kentucky,3.0,Urban,3.0
29905,County_29905,New Hampshire,3.0,Urban,3.0
49195,County_49195,Wisconsin,3.0,Urban,3.0
15475,County_15475,Iowa,1.0,Urban,1.0
41303,County_41303,South Dakota,3.0,Urban,3.0
48069,County_48069,West Virginia,8.0,Rural,6.0
3505,County_3505,Arizona,6.0,Rural,5.0
5239,County_5239,California,6.0,Rural,5.0
47863,County_47863,Washington,1.0,Urban,1.0
27785,County_27785,Nebraska,2.0,Urban,2.0
52453,County_52453,Other,7.0,Rural,5.0
46507,County_46507,Virginia,3.0,Urban,3.0
19711,County_19711,Maine,9.0,Rural,6.0
37137,County_37137,Oregon,4.0,Suburban/Small City,4.0
34685,County_34685,North Dakota,8.0,Rural,6.0
4435,County_4435,Arkansas,7.0,Rural,5.0
31319,County_31319,New Mexico,2.0,Urban,2.0
52547,County_52547,Other,9.0,Rural,6.0
41329,County_41329,South Dakota,8.0,Rural,6.0
26821,County_26821,Montana,2.0,Urban,2.0
50687,County_50687,Wyoming,7.0,Rural,5.0
48047,County_48047,West Virginia,7.0,Rural,5.0
55911,County_55911,Other,2.0,Urban,2.0
6145,County_6145,Colorado,7.0,Rural,5.0
38629,County_38629,Pennsylvania,8.0,Rural,6.0
49157,County_49157,Wisconsin,8.0,Rural,6.0
47037,County_47037,Washington,8.0,Rural,6.0
28765,County_28765,Nevada,8.0,Rural,6.0
1445,County_1445,Alabama,9.0,Rural,6.0
9709,County_9709,Florida,8.0,Rural,6.0
20253,County_20253,Maryland,7.0,Rural,5.0
42353,County_42353,Tennessee,2.0,Urban,2.0
29909,County_29909,New Hampshire,9.0,Rural,6.0
17195,County_17195,Kentucky,6.0,Rural,5.0
20443,County_20443,Maryland,9.0,Rural,6.0
5351,County_5351,California,8.0,Rural,6.0
34825,County_34825,North Dakota,9.0,Rural,6.0
36553,County_36553,Oklahoma,4.0,Suburban/Small City,4.0
30291,County_30291,New Jersey,9.0,Rural,6.0
48551,County_48551,West Virginia,6.0,Rural,5.0
30217,County_30217,New Jersey,8.0,Rural,6.0
5405,County_5405,California,8.0,Rural,6.0
2081,County_2081,Alaska,6.0,Rural,5.0
10463,County_10463,Georgia,3.0,Urban,3.0
29523,County_29523,New Hampshire,2.0,Urban,2.0
2883,County_2883,Alaska,1.0,Urban,1.0
32801,County_32801,New York,1.0,Urban,1.0
10417,County_10417,Georgia,3.0,Urban,3.0
18415,County_18415,Louisiana,9.0,Rural,6.0
6565,County_6565,Colorado,8.0,Rural,6.0
32745,County_32745,New York,4.0,Suburban/Small City,4.0
10347,County_10347,Georgia,1.0,Urban,1.0
12245,County_12245,Idaho,5.0,Suburban/Small City,4.0
36981,County_36981,Oklahoma,9.0,Rural,6.0
24051,County_24051,Mississippi,7.0,Rural,5.0
8201,County_8201,Delaware,4.0,Suburban/Small City,4.0
11983,County_11983,Hawaii,7.0,Rural,5.0
5081,County_5081,California,3.0,Urban,3.0
16663,County_16663,Kansas,2.0,Urban,2.0
29109,County_29109,New Hampshire,2.0,Urban,2.0
13329,County_13329,Illinois,2.0,Urban,2.0
19149,County_19149,Maine,3.0,Urban,3.0
21951,County_21951,Massachusetts,9.0,Rural,6.0
23587,County_23587,Minnesota,8.0,Rural,6.0
41581,County_41581,South Dakota,9.0,Rural,6.0
11691,County_11691,Hawaii,1.0,Urban,1.0
6523,County_6523,Colorado,4.0,Suburban/Small City,4.0
19119,County_19119,Maine,1.0,Urban,1.0
1829,County_1829,Alabama,8.0,Rural,6.0
38385,County_38385,Pennsylvania,8.0,Rural,6.0
7431,County_7431,Connecticut,8.0,Rural,6.0
5921,County_5921,California,2.0,Urban,2.0
18867,County_18867,Louisiana,3.0,Urban,3.0
41565,County_41565,South Dakota,6.0,Rural,5.0
42663,County_42663,Tennessee,7.0,Rural,5.0
51267,County_51267,Other,2.0,Urban,2.0
31033,County_31033,New Mexico,8.0,Rural,6.0
29611,County_29611,New Hampshire,8.0,Rural,6.0
7097,County_7097,Connecticut,3.0,Urban,3.0
40087,County_40087,South Carolina,8.0,Rural,6.0
12459,County_12459,Idaho,6.0,Rural,5.0
30803,County_30803,New Jersey,7.0,Rural,5.0
20101,County_20101,Maryland,9.0,Rural,6.0
13825,County_13825,Illinois,2.0,Urban,2.0
44367,County_44367,Utah,6.0,Rural,5.0
16429,County_16429,Kansas,9.0,Rural,6.0
15599,County_15599,Iowa,3.0,Urban,3.0
30175,County_30175,New Jersey,1.0,Urban,1.0
9861,County_9861,Florida,5.0,Suburban/Small City,4.0
40887,County_40887,South Carolina,5.0,Suburban/Small City,4.0
29979,County_29979,New Hampshire,7.0,Rural,5.0
15897,County_15897,Iowa,7.0,Rural,5.0
5065,County_5065,California,6.0,Rural,5.0
37059,County_37059,Oregon,2.0,Urban,2.0
13127,County_13127,Illinois,6.0,Rural,5.0
18239,County_18239,Louisiana,6.0,Rural,5.0
28845,County_28845,Nevada,2.0,Urban,2.0
28305,County_28305,Nevada,8.0,Rural,6.0
23549,County_23549,Minnesota,1.0,Urban,1.0
48751,County_48751,West Virginia,6.0,Rural,5.0
37607,County_37607,Oregon,9.0,Rural,6.0
52481,County_52481,Other,6.0,Rural,5.0
2505,County_2505,Alaska,9.0,Rural,6.0
21037,County_21037,Massachusetts,9.0,Rural,6.0
37909,County_37909,Oregon,2.0,Urban,2.0
18139,County_18139,Louisiana,9.0,Rural,6.0
37701,County_37701,Oregon,9.0,Rural,6.0
34301,County_34301,North Dakota,2.0,Urban,2.0
43481,County_43481,Texas,9.0,Rural,6.0
3555,County_3555,Arizona,8.0,Rural,6.0
21637,County_21637,Massachusetts,8.0,Rural,6.0
43301,County_43301,Texas,8.0,Rural,6.0
22001,County_22001,Michigan,8.0,Rural,6.0
54449,County_54449,Other,7.0,Rural,5.0
25785,County_25785,Missouri,4.0,Suburban/Small City,4.0
49775,County_49775,Wisconsin,3.0,Urban,3.0
40487,County_40487,South Carolina,8.0,Rural,6.0
55731,County_55731,Other,1.0,Urban,1.0
8071,County_8071,Delaware,8.0,Rural,6.0
37845,County_37845,Oregon,3.0,Urban,3.0
45763,County_45763,Vermont,2.0,Urban,2.0
44585,County_44585,Utah,3.0,Urban,3.0
36441,County_36441,Oklahoma,3.0,Urban,3.0
54881,County_54881,Other,8.0,Rural,6.0
24373,County_24373,Mississippi,8.0,Rural,6.0
26489,County_26489,Montana,9.0,Rural,6.0
32069,County_32069,New York,2.0,Urban,2.0
14379,County_14379,Indiana,9.0,Rural,6.0
56867,County_56867,Other,6.0,Rural,5.0
19539,County_19539,Maine,2.0,Urban,2.0
17577,County_17577,Kentucky,9.0,Rural,6.0
48921,County_48921,West Virginia,9.0,Rural,6.0
17761,County_17761,Kentucky,8.0,Rural,6.0
50257,County_50257,Wyoming,1.0,Urban,1.0
34445,County_34445,North Dakota,2.0,Urban,2.0
20199,County_20199,Maryland,8.0,Rural,6.0
24979,County_24979,Mississippi,8.0,Rural,6.0
55949,County_55949,Other,9.0,Rural,6.0
6175,County_6175,Colorado,9.0,Rural,6.0
3131,County_3131,Arizona,2.0,Urban,2.0
37719,County_37719,Oregon,4.0,Suburban/Small City,4.0
4847,County_4847,Arkansas,5.0,Suburban/Small City,4.0
23109,County_23109,Minnesota,8.0,Rural,6.0
31809,County_31809,New Mexico,1.0,Urban,1.0
12405,County_12405,Idaho,8.0,Rural,6.0
25499,County_25499,Missouri,4.0,Suburban/Small City,4.0
19159,County_19159,Maine,2.0,Urban,2.0
39267,County_39267,Rhode Island,3.0,Urban,3.0
32811,County_32811,New York,9.0,Rural,6.0
41525,County_41525,South Dakota,9.0,Rural,6.0
6851,County_6851,Colorado,6.0,Rural,5.0
49099,County_49099,Wisconsin,8.0,Rural,6.0
14453,County_14453,Indiana,1.0,Urban,1.0
22673,County_22673,Michigan,8.0,Rural,6.0
52721,County_52721,Other,1.0,Urban,1.0
47875,County_47875,Washington,8.0,Rural,6.0
44779,County_44779,Utah,1.0,Urban,1.0
44097,County_44097,Utah,1.0,Urban,1.0
24509,County_24509,Mississippi,9.0,Rural,6.0
46995,County_46995,Virginia,8.0,Rural,6.0
46611,County_46611,Virginia,9.0,Rural,6.0
15227,County_15227,Iowa,7.0,Rural,5.0
41053,County_41053,South Dakota,8.0,Rural,6.0
54657,County_54657,Other,6.0,Rural,5.0
13319,County_13319,Illinois,2.0,Urban,2.0
43249,County_43249,Texas,9.0,Rural,6.0
5965,County_5965,California,3.0,Urban,3.0
1207,County_1207,Alabama,8.0,Rural,6.0
56953,County_56953,Other,7.0,Rural,5.0
2263,County_2263,Alaska,8.0,Rural,6.0
36411,County_36411,Oklahoma,9.0,Rural,6.0
8715,County_8715,Delaware,3.0,Urban,3.0
41637,County_41637,South Dakota,5.0,Suburban/Small City,4.0
11065,County_11065,Hawaii,5.0,Suburban/Small City,4.0
20971,County_20971,Maryland,9.0,Rural,6.0
15923,County_15923,Iowa,1.0,Urban,1.0
18767,County_18767,Louisiana,5.0,Suburban/Small City,4.0
24717,County_24717,Mississippi,1.0,Urban,1.0
27885,County_27885,Nebraska,1.0,Urban,1.0
2057,County_2057,Alaska,8.0,Rural,6.0
25345,County_25345,Missouri,8.0,Rural,6.0
44717,County_44717,Utah,1.0,Urban,1.0
49871,County_49871,Wisconsin,9.0,Rural,6.0
45069,County_45069,Vermont,3.0,Urban,3.0
49033,County_49033,Wisconsin,5.0,Suburban/Small City,4.0
15521,County_15521,Iowa,7.0,Rural,5.0
51747,County_51747,Other,2.0,Urban,2.0
19133,County_19133,Maine,4.0,Suburban/Small City,4.0
28183,County_28183,Nevada,8.0,Rural,6.0
34257,County_34257,North Dakota,1.0,Urban,1.0
2289,County_2289,Alaska,8.0,Rural,6.0
10221,County_10221,Georgia,6.0,Rural,5.0
54781,County_54781,Other,5.0,Suburban/Small City,4.0
17827,County_17827,Kentucky,2.0,Urban,2.0
11721,County_11721,Hawaii,3.0,Urban,3.0
40929,County_40929,South Carolina,2.0,Urban,2.0
39123,County_39123,Rhode Island,7.0,Rural,5.0
21225,County_21225,Massachusetts,6.0,Rural,5.0
36241,County_36241,Oklahoma,8.0,Rural,6.0
50579,County_50579,Wyoming,8.0,Rural,6.0
18469,County_18469,Louisiana,1.0,Urban,1.0
5371,County_5371,California,8.0,Rural,6.0
36215,County_36215,Oklahoma,3.0,Urban,3.0
44045,County_44045,Utah,8.0,Rural,6.0
4603,County_4603,Arkansas,9.0,Rural,6.0
54579,County_54579,Other,8.0,Rural,6.0
1337,County_1337,Alabama,1.0,Urban,1.0
51289,County_51289,Other,8.0,Rural,6.0
13827,County_13827,Illinois,5.0,Suburban/Small City,4.0
22015,County_22015,Michigan,4.0,Suburban/Small City,4.0
34827,County_34827,North Dakota,8.0,Rural,6.0
7933,County_7933,Connecticut,2.0,Urban,2.0
10219,County_10219,Georgia,6.0,Rural,5.0
29613,County_29613,New Hampshire,7.0,Rural,5.0
26453,County_26453,Montana,3.0,Urban,3.0
13807,County_13807,Illinois,8.0,Rural,6.0
39871,County_39871,Rhode Island,2.0,Urban,2.0
47661,County_47661,Washington,3.0,Urban,3.0
9435,County_9435,Florida,9.0,Rural,6.0
28821,County_28821,Nevada,6.0,Rural,5.0
40065,County_40065,South Carolina,6.0,Rural,5.0
8063,County_8063,Delaware,9.0,Rural,6.0
44099,County_44099,Utah,2.0,Urban,2.0
1817,County_1817,Alabama,8.0,Rural,6.0
27953,County_27953,Nebraska,8.0,Rural,6.0
47515,County_47515,Washington,9.0,Rural,6.0
52761,County_52761,Other,5.0,Suburban/Small City,4.0
41147,County_41147,South Dakota,8.0,Rural,6.0
6115,County_6115,Colorado,1.0,Urban,1.0
51319,County_51319,Other,2.0,Urban,2.0
5093,County_5093,California,8.0,Rural,6.0
12233,County_12233,Idaho,8.0,Rural,6.0
31055,County_31055,New Mexico,8.0,Rural,6.0
56605,County_56605,Other,5.0,Suburban/Small City,4.0
2991,County_2991,Alaska,6.0,Rural,5.0
29629,County_29629,New Hampshire,9.0,Rural,6.0
27933,County_27933,Nebraska,2.0,Urban,2.0
10583,County_10583,Georgia,2.0,Urban,2.0
22705,County_22705,Michigan,8.0,Rural,6.0
47661,County_47661,Washington,4.0,Suburban/Small City,4.0
15457,County_15457,Iowa,9.0,Rural,6.0
53493,County_53493,Other,2.0,Urban,2.0
10115,County_10115,Georgia,1.0,Urban,1.0
37755,County_37755,Oregon,3.0,Urban,3.0
19235,County_19235,Maine,1.0,Urban,1.0
53081,County_53081,Other,6.0,Rural,5.0
16113,County_16113,Kansas,7.0,Rural,5.0
29797,County_29797,New Hampshire,8.0,Rural,6.0
44773,County_44773,Utah,2.0,Urban,2.0
16417,County_16417,Kansas,7.0,Rural,5.0
15627,County_15627,Iowa,7.0,Rural,5.0
31323,County_31323,New Mexico,8.0,Rural,6.0
49145,County_49145,Wisconsin,3.0,Urban,3.0
4511,County_4511,Arkansas,6.0,Rural,5.0
8201,County_8201,Delaware,2.0,Urban,2.0
32679,County_32679,New York,3.0,Urban,3.0
4049,County_4049,Arkansas,4.0,Suburban/Small City,4.0
6127,County_6127,Colorado,3.0,Urban,3.0
39823,County_39823,Rhode Island,2.0,Urban,2.0
27213,County_27213,Nebraska,9.0,Rural,6.0
24937,County_24937,Mississippi,1.0,Urban,1.0
45193,County_45193,Vermont,7.0,Rural,5.0
2457,County_2457,Alaska,9.0,Rural,6.0
44263,County_44263,Utah,3.0,Urban,3.0
7597,County_7597,Connecticut,9.0,Rural,6.0
25711,County_25711,Missouri,8.0,Rural,6.0
44561,County_44561,Utah,2.0,Urban,2.0
8811,County_8811,Delaware,2.0,Urban,2.0
18653,County_18653,Louisiana,2.0,Urban,2.0
32431,County_32431,New York,6.0,Rural,5.0
50431,County_50431,Wyoming,2.0,Urban,2.0
32477,County_32477,New York,1.0,Urban,1.0
19813,County_19813,Maine,9.0,Rural,6.0
35437,County_35437,Ohio,1.0,Urban,1.0
50661,County_50661,Wyoming,7.0,Rural,5.0
36969,County_36969,Oklahoma,6.0,Rural,5.0
56335,County_56335,Other,1.0,Urban,1.0
31787,County_31787,New Mexico,7.0,Rural,5.0
13851,County_13851,Illinois,5.0,Suburban/Small City,4.0
41515,County_41515,South Dakota,8.0,Rural,6.0
31899,County_31899,New Mexico,8.0,Rural,6.0
46211,County_46211,Virginia,1.0,Urban,1.0
47165,County_47165,Washington,1.0,Urban,1.0
40341,County_40341,South Carolina,8.0,Rural,6.0
10049,County_10049,Georgia,7.0,Rural,5.0
20751,County_20751,Maryland,6.0,Rural,5.0
41269,County_41269,South Dakota,1.0,Urban,1.0
4235,County_4235,Arkansas,3.0,Urban,3.0
24581,County_24581,Mississippi,4.0,Suburban/Small City,4.0
6549,County_6549,Colorado,1.0,Urban,1.0
43041,County_43041,Texas,7.0,Rural,5.0
54831,County_54831,Other,7.0,Rural,5.0
33657,County_33657,North Carolina,9.0,Rural,6.0
4873,County_4873,Arkansas,1.0,Urban,1.0
26811,County_26811,Montana,6.0,Rural,5.0
44401,County_44401,Utah,9.0,Rural,6.0
2631,County_2631,Alaska,9.0,Rural,6.0
19667,County_19667,Maine,6.0,Rural,5.0
14657,County_14657,Indiana,9.0,Rural,6.0
36755,County_36755,Oklahoma,1.0,Urban,1.0
33141,County_33141,North Carolina,8.0,Rural,6.0
28969,County_28969,Nevada,9.0,Rural,6.0
45273,County_45273,Vermont,1.0,Urban,1.0
34833,County_34833,North Dakota,1.0,Urban,1.0
30813,County_30813,New Jersey,6.0,Rural,5.0
7487,County_7487,Connecticut,5.0,Suburban/Small City,4.0
26485,County_26485,Montana,8.0,Rural,6.0
39747,County_39747,Rhode Island,2.0,Urban,2.0
33813,County_33813,North Carolina,1.0,Urban,1.0
22949,County_22949,Michigan,4.0,Suburban/Small City,4.0
10947,County_10947,Georgia,3.0,Urban,3.0
31051,County_31051,New Mexico,9.0,Rural,6.0
17607,County_17607,Kentucky,2.0,Urban,2.0
10643,County_10643,Georgia,1.0,Urban,1.0
5417,County_5417,California,6.0,Rural,5.0
4899,County_4899,Arkansas,9.0,Rural,6.0
44115,County_44115,Utah,8.0,Rural,6.0
53831,County_53831,Other,2.0,Urban,2.0
5063,County_5063,California,5.0,Suburban/Small City,4.0
33127,County_33127,North Carolina,2.0,Urban,2.0
22301,County_22301,Michigan,9.0,Rural,6.0
37961,County_37961,Oregon,9.0,Rural,6.0
31939,County_31939,New Mexico,6.0,Rural,5.0
16489,County_16489,Kansas,1.0,Urban,1.0
43567,County_43567,Texas,8.0,Rural,6.0
51229,County_51229,Other,6.0,Rural,5.0
51073,County_51073,Other,9.0,Rural,6.0
17455,County_17455,Kentucky,9.0,Rural,6.0
16965,County_16965,Kansas,6.0,Rural,5.0
22861,County_22861,Michigan,1.0,Urban,1.0
10155,County_10155,Georgia,6.0,Rural,5.0
3251,County_3251,Arizona,2.0,Urban,2.0
1699,County_1699,Alabama,1.0,Urban,1.0
27917,County_27917,Nebraska,8.0,Rural,6.0
27919,County_27919,Nebraska,5.0,Suburban/Small City,4.0
1795,County_1795,Alabama,9.0,Rural,6.0
4677,County_4677,Arkansas,9.0,Rural,6.0
55119,County_55119,Other,3.0,Urban,3.0
6841,County_6841,Colorado,1.0,Urban,1.0
30147,County_30147,New Jersey,2.0,Urban,2.0
41169,County_41169,South Dakota,7.0,Rural,5.0
48827,County_48827,West Virginia,6.0,Rural,5.0
42191,County_42191,Tennessee,8.0,Rural,6.0
12579,County_12579,Idaho,9.0,Rural,6.0
28869,County_28869,Nevada,3.0,Urban,3.0
12671,County_12671,Idaho,3.0,Urban,3.0
14901,County_14901,Indiana,9.0,Rural,6.0
49397,County_49397,Wisconsin,6.0,Rural,5.0
26443,County_26443,Montana,6.0,Rural,5.0
12089,County_12089,Idaho,6.0,Rural,5.0
28315,County_28315,Nevada,2.0,Urban,2.0
11429,County_11429,Hawaii,2.0,Urban,2.0
4027,County_4027,Arkansas,3.0,Urban,3.0
2655,County_2655,Alaska,8.0,Rural,6.0
56181,County_56181,Other,9.0,Rural,6.0
18103,County_18103,Louisiana,6.0,Rural,5.0
47193,County_47193,Washington,4.0,Suburban/Small City,4.0
11505,County_11505,Hawaii,8.0,Rural,6.0
29027,County_29027,New Hampshire,9.0,Rural,6.0
43311,County_43311,Texas,8.0,Rural,6.0
56031,County_56031,Other,6.0,Rural,5.0
54879,County_54879,Other,9.0,Rural,6.0
35363,County_35363,Ohio,2.0,Urban,2.0
22637,County_22637,Michigan,5.0,Suburban/Small City,4.0
26909,County_26909,Montana,8.0,Rural,6.0
20269,County_20269,Maryland,3.0,Urban,3.0
11335,County_11335,Hawaii,6.0,Rural,5.0
15681,County_15681,Iowa,1.0,Urban,1.0
42165,County_42165,Tennessee,8.0,Rural,6.0
48335,County_48335,West Virginia,5.0,Suburban/Small City,4.0
3143,County_3143,Arizona,7.0,Rural,5.0
41139,County_41139,South Dakota,8.0,Rural,6.0
36987,County_36987,Oklahoma,6.0,Rural,5.0
43135,County_43135,Texas,1.0,Urban,1.0
40011,County_40011,South Carolina,8.0,Rural,6.0
14785,County_14785,Indiana,2.0,Urban,2.0
15711,County_15711,Iowa,1.0,Urban,1.0
51529,County_51529,Other,7.0,Rural,5.0
3547,County_3547,Arizona,1.0,Urban,1.0
15151,County_15151,Iowa,6.0,Rural,5.0
55429,County_55429,Other,9.0,Rural,6.0
39145,County_39145,Rhode Island,1.0,Urban,1.0
3943,County_3943,Arizona,7.0,Rural,5.0
19149,County_19149,Maine,9.0,Rural,6.0
55119,County_55119,Other,6.0,Rural,5.0
54963,County_54963,Other,4.0,Suburban/Small City,4.0
36969,County_36969,Oklahoma,2.0,Urban,2.0
31141,County_31141,New Mexico,1.0,Urban,1.0
23647,County_23647,Minnesota,8.0,Rural,6.0
16515,County_16515,Kansas,2.0,Urban,2.0
56191,County_56191,Other,9.0,Rural,6.0
56349,County_56349,Other,7.0,Rural,5.0
14689,County_14689,Indiana,8.0,Rural,6.0
38827,County_38827,Pennsylvania,5.0,Suburban/Small City,4.0
39591,County_39591,Rhode Island,3.0,Urban,3.0
37471,County_37471,Oregon,1.0,Urban,1.0
43909,County_43909,Texas,1.0,Urban,1.0
53263,County_53263,Other,6.0,Rural,5.0
35183,County_35183,Ohio,4.0,Suburban/Small City,4.0
52019,County_52019,Other,3.0,Urban,3.0
29929,County_29929,New Hampshire,9.0,Rural,6.0
38659,County_38659,Pennsylvania,4.0,Suburban/Small City,4.0
40873,County_40873,South Carolina,5.0,Suburban/Small City,4.0
23391,County_23391,Minnesota,7.0,Rural,5.0
38441,County_38441,Pennsylvania,2.0,Urban,2.0
37579,County_37579,Oregon,2.0,Urban,2.0
43275,County_43275,Texas,9.0,Rural,6.0
40119,County_40119,South Carolina,2.0,Urban,2.0
22351,County_22351,Michigan,7.0,Rural,5.0
22911,County_22911,Michigan,8.0,Rural,6.0
1843,County_1843,Alabama,6.0,Rural,5.0
40623,County_40623,South Carolina,8.0,Rural,6.0
11597,County_11597,Hawaii,8.0,Rural,6.0
24745,County_24745,Mississippi,8.0,Rural,6.0
2555,County_2555,Alaska,6.0,Rural,5.0
12041,County_12041,Idaho,9.0,Rural,6.0
29673,County_29673,New Hampshire,1.0,Urban,1.0
54899,County_54899,Other,3.0,Urban,3.0
45325,County_45325,Vermont,8.0,Rural,6.0
31121,County_31121,New Mexico,8.0,Rural,6.0
16947,County_16947,Kansas,2.0,Urban,2.0
15975,County_15975,Iowa,3.0,Urban,3.0
55911,County_55911,Other,9.0,Rural,6.0
21601,County_21601,Massachusetts,8.0,Rural,6.0
33579,County_33579,North Carolina,7.0,Rural,5.0
15039,County_15039,Iowa,5.0,Suburban/Small City,4.0
28015,County_28015,Nevada,8.0,Rural,6.0
39643,County_39643,Rhode Island,4.0,Suburban/Small City,4.0
36817,County_36817,Oklahoma,7.0,Rural,5.0
13489,County_13489,Illinois,1.0,Urban,1.0
46343,County_46343,Virginia,9.0,Rural,6.0
53577,County_53577,Other,2.0,Urban,2.0
33913,County_33913,North Carolina,9.0,Rural,6.0
30059,County_30059,New Jersey,7.0,Rural,5.0
24283,County_24283,Mississippi,8.0,Rural,6.0
53073,County_53073,Other,1.0,Urban,1.0
35383,County_35383,Ohio,3.0,Urban,3.0
35899,County_35899,Ohio,6.0,Rural,5.0
14181,County_14181,Indiana,9.0,Rural,6.0
24403,County_24403,Mississippi,2.0,Urban,2.0
45775,County_45775,Vermont,1.0,Urban,1.0
34853,County_34853,North Dakota,1.0,Urban,1.0
39169,County_39169,Rhode Island,6.0,Rural,5.0
12153,County_12153,Idaho,6.0,Rural,5.0
44963,County_44963,Utah,2.0,Urban,2.0
30015,County_30015,New Jersey,3.0,Urban,3.0
15441,County_15441,Iowa,4.0,Suburban/Small City,4.0
35697,County_35697,Ohio,9.0,Rural,6.0
21041,County_21041,Massachusetts,8.0,Rural,6.0
20997,County_20997,Maryland,1.0,Urban,1.0
23727,County_23727,Minnesota,9.0,Rural,6.0
1131,County_1131,Alabama,8.0,Rural,6.0
15291,County_15291,Iowa,6.0,Rural,5.0
1121,County_1121,Alabama,4.0,Suburban/Small City,4.0
16419,County_16419,Kansas,3.0,Urban,3.0
9137,County_9137,Florida,7.0,Rural,5.0
47513,County_47513,Washington,6.0,Rural,5.0
34943,County_34943,North Dakota,8.0,Rural,6.0
7063,County_7063,Connecticut,3.0,Urban,3.0
2543,County_2543,Alaska,7.0,Rural,5.0
37875,County_37875,Oregon,7.0,Rural,5.0
22517,County_22517,Michigan,8.0,Rural,6.0
17989,County_17989,Kentucky,8.0,Rural,6.0
51105,County_51105,Other,8.0,Rural,6.0
55799,County_55799,Other,9.0,Rural,6.0
55567,County_55567,Other,7.0,Rural,5.0
1865,County_1865,Alabama,1.0,Urban,1.0
44407,County_44407,Utah,9.0,Rural,6.0
43115,County_43115,Texas,5.0,Suburban/Small City,4.0
17057,County_17057,Kentucky,2.0,Urban,2.0
7873,County_7873,Connecticut,3.0,Urban,3.0
10921,County_10921,Georgia,6.0,Rural,5.0
50697,County_50697,Wyoming,1.0,Urban,1.0
18015,County_18015,Louisiana,7.0,Rural,5.0
4583,County_4583,Arkansas,1.0,Urban,1.0
5729,County_5729,California,7.0,Rural,5.0
41363,County_41363,South Dakota,9.0,Rural,6.0
18279,County_18279,Louisiana,7.0,Rural,5.0
29389,County_29389,New Hampshire,7.0,Rural,5.0
39737,County_39737,Rhode Island,9.0,Rural,6.0
27021,County_27021,Nebraska,9.0,Rural,6.0
39175,County_39175,Rhode Island,7.0,Rural,5.0
46547,County_46547,Virginia,8.0,Rural,6.0
24901,County_24901,Mississippi,8.0,Rural,6.0
26067,County_26067,Montana,1.0,Urban,1.0
6119,County_6119,Colorado,7.0,Rural,5.0
56561,County_56561,Other,6.0,Rural,5.0
45301,County_45301,Vermont,9.0,Rural,6.0
42373,County_42373,Tennessee,6.0,Rural,5.0
31237,County_31237,New Mexico,2.0,Urban,2.0
54791,County_54791,Other,9.0,Rural,6.0
39169,County_39169,Rhode Island,3.0,Urban,3.0
33989,County_33989,North Carolina,8.0,Rural,6.0
27889,County_27889,Nebraska,3.0,Urban,3.0
17591,County_17591,Kentucky,7.0,Rural,5.0
28805,County_28805,Nevada,8.0,Rural,6.0
26547,County_26547,Montana,2.0,Urban,2.0
50509,County_50509,Wyoming,9.0,Rural,6.0
17925,County_17925,Kentucky,3.0,Urban,3.0
31143,County_31143,New Mexico,1.0,Urban,1.0
22465,County_22465,Michigan,7.0,Rural,5.0
46315,County_46315,Virginia,2.0,Urban,2.0
53895,County_53895,Other,7.0,Rural,5.0
46045,County_46045,Virginia,7.0,Rural,5.0
28101,County_28101,Nevada,8.0,Rural,6.0
50817,County_50817,Wyoming,1.0,Urban,1.0
36995,County_36995,Oklahoma,6.0,Rural,5.0
49429,County_49429,Wisconsin,7.0,Rural,5.0
51279,County_51279,Other,6.0,Rural,5.0
21575,County_21575,Massachusetts,3.0,Urban,3.0
42957,County_42957,Tennessee,9.0,Rural,6.0
9619,County_9619,Florida,7.0,Rural,5.0
2139,County_2139,Alaska,3.0,Urban,3.0
1719,County_1719,Alabama,3.0,Urban,3.0
36373,County_36373,Oklahoma,6.0,Rural,5.0
42897,County_42897,Tennessee,2.0,Urban,2.0
55695,County_55695,Other,8.0,Rural,6.0
46769,County_46769,Virginia,9.0,Rural,6.0
15639,County_15639,Iowa,9.0,Rural,6.0
4975,County_4975,Arkansas,9.0,Rural,6.0
13137,County_13137,Illinois,3.0,Urban,3.0
40525,County_40525,South Carolina,2.0,Urban,2.0
41323,County_41323,South Dakota,9.0,Rural,6.0
50191,County_50191,Wyoming,3.0,Urban,3.0
3557,County_3557,Arizona,8.0,Rural,6.0
21963,County_21963,Massachusetts,8.0,Rural,6.0
12421,County_12421,Idaho,6.0,Rural,5.0
15171,County_15171,Iowa,9.0,Rural,6.0
19773,County_19773,Maine,5.0,Suburban/Small City,4.0
46105,County_46105,Virginia,9.0,Rural,6.0
1145,County_1145,Alabama,4.0,Suburban/Small City,4.0
47197,County_47197,Washington,3.0,Urban,3.0
53055,County_53055,Other,3.0,Urban,3.0
41759,County_41759,South Dakota,2.0,Urban,2.0
35149,County_35149,Ohio,8.0,Rural,6.0
53793,County_53793,Other,9.0,Rural,6.0
43405,County_43405,Texas,6.0,Rural,5.0
29193,County_29193,New Hampshire,9.0,Rural,6.0
14447,County_14447,Indiana,8.0,Rural,6.0
42299,County_42299,Tennessee,8.0,Rural,6.0
13801,County_13801,Illinois,9.0,Rural,6.0
27265,County_27265,Nebraska,9.0,Rural,6.0
42241,County_42241,Tennessee,7.0,Rural,5.0
28209,County_28209,Nevada,4.0,Suburban/Small City,4.0
36561,County_36561,Oklahoma,8.0,Rural,6.0
45853,County_45853,Vermont,7.0,Rural,5.0
15233,County_15233,Iowa,3.0,Urban,3.0
16363,County_16363,Kansas,4.0,Suburban/Small City,4.0
25941,County_25941,Missouri,1.0,Urban,1.0
21507,County_21507,Massachusetts,5.0,Suburban/Small City,4.0
1835,County_1835,Alabama,4.0,Suburban/Small City,4.0
38865,County_38865,Pennsylvania,1.0,Urban,1.0
38437,County_38437,Pennsylvania,6.0,Rural,5.0
5659,County_5659,California,3.0,Urban,3.0
1703,County_1703,Alabama,6.0,Rural,5.0
24321,County_24321,Mississippi,2.0,Urban,2.0
30891,County_30891,New Jersey,6.0,Rural,5.0
13537,County_13537,Illinois,6.0,Rural,5.0
45027,County_45027,Vermont,6.0,Rural,5.0
52519,County_52519,Other,8.0,Rural,6.0
15869,County_15869,Iowa,1.0,Urban,1.0
17773,County_17773,Kentucky,3.0,Urban,3.0
17805,County_17805,Kentucky,9.0,Rural,6.0
7179,County_7179,Connecticut,8.0,Rural,6.0
40027,County_40027,South Carolina,1.0,Urban,1.0
54997,County_54997,Other,9.0,Rural,6.0
49239,County_49239,Wisconsin,3.0,Urban,3.0
28119,County_28119,Nevada,8.0,Rural,6.0
51203,County_51203,Other,2.0,Urban,2.0
24381,County_24381,Mississippi,3.0,Urban,3.0
42489,County_42489,Tennessee,3.0,Urban,3.0
9529,County_9529,Florida,8.0,Rural,6.0
23395,County_23395,Minnesota,3.0,Urban,3.0
1111,County_1111,Alabama,3.0,Urban,3.0
41461,County_41461,South Dakota,4.0,Suburban/Small City,4.0
24997,County_24997,Mississippi,9.0,Rural,6.0
22501,County_22501,Michigan,8.0,Rural,6.0
55043,County_55043,Other,9.0,Rural,6.0
24475,County_24475,Mississippi,7.0,Rural,5.0
5673,County_5673,California,6.0,Rural,5.0
29989,County_29989,New Hampshire,7.0,Rural,5.0
5363,County_5363,California,4.0,Suburban/Small City,4.0
35135,County_35135,Ohio,2.0,Urban,2.0
10067,County_10067,Georgia,2.0,Urban,2.0
3251,County_3251,Arizona,4.0,Suburban/Small City,4.0
39727,County_39727,Rhode Island,3.0,Urban,3.0
5835,County_5835,California,8.0,Rural,6.0
28127,County_28127,Nevada,5.0,Suburban/Small City,4.0
8401,County_8401,Delaware,8.0,Rural,6.0
47725,County_47725,Washington,1.0,Urban,1.0
45739,County_45739,Vermont,3.0,Urban,3.0
16769,County_16769,Kansas,2.0,Urban,2.0
21205,County_21205,Massachusetts,2.0,Urban,2.0
16631,County_16631,Kansas,7.0,Rural,5.0
47885,County_47885,Washington,4.0,Suburban/Small City,4.0
41863,County_41863,South Dakota,1.0,Urban,1.0
37455,County_37455,Oregon,9.0,Rural,6.0
16425,County_16425,Kansas,9.0,Rural,6.0
4423,County_4423,Arkansas,1.0,Urban,1.0
56553,County_56553,Other,6.0,Rural,5.0
21875,County_21875,Massachusetts,3.0,Urban,3.0
24957,County_24957,Mississippi,4.0,Suburban/Small City,4.0
18781,County_18781,Louisiana,8.0,Rural,6.0
11217,County_11217,Hawaii,5.0,Suburban/Small City,4.0
22695,County_22695,Michigan,7.0,Rural,5.0
