COUNTYFIPS,COUNTY,STATE,community_type,disability_rate_pct,child_disability_rate_pct,nonvet_disability_18_64_pct,vet_disability_18_64_pct
9261,County_9261,Florida,Rural,22.02,9.2,19.07,27.61
33417,County_33417,North Carolina,Rural,21.11,10.62,19.74,32.81
1695,County_1695,Alabama,Rural,30.73,16.46,27.43,34.74
28741,County_28741,Nevada,Suburban/Small City,26.54,14.98,17.77,34.45
37117,County_37117,Oregon,Rural,14.85,8.17,12.91,32.24
56427,County_56427,Other,Urban,13.62,7.43,11.1,27.29
42739,County_42739,Tennessee,Rural,14.75,6.33,13.43,32.26
2843,County_2843,Alaska,Urban,16.07,6.9,13.39,29.16
36055,County_36055,Oklahoma,Urban,27.09,15.37,23.27,32.03
11739,County_11739,Hawaii,Rural,18.72,10.1,15.4,19.17
3197,County_3197,Arizona,Rural,33.94,14.45,25.07,39.11
33939,County_33939,North Carolina,Urban,23.09,13.64,15.35,34.68
38811,County_38811,Pennsylvania,Rural,19.8,11.63,16.85,28.07
50149,County_50149,Wyoming,Rural,,7.88,19.04,28.27
31755,County_31755,New Mexico,Suburban/Small City,26.78,13.79,24.46,39.13
48027,County_48027,West Virginia,Urban,27.76,14.4,,33.83
56975,County_56975,Other,Urban,32.32,15.04,26.12,23.9
11023,County_11023,Hawaii,Rural,24.47,12.52,21.69,27.64
47603,County_47603,Washington,Urban,16.75,9.78,16.51,22.5
32545,County_32545,New York,Rural,33.25,17.77,29.09,45.16
48951,County_48951,West Virginia,Urban,18.9,11.36,17.17,26.86
12941,County_12941,Idaho,Rural,29.53,14.91,26.05,30.45
29835,County_29835,New Hampshire,Rural,21.12,10.52,18.49,25.62
28877,County_28877,Nevada,Rural,28.97,15.71,27.09,36.84
40139,County_40139,South Carolina,Rural,15.5,8.47,14.63,41.59
55031,County_55031,Other,Rural,21.22,11.88,16.74,37.39
51729,County_51729,Other,Rural,18.61,10.02,15.96,29.17
56219,County_56219,Other,Urban,20.76,10.44,17.78,23.69
10217,County_10217,Georgia,Urban,13.14,4.09,10.37,26.07
39397,County_39397,Rhode Island,Rural,17.46,7.09,16.18,39.44
27187,County_27187,Nebraska,Rural,26.94,14.24,21.95,40.13
53441,County_53441,Other,Rural,20.01,10.69,16.74,32.5
43713,County_43713,Texas,Urban,27.43,15.51,19.43,32.67
32867,County_32867,New York,Rural,11.18,6.45,10.12,25.49
34531,County_34531,North Dakota,Rural,14.48,8.5,15.13,19.76
23543,County_23543,Minnesota,Suburban/Small City,23.01,12.93,20.33,42.38
28911,County_28911,Nevada,Urban,26.3,13.37,21.71,38.75
23923,County_23923,Minnesota,Rural,16.26,5.7,12.67,30.55
56329,County_56329,Other,Urban,17.06,7.8,13.6,30.16
6253,County_6253,Colorado,Urban,24.37,,21.37,32.8
30691,County_30691,New Jersey,Urban,23.35,13.18,22.73,25.24
52325,County_52325,Other,Rural,12.61,6.58,9.98,15.98
55517,County_55517,Other,Rural,25.86,15.1,22.81,37.61
5805,County_5805,California,Urban,20.44,9.64,21.7,31.57
23243,County_23243,Minnesota,Rural,19.86,9.54,18.39,36.23
55125,County_55125,Other,Rural,13.65,10.98,14.99,28.02
21441,County_21441,Massachusetts,Urban,9.02,3.16,5.78,24.2
9001,County_9001,Florida,Rural,25.85,14.87,21.09,37.73
19807,County_19807,Maine,Rural,12.42,6.39,12.67,28.16
34247,County_34247,North Dakota,Urban,28.0,13.79,21.41,38.83
27585,County_27585,Nebraska,Urban,24.85,11.16,20.99,31.11
11447,County_11447,Hawaii,Urban,31.33,18.06,25.78,39.44
8341,County_8341,Delaware,Rural,17.64,12.44,14.56,31.36
49733,County_49733,Wisconsin,Urban,30.87,16.27,26.36,33.64
41359,County_41359,South Dakota,Urban,13.56,7.57,9.42,33.09
54961,County_54961,Other,Urban,22.4,11.15,18.81,35.59
31503,County_31503,New Mexico,Rural,33.05,17.24,27.95,45.93
14791,County_14791,Indiana,Rural,33.72,15.75,30.74,43.34
33477,County_33477,North Carolina,Rural,25.99,12.91,22.54,35.39
56141,County_56141,Other,Urban,,12.55,19.88,30.09
1363,County_1363,Alabama,Rural,31.31,13.91,28.54,31.27
44571,County_44571,Utah,Urban,9.84,6.37,7.19,21.59
14255,County_14255,Indiana,Rural,23.53,13.38,21.74,37.38
56709,County_56709,Other,Rural,17.46,8.66,17.54,27.87
23171,County_23171,Minnesota,Suburban/Small City,24.7,10.97,19.8,38.49
39457,County_39457,Rhode Island,Rural,20.98,11.33,18.26,28.53
12197,County_12197,Idaho,Rural,24.85,12.11,20.31,29.59
49845,County_49845,Wisconsin,Rural,13.86,8.22,10.76,28.52
48381,County_48381,West Virginia,Rural,18.41,5.59,17.14,37.07
39709,County_39709,Rhode Island,Suburban/Small City,22.37,,17.15,37.28
40223,County_40223,South Carolina,Rural,16.29,6.87,14.56,24.28
9441,County_9441,Florida,Urban,11.97,5.83,7.07,20.23
14423,County_14423,Indiana,Rural,,5.16,12.28,17.86
30565,County_30565,New Jersey,Urban,8.59,3.67,9.27,17.39
23479,County_23479,Minnesota,Urban,14.76,7.96,11.58,36.21
49315,County_49315,Wisconsin,Urban,24.54,13.13,21.84,25.42
41105,County_41105,South Dakota,Urban,20.44,9.18,17.22,33.17
46793,County_46793,Virginia,Rural,27.25,12.99,26.24,32.07
44109,County_44109,Utah,Urban,25.45,11.9,23.71,28.87
2933,County_2933,Alaska,Rural,31.41,18.49,24.27,40.86
9957,County_9957,Florida,Urban,15.64,10.46,14.14,32.45
2787,County_2787,Alaska,Rural,32.19,15.82,27.29,40.15
34335,County_34335,North Dakota,Urban,,,13.41,31.98
54463,County_54463,Other,Rural,19.69,9.81,13.57,30.43
46583,County_46583,Virginia,Urban,10.73,3.83,5.66,24.87
1573,County_1573,Alabama,Urban,31.48,16.33,21.13,
13057,County_13057,Illinois,Rural,20.94,11.62,19.61,27.94
54617,County_54617,Other,Rural,12.23,4.12,12.38,28.52
8265,County_8265,Delaware,Rural,23.5,,21.15,31.77
51595,County_51595,Other,Rural,24.61,16.15,18.38,32.05
12079,County_12079,Idaho,Rural,,12.16,20.69,28.43
51677,County_51677,Other,Rural,30.92,15.03,23.4,40.66
28493,County_28493,Nevada,Rural,,11.7,20.66,28.46
14961,County_14961,Indiana,Suburban/Small City,,4.62,9.25,23.69
3159,County_3159,Arizona,Urban,,5.18,10.17,22.49
55607,County_55607,Other,Rural,19.41,11.79,15.74,33.43
24679,County_24679,Mississippi,Urban,27.52,14.46,22.67,31.65
21725,County_21725,Massachusetts,Urban,14.98,10.92,12.39,27.08
42897,County_42897,Tennessee,Rural,28.56,13.17,26.08,39.52
41827,County_41827,South Dakota,Suburban/Small City,21.88,11.29,18.62,
30667,County_30667,New Jersey,Urban,26.14,11.98,22.33,35.04
53823,County_53823,Other,Suburban/Small City,22.01,10.09,16.77,33.09
23893,County_23893,Minnesota,Suburban/Small City,29.74,15.74,23.71,21.92
24639,County_24639,Mississippi,Urban,29.46,11.94,27.47,38.97
4315,County_4315,Arkansas,Rural,,15.31,23.54,33.88
4071,County_4071,Arkansas,Urban,13.16,5.8,10.68,25.67
43065,County_43065,Texas,Urban,,13.98,17.69,37.26
12669,County_12669,Idaho,Suburban/Small City,25.8,13.66,21.92,39.73
48991,County_48991,West Virginia,Rural,27.0,14.5,21.57,30.23
21949,County_21949,Massachusetts,Suburban/Small City,8.25,,6.21,26.21
27501,County_27501,Nebraska,Rural,12.3,6.79,9.28,29.84
6159,County_6159,Colorado,Rural,17.08,,12.61,25.85
49449,County_49449,Wisconsin,Rural,17.1,10.33,12.95,26.84
39353,County_39353,Rhode Island,Rural,31.29,15.67,24.89,24.52
52567,County_52567,Other,Rural,32.48,16.36,26.59,42.58
2535,County_2535,Alaska,Urban,19.0,10.74,15.04,33.99
48527,County_48527,West Virginia,Urban,13.78,6.86,15.87,32.45
26307,County_26307,Montana,Suburban/Small City,27.29,13.07,19.95,39.65
33007,County_33007,North Carolina,Rural,13.11,5.87,9.34,24.57
55595,County_55595,Other,Urban,23.51,12.26,20.64,37.28
20833,County_20833,Maryland,Suburban/Small City,21.31,9.55,17.66,38.59
52685,County_52685,Other,Urban,25.77,12.88,25.68,34.93
10445,County_10445,Georgia,Urban,,7.68,15.0,32.89
53153,County_53153,Other,Urban,28.38,15.72,23.21,31.1
29449,County_29449,New Hampshire,Suburban/Small City,14.38,9.61,11.64,34.75
43179,County_43179,Texas,Rural,21.7,11.5,18.11,35.64
39339,County_39339,Rhode Island,Rural,20.65,8.19,16.38,25.83
43705,County_43705,Texas,Urban,17.64,9.9,10.13,26.64
33745,County_33745,North Carolina,Rural,17.15,10.4,12.62,39.12
12335,County_12335,Idaho,Urban,12.84,6.58,10.92,31.54
23573,County_23573,Minnesota,Urban,22.42,12.78,17.57,36.59
46635,County_46635,Virginia,Rural,22.79,12.76,16.98,26.92
7151,County_7151,Connecticut,Suburban/Small City,27.83,12.93,23.19,39.65
8681,County_8681,Delaware,Suburban/Small City,14.8,7.43,11.52,22.71
29903,County_29903,New Hampshire,Urban,24.5,12.37,24.32,32.42
32979,County_32979,New York,Suburban/Small City,32.46,16.7,26.93,42.28
48115,County_48115,West Virginia,Urban,21.42,11.31,19.77,37.81
13469,County_13469,Illinois,Rural,20.05,7.03,13.75,36.04
14375,County_14375,Indiana,Rural,20.44,10.1,17.63,
17185,County_17185,Kentucky,Urban,,8.31,15.59,29.62
25895,County_25895,Missouri,Urban,20.89,8.36,19.32,28.66
11583,County_11583,Hawaii,Rural,31.55,16.61,21.36,42.67
24151,County_24151,Mississippi,Rural,17.6,12.57,14.48,20.56
24391,County_24391,Mississippi,Suburban/Small City,25.28,10.91,15.99,36.63
11237,County_11237,Hawaii,Rural,10.41,4.71,8.04,20.22
12221,County_12221,Idaho,Rural,22.5,11.4,19.33,44.21
20417,County_20417,Maryland,Rural,29.26,11.84,22.69,32.19
19595,County_19595,Maine,Rural,13.94,7.79,13.96,24.42
30269,County_30269,New Jersey,Rural,21.16,8.69,16.07,26.82
32165,County_32165,New York,Suburban/Small City,30.67,16.52,24.67,37.96
1353,County_1353,Alabama,Urban,16.2,6.61,13.19,27.52
33153,County_33153,North Carolina,Suburban/Small City,29.53,12.84,24.13,43.05
52779,County_52779,Other,Urban,23.4,11.0,21.67,36.14
38755,County_38755,Pennsylvania,Urban,10.57,6.42,9.77,23.05
36617,County_36617,Oklahoma,Rural,14.88,8.69,10.31,30.76
53817,County_53817,Other,Rural,12.09,8.88,13.39,24.14
48115,County_48115,West Virginia,Urban,34.0,16.04,28.81,38.18
21251,County_21251,Massachusetts,Rural,12.31,6.6,10.49,20.71
15251,County_15251,Iowa,Rural,21.81,8.92,20.02,31.52
6907,County_6907,Colorado,Rural,29.68,16.48,24.93,42.26
53943,County_53943,Other,Suburban/Small City,30.78,16.42,24.84,38.38
5307,County_5307,California,Rural,17.0,7.82,11.15,24.33
43061,County_43061,Texas,Rural,10.5,5.5,9.69,28.03
52065,County_52065,Other,Rural,22.52,10.12,20.15,29.57
8375,County_8375,Delaware,Urban,26.59,13.84,22.63,30.03
55531,County_55531,Other,Rural,17.73,7.82,15.87,30.63
5365,County_5365,California,Urban,21.55,12.74,20.67,36.7
26115,County_26115,Montana,Urban,24.21,15.29,,37.92
24727,County_24727,Mississippi,Rural,26.11,12.27,22.86,32.15
26491,County_26491,Montana,Rural,23.41,12.43,20.64,21.19
19915,County_19915,Maine,Urban,28.15,14.63,21.23,37.03
29697,County_29697,New Hampshire,Urban,9.84,2.55,11.07,29.1
55325,County_55325,Other,Urban,21.36,11.73,18.84,28.86
7127,County_7127,Connecticut,Urban,26.1,13.73,22.05,37.78
24341,County_24341,Mississippi,Rural,32.89,17.43,27.48,41.37
18005,County_18005,Louisiana,Urban,25.45,10.66,26.02,41.72
14049,County_14049,Indiana,Rural,18.53,9.8,16.53,37.92
53751,County_53751,Other,Urban,25.64,11.15,21.7,25.59
28643,County_28643,Nevada,Rural,8.08,4.16,10.54,15.07
6209,County_6209,Colorado,Rural,23.0,8.13,17.53,37.76
25399,County_25399,Missouri,Urban,15.51,6.35,14.29,25.64
33039,County_33039,North Carolina,Urban,34.74,17.09,29.08,39.88
27849,County_27849,Nebraska,Urban,19.0,10.06,16.47,36.67
14337,County_14337,Indiana,Suburban/Small City,24.81,13.03,19.4,46.67
19525,County_19525,Maine,Urban,19.28,11.79,12.61,27.34
8951,County_8951,Delaware,Rural,28.91,13.32,25.0,39.05
28703,County_28703,Nevada,Urban,33.69,14.62,26.16,36.93
51357,County_51357,Other,Urban,29.58,15.61,26.0,35.05
35709,County_35709,Ohio,Suburban/Small City,34.95,16.13,29.08,47.31
24493,County_24493,Mississippi,Rural,,9.44,18.12,19.77
33987,County_33987,North Carolina,Rural,24.19,11.94,19.61,33.5
41199,County_41199,South Dakota,Urban,15.49,6.66,12.74,33.53
30835,County_30835,New Jersey,Urban,23.56,12.86,19.46,41.99
25167,County_25167,Missouri,Rural,22.08,12.08,19.62,29.63
11275,County_11275,Hawaii,Rural,18.25,,16.4,19.18
3323,County_3323,Arizona,Urban,20.93,8.77,19.45,38.8
50229,County_50229,Wyoming,Urban,20.7,8.17,15.37,24.13
9817,County_9817,Florida,Urban,29.07,11.95,25.48,27.92
26671,County_26671,Montana,Urban,13.36,7.27,13.27,16.87
20607,County_20607,Maryland,Suburban/Small City,14.65,8.57,14.08,26.9
31589,County_31589,New Mexico,Rural,27.98,12.91,25.11,37.83
35953,County_35953,Ohio,Urban,17.76,8.3,13.55,25.6
55987,County_55987,Other,Rural,13.01,8.55,,24.56
50577,County_50577,Wyoming,Urban,31.57,14.94,26.84,39.29
1753,County_1753,Alabama,Rural,21.08,11.98,16.95,31.62
28261,County_28261,Nevada,Rural,21.86,11.67,19.88,27.78
4503,County_4503,Arkansas,Urban,18.58,9.45,14.0,28.82
33907,County_33907,North Carolina,Urban,22.44,11.59,22.06,30.92
26753,County_26753,Montana,Urban,19.74,8.31,16.62,35.36
16723,County_16723,Kansas,Rural,15.37,7.9,10.6,25.7
20193,County_20193,Maryland,Rural,31.14,16.9,26.86,35.94
11037,County_11037,Hawaii,Rural,22.94,10.8,22.97,35.31
40635,County_40635,South Carolina,Urban,10.01,2.11,9.92,16.85
56937,County_56937,Other,Rural,22.02,10.19,17.52,25.11
44259,County_44259,Utah,Rural,33.95,20.0,29.84,28.33
42033,County_42033,Tennessee,Urban,24.63,14.69,21.23,36.56
38923,County_38923,Pennsylvania,Suburban/Small City,23.36,10.22,18.22,39.81
53381,County_53381,Other,Rural,21.55,9.03,17.71,38.28
20163,County_20163,Maryland,Urban,18.0,10.81,13.03,24.79
39633,County_39633,Rhode Island,Rural,24.37,11.36,25.33,33.13
34199,County_34199,North Dakota,Rural,22.3,12.63,17.52,28.72
9779,County_9779,Florida,Rural,21.73,10.82,14.1,22.36
32717,County_32717,New York,Suburban/Small City,18.37,8.12,16.89,37.57
26177,County_26177,Montana,Urban,22.42,10.39,18.68,16.49
8439,County_8439,Delaware,Rural,29.99,15.69,24.85,22.03
16225,County_16225,Kansas,Rural,28.91,14.71,26.77,27.67
42089,County_42089,Tennessee,Urban,18.34,9.26,16.33,24.47
38241,County_38241,Pennsylvania,Rural,,15.53,26.57,35.78
45443,County_45443,Vermont,Urban,32.42,16.7,24.04,33.51
21521,County_21521,Massachusetts,Urban,25.03,12.54,19.6,29.58
8477,County_8477,Delaware,Suburban/Small City,28.69,12.97,23.84,40.27
26983,County_26983,Montana,Suburban/Small City,18.53,9.86,19.58,28.17
24629,County_24629,Mississippi,Rural,,5.5,14.76,33.88
27743,County_27743,Nebraska,Rural,31.27,13.56,28.25,33.15
3123,County_3123,Arizona,Suburban/Small City,27.02,12.19,23.32,42.07
19091,County_19091,Maine,Rural,21.4,9.62,17.35,23.75
23951,County_23951,Minnesota,Rural,30.08,16.99,28.76,38.45
49109,County_49109,Wisconsin,Suburban/Small City,11.61,5.92,10.51,27.23
50695,County_50695,Wyoming,Rural,14.27,5.96,11.54,24.48
13401,County_13401,Illinois,Rural,20.4,9.11,19.21,27.95
45595,County_45595,Vermont,Urban,30.67,16.74,25.83,40.56
30955,County_30955,New Jersey,Rural,29.09,14.23,27.28,44.42
48429,County_48429,West Virginia,Urban,16.75,7.1,17.39,40.01
20207,County_20207,Maryland,Urban,17.66,9.83,12.72,43.59
56785,County_56785,Other,Urban,15.96,8.06,14.67,35.15
39239,County_39239,Rhode Island,Rural,35.94,16.35,30.4,43.63
15915,County_15915,Iowa,Urban,21.51,10.71,20.55,41.73
4913,County_4913,Arkansas,Rural,31.55,17.42,26.11,32.84
24409,County_24409,Mississippi,Rural,33.96,16.35,28.84,39.38
34181,County_34181,North Dakota,Rural,13.24,8.97,12.29,31.19
49791,County_49791,Wisconsin,Rural,30.7,14.49,25.64,40.82
14837,County_14837,Indiana,Rural,29.16,16.84,25.04,44.19
25271,County_25271,Missouri,Urban,14.75,7.01,11.3,29.06
38503,County_38503,Pennsylvania,Rural,17.31,7.81,12.85,30.36
53553,County_53553,Other,Suburban/Small City,29.23,15.98,22.8,32.47
24483,County_24483,Mississippi,Rural,20.32,11.37,18.55,33.22
4953,County_4953,Arkansas,Urban,25.37,13.53,21.8,34.1
42177,County_42177,Tennessee,Rural,14.46,8.18,12.79,26.73
21779,County_21779,Massachusetts,Rural,12.46,,,23.33
51985,County_51985,Other,Rural,24.81,12.47,20.94,33.39
40433,County_40433,South Carolina,Urban,18.65,10.65,16.15,27.89
48283,County_48283,West Virginia,Urban,24.77,14.4,19.75,42.86
22547,County_22547,Michigan,Urban,23.5,12.7,20.94,24.04
13699,County_13699,Illinois,Urban,29.04,15.84,26.51,40.22
20887,County_20887,Maryland,Urban,28.19,13.92,25.14,36.87
2661,County_2661,Alaska,Suburban/Small City,32.8,17.53,30.28,48.62
26439,County_26439,Montana,Urban,12.77,6.85,11.77,19.93
37169,County_37169,Oregon,Rural,20.35,10.26,16.27,37.91
20729,County_20729,Maryland,Urban,13.77,8.52,11.72,22.17
8675,County_8675,Delaware,Rural,25.84,9.46,21.11,26.09
19995,County_19995,Maine,Suburban/Small City,24.63,13.29,21.45,44.48
17163,County_17163,Kentucky,Rural,,4.43,7.36,19.93
14673,County_14673,Indiana,Urban,24.13,14.28,19.29,41.45
27507,County_27507,Nebraska,Rural,14.04,7.64,13.14,38.0
35353,County_35353,Ohio,Rural,28.69,15.98,23.39,32.42
23199,County_23199,Minnesota,Urban,21.97,12.17,21.99,28.69
6777,County_6777,Colorado,Rural,23.97,13.48,21.93,22.89
22207,County_22207,Michigan,Rural,22.23,12.28,20.86,34.03
19631,County_19631,Maine,Suburban/Small City,28.09,12.42,23.88,31.16
51037,County_51037,Other,Urban,16.71,,15.83,27.42
10237,County_10237,Georgia,Rural,,15.11,24.77,39.3
6883,County_6883,Colorado,Urban,19.17,9.35,14.35,31.07
10297,County_10297,Georgia,Rural,18.64,10.84,15.2,33.29
43169,County_43169,Texas,Rural,29.88,15.18,26.14,40.15
12317,County_12317,Idaho,Rural,14.03,8.25,11.09,25.67
49107,County_49107,Wisconsin,Urban,15.39,9.43,13.98,30.12
30077,County_30077,New Jersey,Rural,22.0,12.52,16.54,33.56
21009,County_21009,Massachusetts,Urban,19.89,8.91,16.12,26.37
39777,County_39777,Rhode Island,Urban,20.75,11.84,17.75,30.88
49677,County_49677,Wisconsin,Rural,25.25,13.38,18.6,30.33
26687,County_26687,Montana,Urban,17.36,8.4,14.87,33.14
20455,County_20455,Maryland,Urban,16.44,9.31,13.24,32.83
36631,County_36631,Oklahoma,Urban,23.57,11.48,19.65,33.58
19923,County_19923,Maine,Suburban/Small City,24.74,11.25,19.66,40.05
56401,County_56401,Other,Urban,34.98,20.0,32.38,38.72
8289,County_8289,Delaware,Rural,33.99,18.09,29.07,38.31
9661,County_9661,Florida,Suburban/Small City,31.3,13.82,25.96,41.46
38257,County_38257,Pennsylvania,Urban,16.93,10.58,17.28,31.23
18633,County_18633,Louisiana,Rural,29.48,15.55,22.88,38.67
33343,County_33343,North Carolina,Rural,22.38,12.72,21.56,33.12
42303,County_42303,Tennessee,Rural,20.69,9.83,19.16,31.6
54305,County_54305,Other,Suburban/Small City,23.46,13.59,20.55,32.24
20161,County_20161,Maryland,Urban,8.15,4.05,5.92,14.89
21675,County_21675,Massachusetts,Suburban/Small City,12.9,8.0,12.52,26.97
46697,County_46697,Virginia,Rural,11.93,5.91,10.66,20.53
11979,County_11979,Hawaii,Urban,25.81,11.16,21.1,44.81
54005,County_54005,Other,Rural,26.07,14.72,21.28,33.24
15169,County_15169,Iowa,Rural,24.0,9.68,18.65,32.0
39507,County_39507,Rhode Island,Rural,21.73,11.06,15.54,38.54
28721,County_28721,Nevada,Urban,27.22,14.2,21.33,48.37
33077,County_33077,North Carolina,Urban,14.19,5.5,12.56,21.5
53843,County_53843,Other,Urban,16.8,7.31,15.77,35.17
54743,County_54743,Other,Urban,19.92,11.45,19.43,26.86
42463,County_42463,Tennessee,Rural,19.87,10.22,19.69,18.83
50921,County_50921,Wyoming,Urban,10.62,5.2,6.9,18.8
44779,County_44779,Utah,Urban,29.03,15.07,30.29,42.58
30805,County_30805,New Jersey,Rural,11.6,7.88,7.84,14.42
55679,County_55679,Other,Rural,35.71,17.36,31.93,41.62
16113,County_16113,Kansas,Suburban/Small City,19.67,10.29,14.34,37.4
43217,County_43217,Texas,Urban,13.66,7.74,12.79,26.03
32849,County_32849,New York,Urban,16.81,9.43,14.9,34.78
45827,County_45827,Vermont,Urban,21.08,9.58,20.91,26.5
37909,County_37909,Oregon,Rural,27.19,13.37,19.8,43.45
17399,County_17399,Kentucky,Urban,29.92,13.75,24.25,42.74
38595,County_38595,Pennsylvania,Rural,30.95,14.56,28.14,
18085,County_18085,Louisiana,Rural,31.14,13.9,27.25,36.28
23215,County_23215,Minnesota,Urban,13.55,4.58,11.1,17.98
44921,County_44921,Utah,Rural,15.84,7.78,16.1,30.55
42815,County_42815,Tennessee,Suburban/Small City,19.46,8.94,17.32,28.58
8035,County_8035,Delaware,Urban,10.64,7.93,9.99,19.91
13951,County_13951,Illinois,Rural,16.56,8.64,13.18,30.68
44193,County_44193,Utah,Rural,21.86,9.25,20.22,34.37
13213,County_13213,Illinois,Urban,24.38,15.24,21.43,
26079,County_26079,Montana,Urban,18.09,10.74,16.82,30.66
40851,County_40851,South Carolina,Rural,22.8,10.81,16.51,33.78
38077,County_38077,Pennsylvania,Rural,26.09,10.64,20.99,24.31
31161,County_31161,New Mexico,Suburban/Small City,15.78,9.84,16.87,31.11
8135,County_8135,Delaware,Rural,21.38,10.77,20.84,33.6
29047,County_29047,New Hampshire,Suburban/Small City,19.25,9.36,16.8,15.32
15909,County_15909,Iowa,Rural,26.58,16.39,24.6,36.06
2319,County_2319,Alaska,Urban,,10.8,19.91,32.84
46267,County_46267,Virginia,Urban,26.32,,22.77,35.78
55631,County_55631,Other,Urban,25.53,12.73,20.82,32.74
28553,County_28553,Nevada,Suburban/Small City,14.59,7.86,14.24,29.28
12941,County_12941,Idaho,Rural,23.83,11.68,19.55,26.81
11591,County_11591,Hawaii,Urban,14.49,5.84,9.7,27.93
52257,County_52257,Other,Urban,25.01,9.43,19.61,23.01
33251,County_33251,North Carolina,Rural,15.72,8.53,13.84,24.85
3725,County_3725,Arizona,Urban,23.24,11.84,19.41,32.24
31417,County_31417,New Mexico,Rural,27.44,13.19,22.32,37.4
13149,County_13149,Illinois,Rural,22.38,11.59,19.87,34.87
40725,County_40725,South Carolina,Rural,23.42,10.33,,40.85
56063,County_56063,Other,Urban,14.75,6.73,,19.95
24317,County_24317,Mississippi,Urban,16.28,7.64,15.72,21.61
18341,County_18341,Louisiana,Urban,33.81,18.86,29.73,34.91
15601,County_15601,Iowa,Rural,21.86,12.12,20.53,38.49
2943,County_2943,Alaska,Urban,6.0,3.42,5.24,29.86
10949,County_10949,Georgia,Rural,20.77,9.73,16.19,
1041,County_1041,Alabama,Rural,31.69,18.35,28.76,36.93
9777,County_9777,Florida,Rural,24.5,11.7,21.65,33.82
27263,County_27263,Nebraska,Rural,18.9,10.58,17.55,33.67
1701,County_1701,Alabama,Urban,17.62,10.03,20.02,29.5
41389,County_41389,South Dakota,Rural,25.53,12.15,18.32,32.2
18099,County_18099,Louisiana,Urban,20.59,7.37,13.09,26.17
33977,County_33977,North Carolina,Suburban/Small City,15.55,8.69,13.46,36.5
32383,County_32383,New York,Rural,32.18,16.74,29.23,36.31
48105,County_48105,West Virginia,Suburban/Small City,24.25,12.33,20.54,28.34
5719,County_5719,California,Rural,9.63,2.3,10.76,16.41
21621,County_21621,Massachusetts,Rural,25.58,10.73,23.92,34.76
21237,County_21237,Massachusetts,Rural,25.03,17.11,24.04,43.56
51665,County_51665,Other,Urban,21.16,9.92,16.65,32.48
26887,County_26887,Montana,Rural,15.56,6.24,12.6,31.87
7849,County_7849,Connecticut,Rural,14.35,6.0,9.54,26.3
46889,County_46889,Virginia,Urban,12.83,5.63,11.14,
16355,County_16355,Kansas,Urban,18.94,7.27,18.48,30.03
17175,County_17175,Kentucky,Rural,14.43,8.58,16.16,20.15
56707,County_56707,Other,Rural,30.34,13.01,25.88,34.4
21071,County_21071,Massachusetts,Rural,16.46,6.3,13.36,27.08
34825,County_34825,North Dakota,Rural,21.0,9.95,17.66,36.33
38521,County_38521,Pennsylvania,Urban,23.82,13.57,24.01,26.42
55273,County_55273,Other,Rural,29.5,12.73,27.89,47.08
25471,County_25471,Missouri,Suburban/Small City,14.45,5.56,10.76,30.08
23357,County_23357,Minnesota,Urban,28.97,15.86,24.4,43.11
8215,County_8215,Delaware,Rural,31.19,,26.81,46.0
26945,County_26945,Montana,Rural,11.6,5.04,11.42,23.99
43269,County_43269,Texas,Rural,22.11,10.72,13.6,19.62
5749,County_5749,California,Rural,33.97,17.09,30.04,36.47
34923,County_34923,North Dakota,Urban,27.3,9.52,21.94,37.71
21557,County_21557,Massachusetts,Rural,20.02,10.84,14.46,32.82
52597,County_52597,Other,Rural,31.2,16.87,31.99,31.19
27993,County_27993,Nebraska,Urban,32.43,15.59,25.18,39.35
40159,County_40159,South Carolina,Rural,16.06,11.69,14.95,30.94
28781,County_28781,Nevada,Rural,29.68,14.18,22.54,36.03
45099,County_45099,Vermont,Rural,9.89,5.07,10.68,21.57
17679,County_17679,Kentucky,Suburban/Small City,19.77,10.53,,26.25
53289,County_53289,Other,Rural,21.8,8.93,19.64,29.52
44211,County_44211,Utah,Rural,15.71,6.4,14.86,33.34
30561,County_30561,New Jersey,Urban,21.66,10.06,19.43,38.0
20501,County_20501,Maryland,Rural,16.39,7.87,14.6,34.5
51407,County_51407,Other,Rural,12.81,4.41,9.87,26.88
27011,County_27011,Nebraska,Rural,26.56,13.25,19.77,31.86
38923,County_38923,Pennsylvania,Suburban/Small City,20.1,9.39,12.8,32.5
21681,County_21681,Massachusetts,Rural,26.58,12.76,24.42,26.81
8899,County_8899,Delaware,Suburban/Small City,25.94,11.28,23.35,30.88
14069,County_14069,Indiana,Urban,25.09,12.98,20.5,39.24
4615,County_4615,Arkansas,Urban,26.92,12.8,23.56,36.91
35427,County_35427,Ohio,Rural,27.61,15.19,,40.21
2549,County_2549,Alaska,Suburban/Small City,25.07,14.59,21.61,31.64
26209,County_26209,Montana,Rural,31.73,17.52,25.39,40.41
43117,County_43117,Texas,Rural,22.02,14.33,20.4,35.7
34889,County_34889,North Dakota,Rural,24.68,12.61,20.52,33.33
9819,County_9819,Florida,Rural,22.34,13.7,19.19,42.04
31887,County_31887,New Mexico,Rural,19.87,9.14,15.15,29.79
48807,County_48807,West Virginia,Rural,34.57,16.76,28.89,40.98
27447,County_27447,Nebraska,Rural,29.35,15.72,26.28,33.48
18273,County_18273,Louisiana,Urban,21.56,10.61,20.12,33.16
34399,County_34399,North Dakota,Urban,11.53,6.88,,25.06
17981,County_17981,Kentucky,Urban,30.51,16.86,,38.31
8393,County_8393,Delaware,Rural,26.06,13.84,17.65,34.18
22439,County_22439,Michigan,Urban,34.25,15.74,27.6,41.5
31785,County_31785,New Mexico,Rural,23.16,13.98,18.93,37.15
6853,County_6853,Colorado,Urban,28.88,16.3,26.19,35.97
16195,County_16195,Kansas,Suburban/Small City,21.95,12.61,20.64,30.82
16181,County_16181,Kansas,Suburban/Small City,24.4,11.33,22.94,32.82
8141,County_8141,Delaware,Rural,11.21,2.46,9.26,25.29
27479,County_27479,Nebraska,Rural,21.25,10.44,15.67,36.25
6177,County_6177,Colorado,Urban,16.61,7.98,13.42,30.42
17721,County_17721,Kentucky,Rural,28.92,14.9,25.7,37.75
1901,County_1901,Alabama,Urban,9.64,4.53,7.2,24.97
41619,County_41619,South Dakota,Rural,28.13,13.15,21.3,24.62
47163,County_47163,Washington,Urban,11.4,7.01,6.79,21.09
33181,County_33181,North Carolina,Urban,12.12,5.9,11.91,20.32
33085,County_33085,North Carolina,Rural,16.78,8.72,16.44,25.48
53981,County_53981,Other,Rural,20.75,10.12,18.97,35.16
28213,County_28213,Nevada,Rural,26.41,14.71,23.8,34.58
12067,County_12067,Idaho,Rural,19.66,10.16,18.16,29.78
5343,County_5343,California,Rural,16.96,10.18,14.36,37.4
46755,County_46755,Virginia,Rural,35.28,,30.45,40.59
7325,County_7325,Connecticut,Rural,16.92,8.32,15.03,22.48
49117,County_49117,Wisconsin,Urban,13.84,6.66,11.54,26.65
48533,County_48533,West Virginia,Urban,19.61,9.02,16.61,31.89
16777,County_16777,Kansas,Rural,26.39,14.96,24.25,35.89
37595,County_37595,Oregon,Urban,17.6,8.32,11.48,31.36
22493,County_22493,Michigan,Rural,15.67,7.0,14.5,23.13
2275,County_2275,Alaska,Rural,24.12,12.33,18.35,30.98
4643,County_4643,Arkansas,Rural,18.43,9.47,18.45,21.91
38739,County_38739,Pennsylvania,Rural,26.12,13.9,23.39,38.74
55373,County_55373,Other,Rural,16.02,10.73,12.69,38.06
54673,County_54673,Other,Rural,23.09,12.15,24.34,37.13
31063,County_31063,New Mexico,Rural,10.4,5.31,7.89,26.05
13589,County_13589,Illinois,Urban,27.79,13.43,23.32,40.7
5983,County_5983,California,Rural,18.07,9.77,16.59,28.87
11007,County_11007,Hawaii,Rural,12.08,6.71,11.6,19.01
28815,County_28815,Nevada,Urban,12.55,6.07,11.31,22.78
37719,County_37719,Oregon,Urban,18.36,10.37,11.77,21.3
8743,County_8743,Delaware,Suburban/Small City,18.34,9.08,12.1,34.18
45629,County_45629,Vermont,Rural,29.62,12.62,24.77,35.66
26301,County_26301,Montana,Rural,,13.4,21.7,31.22
35927,County_35927,Ohio,Urban,12.53,7.34,12.25,13.75
21201,County_21201,Massachusetts,Rural,25.33,11.07,19.72,
35409,County_35409,Ohio,Urban,25.59,9.01,23.65,36.4
16947,County_16947,Kansas,Urban,24.72,11.52,19.71,32.92
22519,County_22519,Michigan,Rural,19.95,8.85,20.87,37.37
38649,County_38649,Pennsylvania,Rural,9.99,6.19,10.63,22.82
17017,County_17017,Kentucky,Rural,31.96,16.56,27.71,39.24
41105,County_41105,South Dakota,Rural,15.02,6.23,14.66,29.28
16715,County_16715,Kansas,Rural,25.07,13.85,20.46,33.69
34483,County_34483,North Dakota,Rural,20.06,10.08,20.43,31.31
25785,County_25785,Missouri,Rural,29.5,14.5,26.0,34.21
8217,County_8217,Delaware,Rural,10.65,,8.92,26.4
34571,County_34571,North Dakota,Rural,,9.68,11.86,25.96
5757,County_5757,California,Urban,26.96,14.74,15.61,40.52
9769,County_9769,Florida,Rural,29.95,13.22,28.68,33.58
33615,County_33615,North Carolina,Rural,22.03,7.8,18.15,38.01
19369,County_19369,Maine,Urban,,18.16,29.52,33.11
32239,County_32239,New York,Urban,30.33,15.69,26.4,33.39
19115,County_19115,Maine,Urban,9.86,3.67,7.7,29.38
4513,County_4513,Arkansas,Suburban/Small City,16.49,8.22,15.93,30.1
32147,County_32147,New York,Rural,26.79,,22.24,35.77
4835,County_4835,Arkansas,Suburban/Small City,17.27,10.3,14.81,35.73
1763,County_1763,Alabama,Rural,15.0,7.63,10.92,26.02
4621,County_4621,Arkansas,Rural,21.59,13.15,18.87,35.42
34387,County_34387,North Dakota,Rural,31.63,16.79,26.24,
28045,County_28045,Nevada,Rural,24.91,12.45,20.29,36.25
16741,County_16741,Kansas,Urban,22.31,9.73,17.61,30.33
23947,County_23947,Minnesota,Rural,9.13,5.93,5.91,26.21
43879,County_43879,Texas,Rural,27.93,,22.67,40.91
55623,County_55623,Other,Rural,27.74,16.06,22.05,29.46
21777,County_21777,Massachusetts,Urban,28.5,14.42,21.44,38.99
32479,County_32479,New York,Urban,20.6,11.17,19.56,25.36
10963,County_10963,Georgia,Urban,13.79,5.83,12.85,32.0
50101,County_50101,Wyoming,Suburban/Small City,14.0,6.03,9.66,31.51
25989,County_25989,Missouri,Rural,29.86,12.2,25.24,37.58
35811,County_35811,Ohio,Rural,29.64,14.74,24.11,31.84
26961,County_26961,Montana,Rural,,14.85,25.55,36.61
20293,County_20293,Maryland,Suburban/Small City,14.4,6.89,11.43,27.64
30541,County_30541,New Jersey,Urban,13.17,6.89,9.92,21.72
50211,County_50211,Wyoming,Rural,12.0,6.86,14.61,23.53
27959,County_27959,Nebraska,Rural,14.0,6.58,12.13,28.84
36565,County_36565,Oklahoma,Rural,17.67,10.06,18.49,31.72
38017,County_38017,Pennsylvania,Rural,19.48,11.68,16.49,22.44
15083,County_15083,Iowa,Urban,34.24,16.77,27.9,42.12
50475,County_50475,Wyoming,Rural,15.89,7.97,14.41,33.45
40989,County_40989,South Carolina,Urban,35.36,16.76,28.62,48.26
48239,County_48239,West Virginia,Urban,,10.23,19.07,32.97
21353,County_21353,Massachusetts,Suburban/Small City,17.06,5.73,15.35,27.42
19479,County_19479,Maine,Rural,19.12,8.55,18.08,20.55
3869,County_3869,Arizona,Rural,22.89,12.94,19.88,20.04
12621,County_12621,Idaho,Rural,28.02,13.38,18.21,35.57
49409,County_49409,Wisconsin,Suburban/Small City,31.16,13.91,26.7,42.89
35815,County_35815,Ohio,Rural,19.27,8.22,15.91,28.3
4051,County_4051,Arkansas,Rural,31.1,16.86,26.92,35.67
49391,County_49391,Wisconsin,Rural,19.4,7.56,19.91,28.95
32555,County_32555,New York,Urban,10.79,6.68,8.69,22.92
11049,County_11049,Hawaii,Rural,34.31,,32.41,38.41
25671,County_25671,Missouri,Urban,15.39,7.02,12.5,22.28
4005,County_4005,Arkansas,Urban,28.07,14.62,23.94,31.98
19525,County_19525,Maine,Rural,21.5,12.72,19.83,38.95
51331,County_51331,Other,Rural,32.24,15.68,30.45,38.48
53087,County_53087,Other,Rural,20.01,9.72,14.87,26.81
46225,County_46225,Virginia,Rural,24.69,12.81,23.47,44.19
37775,County_37775,Oregon,Rural,24.05,11.63,20.16,38.0
16679,County_16679,Kansas,Rural,21.95,12.31,19.75,35.07
4861,County_4861,Arkansas,Urban,18.03,8.08,13.13,28.32
35051,County_35051,Ohio,Suburban/Small City,21.0,6.84,19.1,37.5
9843,County_9843,Florida,Rural,13.19,8.02,9.87,23.45
41835,County_41835,South Dakota,Rural,28.12,15.4,20.34,30.09
48451,County_48451,West Virginia,Urban,19.65,12.19,16.81,27.02
47645,County_47645,Washington,Urban,19.41,10.14,14.24,40.64
37163,County_37163,Oregon,Urban,32.47,16.95,23.3,42.88
12135,County_12135,Idaho,Urban,16.27,4.61,12.43,26.3
35863,County_35863,Ohio,Rural,27.51,13.9,19.14,24.05
30837,County_30837,New Jersey,Urban,17.49,8.82,13.51,24.72
55151,County_55151,Other,Suburban/Small City,27.0,15.1,22.95,36.05
55711,County_55711,Other,Urban,21.35,7.93,20.37,28.05
7357,County_7357,Connecticut,Rural,29.85,14.06,26.61,29.69
48647,County_48647,West Virginia,Urban,25.01,13.56,19.52,39.83
12593,County_12593,Idaho,Rural,16.15,,12.88,34.55
10219,County_10219,Georgia,Urban,27.96,12.13,26.07,33.44
34497,County_34497,North Dakota,Suburban/Small City,12.91,8.32,8.95,25.55
47103,County_47103,Washington,Rural,14.48,6.68,9.74,31.45
3673,County_3673,Arizona,Urban,25.56,12.88,19.14,35.93
13497,County_13497,Illinois,Rural,26.26,14.1,23.97,38.29
30677,County_30677,New Jersey,Suburban/Small City,28.69,14.17,24.56,27.11
48957,County_48957,West Virginia,Rural,18.09,11.62,8.82,26.03
31057,County_31057,New Mexico,Rural,32.13,13.05,26.34,42.93
31967,County_31967,New Mexico,Urban,21.54,11.64,15.51,38.06
31833,County_31833,New Mexico,Rural,18.96,7.63,18.93,
1081,County_1081,Alabama,Rural,27.6,14.68,22.43,33.09
46943,County_46943,Virginia,Rural,20.3,10.67,,34.87
46499,County_46499,Virginia,Urban,28.79,10.22,25.32,40.07
3865,County_3865,Arizona,Rural,30.91,17.02,26.45,37.54
44827,County_44827,Utah,Urban,21.16,9.13,20.36,31.99
37873,County_37873,Oregon,Urban,20.72,10.9,16.42,38.01
24731,County_24731,Mississippi,Urban,22.09,12.16,19.37,24.84
21825,County_21825,Massachusetts,Rural,19.08,,14.08,24.71
12333,County_12333,Idaho,Urban,28.83,10.76,23.0,38.68
12809,County_12809,Idaho,Rural,13.56,8.25,13.18,
17021,County_17021,Kentucky,Rural,9.45,7.2,11.8,27.48
24073,County_24073,Mississippi,Rural,24.59,,18.06,30.8
38357,County_38357,Pennsylvania,Urban,35.47,17.33,28.66,33.63
40299,County_40299,South Carolina,Urban,18.9,12.79,16.16,40.21
53927,County_53927,Other,Rural,22.03,11.24,15.74,38.77
17087,County_17087,Kentucky,Urban,17.52,9.98,15.95,26.51
36709,County_36709,Oklahoma,Rural,20.61,10.36,18.4,34.71
10703,County_10703,Georgia,Rural,29.14,13.64,22.77,
52791,County_52791,Other,Rural,14.35,6.58,14.32,28.48
17091,County_17091,Kentucky,Urban,29.46,16.58,28.93,35.49
21779,County_21779,Massachusetts,Rural,22.45,11.29,,29.08
32621,County_32621,New York,Urban,15.88,11.42,9.37,24.67
32297,County_32297,New York,Rural,21.07,,20.13,32.31
37625,County_37625,Oregon,Rural,26.58,12.45,22.61,33.87
53727,County_53727,Other,Urban,25.62,12.05,22.3,28.56
27155,County_27155,Nebraska,Rural,25.82,14.07,21.47,
35809,County_35809,Ohio,Rural,24.2,,20.45,39.92
10247,County_10247,Georgia,Rural,22.51,,16.5,30.71
1837,County_1837,Alabama,Urban,13.89,8.08,12.79,27.72
12475,County_12475,Idaho,Suburban/Small City,28.68,16.63,24.48,35.43
10891,County_10891,Georgia,Urban,11.38,7.88,7.23,32.78
55203,County_55203,Other,Rural,25.44,11.93,20.83,41.57
15319,County_15319,Iowa,Rural,20.94,11.12,16.92,20.02
10239,County_10239,Georgia,Rural,21.1,11.55,21.8,31.14
32241,County_32241,New York,Urban,15.66,9.07,16.48,23.42
29309,County_29309,New Hampshire,Urban,16.45,6.76,12.36,27.84
41475,County_41475,South Dakota,Urban,15.2,6.58,13.29,25.66
10011,County_10011,Georgia,Urban,21.17,10.13,,26.53
31093,County_31093,New Mexico,Rural,20.69,12.35,,16.6
11647,County_11647,Hawaii,Rural,36.32,19.52,27.72,34.21
10937,County_10937,Georgia,Urban,28.75,15.58,26.89,33.47
12887,County_12887,Idaho,Rural,10.89,7.53,6.55,20.83
32425,County_32425,New York,Rural,29.83,15.33,24.62,34.02
40289,County_40289,South Carolina,Rural,11.69,5.99,12.82,20.9
36665,County_36665,Oklahoma,Rural,,11.99,20.22,29.05
26749,County_26749,Montana,Urban,25.72,11.14,25.26,40.16
7819,County_7819,Connecticut,Suburban/Small City,29.83,15.27,25.72,37.19
53177,County_53177,Other,Rural,30.5,15.83,26.0,39.04
10767,County_10767,Georgia,Urban,31.69,18.24,24.26,30.05
22835,County_22835,Michigan,Suburban/Small City,18.48,,16.87,40.33
32163,County_32163,New York,Rural,21.28,9.88,18.32,28.38
19269,County_19269,Maine,Rural,17.49,7.79,17.35,25.49
2123,County_2123,Alaska,Rural,22.44,10.46,18.14,29.88
29937,County_29937,New Hampshire,Suburban/Small City,28.21,13.86,26.91,42.09
10815,County_10815,Georgia,Rural,24.81,14.19,21.33,30.79
33019,County_33019,North Carolina,Rural,20.26,11.16,17.6,35.48
15327,County_15327,Iowa,Rural,18.26,9.28,17.43,27.06
46801,County_46801,Virginia,Urban,23.9,13.31,15.44,40.75
51133,County_51133,Other,Rural,23.17,12.09,20.18,37.16
14721,County_14721,Indiana,Urban,33.33,16.51,28.39,36.05
45655,County_45655,Vermont,Rural,22.76,12.23,20.88,38.32
51701,County_51701,Other,Urban,21.02,10.99,14.93,31.25
46841,County_46841,Virginia,Rural,29.94,14.44,26.78,37.84
40299,County_40299,South Carolina,Suburban/Small City,16.34,5.38,12.29,22.66
47393,County_47393,Washington,Urban,10.36,2.69,13.46,28.57
34169,County_34169,North Dakota,Urban,29.59,13.97,26.05,41.07
41369,County_41369,South Dakota,Urban,21.57,12.14,17.33,
22989,County_22989,Michigan,Suburban/Small City,35.26,18.67,32.11,39.97
34371,County_34371,North Dakota,Rural,22.35,11.88,19.99,43.41
54523,County_54523,Other,Urban,23.86,11.16,15.37,28.55
44201,County_44201,Utah,Rural,27.29,15.81,24.07,45.89
1323,County_1323,Alabama,Suburban/Small City,27.27,11.38,21.14,39.28
11891,County_11891,Hawaii,Urban,19.19,9.7,18.22,21.05
31675,County_31675,New Mexico,Rural,16.78,5.99,13.58,30.17
43583,County_43583,Texas,Urban,12.12,6.36,11.31,32.62
13363,County_13363,Illinois,Urban,35.69,16.7,32.82,
47701,County_47701,Washington,Suburban/Small City,23.37,11.83,20.29,26.59
29539,County_29539,New Hampshire,Rural,28.35,13.04,26.72,43.98
12365,County_12365,Idaho,Rural,34.96,17.81,33.23,38.72
25657,County_25657,Missouri,Urban,16.61,6.53,14.96,24.86
12355,County_12355,Idaho,Rural,16.35,11.54,14.2,31.64
30697,County_30697,New Jersey,Urban,24.09,11.33,16.45,34.64
52033,County_52033,Other,Suburban/Small City,24.25,11.21,22.65,28.45
27727,County_27727,Nebraska,Rural,24.42,12.35,17.68,33.57
5111,County_5111,California,Urban,19.88,11.63,15.43,24.1
45655,County_45655,Vermont,Suburban/Small City,27.48,13.32,23.45,34.85
42623,County_42623,Tennessee,Urban,20.07,15.24,14.91,24.85
49209,County_49209,Wisconsin,Rural,11.75,2.21,10.53,29.12
52889,County_52889,Other,Rural,28.79,13.95,23.44,37.63
20331,County_20331,Maryland,Urban,24.65,12.36,24.26,43.83
17097,County_17097,Kentucky,Rural,29.92,12.34,,44.43
18987,County_18987,Louisiana,Suburban/Small City,15.45,9.07,11.28,27.35
24187,County_24187,Mississippi,Urban,8.37,2.06,8.26,24.47
17429,County_17429,Kentucky,Rural,12.4,6.45,10.01,22.71
37293,County_37293,Oregon,Urban,25.27,12.76,23.46,25.94
19925,County_19925,Maine,Urban,29.11,,23.92,35.27
15485,County_15485,Iowa,Rural,21.38,10.18,16.98,35.47
37561,County_37561,Oregon,Rural,30.91,16.35,,43.94
43087,County_43087,Texas,Rural,17.75,8.83,12.96,25.94
2239,County_2239,Alaska,Rural,24.92,12.37,22.49,36.39
1917,County_1917,Alabama,Rural,10.02,3.14,8.9,28.78
18911,County_18911,Louisiana,Urban,22.89,11.2,22.27,27.33
50885,County_50885,Wyoming,Rural,21.24,10.32,18.94,25.6
3329,County_3329,Arizona,Rural,27.03,13.54,23.95,36.12
29063,County_29063,New Hampshire,Rural,18.99,9.5,13.51,31.06
54587,County_54587,Other,Rural,18.17,6.05,13.23,21.53
27957,County_27957,Nebraska,Urban,18.68,11.38,16.13,34.46
33603,County_33603,North Carolina,Rural,12.55,7.14,10.33,25.23
33835,County_33835,North Carolina,Rural,24.5,13.62,17.38,29.22
47533,County_47533,Washington,Rural,8.87,4.82,7.66,28.55
19949,County_19949,Maine,Suburban/Small City,25.31,12.0,19.81,41.24
40249,County_40249,South Carolina,Urban,21.72,12.74,18.68,38.01
17341,County_17341,Kentucky,Urban,17.64,11.52,15.63,21.38
12187,County_12187,Idaho,Rural,20.6,10.93,,36.28
30095,County_30095,New Jersey,Suburban/Small City,17.16,9.28,14.02,34.78
11943,County_11943,Hawaii,Suburban/Small City,10.17,3.89,7.56,27.69
31733,County_31733,New Mexico,Suburban/Small City,12.26,4.73,10.14,23.18
8337,County_8337,Delaware,Urban,12.87,8.99,8.27,20.24
12293,County_12293,Idaho,Suburban/Small City,32.8,16.81,28.48,42.24
43809,County_43809,Texas,Rural,30.98,12.67,26.57,42.26
53515,County_53515,Other,Rural,27.36,15.97,23.89,37.24
51199,County_51199,Other,Rural,28.91,17.96,27.92,44.91
21357,County_21357,Massachusetts,Rural,9.67,5.14,7.51,33.4
55273,County_55273,Other,Urban,34.49,17.83,28.7,33.51
1187,County_1187,Alabama,Rural,16.33,10.64,15.14,27.07
22523,County_22523,Michigan,Urban,28.91,14.78,23.6,37.41
43391,County_43391,Texas,Rural,11.79,6.25,8.98,23.12
28897,County_28897,Nevada,Rural,22.12,11.52,19.71,29.87
35929,County_35929,Ohio,Urban,18.92,10.22,17.6,33.53
45193,County_45193,Vermont,Urban,32.9,19.0,28.63,40.66
34829,County_34829,North Dakota,Urban,17.16,9.28,10.59,25.7
27413,County_27413,Nebraska,Rural,15.12,5.21,12.66,32.42
51773,County_51773,Other,Urban,23.24,12.31,20.68,31.34
46055,County_46055,Virginia,Urban,11.01,7.08,10.35,18.18
10661,County_10661,Georgia,Urban,26.21,11.9,21.86,35.16
8877,County_8877,Delaware,Urban,18.84,11.5,14.39,26.16
5499,County_5499,California,Rural,32.5,15.72,25.82,29.01
25283,County_25283,Missouri,Rural,15.72,5.41,14.14,20.23
7175,County_7175,Connecticut,Rural,18.41,7.25,13.42,30.65
31585,County_31585,New Mexico,Urban,13.99,6.83,13.39,24.6
30833,County_30833,New Jersey,Rural,11.89,4.99,10.07,24.35
48387,County_48387,West Virginia,Rural,11.08,8.22,10.01,29.03
1633,County_1633,Alabama,Rural,23.82,13.14,21.55,29.66
48523,County_48523,West Virginia,Suburban/Small City,20.56,8.56,17.45,29.6
26101,County_26101,Montana,Rural,34.0,15.89,31.34,37.87
22667,County_22667,Michigan,Rural,17.09,11.16,14.62,31.79
10581,County_10581,Georgia,Urban,17.45,8.13,17.67,28.5
29307,County_29307,New Hampshire,Rural,37.48,18.74,28.61,47.26
27675,County_27675,Nebraska,Urban,26.95,12.47,23.49,41.25
38713,County_38713,Pennsylvania,Urban,23.72,12.55,20.03,37.01
13147,County_13147,Illinois,Urban,18.25,7.23,15.03,32.04
6701,County_6701,Colorado,Urban,23.12,,17.82,48.18
3743,County_3743,Arizona,Rural,16.27,8.71,15.71,25.49
31565,County_31565,New Mexico,Suburban/Small City,23.01,11.93,19.11,29.96
51337,County_51337,Other,Rural,22.4,11.16,20.59,29.17
4223,County_4223,Arkansas,Rural,30.38,13.25,29.07,42.91
20689,County_20689,Maryland,Rural,27.76,13.23,21.27,40.91
40837,County_40837,South Carolina,Rural,16.02,8.34,12.8,27.76
46159,County_46159,Virginia,Suburban/Small City,20.83,12.02,16.69,25.79
18923,County_18923,Louisiana,Urban,22.83,8.78,19.46,
10249,County_10249,Georgia,Urban,18.47,12.09,15.68,18.14
10867,County_10867,Georgia,Rural,13.25,6.65,11.98,24.33
19621,County_19621,Maine,Suburban/Small City,28.59,12.64,24.75,38.54
11731,County_11731,Hawaii,Rural,16.78,9.12,16.35,29.99
4475,County_4475,Arkansas,Rural,29.96,14.44,21.99,36.85
22349,County_22349,Michigan,Rural,22.69,12.79,22.65,32.15
42309,County_42309,Tennessee,Rural,23.69,11.75,18.66,33.9
48725,County_48725,West Virginia,Urban,21.83,10.46,13.34,31.91
19161,County_19161,Maine,Urban,24.56,13.42,22.84,35.96
13497,County_13497,Illinois,Suburban/Small City,24.57,11.07,22.15,38.15
43159,County_43159,Texas,Rural,27.69,13.45,22.35,35.6
26725,County_26725,Montana,Urban,26.82,13.93,22.51,37.38
35403,County_35403,Ohio,Suburban/Small City,18.62,8.31,18.39,19.35
14217,County_14217,Indiana,Urban,17.54,9.55,17.65,30.28
8231,County_8231,Delaware,Rural,21.93,10.04,19.07,30.56
32647,County_32647,New York,Urban,26.14,15.86,23.48,31.37
49209,County_49209,Wisconsin,Rural,21.43,12.43,19.98,30.23
5707,County_5707,California,Rural,19.62,11.34,16.63,28.37
51201,County_51201,Other,Suburban/Small City,22.92,10.66,16.08,24.39
42651,County_42651,Tennessee,Rural,16.18,5.57,13.39,26.35
38501,County_38501,Pennsylvania,Rural,29.23,14.38,24.04,
10967,County_10967,Georgia,Urban,26.84,13.8,19.85,40.87
54217,County_54217,Other,Urban,32.18,14.45,28.37,35.32
10983,County_10983,Georgia,Rural,19.1,9.72,19.74,25.32
44767,County_44767,Utah,Urban,24.07,12.09,23.33,41.1
42193,County_42193,Tennessee,Rural,23.26,13.52,19.8,28.15
42955,County_42955,Tennessee,Suburban/Small City,19.6,10.86,14.09,32.54
54203,County_54203,Other,Rural,14.03,7.49,11.67,27.12
5953,County_5953,California,Suburban/Small City,35.12,17.67,29.1,45.06
50367,County_50367,Wyoming,Urban,29.95,17.94,23.77,32.79
4499,County_4499,Arkansas,Suburban/Small City,30.24,12.66,25.79,35.58
5595,County_5595,California,Urban,9.77,6.4,8.39,25.2
9497,County_9497,Florida,Suburban/Small City,31.13,14.95,27.98,35.87
21217,County_21217,Massachusetts,Rural,21.4,9.56,17.79,30.94
8601,County_8601,Delaware,Urban,24.38,11.99,17.25,35.35
32683,County_32683,New York,Urban,22.45,11.94,18.6,32.7
18715,County_18715,Louisiana,Rural,18.95,,17.79,32.22
38359,County_38359,Pennsylvania,Rural,25.01,15.31,23.85,34.56
6341,County_6341,Colorado,Urban,28.77,14.1,21.11,38.98
31223,County_31223,New Mexico,Urban,29.26,15.52,21.17,43.53
56733,County_56733,Other,Suburban/Small City,11.45,6.57,9.09,19.37
8777,County_8777,Delaware,Urban,19.57,9.19,15.9,31.09
55927,County_55927,Other,Rural,14.49,5.53,12.45,20.71
12381,County_12381,Idaho,Urban,21.93,11.0,15.79,31.88
54779,County_54779,Other,Rural,29.46,16.96,28.67,31.54
12115,County_12115,Idaho,Rural,25.82,13.96,21.83,25.45
42219,County_42219,Tennessee,Rural,14.15,7.25,11.95,22.41
29893,County_29893,New Hampshire,Rural,25.18,15.82,20.49,27.78
30039,County_30039,New Jersey,Rural,11.52,6.09,11.55,26.59
31829,County_31829,New Mexico,Rural,25.83,11.68,23.1,
4415,County_4415,Arkansas,Rural,25.89,14.78,21.14,30.58
36589,County_36589,Oklahoma,Urban,28.68,12.17,23.96,
29335,County_29335,New Hampshire,Urban,23.71,13.33,23.21,28.66
53893,County_53893,Other,Urban,28.34,12.59,26.01,34.47
31419,County_31419,New Mexico,Rural,26.58,12.37,22.26,36.43
52131,County_52131,Other,Rural,24.62,9.85,21.44,42.17
18829,County_18829,Louisiana,Rural,18.33,8.75,17.14,24.01
16457,County_16457,Kansas,Rural,27.49,12.72,23.68,46.25
55423,County_55423,Other,Rural,32.32,16.71,27.92,43.63
13757,County_13757,Illinois,Rural,26.34,13.4,23.25,36.17
41309,County_41309,South Dakota,Suburban/Small City,21.17,12.11,,39.47
12661,County_12661,Idaho,Rural,16.84,7.45,15.02,25.85
15119,County_15119,Iowa,Urban,,7.42,12.29,26.66
13653,County_13653,Illinois,Urban,29.24,13.19,24.96,34.27
40063,County_40063,South Carolina,Urban,19.01,9.96,18.44,29.11
11581,County_11581,Hawaii,Rural,25.64,13.53,21.5,32.81
51297,County_51297,Other,Rural,30.08,16.21,24.68,33.15
8657,County_8657,Delaware,Urban,24.56,13.03,19.7,35.35
40421,County_40421,South Carolina,Suburban/Small City,30.63,14.08,26.67,39.58
29321,County_29321,New Hampshire,Rural,18.41,8.66,16.94,28.37
11583,County_11583,Hawaii,Rural,19.95,6.98,16.4,32.69
15887,County_15887,Iowa,Suburban/Small City,30.16,18.24,26.3,
38291,County_38291,Pennsylvania,Rural,23.17,9.9,21.07,26.22
3871,County_3871,Arizona,Rural,24.26,10.87,21.37,32.26
4175,County_4175,Arkansas,Suburban/Small City,17.58,10.31,11.96,27.14
4419,County_4419,Arkansas,Rural,22.48,13.16,17.49,32.23
48239,County_48239,West Virginia,Rural,22.61,11.34,18.73,29.79
25805,County_25805,Missouri,Rural,27.43,16.01,24.73,38.8
17499,County_17499,Kentucky,Rural,19.0,6.99,16.04,36.52
6847,County_6847,Colorado,Urban,11.82,5.85,10.35,27.39
19317,County_19317,Maine,Rural,22.2,11.83,19.48,32.13
29761,County_29761,New Hampshire,Urban,9.42,6.92,5.05,23.73
27351,County_27351,Nebraska,Urban,13.45,4.14,11.67,31.97
1945,County_1945,Alabama,Suburban/Small City,19.95,7.65,17.21,35.64
56395,County_56395,Other,Urban,25.81,13.42,18.25,38.03
43495,County_43495,Texas,Urban,20.61,13.14,14.78,34.4
46035,County_46035,Virginia,Rural,24.22,10.0,22.15,32.21
41099,County_41099,South Dakota,Urban,22.02,10.8,17.12,29.23
23507,County_23507,Minnesota,Rural,27.44,12.54,22.18,32.49
18241,County_18241,Louisiana,Rural,11.99,7.04,8.5,16.18
1345,County_1345,Alabama,Rural,11.03,5.97,7.53,24.15
44071,County_44071,Utah,Rural,16.81,7.13,17.51,22.88
5927,County_5927,California,Rural,,17.48,27.89,42.48
35937,County_35937,Ohio,Urban,21.38,10.74,19.41,21.02
23249,County_23249,Minnesota,Rural,30.47,16.03,29.64,38.95
35081,County_35081,Ohio,Rural,20.52,11.83,17.47,31.69
48669,County_48669,West Virginia,Urban,28.23,11.67,,23.26
40791,County_40791,South Carolina,Rural,17.53,8.01,15.78,26.87
23415,County_23415,Minnesota,Rural,23.68,11.16,21.73,34.09
15113,County_15113,Iowa,Rural,33.67,15.45,28.18,49.1
22995,County_22995,Michigan,Rural,22.27,9.01,18.91,25.94
3901,County_3901,Arizona,Urban,14.03,1.9,9.28,28.7
47753,County_47753,Washington,Rural,18.95,10.25,15.85,24.52
54405,County_54405,Other,Rural,20.78,10.03,19.56,33.03
41347,County_41347,South Dakota,Suburban/Small City,15.52,6.51,9.81,18.32
26053,County_26053,Montana,Suburban/Small City,22.93,10.32,21.81,41.89
47167,County_47167,Washington,Rural,15.64,8.24,11.54,24.82
42379,County_42379,Tennessee,Rural,28.13,16.03,22.47,41.21
52901,County_52901,Other,Rural,32.49,16.68,31.67,38.24
31693,County_31693,New Mexico,Urban,13.12,7.2,13.27,23.49
3397,County_3397,Arizona,Suburban/Small City,19.68,10.43,16.27,34.67
17935,County_17935,Kentucky,Suburban/Small City,15.79,9.21,10.89,32.24
39345,County_39345,Rhode Island,Urban,8.39,3.67,4.47,15.67
45589,County_45589,Vermont,Rural,14.7,8.16,13.07,20.21
29987,County_29987,New Hampshire,Rural,22.47,11.81,19.21,24.93
30897,County_30897,New Jersey,Rural,11.72,5.6,10.1,23.38
53105,County_53105,Other,Rural,24.24,14.56,22.99,28.73
50383,County_50383,Wyoming,Suburban/Small City,25.97,12.65,22.47,37.66
20651,County_20651,Maryland,Urban,29.84,13.93,24.42,34.19
10451,County_10451,Georgia,Urban,18.3,7.76,17.38,31.42
49349,County_49349,Wisconsin,Rural,25.19,15.45,22.4,39.14
2629,County_2629,Alaska,Urban,30.15,15.75,23.92,35.89
5455,County_5455,California,Rural,27.38,13.92,20.66,45.5
48453,County_48453,West Virginia,Rural,16.39,8.32,16.58,33.27
51355,County_51355,Other,Suburban/Small City,14.84,7.64,8.51,33.73
19565,County_19565,Maine,Urban,32.68,16.39,23.94,39.1
7197,County_7197,Connecticut,Rural,10.74,2.92,8.38,24.31
51783,County_51783,Other,Rural,8.48,0.34,9.57,25.38
10869,County_10869,Georgia,Rural,18.73,8.67,19.19,32.58
29683,County_29683,New Hampshire,Rural,24.26,14.96,24.74,44.56
44731,County_44731,Utah,Suburban/Small City,23.62,11.99,21.51,33.55
55375,County_55375,Other,Urban,16.05,10.82,14.85,28.63
28391,County_28391,Nevada,Urban,28.86,15.31,26.93,33.53
40517,County_40517,South Carolina,Rural,20.45,,17.84,37.36
29505,County_29505,New Hampshire,Urban,20.63,12.75,18.15,34.44
53023,County_53023,Other,Rural,10.02,2.92,7.63,20.77
31507,County_31507,New Mexico,Rural,26.06,12.0,25.34,32.3
37989,County_37989,Oregon,Rural,24.8,11.56,19.63,34.82
24617,County_24617,Mississippi,Suburban/Small City,24.0,11.54,20.73,32.83
30257,County_30257,New Jersey,Rural,15.88,6.28,12.7,31.46
56117,County_56117,Other,Rural,26.94,11.69,21.78,31.56
47925,County_47925,Washington,Urban,17.28,8.78,13.99,29.85
6781,County_6781,Colorado,Rural,23.76,12.53,19.11,36.64
3787,County_3787,Arizona,Urban,25.19,14.38,23.19,44.31
9055,County_9055,Florida,Suburban/Small City,22.72,9.75,15.62,35.09
41349,County_41349,South Dakota,Rural,9.56,4.15,8.66,23.88
9001,County_9001,Florida,Urban,25.49,11.05,21.61,48.96
45859,County_45859,Vermont,Urban,27.72,14.86,27.03,39.8
37457,County_37457,Oregon,Suburban/Small City,14.84,9.8,11.88,
15427,County_15427,Iowa,Suburban/Small City,10.11,6.7,11.65,16.32
38781,County_38781,Pennsylvania,Rural,32.57,16.45,30.1,44.1
19489,County_19489,Maine,Suburban/Small City,15.98,7.54,15.65,24.78
54005,County_54005,Other,Suburban/Small City,21.89,8.76,15.56,26.86
39285,County_39285,Rhode Island,Rural,25.23,12.72,20.26,39.33
26143,County_26143,Montana,Urban,26.75,15.07,21.98,34.07
33169,County_33169,North Carolina,Suburban/Small City,21.41,10.91,18.76,23.76
34789,County_34789,North Dakota,Urban,16.27,7.37,15.31,31.0
5765,County_5765,California,Rural,22.81,10.48,19.91,28.65
49347,County_49347,Wisconsin,Urban,25.19,11.27,22.59,28.0
48043,County_48043,West Virginia,Suburban/Small City,25.77,13.98,24.7,30.16
38067,County_38067,Pennsylvania,Urban,26.73,13.61,21.41,30.12
18379,County_18379,Louisiana,Urban,17.08,9.44,14.27,22.95
55033,County_55033,Other,Rural,10.34,5.11,8.89,28.58
25097,County_25097,Missouri,Rural,10.6,6.28,10.93,20.15
26859,County_26859,Montana,Urban,32.27,16.49,28.59,31.59
53673,County_53673,Other,Urban,28.75,14.82,25.0,41.5
18287,County_18287,Louisiana,Rural,30.08,16.06,26.44,28.12
31835,County_31835,New Mexico,Suburban/Small City,,9.97,12.62,33.63
46557,County_46557,Virginia,Urban,15.94,8.78,13.57,37.08
31365,County_31365,New Mexico,Urban,17.39,10.85,17.85,31.89
46169,County_46169,Virginia,Rural,23.38,9.37,17.54,42.26
1163,County_1163,Alabama,Rural,24.26,13.71,21.4,22.87
38345,County_38345,Pennsylvania,Rural,31.09,14.53,22.52,41.41
22009,County_22009,Michigan,Urban,,15.11,23.45,32.08
16905,County_16905,Kansas,Rural,26.36,12.38,18.45,27.4
11095,County_11095,Hawaii,Urban,23.18,10.57,17.8,28.63
6807,County_6807,Colorado,Rural,20.59,9.6,18.04,31.02
10155,County_10155,Georgia,Rural,26.77,15.56,19.3,30.76
52691,County_52691,Other,Suburban/Small City,15.63,5.9,14.31,25.3
19175,County_19175,Maine,Rural,33.51,19.24,26.77,37.33
20827,County_20827,Maryland,Rural,16.81,9.12,15.18,28.68
2897,County_2897,Alaska,Urban,12.4,4.01,10.72,40.14
42229,County_42229,Tennessee,Rural,12.1,6.82,10.02,35.69
36363,County_36363,Oklahoma,Urban,16.94,7.45,18.24,30.42
53217,County_53217,Other,Rural,20.6,6.69,16.7,32.87
30777,County_30777,New Jersey,Urban,18.48,9.21,15.1,16.19
35345,County_35345,Ohio,Rural,34.16,17.14,,33.25
22593,County_22593,Michigan,Suburban/Small City,32.58,14.5,29.27,36.06
34281,County_34281,North Dakota,Suburban/Small City,34.8,17.01,31.72,40.89
16163,County_16163,Kansas,Rural,9.55,6.52,9.54,31.02
48639,County_48639,West Virginia,Rural,20.62,8.73,16.0,31.51
41933,County_41933,South Dakota,Urban,23.17,14.93,16.15,27.66
56543,County_56543,Other,Suburban/Small City,22.29,11.86,18.79,42.45
6771,County_6771,Colorado,Rural,22.05,10.59,20.68,28.01
55779,County_55779,Other,Rural,16.78,10.17,15.49,36.42
20367,County_20367,Maryland,Rural,18.54,8.65,19.61,23.47
21695,County_21695,Massachusetts,Urban,12.97,6.83,10.82,23.52
19133,County_19133,Maine,Rural,24.39,12.01,19.44,39.87
44261,County_44261,Utah,Urban,12.45,5.47,14.05,39.05
53107,County_53107,Other,Rural,26.22,14.72,23.41,36.93
55825,County_55825,Other,Urban,30.79,12.55,21.95,35.3
43457,County_43457,Texas,Rural,13.13,10.05,12.17,22.34
2211,County_2211,Alaska,Rural,22.8,10.07,,27.31
7691,County_7691,Connecticut,Urban,20.01,10.84,15.47,22.17
15963,County_15963,Iowa,Rural,26.35,13.91,18.91,32.7
3375,County_3375,Arizona,Urban,27.86,13.96,24.04,34.15
46239,County_46239,Virginia,Urban,27.11,13.72,22.82,38.87
39035,County_39035,Rhode Island,Rural,15.77,7.09,12.18,37.1
35879,County_35879,Ohio,Rural,11.61,7.1,13.36,19.31
56227,County_56227,Other,Rural,21.5,8.93,17.02,33.08
55019,County_55019,Other,Rural,28.69,10.39,23.25,31.55
7345,County_7345,Connecticut,Rural,20.49,9.01,16.84,35.14
54587,County_54587,Other,Urban,24.55,14.23,18.86,33.24
15321,County_15321,Iowa,Urban,32.71,14.82,28.73,38.83
5153,County_5153,California,Rural,28.6,16.88,24.56,36.2
43193,County_43193,Texas,Rural,18.05,8.42,18.23,37.6
40725,County_40725,South Carolina,Urban,34.07,16.52,33.39,32.91
55325,County_55325,Other,Rural,14.33,8.45,13.37,18.84
55511,County_55511,Other,Rural,22.92,11.36,23.61,39.38
6979,County_6979,Colorado,Urban,27.04,12.4,,37.75
34185,County_34185,North Dakota,Rural,28.32,13.03,24.03,30.55
9707,County_9707,Florida,Urban,24.84,13.3,24.34,38.2
15601,County_15601,Iowa,Rural,22.81,10.16,21.82,
19877,County_19877,Maine,Rural,28.68,14.8,24.83,
32447,County_32447,New York,Urban,30.58,15.3,28.79,45.13
18251,County_18251,Louisiana,Rural,27.89,14.4,24.3,43.78
54869,County_54869,Other,Rural,22.69,11.12,19.18,28.89
31923,County_31923,New Mexico,Rural,17.96,8.89,16.79,30.63
45809,County_45809,Vermont,Rural,18.5,7.61,10.75,26.36
9041,County_9041,Florida,Rural,31.81,15.82,27.91,36.91
49123,County_49123,Wisconsin,Rural,31.81,13.02,23.22,36.27
52627,County_52627,Other,Urban,14.89,7.86,9.58,22.0
2253,County_2253,Alaska,Urban,26.94,15.83,21.93,32.89
31513,County_31513,New Mexico,Rural,18.27,9.69,18.5,28.39
54461,County_54461,Other,Rural,23.55,10.48,21.3,41.48
44285,County_44285,Utah,Rural,21.57,11.25,16.99,33.25
51829,County_51829,Other,Rural,20.24,10.82,16.62,34.34
50039,County_50039,Wyoming,Urban,16.17,9.77,9.8,30.05
19867,County_19867,Maine,Rural,22.33,12.53,18.58,30.79
4577,County_4577,Arkansas,Rural,28.76,13.68,29.1,37.47
44845,County_44845,Utah,Rural,33.28,17.49,28.55,52.77
41849,County_41849,South Dakota,Rural,24.11,13.66,19.11,40.35
48779,County_48779,West Virginia,Rural,24.37,14.93,21.48,33.51
28817,County_28817,Nevada,Urban,24.84,11.56,21.71,39.15
31929,County_31929,New Mexico,Suburban/Small City,29.58,13.34,26.63,35.37
48391,County_48391,West Virginia,Urban,15.01,8.37,14.77,29.99
36571,County_36571,Oklahoma,Rural,23.89,11.65,19.88,35.97
34787,County_34787,North Dakota,Rural,30.43,15.2,23.64,43.43
27129,County_27129,Nebraska,Rural,24.64,15.23,20.39,24.8
7991,County_7991,Connecticut,Suburban/Small City,25.68,12.81,21.62,26.97
39313,County_39313,Rhode Island,Urban,11.67,8.6,8.47,32.64
31275,County_31275,New Mexico,Rural,13.1,8.36,12.06,34.65
11567,County_11567,Hawaii,Urban,18.32,8.27,15.46,30.33
33715,County_33715,North Carolina,Rural,31.68,15.04,25.17,41.74
10557,County_10557,Georgia,Rural,27.75,12.74,25.62,40.28
30063,County_30063,New Jersey,Urban,32.36,15.47,28.11,33.11
29663,County_29663,New Hampshire,Rural,,7.73,11.06,32.98
30173,County_30173,New Jersey,Urban,18.27,9.37,13.86,20.41
36793,County_36793,Oklahoma,Rural,17.62,9.43,16.44,22.49
34439,County_34439,North Dakota,Suburban/Small City,17.5,9.41,15.69,28.96
51939,County_51939,Other,Urban,22.69,13.28,19.49,29.17
51221,County_51221,Other,Urban,18.4,11.09,16.55,30.01
20259,County_20259,Maryland,Rural,26.32,11.89,20.01,37.85
35941,County_35941,Ohio,Suburban/Small City,18.53,9.63,14.98,30.24
16959,County_16959,Kansas,Rural,30.3,13.26,26.79,39.25
21391,County_21391,Massachusetts,Urban,34.13,15.22,32.17,40.04
48645,County_48645,West Virginia,Rural,,14.49,27.6,43.4
51979,County_51979,Other,Rural,17.21,9.65,15.46,34.24
25271,County_25271,Missouri,Urban,23.16,11.17,15.87,30.9
49049,County_49049,Wisconsin,Rural,18.55,7.26,14.02,
44657,County_44657,Utah,Suburban/Small City,12.37,4.31,13.24,23.1
15163,County_15163,Iowa,Rural,30.82,15.07,26.75,46.71
21943,County_21943,Massachusetts,Urban,16.26,6.87,14.64,24.58
12539,County_12539,Idaho,Rural,16.5,8.61,11.01,37.26
3221,County_3221,Arizona,Rural,22.83,12.11,16.62,29.69
36299,County_36299,Oklahoma,Urban,15.38,7.29,11.68,21.46
50245,County_50245,Wyoming,Urban,27.93,15.0,26.65,33.39
11725,County_11725,Hawaii,Rural,19.29,8.82,16.21,25.22
19761,County_19761,Maine,Rural,13.17,6.68,10.88,26.06
40441,County_40441,South Carolina,Urban,22.29,9.49,18.01,39.71
23591,County_23591,Minnesota,Urban,20.33,8.29,16.41,24.38
4415,County_4415,Arkansas,Rural,34.59,17.9,27.04,34.31
51759,County_51759,Other,Urban,8.69,5.02,8.21,19.24
29161,County_29161,New Hampshire,Rural,15.16,6.12,14.05,30.83
55581,County_55581,Other,Urban,21.46,11.39,16.28,30.34
46645,County_46645,Virginia,Rural,21.92,10.57,21.44,36.93
43773,County_43773,Texas,Rural,15.2,5.82,9.23,29.53
42531,County_42531,Tennessee,Rural,25.01,13.82,20.65,37.51
12399,County_12399,Idaho,Rural,30.79,14.63,28.83,38.73
28259,County_28259,Nevada,Urban,28.43,16.16,22.63,26.73
21443,County_21443,Massachusetts,Rural,28.75,16.0,24.76,41.72
55573,County_55573,Other,Rural,34.5,16.89,26.46,32.93
52047,County_52047,Other,Urban,14.53,8.16,13.43,25.36
52749,County_52749,Other,Rural,9.01,2.81,6.8,28.91
52953,County_52953,Other,Suburban/Small City,21.29,9.43,17.66,33.97
44417,County_44417,Utah,Urban,28.46,15.46,22.25,40.35
45195,County_45195,Vermont,Rural,15.48,8.89,13.14,30.37
46105,County_46105,Virginia,Rural,25.66,12.83,22.89,28.64
49833,County_49833,Wisconsin,Urban,15.45,7.38,15.01,25.54
29333,County_29333,New Hampshire,Rural,33.87,17.43,27.09,31.13
24023,County_24023,Mississippi,Rural,22.97,11.09,19.23,
26865,County_26865,Montana,Urban,20.79,11.88,16.41,31.78
26171,County_26171,Montana,Rural,23.44,14.38,21.19,30.41
17149,County_17149,Kentucky,Rural,13.7,,9.52,20.05
44167,County_44167,Utah,Rural,20.07,10.37,18.15,32.19
34375,County_34375,North Dakota,Rural,21.02,9.55,18.0,41.42
7389,County_7389,Connecticut,Urban,11.09,4.97,8.99,35.71
46943,County_46943,Virginia,Suburban/Small City,25.02,15.03,21.03,32.39
30789,County_30789,New Jersey,Urban,18.35,8.8,19.54,17.37
21461,County_21461,Massachusetts,Rural,11.54,5.42,8.51,31.72
12597,County_12597,Idaho,Urban,11.08,5.48,8.24,28.96
46749,County_46749,Virginia,Rural,12.8,6.91,10.17,19.2
16271,County_16271,Kansas,Rural,21.23,11.24,16.34,27.71
9853,County_9853,Florida,Suburban/Small City,14.08,6.24,12.14,32.09
5551,County_5551,California,Rural,31.72,15.86,33.52,34.68
29239,County_29239,New Hampshire,Rural,15.69,8.07,13.7,40.65
31689,County_31689,New Mexico,Urban,22.82,12.39,20.4,29.74
15983,County_15983,Iowa,Rural,15.03,5.69,9.89,16.32
4725,County_4725,Arkansas,Rural,15.62,7.53,15.33,35.72
36133,County_36133,Oklahoma,Rural,23.96,13.81,20.56,
52521,County_52521,Other,Rural,27.3,16.63,22.59,37.92
41525,County_41525,South Dakota,Rural,24.29,10.49,22.37,38.87
22793,County_22793,Michigan,Rural,10.87,5.68,7.07,22.03
43219,County_43219,Texas,Suburban/Small City,31.78,17.28,28.52,
2041,County_2041,Alaska,Suburban/Small City,20.37,10.63,16.95,34.71
2473,County_2473,Alaska,Urban,11.49,5.06,10.8,20.9
10371,County_10371,Georgia,Suburban/Small City,28.84,13.36,27.09,39.87
26787,County_26787,Montana,Rural,17.92,8.92,15.9,32.34
34667,County_34667,North Dakota,Rural,14.08,7.57,13.76,30.18
30431,County_30431,New Jersey,Rural,25.06,10.91,21.17,38.44
20109,County_20109,Maryland,Rural,32.8,16.44,27.51,53.98
32809,County_32809,New York,Rural,21.4,10.88,17.82,35.57
3983,County_3983,Arizona,Urban,20.39,10.38,17.08,
7967,County_7967,Connecticut,Suburban/Small City,15.54,7.39,12.08,19.83
34673,County_34673,North Dakota,Rural,28.64,13.32,26.28,39.32
56315,County_56315,Other,Rural,21.43,10.69,18.5,33.91
12339,County_12339,Idaho,Suburban/Small City,13.91,8.07,10.75,29.2
50057,County_50057,Wyoming,Suburban/Small City,29.95,12.6,26.22,37.22
37981,County_37981,Oregon,Rural,26.68,13.96,25.28,33.54
38669,County_38669,Pennsylvania,Rural,34.0,15.15,27.85,39.18
6465,County_6465,Colorado,Suburban/Small City,29.08,14.51,26.07,37.68
10625,County_10625,Georgia,Rural,16.81,10.36,18.81,36.29
12173,County_12173,Idaho,Urban,28.62,15.4,24.75,40.87
41265,County_41265,South Dakota,Urban,15.76,8.05,15.25,30.26
26969,County_26969,Montana,Rural,19.62,8.42,14.7,34.95
41427,County_41427,South Dakota,Rural,16.58,9.85,15.51,29.7
49683,County_49683,Wisconsin,Urban,14.88,8.8,13.62,25.32
31717,County_31717,New Mexico,Rural,,15.19,21.33,34.05
46185,County_46185,Virginia,Rural,11.36,6.64,12.11,22.61
8607,County_8607,Delaware,Rural,32.35,16.68,26.85,35.11
16097,County_16097,Kansas,Urban,22.22,12.01,18.27,27.58
52637,County_52637,Other,Rural,31.42,14.11,26.83,31.89
22729,County_22729,Michigan,Rural,20.95,9.08,16.58,19.55
14011,County_14011,Indiana,Urban,20.14,8.92,14.22,27.92
54367,County_54367,Other,Suburban/Small City,17.93,10.12,15.07,
8799,County_8799,Delaware,Urban,24.33,9.01,22.87,32.98
18623,County_18623,Louisiana,Rural,31.19,14.43,27.24,40.5
30781,County_30781,New Jersey,Rural,18.56,7.9,17.46,25.78
22461,County_22461,Michigan,Urban,28.16,12.52,27.18,37.96
31453,County_31453,New Mexico,Rural,20.18,11.32,17.49,23.49
48249,County_48249,West Virginia,Rural,17.91,10.93,13.74,24.34
15145,County_15145,Iowa,Rural,29.52,15.0,25.67,38.69
22631,County_22631,Michigan,Rural,23.28,11.03,19.16,43.78
19553,County_19553,Maine,Urban,20.43,9.54,18.27,24.23
28121,County_28121,Nevada,Urban,34.82,16.96,27.66,29.24
29689,County_29689,New Hampshire,Rural,25.87,10.64,20.12,37.47
9923,County_9923,Florida,Urban,18.74,8.53,14.76,29.45
56663,County_56663,Other,Rural,29.28,14.32,24.03,34.61
41247,County_41247,South Dakota,Rural,28.83,13.15,22.58,29.43
55887,County_55887,Other,Rural,16.28,6.97,12.0,20.69
38027,County_38027,Pennsylvania,Rural,14.32,6.47,12.76,18.95
4427,County_4427,Arkansas,Urban,10.91,7.29,9.87,18.32
35119,County_35119,Ohio,Rural,29.82,14.5,22.94,41.47
38653,County_38653,Pennsylvania,Rural,17.89,9.88,14.61,23.46
23177,County_23177,Minnesota,Rural,24.34,12.28,18.84,29.33
31783,County_31783,New Mexico,Rural,19.85,9.87,14.47,32.7
4113,County_4113,Arkansas,Rural,31.14,16.91,23.83,34.21
51749,County_51749,Other,Urban,26.44,12.47,18.63,36.08
56515,County_56515,Other,Rural,25.36,12.46,23.55,27.59
49045,County_49045,Wisconsin,Rural,34.68,18.21,29.2,39.96
17503,County_17503,Kentucky,Urban,17.33,7.05,14.73,38.43
37695,County_37695,Oregon,Rural,24.3,12.36,18.43,36.83
54479,County_54479,Other,Rural,13.4,5.56,10.1,29.99
11423,County_11423,Hawaii,Rural,32.86,18.21,25.35,43.49
54907,County_54907,Other,Rural,12.92,6.18,9.03,26.16
4645,County_4645,Arkansas,Rural,15.64,4.29,13.7,35.81
32735,County_32735,New York,Suburban/Small City,24.77,13.62,17.5,36.43
29499,County_29499,New Hampshire,Suburban/Small City,12.55,8.54,10.23,24.65
41949,County_41949,South Dakota,Rural,22.18,10.65,16.8,37.1
1829,County_1829,Alabama,Rural,23.75,9.61,20.81,34.34
45565,County_45565,Vermont,Rural,23.42,10.0,21.5,30.32
42031,County_42031,Tennessee,Rural,26.0,12.96,21.16,28.24
33173,County_33173,North Carolina,Rural,15.65,9.05,12.11,21.44
39417,County_39417,Rhode Island,Urban,10.71,4.84,7.65,
12431,County_12431,Idaho,Urban,12.4,5.2,9.46,29.09
16537,County_16537,Kansas,Rural,18.76,9.03,15.79,21.41
22957,County_22957,Michigan,Urban,31.05,15.0,29.66,33.9
46863,County_46863,Virginia,Urban,23.3,13.62,19.61,30.77
40823,County_40823,South Carolina,Rural,27.29,11.92,21.52,31.09
51865,County_51865,Other,Suburban/Small City,29.42,15.53,23.76,40.5
17425,County_17425,Kentucky,Rural,20.05,7.79,20.31,20.09
31461,County_31461,New Mexico,Rural,18.77,8.48,18.7,31.72
44547,County_44547,Utah,Rural,17.04,9.09,16.3,23.57
43167,County_43167,Texas,Rural,14.95,6.48,10.11,31.68
31765,County_31765,New Mexico,Urban,23.22,12.15,14.14,39.15
35255,County_35255,Ohio,Rural,19.76,10.37,16.27,33.24
23249,County_23249,Minnesota,Rural,12.07,9.42,8.82,12.35
31671,County_31671,New Mexico,Rural,33.13,16.66,26.49,50.69
16245,County_16245,Kansas,Urban,12.69,7.87,14.86,29.05
15661,County_15661,Iowa,Rural,25.74,14.64,23.09,28.36
46973,County_46973,Virginia,Urban,20.9,11.35,17.27,38.64
34071,County_34071,North Dakota,Rural,23.7,,16.64,27.03
25917,County_25917,Missouri,Suburban/Small City,19.18,8.42,21.01,36.59
7173,County_7173,Connecticut,Rural,,15.65,22.61,26.86
20935,County_20935,Maryland,Urban,22.43,9.12,18.06,42.2
37569,County_37569,Oregon,Urban,26.08,10.54,23.25,35.18
56303,County_56303,Other,Rural,17.5,8.5,15.9,26.54
6505,County_6505,Colorado,Rural,24.51,13.84,21.09,37.85
25245,County_25245,Missouri,Rural,16.08,8.6,16.11,35.21
43543,County_43543,Texas,Rural,23.84,14.72,16.43,40.02
53625,County_53625,Other,Urban,17.91,7.67,14.66,25.41
44461,County_44461,Utah,Urban,15.59,6.83,11.92,30.09
40499,County_40499,South Carolina,Rural,20.42,10.11,17.17,25.8
1817,County_1817,Alabama,Urban,27.1,11.56,21.51,29.99
22271,County_22271,Michigan,Urban,27.25,13.36,20.22,31.35
12263,County_12263,Idaho,Urban,28.31,16.0,24.35,36.05
9917,County_9917,Florida,Urban,24.79,13.7,18.58,37.63
39983,County_39983,Rhode Island,Rural,13.31,10.15,13.74,20.45
10459,County_10459,Georgia,Urban,18.79,,13.79,32.99
11387,County_11387,Hawaii,Rural,25.04,10.85,21.22,30.4
19493,County_19493,Maine,Rural,28.39,11.6,25.82,25.29
16629,County_16629,Kansas,Rural,15.08,10.58,14.54,21.01
1825,County_1825,Alabama,Rural,16.64,9.25,14.78,30.1
27947,County_27947,Nebraska,Urban,23.89,12.5,21.86,38.64
10487,County_10487,Georgia,Rural,20.86,10.97,20.57,26.4
42931,County_42931,Tennessee,Urban,14.61,8.38,12.61,21.47
22847,County_22847,Michigan,Rural,20.3,12.43,16.5,28.73
5643,County_5643,California,Rural,24.62,13.71,20.52,53.37
25929,County_25929,Missouri,Suburban/Small City,29.82,12.35,26.34,36.12
33641,County_33641,North Carolina,Urban,27.65,14.13,27.18,38.03
24835,County_24835,Mississippi,Suburban/Small City,25.51,14.79,23.49,41.7
23301,County_23301,Minnesota,Rural,23.35,10.53,17.32,32.52
39579,County_39579,Rhode Island,Urban,23.18,10.97,20.84,38.52
7401,County_7401,Connecticut,Rural,26.47,13.24,22.39,37.39
49551,County_49551,Wisconsin,Suburban/Small City,12.77,7.94,6.27,
6445,County_6445,Colorado,Urban,28.06,14.77,24.76,36.65
44081,County_44081,Utah,Rural,11.91,2.7,11.55,31.76
45359,County_45359,Vermont,Urban,27.42,15.46,26.99,29.07
44721,County_44721,Utah,Rural,14.16,,13.13,29.43
50489,County_50489,Wyoming,Urban,18.66,8.4,14.74,29.57
35795,County_35795,Ohio,Suburban/Small City,28.02,12.92,26.15,39.45
16477,County_16477,Kansas,Rural,21.59,11.73,21.98,33.89
55727,County_55727,Other,Rural,28.83,13.45,25.78,36.68
15849,County_15849,Iowa,Urban,24.11,10.73,20.01,38.16
3413,County_3413,Arizona,Rural,19.26,9.71,19.59,42.24
20659,County_20659,Maryland,Urban,25.57,13.44,24.24,40.28
30135,County_30135,New Jersey,Urban,19.48,10.37,14.37,32.02
13263,County_13263,Illinois,Urban,27.84,12.51,24.32,40.17
28907,County_28907,Nevada,Rural,16.46,9.56,14.57,26.66
22845,County_22845,Michigan,Suburban/Small City,32.1,13.88,26.62,35.76
27057,County_27057,Nebraska,Urban,21.91,10.74,23.4,26.45
29979,County_29979,New Hampshire,Suburban/Small City,22.68,12.25,17.55,27.93
53405,County_53405,Other,Urban,32.67,17.58,26.96,41.25
43191,County_43191,Texas,Rural,13.63,7.95,12.75,18.03
29109,County_29109,New Hampshire,Urban,29.19,,22.52,39.14
42885,County_42885,Tennessee,Urban,19.87,12.1,13.81,32.2
46813,County_46813,Virginia,Urban,12.9,4.97,13.57,25.46
56611,County_56611,Other,Rural,19.9,7.71,14.61,
56389,County_56389,Other,Rural,27.31,14.66,24.29,33.83
13639,County_13639,Illinois,Rural,23.73,12.74,20.82,42.31
32299,County_32299,New York,Rural,25.68,9.97,18.1,39.51
53437,County_53437,Other,Rural,18.12,8.44,17.54,20.11
3863,County_3863,Arizona,Rural,21.11,11.47,17.77,27.56
3623,County_3623,Arizona,Urban,29.61,15.47,26.93,27.66
20195,County_20195,Maryland,Rural,27.89,11.58,21.01,38.4
20217,County_20217,Maryland,Rural,25.24,10.63,22.15,34.76
55191,County_55191,Other,Suburban/Small City,20.62,9.49,16.6,33.05
45111,County_45111,Vermont,Urban,24.57,14.03,22.42,40.5
49413,County_49413,Wisconsin,Rural,28.65,14.7,25.12,37.57
9433,County_9433,Florida,Urban,22.91,10.18,19.22,40.53
9447,County_9447,Florida,Rural,21.24,8.94,19.26,31.68
13503,County_13503,Illinois,Rural,23.36,11.03,22.43,35.24
49495,County_49495,Wisconsin,Urban,13.29,7.28,11.04,19.23
43743,County_43743,Texas,Rural,22.75,11.67,21.73,33.1
54567,County_54567,Other,Rural,,16.07,23.24,31.13
21635,County_21635,Massachusetts,Rural,26.51,12.02,23.28,22.8
24337,County_24337,Mississippi,Urban,15.18,6.52,12.61,25.0
46057,County_46057,Virginia,Rural,19.4,10.1,17.22,36.26
18375,County_18375,Louisiana,Urban,18.72,7.41,18.36,29.38
38785,County_38785,Pennsylvania,Rural,32.32,17.53,27.41,40.54
6091,County_6091,Colorado,Rural,27.18,17.59,23.4,40.68
53963,County_53963,Other,Urban,22.61,13.09,18.96,27.88
20645,County_20645,Maryland,Rural,20.99,5.93,16.77,26.5
29107,County_29107,New Hampshire,Suburban/Small City,25.83,14.03,26.46,26.82
23565,County_23565,Minnesota,Urban,28.38,12.67,27.12,41.05
27163,County_27163,Nebraska,Urban,,16.1,16.54,40.45
24645,County_24645,Mississippi,Rural,,6.6,14.14,21.66
10817,County_10817,Georgia,Rural,21.57,9.04,21.92,23.18
55055,County_55055,Other,Urban,25.5,12.6,22.84,29.09
10715,County_10715,Georgia,Rural,16.51,9.76,14.57,25.79
48817,County_48817,West Virginia,Rural,17.86,8.96,16.92,23.25
14117,County_14117,Indiana,Rural,27.17,12.44,23.88,36.59
46873,County_46873,Virginia,Rural,14.11,8.09,14.26,29.26
54339,County_54339,Other,Rural,26.94,14.24,22.14,36.18
1279,County_1279,Alabama,Urban,29.88,16.37,27.93,41.25
16301,County_16301,Kansas,Urban,25.99,14.12,21.2,32.87
28243,County_28243,Nevada,Urban,26.59,13.93,23.74,38.83
25353,County_25353,Missouri,Rural,22.54,15.1,22.31,26.05
15573,County_15573,Iowa,Rural,29.01,12.04,23.95,40.64
34729,County_34729,North Dakota,Rural,27.15,14.02,27.46,30.08
18523,County_18523,Louisiana,Rural,20.49,9.51,17.78,29.21
31669,County_31669,New Mexico,Rural,12.81,8.28,10.97,35.49
10271,County_10271,Georgia,Rural,13.48,5.55,14.41,36.85
55621,County_55621,Other,Rural,31.82,15.88,29.36,42.72
55887,County_55887,Other,Urban,22.1,10.91,18.68,27.16
38841,County_38841,Pennsylvania,Rural,31.26,15.53,27.05,32.32
5405,County_5405,California,Urban,19.98,8.33,15.75,29.68
23153,County_23153,Minnesota,Rural,19.75,8.63,14.07,29.87
17523,County_17523,Kentucky,Rural,32.04,16.2,25.69,40.58
8775,County_8775,Delaware,Rural,27.08,12.74,24.31,35.03
27223,County_27223,Nebraska,Rural,24.9,12.66,23.19,40.37
41509,County_41509,South Dakota,Urban,25.23,13.68,21.59,29.86
52601,County_52601,Other,Rural,20.97,9.27,18.37,33.89
33973,County_33973,North Carolina,Urban,19.41,7.85,15.77,25.83
39317,County_39317,Rhode Island,Urban,20.83,10.51,15.95,36.91
50489,County_50489,Wyoming,Suburban/Small City,22.95,13.49,20.17,31.42
51067,County_51067,Other,Rural,22.4,9.24,17.46,31.3
24819,County_24819,Mississippi,Rural,23.61,11.08,17.42,27.63
27775,County_27775,Nebraska,Rural,24.44,14.22,21.31,28.36
54963,County_54963,Other,Urban,21.58,10.99,20.75,29.91
27041,County_27041,Nebraska,Urban,26.16,15.08,20.28,36.75
56649,County_56649,Other,Rural,30.66,14.49,24.3,35.74
18415,County_18415,Louisiana,Rural,13.25,7.54,11.58,20.54
45515,County_45515,Vermont,Rural,16.35,9.48,12.54,22.19
9223,County_9223,Florida,Suburban/Small City,14.72,6.88,13.29,29.71
37317,County_37317,Oregon,Rural,20.27,9.87,18.44,31.97
29981,County_29981,New Hampshire,Rural,20.12,8.66,17.15,19.77
6211,County_6211,Colorado,Rural,20.05,7.47,17.9,20.1
10477,County_10477,Georgia,Rural,19.57,7.86,13.86,40.16
9835,County_9835,Florida,Rural,14.6,6.99,12.72,25.13
32241,County_32241,New York,Rural,17.61,9.22,17.25,32.41
54903,County_54903,Other,Urban,8.52,3.42,5.65,25.51
45947,County_45947,Vermont,Rural,30.77,,26.53,34.07
9787,County_9787,Florida,Rural,14.52,4.25,13.52,28.75
44011,County_44011,Utah,Urban,27.63,10.11,28.36,37.39
41863,County_41863,South Dakota,Rural,,10.31,22.34,31.95
35433,County_35433,Ohio,Urban,19.48,11.53,,31.25
7401,County_7401,Connecticut,Rural,30.85,14.72,,43.16
53577,County_53577,Other,Rural,30.89,14.95,25.49,44.57
50495,County_50495,Wyoming,Rural,22.52,11.23,19.01,25.4
38425,County_38425,Pennsylvania,Urban,24.13,12.64,22.87,33.79
51053,County_51053,Other,Urban,,2.4,9.83,24.13
43589,County_43589,Texas,Urban,19.94,10.76,16.57,31.06
36921,County_36921,Oklahoma,Urban,31.38,16.87,27.28,39.12
19853,County_19853,Maine,Rural,19.52,10.82,16.99,24.16
41763,County_41763,South Dakota,Rural,14.65,8.27,12.12,36.94
6749,County_6749,Colorado,Rural,35.5,18.69,30.11,34.42
9691,County_9691,Florida,Urban,12.94,6.17,13.53,28.79
20341,County_20341,Maryland,Urban,21.77,12.49,20.54,35.4
48217,County_48217,West Virginia,Rural,20.51,11.42,13.42,29.43
40611,County_40611,South Carolina,Rural,28.38,14.28,20.91,32.56
13961,County_13961,Illinois,Rural,20.36,8.23,19.29,30.46
3987,County_3987,Arizona,Rural,34.97,18.88,28.91,37.55
32871,County_32871,New York,Rural,,10.88,18.4,23.45
35963,County_35963,Ohio,Rural,17.47,9.46,15.03,35.31
22401,County_22401,Michigan,Urban,22.82,10.19,21.55,29.75
17613,County_17613,Kentucky,Suburban/Small City,15.93,9.92,10.95,25.93
22329,County_22329,Michigan,Rural,22.13,9.95,19.85,16.71
42313,County_42313,Tennessee,Rural,35.96,16.53,33.49,43.96
48061,County_48061,West Virginia,Rural,6.54,7.31,7.63,20.78
2217,County_2217,Alaska,Rural,22.32,9.58,17.84,29.32
15453,County_15453,Iowa,Rural,24.72,13.73,24.18,33.54
56365,County_56365,Other,Urban,17.05,7.77,14.41,31.33
37599,County_37599,Oregon,Rural,16.84,7.6,16.32,22.02
2817,County_2817,Alaska,Rural,26.07,13.73,25.63,40.53
8777,County_8777,Delaware,Rural,32.58,18.11,27.84,36.5
32497,County_32497,New York,Rural,34.96,15.77,33.3,27.27
27981,County_27981,Nebraska,Rural,27.69,12.97,25.63,36.77
55723,County_55723,Other,Urban,29.82,13.57,26.41,34.61
50537,County_50537,Wyoming,Urban,26.29,11.67,23.7,32.23
27905,County_27905,Nebraska,Rural,26.08,11.98,22.67,35.69
47537,County_47537,Washington,Rural,20.91,11.65,20.28,22.11
40071,County_40071,South Carolina,Rural,29.93,12.4,22.1,35.86
49971,County_49971,Wisconsin,Urban,9.95,5.04,7.65,15.99
13521,County_13521,Illinois,Rural,25.85,11.89,20.58,31.31
54147,County_54147,Other,Urban,21.03,10.53,18.65,26.33
8185,County_8185,Delaware,Rural,15.14,8.73,17.07,29.19
49061,County_49061,Wisconsin,Urban,27.53,15.64,24.17,44.6
50845,County_50845,Wyoming,Rural,18.43,8.65,19.18,23.77
49029,County_49029,Wisconsin,Suburban/Small City,16.95,9.51,10.94,40.15
16493,County_16493,Kansas,Urban,23.36,11.43,19.12,32.79
21223,County_21223,Massachusetts,Rural,32.11,15.94,27.37,
49339,County_49339,Wisconsin,Rural,34.69,17.56,28.32,39.89
50393,County_50393,Wyoming,Urban,23.43,14.13,19.55,37.39
25807,County_25807,Missouri,Rural,10.7,3.7,6.51,35.69
51569,County_51569,Other,Urban,24.42,12.07,18.12,42.26
40665,County_40665,South Carolina,Rural,16.71,9.44,11.68,37.25
2011,County_2011,Alaska,Rural,22.26,7.87,16.04,31.93
3505,County_3505,Arizona,Suburban/Small City,,9.85,19.02,30.16
23551,County_23551,Minnesota,Rural,25.61,14.4,22.47,33.21
23273,County_23273,Minnesota,Urban,17.69,9.52,17.28,33.39
11113,County_11113,Hawaii,Rural,28.75,13.5,26.8,32.95
33783,County_33783,North Carolina,Rural,30.2,14.67,23.97,41.29
36329,County_36329,Oklahoma,Rural,28.22,11.8,24.81,35.37
45091,County_45091,Vermont,Urban,14.45,,13.42,31.08
10583,County_10583,Georgia,Urban,14.13,5.44,13.41,28.83
48403,County_48403,West Virginia,Urban,16.94,8.6,12.09,30.76
12343,County_12343,Idaho,Rural,12.32,9.03,12.48,29.48
2817,County_2817,Alaska,Rural,22.19,12.77,17.48,32.61
37965,County_37965,Oregon,Suburban/Small City,8.06,4.1,9.8,29.92
27379,County_27379,Nebraska,Suburban/Small City,28.31,11.42,27.24,37.32
40207,County_40207,South Carolina,Rural,25.79,14.51,19.51,27.55
4097,County_4097,Arkansas,Rural,29.88,13.22,27.41,41.6
3417,County_3417,Arizona,Rural,10.54,5.08,9.37,28.76
51629,County_51629,Other,Urban,19.91,8.79,,34.87
33019,County_33019,North Carolina,Urban,32.37,,,35.91
34105,County_34105,North Dakota,Suburban/Small City,23.33,11.11,23.64,30.7
39165,County_39165,Rhode Island,Rural,18.55,12.42,15.19,35.5
35495,County_35495,Ohio,Urban,30.9,15.37,26.62,33.54
7639,County_7639,Connecticut,Urban,24.42,12.71,21.09,35.68
32711,County_32711,New York,Urban,19.76,11.11,14.88,24.7
11571,County_11571,Hawaii,Rural,16.84,8.1,15.34,28.95
6465,County_6465,Colorado,Urban,12.54,7.53,10.24,24.21
49955,County_49955,Wisconsin,Urban,15.73,,15.84,32.11
38251,County_38251,Pennsylvania,Urban,28.69,16.19,25.44,33.24
34105,County_34105,North Dakota,Rural,14.84,8.13,9.91,24.76
13495,County_13495,Illinois,Urban,26.94,12.93,25.75,27.56
23375,County_23375,Minnesota,Urban,20.18,11.45,17.28,28.16
17885,County_17885,Kentucky,Urban,22.41,11.35,19.15,44.63
6083,County_6083,Colorado,Rural,22.08,10.91,21.7,36.44
36861,County_36861,Oklahoma,Urban,16.62,10.89,14.15,33.21
8843,County_8843,Delaware,Urban,15.48,7.35,13.05,29.46
50889,County_50889,Wyoming,Rural,,5.1,8.79,26.56
19971,County_19971,Maine,Urban,35.02,18.6,27.57,47.26
53901,County_53901,Other,Rural,24.08,12.67,20.01,37.91
37221,County_37221,Oregon,Suburban/Small City,14.79,5.39,10.18,26.01
35291,County_35291,Ohio,Rural,27.13,12.1,24.26,41.93
9251,County_9251,Florida,Rural,17.6,8.67,19.05,28.54
50781,County_50781,Wyoming,Urban,17.88,7.99,17.11,25.84
18917,County_18917,Louisiana,Rural,27.65,11.23,21.64,34.99
1491,County_1491,Alabama,Rural,26.09,10.39,19.54,34.59
9473,County_9473,Florida,Rural,17.19,,15.2,24.47
38877,County_38877,Pennsylvania,Urban,16.49,7.3,11.79,23.69
34619,County_34619,North Dakota,Suburban/Small City,22.17,13.19,17.17,
46715,County_46715,Virginia,Urban,28.99,15.88,24.36,36.51
27921,County_27921,Nebraska,Rural,32.21,16.34,26.7,35.65
16159,County_16159,Kansas,Urban,23.39,13.28,16.61,31.6
36661,County_36661,Oklahoma,Urban,20.22,9.13,18.44,22.08
40095,County_40095,South Carolina,Rural,18.88,8.29,14.61,25.77
22655,County_22655,Michigan,Suburban/Small City,30.07,12.84,29.99,39.64
20935,County_20935,Maryland,Urban,19.0,10.8,16.96,27.72
47411,County_47411,Washington,Urban,21.92,8.62,17.97,33.48
49053,County_49053,Wisconsin,Rural,27.45,16.86,24.44,29.51
11917,County_11917,Hawaii,Urban,21.12,10.27,16.21,23.58
52111,County_52111,Other,Urban,11.04,6.95,10.4,33.62
31145,County_31145,New Mexico,Suburban/Small City,23.73,11.35,20.28,37.83
15919,County_15919,Iowa,Urban,10.07,5.77,9.37,25.82
38405,County_38405,Pennsylvania,Rural,17.13,9.25,13.95,25.42
11743,County_11743,Hawaii,Rural,24.24,10.46,21.34,37.4
43317,County_43317,Texas,Rural,16.4,5.99,14.25,31.38
41563,County_41563,South Dakota,Rural,25.53,11.19,23.18,34.05
21007,County_21007,Massachusetts,Urban,15.83,8.11,9.61,30.74
39093,County_39093,Rhode Island,Urban,12.95,6.51,9.15,
30803,County_30803,New Jersey,Rural,14.33,6.92,13.38,29.29
2041,County_2041,Alaska,Urban,21.33,10.37,19.99,25.31
30155,County_30155,New Jersey,Urban,28.81,14.25,23.97,42.26
23289,County_23289,Minnesota,Rural,18.53,,14.39,30.6
17221,County_17221,Kentucky,Rural,16.88,8.53,14.33,21.67
9895,County_9895,Florida,Rural,10.96,4.0,12.06,23.84
42191,County_42191,Tennessee,Urban,14.26,4.29,12.91,32.9
45367,County_45367,Vermont,Rural,26.71,13.76,21.51,31.31
19223,County_19223,Maine,Rural,28.79,15.5,25.76,35.41
26905,County_26905,Montana,Rural,25.84,12.04,21.14,25.12
29275,County_29275,New Hampshire,Rural,21.33,11.28,18.35,26.7
2021,County_2021,Alaska,Rural,18.83,9.68,16.53,31.49
45151,County_45151,Vermont,Rural,29.59,12.45,24.41,42.18
33213,County_33213,North Carolina,Suburban/Small City,21.87,11.41,18.67,31.63
37639,County_37639,Oregon,Urban,26.3,,22.42,31.19
7359,County_7359,Connecticut,Rural,5.79,,3.87,29.52
7147,County_7147,Connecticut,Rural,21.73,11.27,20.57,37.99
17989,County_17989,Kentucky,Urban,19.36,10.0,16.53,27.98
37483,County_37483,Oregon,Rural,26.74,15.38,24.42,43.74
23253,County_23253,Minnesota,Rural,28.69,12.2,24.67,38.05
1701,County_1701,Alabama,Urban,28.39,17.56,25.57,38.14
50651,County_50651,Wyoming,Suburban/Small City,19.5,9.31,15.06,33.82
44831,County_44831,Utah,Rural,20.53,11.71,19.0,30.03
16157,County_16157,Kansas,Rural,27.3,15.05,24.89,28.3
4199,County_4199,Arkansas,Urban,31.44,13.6,28.41,40.89
8163,County_8163,Delaware,Suburban/Small City,12.06,7.1,11.36,33.92
3275,County_3275,Arizona,Rural,16.98,7.67,14.87,26.3
13627,County_13627,Illinois,Urban,25.93,13.91,21.42,35.08
21889,County_21889,Massachusetts,Suburban/Small City,28.11,13.18,21.95,
51935,County_51935,Other,Rural,20.99,14.21,16.42,26.32
47749,County_47749,Washington,Urban,16.06,8.21,15.87,27.07
29653,County_29653,New Hampshire,Rural,25.75,11.71,20.76,29.88
10481,County_10481,Georgia,Urban,26.81,16.37,24.95,34.62
53733,County_53733,Other,Suburban/Small City,27.73,13.54,24.33,37.5
39667,County_39667,Rhode Island,Rural,18.35,11.68,14.96,30.34
14583,County_14583,Indiana,Urban,33.24,15.87,29.64,39.19
23919,County_23919,Minnesota,Rural,26.7,15.21,21.86,29.33
43657,County_43657,Texas,Urban,23.15,,16.5,32.64
53115,County_53115,Other,Rural,14.63,6.02,11.81,27.05
36777,County_36777,Oklahoma,Rural,25.35,10.35,23.88,41.45
35487,County_35487,Ohio,Rural,21.52,11.16,16.75,30.9
26543,County_26543,Montana,Suburban/Small City,18.41,9.65,13.2,22.4
27161,County_27161,Nebraska,Urban,23.15,12.17,18.47,32.64
22769,County_22769,Michigan,Rural,14.56,6.25,13.48,23.03
20361,County_20361,Maryland,Urban,21.64,12.31,22.49,30.11
23703,County_23703,Minnesota,Urban,26.89,11.65,24.12,42.16
33749,County_33749,North Carolina,Rural,18.62,10.33,,32.21
18767,County_18767,Louisiana,Urban,22.58,11.81,18.58,33.46
21785,County_21785,Massachusetts,Suburban/Small City,32.52,14.17,26.84,34.19
35133,County_35133,Ohio,Rural,12.89,7.52,10.01,26.73
15763,County_15763,Iowa,Rural,14.09,6.81,8.42,28.61
53917,County_53917,Other,Rural,15.4,8.26,,32.13
32239,County_32239,New York,Rural,31.01,16.69,28.56,43.1
35359,County_35359,Ohio,Urban,22.18,12.44,19.57,27.48
11803,County_11803,Hawaii,Urban,16.6,9.3,12.95,
4371,County_4371,Arkansas,Rural,21.08,10.23,18.56,33.5
41745,County_41745,South Dakota,Urban,21.72,9.78,20.27,40.07
7167,County_7167,Connecticut,Rural,28.8,13.93,23.44,43.07
54403,County_54403,Other,Rural,21.75,11.74,17.78,28.89
45903,County_45903,Vermont,Urban,26.01,16.98,23.38,35.37
7667,County_7667,Connecticut,Rural,17.21,7.71,13.89,29.97
7455,County_7455,Connecticut,Urban,15.13,8.24,,30.22
7589,County_7589,Connecticut,Rural,14.47,8.06,7.71,25.09
51839,County_51839,Other,Suburban/Small City,26.84,13.13,21.85,40.61
13221,County_13221,Illinois,Urban,20.88,11.45,17.03,29.86
16051,County_16051,Kansas,Rural,27.33,16.23,20.77,38.61
42089,County_42089,Tennessee,Rural,32.98,16.7,28.41,35.28
52163,County_52163,Other,Rural,20.33,,16.8,29.43
35305,County_35305,Ohio,Rural,9.56,4.52,7.61,27.06
8285,County_8285,Delaware,Rural,25.68,10.49,21.21,42.35
11431,County_11431,Hawaii,Rural,16.99,8.34,13.02,24.19
21245,County_21245,Massachusetts,Rural,27.63,12.44,22.57,35.51
14707,County_14707,Indiana,Rural,19.37,9.92,13.15,23.82
13281,County_13281,Illinois,Rural,21.91,11.28,21.35,37.42
53403,County_53403,Other,Suburban/Small City,18.1,8.98,13.9,26.24
38453,County_38453,Pennsylvania,Rural,22.02,8.54,17.97,28.7
44133,County_44133,Utah,Rural,20.22,12.45,19.32,27.3
22537,County_22537,Michigan,Urban,,10.26,20.04,23.68
41763,County_41763,South Dakota,Urban,21.09,12.42,17.84,31.07
30415,County_30415,New Jersey,Rural,28.92,12.44,25.9,43.39
22481,County_22481,Michigan,Rural,21.98,13.05,20.01,27.71
31873,County_31873,New Mexico,Rural,18.61,8.81,18.68,37.01
8279,County_8279,Delaware,Urban,10.24,3.03,9.69,26.12
41885,County_41885,South Dakota,Rural,26.98,14.45,22.32,41.96
14781,County_14781,Indiana,Rural,23.65,12.18,17.57,27.47
4487,County_4487,Arkansas,Rural,24.02,12.13,20.92,41.44
10437,County_10437,Georgia,Rural,29.55,13.23,24.27,27.33
21133,County_21133,Massachusetts,Urban,29.84,15.08,25.42,36.89
5663,County_5663,California,Rural,24.18,10.54,25.02,35.89
16615,County_16615,Kansas,Rural,26.77,11.37,21.61,33.94
45609,County_45609,Vermont,Suburban/Small City,25.51,12.55,21.26,35.05
14883,County_14883,Indiana,Rural,26.02,15.43,24.15,28.41
6921,County_6921,Colorado,Suburban/Small City,28.32,14.72,21.04,41.77
51261,County_51261,Other,Rural,15.85,5.0,13.31,26.71
14279,County_14279,Indiana,Urban,25.36,10.45,,34.4
1389,County_1389,Alabama,Urban,18.5,,,29.87
32177,County_32177,New York,Urban,29.45,16.37,,36.51
47757,County_47757,Washington,Suburban/Small City,26.28,12.43,19.77,33.13
28425,County_28425,Nevada,Suburban/Small City,29.29,16.32,25.64,33.54
27979,County_27979,Nebraska,Rural,24.76,15.88,21.27,33.35
7921,County_7921,Connecticut,Urban,20.03,10.77,18.79,29.13
16987,County_16987,Kansas,Rural,23.95,13.13,21.45,29.11
48883,County_48883,West Virginia,Urban,22.42,11.84,15.49,31.58
22901,County_22901,Michigan,Rural,27.16,15.15,20.3,27.72
49549,County_49549,Wisconsin,Rural,25.38,13.51,19.89,36.53
33913,County_33913,North Carolina,Rural,15.54,6.57,13.71,29.75
22085,County_22085,Michigan,Rural,28.48,13.39,26.32,31.92
45499,County_45499,Vermont,Rural,26.99,13.06,23.7,28.64
4925,County_4925,Arkansas,Rural,17.63,8.4,15.33,32.68
34003,County_34003,North Dakota,Urban,29.91,15.65,26.21,39.27
26273,County_26273,Montana,Suburban/Small City,19.6,10.58,14.95,40.39
28799,County_28799,Nevada,Rural,24.93,12.75,21.83,32.9
55417,County_55417,Other,Rural,20.94,11.19,17.92,28.44
29597,County_29597,New Hampshire,Urban,17.23,7.73,,26.46
39125,County_39125,Rhode Island,Rural,19.37,9.62,17.63,19.74
2309,County_2309,Alaska,Rural,21.5,,16.67,30.52
50919,County_50919,Wyoming,Urban,22.32,12.39,18.17,28.84
53733,County_53733,Other,Urban,10.64,3.55,11.12,20.91
2671,County_2671,Alaska,Rural,20.88,10.85,15.58,31.77
6011,County_6011,Colorado,Rural,15.0,8.85,13.56,28.3
27765,County_27765,Nebraska,Urban,15.69,8.27,8.76,28.3
39437,County_39437,Rhode Island,Suburban/Small City,26.24,11.74,22.12,28.04
10629,County_10629,Georgia,Rural,17.09,9.05,13.71,24.63
47859,County_47859,Washington,Rural,25.7,13.75,18.73,38.58
1277,County_1277,Alabama,Suburban/Small City,27.79,15.1,25.17,37.82
51375,County_51375,Other,Rural,31.19,13.94,27.31,24.35
48699,County_48699,West Virginia,Rural,26.92,14.56,,40.53
38737,County_38737,Pennsylvania,Rural,26.57,14.02,23.19,34.72
32109,County_32109,New York,Rural,23.08,11.22,18.93,26.38
34121,County_34121,North Dakota,Rural,11.19,7.42,10.67,24.09
16521,County_16521,Kansas,Rural,20.58,10.69,21.24,36.88
36155,County_36155,Oklahoma,Urban,12.67,7.27,14.76,17.99
5297,County_5297,California,Urban,32.05,17.24,25.93,44.53
7713,County_7713,Connecticut,Rural,32.38,13.67,22.98,32.91
3783,County_3783,Arizona,Urban,13.58,9.46,11.17,20.48
29941,County_29941,New Hampshire,Suburban/Small City,19.94,11.78,15.42,31.62
14505,County_14505,Indiana,Rural,30.71,16.37,26.88,36.74
9163,County_9163,Florida,Urban,23.64,12.26,21.18,31.35
34189,County_34189,North Dakota,Rural,14.85,8.06,12.41,25.86
34643,County_34643,North Dakota,Rural,30.86,16.47,23.65,30.27
43713,County_43713,Texas,Rural,13.53,8.01,12.65,16.38
34751,County_34751,North Dakota,Suburban/Small City,27.22,13.37,23.22,35.67
37151,County_37151,Oregon,Rural,22.14,11.55,23.13,39.84
27349,County_27349,Nebraska,Rural,23.21,12.45,20.58,36.99
31591,County_31591,New Mexico,Suburban/Small City,19.55,13.57,16.78,31.81
25193,County_25193,Missouri,Suburban/Small City,24.56,11.81,19.78,39.04
31391,County_31391,New Mexico,Urban,30.91,,24.18,37.92
25481,County_25481,Missouri,Urban,26.66,14.56,23.99,38.78
32491,County_32491,New York,Urban,27.22,14.56,23.07,34.9
37457,County_37457,Oregon,Rural,19.61,11.0,15.66,31.39
18117,County_18117,Louisiana,Rural,25.11,11.4,21.78,38.13
10147,County_10147,Georgia,Urban,32.91,15.75,26.07,27.52
7683,County_7683,Connecticut,Urban,30.64,16.98,23.93,33.81
51985,County_51985,Other,Rural,29.87,16.72,30.89,45.22
22231,County_22231,Michigan,Urban,18.14,9.81,10.16,33.24
18777,County_18777,Louisiana,Rural,26.43,14.44,21.01,38.87
19011,County_19011,Maine,Rural,20.53,7.81,17.51,27.33
45023,County_45023,Vermont,Urban,14.51,7.46,12.22,24.54
48067,County_48067,West Virginia,Urban,19.47,10.26,14.77,24.56
44889,County_44889,Utah,Rural,28.59,14.03,24.07,33.21
40029,County_40029,South Carolina,Rural,26.76,14.23,22.86,40.63
31911,County_31911,New Mexico,Suburban/Small City,30.81,15.86,25.35,43.87
47415,County_47415,Washington,Rural,36.47,16.43,34.19,45.33
12863,County_12863,Idaho,Rural,34.79,17.85,25.35,36.56
36613,County_36613,Oklahoma,Urban,32.01,14.97,,31.86
35307,County_35307,Ohio,Rural,28.59,14.45,24.08,39.97
39313,County_39313,Rhode Island,Rural,14.05,7.61,11.16,25.39
55321,County_55321,Other,Urban,17.41,6.12,15.88,34.65
4479,County_4479,Arkansas,Suburban/Small City,18.12,11.03,15.1,32.26
25507,County_25507,Missouri,Urban,17.25,,11.5,22.92
31955,County_31955,New Mexico,Rural,12.76,6.75,13.9,34.48
10087,County_10087,Georgia,Rural,24.37,13.33,18.78,34.16
52321,County_52321,Other,Urban,18.8,8.34,13.53,32.13
2761,County_2761,Alaska,Suburban/Small City,27.43,15.95,21.57,39.28
2151,County_2151,Alaska,Rural,20.8,9.72,19.01,30.94
35131,County_35131,Ohio,Rural,25.28,12.22,21.2,37.28
31135,County_31135,New Mexico,Rural,33.18,16.91,30.64,39.8
19361,County_19361,Maine,Urban,19.59,8.71,13.9,36.72
18641,County_18641,Louisiana,Rural,21.41,10.4,16.39,31.43
42569,County_42569,Tennessee,Urban,23.49,15.25,19.87,35.78
51679,County_51679,Other,Rural,7.41,2.68,5.81,24.6
22313,County_22313,Michigan,Rural,11.01,5.97,13.39,26.57
13831,County_13831,Illinois,Rural,9.18,6.6,11.07,20.72
13173,County_13173,Illinois,Rural,22.91,11.52,22.37,33.11
29171,County_29171,New Hampshire,Rural,21.16,8.95,,
28927,County_28927,Nevada,Rural,22.97,12.1,19.75,43.97
41519,County_41519,South Dakota,Rural,24.49,11.28,17.53,32.81
10057,County_10057,Georgia,Rural,12.02,5.59,12.72,26.65
10915,County_10915,Georgia,Rural,19.83,9.61,14.75,24.49
37189,County_37189,Oregon,Rural,31.31,16.39,31.21,34.32
12069,County_12069,Idaho,Urban,29.44,17.46,24.91,34.49
20131,County_20131,Maryland,Rural,31.19,13.57,26.32,37.72
25847,County_25847,Missouri,Rural,29.15,12.54,21.91,32.56
48893,County_48893,West Virginia,Rural,26.21,11.96,26.78,36.57
38167,County_38167,Pennsylvania,Rural,20.48,9.74,14.22,26.19
3083,County_3083,Arizona,Urban,13.31,7.51,9.37,34.59
25249,County_25249,Missouri,Urban,15.26,5.34,11.57,25.01
37317,County_37317,Oregon,Urban,16.29,5.21,13.72,26.76
17645,County_17645,Kentucky,Rural,25.26,9.87,16.01,
11767,County_11767,Hawaii,Urban,15.24,9.24,11.43,18.8
34583,County_34583,North Dakota,Rural,24.19,8.6,19.79,31.19
18495,County_18495,Louisiana,Urban,,16.38,33.68,36.38
34135,County_34135,North Dakota,Rural,31.61,15.52,23.88,33.99
41725,County_41725,South Dakota,Urban,15.74,6.32,12.54,29.54
3153,County_3153,Arizona,Suburban/Small City,25.54,11.88,20.96,30.76
37251,County_37251,Oregon,Rural,29.38,17.52,25.61,40.47
8117,County_8117,Delaware,Rural,5.52,2.67,2.0,19.91
44073,County_44073,Utah,Rural,23.75,12.14,19.13,22.73
45233,County_45233,Vermont,Urban,31.34,15.97,25.23,45.41
13425,County_13425,Illinois,Rural,17.83,8.61,13.49,21.21
38363,County_38363,Pennsylvania,Rural,32.87,,28.62,37.39
29183,County_29183,New Hampshire,Urban,30.24,14.66,27.22,42.61
55563,County_55563,Other,Rural,14.56,6.73,10.76,33.51
31363,County_31363,New Mexico,Rural,32.26,16.75,28.46,39.06
56613,County_56613,Other,Rural,17.11,8.32,15.37,27.22
21545,County_21545,Massachusetts,Rural,16.31,,17.37,29.69
15467,County_15467,Iowa,Urban,17.49,8.32,13.08,31.13
49565,County_49565,Wisconsin,Rural,23.73,10.97,19.76,33.21
53515,County_53515,Other,Rural,23.24,12.46,19.8,25.5
18981,County_18981,Louisiana,Suburban/Small City,,15.82,23.69,27.16
17213,County_17213,Kentucky,Urban,18.86,11.64,13.57,29.47
4459,County_4459,Arkansas,Rural,7.85,2.64,5.32,21.06
18987,County_18987,Louisiana,Suburban/Small City,31.33,18.06,25.08,30.87
43525,County_43525,Texas,Urban,15.44,9.11,11.51,32.44
45767,County_45767,Vermont,Rural,18.15,8.11,14.18,
37643,County_37643,Oregon,Rural,16.14,6.24,13.62,30.19
35903,County_35903,Ohio,Rural,23.43,11.86,22.67,23.01
20071,County_20071,Maryland,Rural,25.11,10.82,17.17,33.04
13763,County_13763,Illinois,Rural,16.87,8.35,13.86,26.98
35843,County_35843,Ohio,Rural,23.6,9.9,19.96,38.67
17099,County_17099,Kentucky,Rural,14.2,5.57,12.23,23.89
4431,County_4431,Arkansas,Rural,21.59,9.85,19.75,37.75
2917,County_2917,Alaska,Rural,31.17,17.91,24.73,30.28
27071,County_27071,Nebraska,Rural,24.67,11.87,21.9,37.17
37317,County_37317,Oregon,Urban,23.4,11.59,,35.65
45253,County_45253,Vermont,Rural,31.5,14.67,27.58,36.32
10587,County_10587,Georgia,Urban,,9.2,17.13,24.53
55165,County_55165,Other,Urban,20.19,7.6,14.05,32.37
55735,County_55735,Other,Rural,30.34,17.67,26.11,43.55
37789,County_37789,Oregon,Suburban/Small City,19.58,10.69,18.47,37.07
41303,County_41303,South Dakota,Suburban/Small City,22.63,11.3,18.85,32.49
38731,County_38731,Pennsylvania,Rural,10.79,5.68,10.44,18.89
31549,County_31549,New Mexico,Rural,9.75,6.6,10.09,34.11
15481,County_15481,Iowa,Rural,22.23,11.59,19.39,33.05
23205,County_23205,Minnesota,Urban,20.35,11.74,15.24,34.57
17487,County_17487,Kentucky,Rural,27.24,14.24,23.16,33.49
36147,County_36147,Oklahoma,Rural,21.09,8.82,17.65,33.87
45547,County_45547,Vermont,Rural,14.08,8.35,12.81,
38361,County_38361,Pennsylvania,Rural,34.13,15.5,27.51,44.09
38451,County_38451,Pennsylvania,Rural,22.05,13.21,17.81,31.64
43989,County_43989,Texas,Rural,23.98,12.22,18.25,31.0
35987,County_35987,Ohio,Urban,24.66,8.81,21.43,32.76
36327,County_36327,Oklahoma,Rural,15.1,5.43,12.21,26.91
31667,County_31667,New Mexico,Suburban/Small City,16.18,7.23,14.07,28.06
11923,County_11923,Hawaii,Rural,24.4,14.77,22.51,31.26
4903,County_4903,Arkansas,Rural,21.25,10.79,16.59,33.36
36667,County_36667,Oklahoma,Urban,28.33,14.87,22.85,32.04
43713,County_43713,Texas,Suburban/Small City,,7.64,15.05,
56627,County_56627,Other,Urban,36.44,18.14,30.96,34.71
6233,County_6233,Colorado,Urban,29.63,16.44,25.75,38.4
42103,County_42103,Tennessee,Rural,32.37,18.0,29.33,39.26
52483,County_52483,Other,Rural,28.12,14.14,27.33,27.67
3647,County_3647,Arizona,Rural,26.69,13.26,19.67,37.42
54089,County_54089,Other,Rural,12.93,5.38,,26.43
53595,County_53595,Other,Rural,16.92,8.51,15.11,32.25
17515,County_17515,Kentucky,Urban,24.17,11.76,21.21,27.47
12775,County_12775,Idaho,Rural,15.0,6.61,13.08,27.94
52947,County_52947,Other,Rural,28.75,14.99,25.72,32.73
39911,County_39911,Rhode Island,Urban,15.45,7.82,,35.26
45241,County_45241,Vermont,Suburban/Small City,19.95,11.02,15.5,29.31
23341,County_23341,Minnesota,Suburban/Small City,22.32,13.99,18.47,33.25
53177,County_53177,Other,Rural,23.67,9.22,24.29,41.33
36607,County_36607,Oklahoma,Rural,30.48,17.15,26.23,25.81
41731,County_41731,South Dakota,Suburban/Small City,22.68,9.42,16.93,35.14
11657,County_11657,Hawaii,Urban,23.87,15.02,22.69,31.6
4805,County_4805,Arkansas,Urban,32.44,14.91,25.93,42.07
37567,County_37567,Oregon,Rural,13.36,7.26,6.73,22.64
25343,County_25343,Missouri,Rural,17.17,9.59,14.12,34.07
34927,County_34927,North Dakota,Rural,23.73,11.62,18.21,32.75
45239,County_45239,Vermont,Urban,24.05,10.58,21.92,
4299,County_4299,Arkansas,Urban,14.78,9.15,12.61,23.14
41009,County_41009,South Dakota,Rural,,7.47,21.82,35.24
25305,County_25305,Missouri,Rural,23.9,11.28,20.1,35.63
3179,County_3179,Arizona,Suburban/Small City,21.68,10.4,18.34,35.8
31209,County_31209,New Mexico,Rural,24.84,12.12,21.83,33.32
7131,County_7131,Connecticut,Rural,27.04,11.27,18.59,39.59
54443,County_54443,Other,Urban,28.97,15.82,23.64,29.88
26947,County_26947,Montana,Urban,26.56,11.55,25.12,42.64
35745,County_35745,Ohio,Rural,19.28,11.7,14.56,35.47
33831,County_33831,North Carolina,Rural,22.88,9.26,18.22,27.23
11055,County_11055,Hawaii,Rural,28.28,15.37,24.19,43.45
46001,County_46001,Virginia,Suburban/Small City,20.01,,17.48,40.63
17491,County_17491,Kentucky,Suburban/Small City,19.33,11.54,16.56,34.96
38773,County_38773,Pennsylvania,Urban,10.94,7.07,10.4,23.0
23347,County_23347,Minnesota,Rural,19.86,8.97,16.73,29.06
5945,County_5945,California,Urban,24.7,12.35,16.58,31.55
38579,County_38579,Pennsylvania,Rural,21.21,11.28,18.98,37.38
30947,County_30947,New Jersey,Rural,24.64,12.24,21.94,34.11
49045,County_49045,Wisconsin,Urban,19.0,8.98,16.64,35.15
14279,County_14279,Indiana,Rural,23.59,8.76,21.01,27.09
50919,County_50919,Wyoming,Rural,25.41,12.68,21.6,
34971,County_34971,North Dakota,Urban,19.56,11.85,15.46,30.69
27647,County_27647,Nebraska,Rural,28.3,16.09,24.48,36.56
10109,County_10109,Georgia,Urban,24.64,10.27,21.88,46.43
56933,County_56933,Other,Suburban/Small City,23.37,11.89,18.85,47.17
35261,County_35261,Ohio,Urban,30.03,15.31,26.41,38.02
24725,County_24725,Mississippi,Rural,17.63,,13.74,27.73
40475,County_40475,South Carolina,Rural,26.89,14.22,23.4,33.34
17957,County_17957,Kentucky,Rural,29.17,14.49,29.43,32.28
23953,County_23953,Minnesota,Urban,23.84,11.22,21.13,30.26
44883,County_44883,Utah,Rural,22.83,12.14,21.17,38.73
54183,County_54183,Other,Suburban/Small City,23.29,9.6,20.91,
7815,County_7815,Connecticut,Suburban/Small City,24.75,12.84,,35.39
45023,County_45023,Vermont,Rural,23.7,12.54,19.83,27.78
32453,County_32453,New York,Rural,18.91,7.48,12.61,24.62
52245,County_52245,Other,Rural,16.33,7.69,16.51,31.06
44853,County_44853,Utah,Rural,22.09,10.63,18.27,34.51
7165,County_7165,Connecticut,Urban,29.84,17.55,27.93,41.43
5857,County_5857,California,Urban,24.88,12.23,18.41,39.25
29181,County_29181,New Hampshire,Urban,24.09,16.19,21.44,33.86
53887,County_53887,Other,Suburban/Small City,21.02,10.78,15.54,35.56
4323,County_4323,Arkansas,Suburban/Small City,16.78,8.22,11.66,25.81
3795,County_3795,Arizona,Rural,18.32,8.89,16.63,28.21
50501,County_50501,Wyoming,Rural,11.1,7.49,12.95,18.51
39943,County_39943,Rhode Island,Rural,26.47,16.72,25.53,34.97
51525,County_51525,Other,Urban,17.09,5.67,14.62,25.63
25865,County_25865,Missouri,Urban,25.65,12.98,21.97,36.78
48797,County_48797,West Virginia,Rural,26.14,12.03,26.49,33.67
20809,County_20809,Maryland,Rural,28.83,12.73,24.54,29.52
16953,County_16953,Kansas,Suburban/Small City,18.27,10.57,16.25,37.64
19155,County_19155,Maine,Urban,18.16,7.02,13.11,25.44
23871,County_23871,Minnesota,Urban,23.36,10.95,23.13,18.37
33465,County_33465,North Carolina,Urban,15.05,8.57,11.11,24.64
4063,County_4063,Arkansas,Rural,21.85,10.95,18.16,30.78
53211,County_53211,Other,Rural,33.91,15.69,27.22,40.88
29353,County_29353,New Hampshire,Urban,16.19,7.48,12.5,40.4
43629,County_43629,Texas,Rural,15.09,6.77,13.7,20.91
13599,County_13599,Illinois,Suburban/Small City,14.88,6.17,10.15,31.28
24957,County_24957,Mississippi,Suburban/Small City,23.61,14.31,14.38,33.71
8483,County_8483,Delaware,Rural,33.77,17.15,32.09,37.07
25053,County_25053,Missouri,Rural,13.05,6.56,12.23,29.83
41291,County_41291,South Dakota,Suburban/Small City,13.67,3.47,10.81,26.5
10047,County_10047,Georgia,Suburban/Small City,15.28,6.24,13.82,24.72
42347,County_42347,Tennessee,Rural,13.32,5.88,9.98,24.44
18215,County_18215,Louisiana,Urban,,10.03,23.52,42.61
33295,County_33295,North Carolina,Rural,,8.92,22.66,30.49
46873,County_46873,Virginia,Suburban/Small City,27.87,13.47,,31.38
11873,County_11873,Hawaii,Rural,32.19,17.61,27.26,35.6
4311,County_4311,Arkansas,Rural,13.88,5.74,13.59,28.43
33759,County_33759,North Carolina,Suburban/Small City,10.72,5.0,11.11,24.16
11969,County_11969,Hawaii,Rural,13.62,,13.55,26.76
40817,County_40817,South Carolina,Rural,29.98,13.74,29.69,32.55
12189,County_12189,Idaho,Rural,16.4,7.5,17.47,24.05
19759,County_19759,Maine,Rural,27.75,11.53,20.45,29.61
15965,County_15965,Iowa,Rural,18.81,8.44,16.72,33.95
8357,County_8357,Delaware,Rural,28.57,12.61,22.27,31.83
31143,County_31143,New Mexico,Rural,7.97,4.18,6.67,25.25
55407,County_55407,Other,Urban,19.4,11.5,13.95,28.43
28125,County_28125,Nevada,Rural,11.98,6.72,8.15,25.97
49425,County_49425,Wisconsin,Urban,30.52,14.82,25.77,31.53
34143,County_34143,North Dakota,Urban,20.97,8.85,18.64,22.06
44123,County_44123,Utah,Rural,8.29,2.88,10.18,31.03
11263,County_11263,Hawaii,Urban,20.66,9.87,20.05,22.93
13147,County_13147,Illinois,Urban,23.62,14.13,20.18,40.95
39595,County_39595,Rhode Island,Urban,,6.41,14.53,30.97
1425,County_1425,Alabama,Suburban/Small City,25.01,13.58,22.0,44.48
18131,County_18131,Louisiana,Urban,26.36,14.24,17.49,40.23
37819,County_37819,Oregon,Urban,17.73,7.28,17.13,29.73
56951,County_56951,Other,Rural,20.05,9.97,17.24,27.14
35885,County_35885,Ohio,Rural,25.05,13.59,23.04,23.96
22845,County_22845,Michigan,Rural,27.18,13.86,23.63,29.52
38171,County_38171,Pennsylvania,Suburban/Small City,24.19,14.9,18.7,27.8
49671,County_49671,Wisconsin,Urban,22.18,8.99,16.83,29.05
9361,County_9361,Florida,Urban,27.11,15.86,22.45,43.36
55947,County_55947,Other,Rural,15.61,7.79,18.13,30.49
43955,County_43955,Texas,Urban,15.35,5.24,14.58,29.19
48551,County_48551,West Virginia,Urban,12.72,8.2,11.25,23.66
17473,County_17473,Kentucky,Rural,14.81,5.32,8.41,26.3
2921,County_2921,Alaska,Rural,23.86,10.86,18.65,25.81
45891,County_45891,Vermont,Urban,37.48,18.26,33.89,36.56
21815,County_21815,Massachusetts,Rural,32.88,17.72,25.25,38.62
9117,County_9117,Florida,Suburban/Small City,25.89,12.06,22.22,33.83
15631,County_15631,Iowa,Urban,32.06,14.99,25.18,48.1
39153,County_39153,Rhode Island,Rural,28.77,16.78,24.41,33.71
35853,County_35853,Ohio,Rural,18.8,10.54,18.83,24.48
55657,County_55657,Other,Urban,16.05,9.52,13.26,25.87
12215,County_12215,Idaho,Urban,33.35,16.19,28.38,39.99
36781,County_36781,Oklahoma,Rural,27.5,14.04,23.45,39.92
15973,County_15973,Iowa,Urban,19.13,9.26,20.94,19.32
38749,County_38749,Pennsylvania,Urban,23.78,11.78,21.52,33.05
37241,County_37241,Oregon,Urban,13.33,7.14,10.85,25.03
5545,County_5545,California,Urban,27.43,13.19,23.43,34.52
13709,County_13709,Illinois,Urban,33.39,15.14,27.14,37.6
10629,County_10629,Georgia,Urban,25.53,15.41,19.95,26.34
35835,County_35835,Ohio,Rural,33.29,16.67,29.42,43.14
42161,County_42161,Tennessee,Urban,25.64,11.19,23.09,33.12
51875,County_51875,Other,Rural,19.41,12.13,15.76,26.69
21499,County_21499,Massachusetts,Urban,21.42,12.1,20.84,23.99
50207,County_50207,Wyoming,Rural,22.7,11.9,20.08,32.55
39795,County_39795,Rhode Island,Suburban/Small City,20.4,13.01,15.1,30.82
19005,County_19005,Maine,Urban,22.05,11.83,20.96,29.16
15283,County_15283,Iowa,Rural,20.85,13.59,16.8,38.55
31395,County_31395,New Mexico,Urban,25.57,,20.54,29.2
50679,County_50679,Wyoming,Rural,26.36,12.62,22.24,31.93
32175,County_32175,New York,Urban,,11.95,17.42,38.91
26265,County_26265,Montana,Rural,33.06,20.0,29.1,35.4
33309,County_33309,North Carolina,Suburban/Small City,24.14,11.47,20.79,35.98
40119,County_40119,South Carolina,Rural,27.26,13.73,20.96,23.58
37849,County_37849,Oregon,Rural,22.01,13.65,21.84,30.07
25841,County_25841,Missouri,Urban,18.16,7.73,13.77,25.44
50829,County_50829,Wyoming,Rural,27.56,13.29,20.62,25.17
8767,County_8767,Delaware,Urban,,11.49,16.47,27.3
21599,County_21599,Massachusetts,Urban,17.89,10.07,12.19,32.7
29257,County_29257,New Hampshire,Rural,,9.26,11.31,27.17
44305,County_44305,Utah,Urban,17.98,9.95,16.08,31.58
29933,County_29933,New Hampshire,Urban,16.73,,15.23,25.12
40943,County_40943,South Carolina,Rural,24.39,13.02,24.27,32.57
26389,County_26389,Montana,Urban,25.48,13.76,22.67,37.47
32907,County_32907,New York,Urban,25.44,,22.01,38.99
17205,County_17205,Kentucky,Urban,17.65,10.61,18.76,37.55
21075,County_21075,Massachusetts,Rural,24.13,13.1,20.76,36.82
2313,County_2313,Alaska,Rural,31.5,13.92,21.37,30.72
18911,County_18911,Louisiana,Rural,20.81,11.14,18.72,34.03
54357,County_54357,Other,Rural,24.18,,21.12,26.71
19467,County_19467,Maine,Suburban/Small City,29.65,19.77,21.01,35.83
28459,County_28459,Nevada,Rural,13.76,5.49,11.13,
48801,County_48801,West Virginia,Urban,23.78,14.72,22.67,37.44
54465,County_54465,Other,Rural,22.25,9.39,19.73,38.67
29157,County_29157,New Hampshire,Suburban/Small City,31.73,12.69,29.43,33.54
12133,County_12133,Idaho,Rural,20.56,7.27,,27.57
38881,County_38881,Pennsylvania,Rural,25.53,11.13,22.58,27.81
12935,County_12935,Idaho,Suburban/Small City,34.51,14.88,29.48,47.14
34995,County_34995,North Dakota,Urban,18.18,9.53,17.67,35.85
31417,County_31417,New Mexico,Rural,,15.69,25.92,33.05
2895,County_2895,Alaska,Urban,30.26,18.27,25.58,
22337,County_22337,Michigan,Rural,35.14,,31.09,39.44
55565,County_55565,Other,Rural,18.75,10.87,14.36,27.87
12869,County_12869,Idaho,Urban,23.42,13.5,22.25,21.79
40993,County_40993,South Carolina,Urban,8.81,,5.36,26.79
49991,County_49991,Wisconsin,Urban,33.03,14.78,33.67,
2573,County_2573,Alaska,Rural,16.33,7.09,10.11,23.23
12109,County_12109,Idaho,Rural,28.85,15.14,23.56,44.52
13807,County_13807,Illinois,Rural,26.51,15.13,21.39,39.4
31979,County_31979,New Mexico,Urban,31.28,18.14,26.64,36.89
53507,County_53507,Other,Rural,,14.93,26.19,42.16
2277,County_2277,Alaska,Rural,31.99,18.53,25.1,47.48
30841,County_30841,New Jersey,Rural,16.24,10.11,13.53,38.25
39731,County_39731,Rhode Island,Rural,11.37,5.8,10.75,21.55
13143,County_13143,Illinois,Urban,22.47,10.98,18.53,40.17
35201,County_35201,Ohio,Rural,20.22,9.21,18.08,36.3
44039,County_44039,Utah,Urban,25.25,11.75,21.88,30.59
55377,County_55377,Other,Urban,19.82,11.05,18.47,29.72
13589,County_13589,Illinois,Rural,27.93,13.95,22.07,27.4
22193,County_22193,Michigan,Urban,25.2,13.08,22.03,34.61
31647,County_31647,New Mexico,Rural,16.94,8.97,16.67,28.32
45623,County_45623,Vermont,Rural,27.0,,22.67,31.6
55047,County_55047,Other,Rural,24.24,11.56,16.17,33.41
3779,County_3779,Arizona,Suburban/Small City,16.26,9.86,13.77,25.21
45499,County_45499,Vermont,Rural,18.37,7.58,15.81,27.37
22623,County_22623,Michigan,Suburban/Small City,23.58,12.46,18.15,34.75
35907,County_35907,Ohio,Rural,29.91,14.83,28.04,31.18
41921,County_41921,South Dakota,Rural,22.55,12.61,22.65,28.54
32559,County_32559,New York,Urban,20.8,11.43,17.04,29.44
45521,County_45521,Vermont,Rural,21.99,11.2,20.63,39.21
36513,County_36513,Oklahoma,Rural,20.43,9.69,14.74,44.0
46175,County_46175,Virginia,Rural,28.54,14.67,25.79,35.91
46129,County_46129,Virginia,Urban,29.33,12.77,27.83,45.77
18167,County_18167,Louisiana,Rural,11.77,5.59,6.37,26.65
2179,County_2179,Alaska,Rural,18.95,11.0,11.53,27.48
29643,County_29643,New Hampshire,Suburban/Small City,22.86,12.92,18.58,35.7
38567,County_38567,Pennsylvania,Urban,27.42,13.72,26.27,31.13
50007,County_50007,Wyoming,Urban,,9.67,11.97,24.8
53117,County_53117,Other,Suburban/Small City,13.07,6.33,8.88,26.05
47553,County_47553,Washington,Urban,25.32,16.6,20.06,35.15
1375,County_1375,Alabama,Rural,28.23,11.81,23.73,33.71
46825,County_46825,Virginia,Rural,16.13,5.69,14.87,32.89
31721,County_31721,New Mexico,Urban,17.91,9.94,12.92,31.04
41025,County_41025,South Dakota,Rural,6.05,2.71,5.64,29.75
51173,County_51173,Other,Urban,22.59,10.18,21.26,35.07
56259,County_56259,Other,Rural,31.26,15.34,23.3,35.92
35449,County_35449,Ohio,Rural,16.31,8.53,11.97,19.7
55715,County_55715,Other,Urban,14.66,3.08,12.67,23.83
17239,County_17239,Kentucky,Rural,14.88,6.89,14.08,24.39
3875,County_3875,Arizona,Rural,22.02,10.61,19.22,37.77
17937,County_17937,Kentucky,Rural,20.69,6.96,12.93,33.0
13669,County_13669,Illinois,Urban,21.06,10.01,16.73,25.68
14639,County_14639,Indiana,Suburban/Small City,25.47,13.0,22.95,22.6
44981,County_44981,Utah,Rural,31.79,13.84,28.16,35.38
38953,County_38953,Pennsylvania,Suburban/Small City,18.27,8.62,15.75,26.13
37263,County_37263,Oregon,Urban,31.38,14.73,27.08,42.69
49653,County_49653,Wisconsin,Rural,28.16,14.92,23.0,37.24
40971,County_40971,South Carolina,Rural,13.22,4.41,10.81,33.8
32971,County_32971,New York,Urban,31.16,15.47,28.88,39.52
35979,County_35979,Ohio,Urban,18.44,8.2,15.28,36.85
40467,County_40467,South Carolina,Rural,22.31,10.83,16.63,30.58
43727,County_43727,Texas,Rural,29.35,15.73,23.56,31.82
3799,County_3799,Arizona,Rural,25.19,12.69,21.61,
12781,County_12781,Idaho,Urban,16.7,10.08,13.14,26.18
46395,County_46395,Virginia,Rural,25.81,12.62,22.55,37.27
45823,County_45823,Vermont,Rural,35.41,16.8,28.86,34.9
29085,County_29085,New Hampshire,Rural,18.76,8.08,17.9,28.1
39789,County_39789,Rhode Island,Urban,25.63,10.04,21.36,35.25
12701,County_12701,Idaho,Urban,12.37,7.51,11.84,35.2
5231,County_5231,California,Urban,22.33,11.97,19.37,34.19
3717,County_3717,Arizona,Rural,16.68,5.98,14.19,31.04
4141,County_4141,Arkansas,Rural,21.16,11.43,13.02,23.37
35503,County_35503,Ohio,Urban,20.0,8.85,14.33,39.76
50147,County_50147,Wyoming,Suburban/Small City,16.06,5.3,12.47,31.71
5957,County_5957,California,Rural,20.52,10.24,19.3,29.37
43307,County_43307,Texas,Urban,13.32,9.37,13.08,16.13
40623,County_40623,South Carolina,Rural,10.86,3.03,12.02,
27153,County_27153,Nebraska,Rural,15.72,7.64,14.34,25.92
52201,County_52201,Other,Suburban/Small City,14.82,4.87,11.55,31.14
51913,County_51913,Other,Suburban/Small City,24.79,9.51,18.87,31.74
5875,County_5875,California,Rural,17.91,9.68,17.78,15.5
44295,County_44295,Utah,Rural,11.48,6.58,8.24,25.2
11413,County_11413,Hawaii,Urban,27.4,12.6,20.59,29.88
21263,County_21263,Massachusetts,Rural,26.75,12.9,18.94,43.81
38883,County_38883,Pennsylvania,Suburban/Small City,10.59,5.58,5.33,39.32
45103,County_45103,Vermont,Urban,28.28,12.86,23.9,39.94
29381,County_29381,New Hampshire,Urban,27.11,11.68,25.61,39.33
12321,County_12321,Idaho,Urban,19.67,9.98,14.65,20.77
6569,County_6569,Colorado,Suburban/Small City,17.07,9.85,10.33,31.12
2611,County_2611,Alaska,Rural,29.01,14.99,25.11,36.92
34581,County_34581,North Dakota,Urban,34.0,14.17,30.62,35.21
45891,County_45891,Vermont,Suburban/Small City,23.15,11.08,20.42,25.22
15371,County_15371,Iowa,Rural,21.2,11.06,17.98,37.54
55141,County_55141,Other,Rural,29.04,15.98,24.36,38.48
50223,County_50223,Wyoming,Rural,19.22,10.74,18.9,28.81
39623,County_39623,Rhode Island,Rural,16.86,12.03,13.53,28.57
40947,County_40947,South Carolina,Urban,13.93,10.32,10.87,21.57
7753,County_7753,Connecticut,Suburban/Small City,16.73,8.35,13.97,25.79
31463,County_31463,New Mexico,Rural,25.79,14.04,22.76,28.72
6101,County_6101,Colorado,Suburban/Small City,26.24,11.85,18.97,38.09
27907,County_27907,Nebraska,Urban,22.65,11.65,19.6,32.17
35687,County_35687,Ohio,Suburban/Small City,25.39,13.03,22.3,40.68
50941,County_50941,Wyoming,Rural,18.73,11.99,18.32,25.66
56003,County_56003,Other,Urban,29.7,14.09,21.0,37.73
19991,County_19991,Maine,Rural,26.94,14.37,23.95,38.51
25933,County_25933,Missouri,Rural,14.27,8.06,10.02,21.03
51119,County_51119,Other,Suburban/Small City,32.49,17.06,31.66,41.33
45961,County_45961,Vermont,Urban,16.03,7.05,13.61,28.36
30811,County_30811,New Jersey,Rural,29.9,12.83,25.72,39.86
41825,County_41825,South Dakota,Suburban/Small City,30.18,15.18,23.4,38.96
3655,County_3655,Arizona,Rural,18.78,8.9,15.03,35.61
50679,County_50679,Wyoming,Rural,19.55,10.48,19.01,39.36
7947,County_7947,Connecticut,Urban,19.14,9.83,17.76,27.65
19161,County_19161,Maine,Urban,29.2,16.28,26.05,36.07
49287,County_49287,Wisconsin,Rural,23.8,11.95,23.74,33.29
19415,County_19415,Maine,Rural,21.12,10.3,21.19,29.08
26373,County_26373,Montana,Suburban/Small City,24.78,12.31,20.64,36.09
39691,County_39691,Rhode Island,Rural,16.5,8.59,13.57,28.27
49209,County_49209,Wisconsin,Rural,11.97,8.28,7.97,25.22
51797,County_51797,Other,Urban,15.9,10.72,14.55,23.89
19121,County_19121,Maine,Suburban/Small City,28.03,12.09,23.9,29.69
24523,County_24523,Mississippi,Urban,24.0,11.73,20.44,39.22
23235,County_23235,Minnesota,Urban,7.91,5.0,4.76,25.03
46443,County_46443,Virginia,Urban,24.73,11.06,19.03,36.95
50009,County_50009,Wyoming,Urban,16.95,8.9,13.27,27.14
19055,County_19055,Maine,Suburban/Small City,14.1,5.22,11.25,32.81
7975,County_7975,Connecticut,Urban,24.67,11.17,15.18,39.04
54535,County_54535,Other,Suburban/Small City,15.64,8.59,13.23,25.94
18949,County_18949,Louisiana,Rural,16.88,6.63,16.99,33.88
17431,County_17431,Kentucky,Urban,13.73,5.83,11.49,26.34
9693,County_9693,Florida,Suburban/Small City,29.41,16.73,21.12,34.39
5927,County_5927,California,Rural,37.48,18.47,30.67,45.5
24795,County_24795,Mississippi,Urban,19.91,8.71,19.3,33.53
23831,County_23831,Minnesota,Urban,28.0,14.43,20.28,34.8
19435,County_19435,Maine,Urban,31.48,15.24,27.09,37.13
56273,County_56273,Other,Urban,21.8,11.34,16.01,30.78
15449,County_15449,Iowa,Rural,10.82,5.56,7.53,35.55
31661,County_31661,New Mexico,Rural,14.46,6.16,12.33,19.48
42301,County_42301,Tennessee,Urban,21.95,11.65,15.28,32.48
46869,County_46869,Virginia,Urban,18.02,8.98,17.54,35.32
44735,County_44735,Utah,Urban,32.16,17.64,,32.27
45023,County_45023,Vermont,Rural,28.94,14.53,25.68,35.11
29509,County_29509,New Hampshire,Urban,19.97,9.84,16.9,28.99
36309,County_36309,Oklahoma,Rural,14.96,8.12,12.6,31.83
10217,County_10217,Georgia,Urban,21.99,12.3,18.91,29.01
44497,County_44497,Utah,Rural,32.44,13.7,27.62,31.26
20915,County_20915,Maryland,Rural,28.94,13.06,21.39,38.57
52071,County_52071,Other,Urban,14.27,7.67,9.88,14.52
8889,County_8889,Delaware,Rural,,9.68,15.35,28.74
16261,County_16261,Kansas,Rural,18.5,11.12,16.86,41.04
30469,County_30469,New Jersey,Suburban/Small City,21.69,10.45,19.21,32.8
53585,County_53585,Other,Suburban/Small City,12.01,6.41,8.53,30.04
33701,County_33701,North Carolina,Rural,25.19,13.18,23.42,29.77
44817,County_44817,Utah,Rural,21.17,10.46,14.48,21.68
1449,County_1449,Alabama,Rural,17.03,8.31,13.98,25.83
24585,County_24585,Mississippi,Rural,15.97,7.87,17.2,33.51
41041,County_41041,South Dakota,Rural,18.88,7.46,15.92,34.55
20013,County_20013,Maryland,Urban,20.87,9.3,15.24,28.64
49231,County_49231,Wisconsin,Rural,29.01,13.35,27.8,34.34
46127,County_46127,Virginia,Rural,,17.29,30.56,36.44
20373,County_20373,Maryland,Rural,6.72,4.2,5.82,26.03
25329,County_25329,Missouri,Rural,29.74,14.95,24.92,41.49
20341,County_20341,Maryland,Urban,22.19,12.38,18.59,29.83
5327,County_5327,California,Rural,12.49,,7.49,28.25
5471,County_5471,California,Rural,24.39,12.24,24.34,37.4
29547,County_29547,New Hampshire,Rural,31.77,17.16,25.51,40.26
22529,County_22529,Michigan,Urban,19.28,10.48,17.39,32.19
31569,County_31569,New Mexico,Urban,9.31,2.65,7.98,19.07
27453,County_27453,Nebraska,Urban,28.31,15.48,26.95,36.71
34761,County_34761,North Dakota,Rural,27.73,15.07,20.52,40.57
2463,County_2463,Alaska,Rural,25.81,13.33,20.98,43.53
19227,County_19227,Maine,Rural,31.01,17.73,29.16,40.89
7295,County_7295,Connecticut,Rural,,16.39,22.08,40.71
28763,County_28763,Nevada,Urban,22.09,9.86,19.1,35.25
12615,County_12615,Idaho,Rural,27.35,11.35,25.04,40.08
13379,County_13379,Illinois,Urban,26.98,12.58,21.46,37.36
30453,County_30453,New Jersey,Rural,23.42,,19.7,28.06
38861,County_38861,Pennsylvania,Urban,27.55,14.46,21.35,33.35
27559,County_27559,Nebraska,Rural,27.53,15.93,22.03,34.72
3491,County_3491,Arizona,Rural,34.56,17.01,29.92,39.71
44069,County_44069,Utah,Rural,23.66,13.43,19.36,32.43
28515,County_28515,Nevada,Urban,20.3,10.52,15.73,41.93
20901,County_20901,Maryland,Rural,23.84,9.3,20.54,38.21
12375,County_12375,Idaho,Urban,32.08,15.34,28.82,23.67
37049,County_37049,Oregon,Rural,25.0,12.69,21.35,29.42
33561,County_33561,North Carolina,Suburban/Small City,27.27,15.1,24.26,41.29
28557,County_28557,Nevada,Urban,26.56,10.96,20.13,35.93
12687,County_12687,Idaho,Rural,13.52,7.79,12.24,27.35
27513,County_27513,Nebraska,Suburban/Small City,20.22,11.09,17.13,36.34
26631,County_26631,Montana,Rural,29.36,15.43,24.57,36.58
34353,County_34353,North Dakota,Rural,28.55,13.72,23.77,43.23
6343,County_6343,Colorado,Urban,20.5,9.01,13.8,33.81
31557,County_31557,New Mexico,Rural,21.84,13.01,,34.5
3257,County_3257,Arizona,Suburban/Small City,16.58,7.85,14.42,25.34
42285,County_42285,Tennessee,Suburban/Small City,31.27,14.49,,37.36
3797,County_3797,Arizona,Rural,13.68,9.12,12.66,25.17
42147,County_42147,Tennessee,Suburban/Small City,17.53,9.25,16.57,29.78
2217,County_2217,Alaska,Suburban/Small City,27.92,15.09,24.25,25.97
8465,County_8465,Delaware,Rural,14.63,5.49,11.82,31.32
43449,County_43449,Texas,Rural,25.86,12.36,23.48,33.79
10231,County_10231,Georgia,Rural,15.49,7.26,13.67,33.01
50139,County_50139,Wyoming,Urban,18.42,6.34,18.37,28.6
34017,County_34017,North Dakota,Rural,22.78,10.98,,30.61
25771,County_25771,Missouri,Rural,,9.06,12.61,28.52
37679,County_37679,Oregon,Rural,26.05,10.86,19.38,28.55
55665,County_55665,Other,Rural,15.9,7.96,13.89,34.08
13139,County_13139,Illinois,Rural,33.23,15.39,29.61,42.74
27743,County_27743,Nebraska,Urban,33.73,19.71,,45.28
28699,County_28699,Nevada,Rural,25.08,13.17,23.24,33.76
30215,County_30215,New Jersey,Suburban/Small City,28.29,16.75,23.5,44.24
20461,County_20461,Maryland,Rural,11.41,3.47,4.16,28.7
26155,County_26155,Montana,Rural,20.77,7.05,17.71,
33751,County_33751,North Carolina,Rural,13.65,6.04,11.34,23.38
53373,County_53373,Other,Urban,20.06,10.9,12.04,32.79
11429,County_11429,Hawaii,Rural,22.48,13.48,19.31,35.16
50287,County_50287,Wyoming,Urban,32.32,16.56,27.79,30.23
24743,County_24743,Mississippi,Urban,14.4,8.36,16.54,12.74
48621,County_48621,West Virginia,Rural,25.47,14.37,19.17,40.93
40335,County_40335,South Carolina,Rural,19.3,7.51,16.89,30.97
38925,County_38925,Pennsylvania,Rural,19.37,8.71,14.82,35.56
47101,County_47101,Washington,Rural,11.32,6.18,11.55,26.74
18503,County_18503,Louisiana,Suburban/Small City,27.65,14.78,26.41,34.39
26569,County_26569,Montana,Urban,12.12,5.88,8.53,27.86
10513,County_10513,Georgia,Rural,9.26,2.39,6.26,29.02
26501,County_26501,Montana,Rural,25.94,15.27,21.34,37.61
16161,County_16161,Kansas,Urban,17.13,8.45,16.84,20.69
31243,County_31243,New Mexico,Rural,26.74,12.39,22.02,38.02
51669,County_51669,Other,Rural,24.46,9.33,21.14,35.18
49541,County_49541,Wisconsin,Rural,22.05,10.34,20.36,31.98
2053,County_2053,Alaska,Rural,20.5,9.43,20.4,27.08
49935,County_49935,Wisconsin,Rural,19.18,10.99,16.45,24.1
5047,County_5047,California,Urban,12.23,6.1,11.98,25.78
40799,County_40799,South Carolina,Rural,20.51,10.37,18.71,22.57
17681,County_17681,Kentucky,Rural,29.79,16.78,23.4,37.99
33587,County_33587,North Carolina,Urban,27.94,16.17,23.62,40.47
36787,County_36787,Oklahoma,Rural,11.57,,9.08,29.6
4111,County_4111,Arkansas,Rural,11.82,4.71,8.34,26.44
26521,County_26521,Montana,Urban,,6.87,9.35,15.43
7935,County_7935,Connecticut,Urban,15.96,7.17,10.98,30.53
20313,County_20313,Maryland,Rural,23.21,15.51,20.81,40.16
21779,County_21779,Massachusetts,Rural,18.43,8.76,14.94,24.38
31741,County_31741,New Mexico,Urban,21.09,12.52,18.09,27.62
32195,County_32195,New York,Rural,,9.23,17.37,33.82
26187,County_26187,Montana,Rural,18.45,10.0,14.71,32.86
35043,County_35043,Ohio,Rural,16.79,7.8,14.8,29.3
37287,County_37287,Oregon,Rural,17.48,9.52,11.83,30.89
29537,County_29537,New Hampshire,Urban,26.72,13.51,22.23,32.28
6489,County_6489,Colorado,Rural,25.93,16.21,22.67,31.81
31253,County_31253,New Mexico,Urban,10.51,4.79,11.39,24.49
24591,County_24591,Mississippi,Rural,16.14,8.62,12.38,24.89
54219,County_54219,Other,Suburban/Small City,12.59,6.02,9.18,23.15
9931,County_9931,Florida,Urban,26.04,14.42,22.74,34.05
25381,County_25381,Missouri,Urban,17.25,9.55,15.83,19.79
7699,County_7699,Connecticut,Urban,11.11,,7.35,25.69
24685,County_24685,Mississippi,Rural,13.11,7.19,11.89,21.89
14925,County_14925,Indiana,Rural,13.37,5.75,10.35,30.49
34867,County_34867,North Dakota,Suburban/Small City,33.35,13.56,27.65,48.16
18159,County_18159,Louisiana,Rural,10.09,4.71,11.72,15.86
54235,County_54235,Other,Urban,25.05,12.62,17.86,37.25
1759,County_1759,Alabama,Urban,18.67,11.3,15.51,34.35
44457,County_44457,Utah,Rural,26.7,10.77,22.79,32.86
16055,County_16055,Kansas,Rural,17.39,8.29,14.56,25.06
16543,County_16543,Kansas,Rural,15.47,8.1,15.31,21.26
31947,County_31947,New Mexico,Rural,34.95,16.79,28.49,42.27
23111,County_23111,Minnesota,Rural,26.26,15.02,23.74,32.26
35239,County_35239,Ohio,Rural,24.84,12.3,16.5,32.15
18585,County_18585,Louisiana,Rural,15.91,11.25,12.18,25.8
53493,County_53493,Other,Rural,9.86,2.4,13.97,24.29
23559,County_23559,Minnesota,Urban,14.76,6.12,11.92,30.59
36915,County_36915,Oklahoma,Suburban/Small City,13.04,,11.56,20.38
47305,County_47305,Washington,Rural,,7.09,9.35,32.46
2257,County_2257,Alaska,Urban,13.59,5.6,,28.89
8481,County_8481,Delaware,Rural,23.21,11.19,20.78,34.99
52859,County_52859,Other,Urban,12.54,,11.36,27.56
16009,County_16009,Kansas,Rural,21.16,8.87,20.39,32.91
47531,County_47531,Washington,Urban,14.92,8.29,15.3,32.17
49685,County_49685,Wisconsin,Rural,26.35,10.53,25.16,40.16
43737,County_43737,Texas,Urban,26.56,14.24,22.22,33.69
34207,County_34207,North Dakota,Suburban/Small City,22.2,10.03,18.62,41.48
19331,County_19331,Maine,Urban,14.97,7.7,13.08,23.48
16147,County_16147,Kansas,Rural,30.46,15.86,32.08,44.61
15367,County_15367,Iowa,Rural,23.43,10.77,16.61,
51539,County_51539,Other,Rural,29.68,11.52,25.34,39.98
4705,County_4705,Arkansas,Urban,23.15,12.88,23.28,26.58
19687,County_19687,Maine,Urban,,17.86,28.01,42.64
23193,County_23193,Minnesota,Rural,18.36,12.84,19.9,44.3
44011,County_44011,Utah,Rural,19.72,9.96,12.91,32.74
40651,County_40651,South Carolina,Rural,22.1,12.26,17.5,33.55
50567,County_50567,Wyoming,Urban,14.45,6.24,9.76,29.55
30475,County_30475,New Jersey,Suburban/Small City,17.21,7.94,13.46,30.14
6233,County_6233,Colorado,Urban,27.29,13.35,22.81,29.87
34345,County_34345,North Dakota,Rural,16.29,10.63,15.65,20.54
45587,County_45587,Vermont,Rural,22.26,9.43,21.02,39.83
48733,County_48733,West Virginia,Rural,34.76,13.84,30.74,37.97
44907,County_44907,Utah,Urban,,14.68,26.91,44.15
44845,County_44845,Utah,Rural,25.84,12.1,23.54,22.17
47931,County_47931,Washington,Rural,26.26,11.39,22.43,31.35
37335,County_37335,Oregon,Rural,28.0,12.91,24.69,35.91
22443,County_22443,Michigan,Urban,20.93,8.07,21.84,27.73
17387,County_17387,Kentucky,Rural,20.84,11.7,20.58,33.97
46945,County_46945,Virginia,Rural,17.14,7.37,16.03,30.24
5649,County_5649,California,Rural,,12.67,,32.55
14125,County_14125,Indiana,Urban,14.15,6.94,12.06,20.64
27389,County_27389,Nebraska,Suburban/Small City,26.73,14.48,23.29,39.78
36743,County_36743,Oklahoma,Suburban/Small City,17.46,9.91,11.27,27.49
39715,County_39715,Rhode Island,Rural,15.17,10.37,,23.37
31093,County_31093,New Mexico,Rural,22.01,8.75,18.16,26.16
13793,County_13793,Illinois,Rural,14.87,6.47,7.83,24.76
30035,County_30035,New Jersey,Urban,29.04,17.19,23.61,37.02
44589,County_44589,Utah,Urban,31.48,12.95,26.19,39.14
47123,County_47123,Washington,Suburban/Small City,18.34,9.09,17.67,35.58
53321,County_53321,Other,Rural,23.17,,19.87,35.0
52295,County_52295,Other,Rural,20.88,9.63,18.83,33.19
14599,County_14599,Indiana,Urban,16.03,9.66,16.84,34.32
36257,County_36257,Oklahoma,Rural,11.49,3.29,9.93,22.32
46433,County_46433,Virginia,Rural,20.95,9.53,15.71,
2493,County_2493,Alaska,Rural,10.79,5.9,7.81,12.31
26797,County_26797,Montana,Rural,28.08,14.16,21.62,40.83
56977,County_56977,Other,Rural,16.4,8.03,14.51,28.46
47149,County_47149,Washington,Rural,,6.42,9.51,25.92
9517,County_9517,Florida,Rural,11.62,4.3,10.79,18.44
15937,County_15937,Iowa,Rural,13.05,8.14,,31.79
5819,County_5819,California,Urban,18.32,10.12,14.03,35.92
44389,County_44389,Utah,Urban,19.46,8.8,,
51267,County_51267,Other,Rural,19.58,11.62,17.23,38.51
28991,County_28991,Nevada,Suburban/Small City,30.16,14.15,26.03,33.57
27053,County_27053,Nebraska,Urban,24.45,11.73,18.71,45.68
34757,County_34757,North Dakota,Rural,34.16,16.44,28.69,38.17
25135,County_25135,Missouri,Urban,16.88,8.85,9.33,30.66
42433,County_42433,Tennessee,Rural,12.89,8.06,12.85,28.51
29375,County_29375,New Hampshire,Urban,28.11,15.7,25.28,41.83
10419,County_10419,Georgia,Rural,18.75,10.33,15.48,23.45
13063,County_13063,Illinois,Urban,25.69,10.19,20.68,41.91
34939,County_34939,North Dakota,Suburban/Small City,21.32,12.08,14.69,26.58
36423,County_36423,Oklahoma,Urban,19.48,8.5,18.82,21.25
41733,County_41733,South Dakota,Rural,24.57,13.64,23.5,33.64
48489,County_48489,West Virginia,Rural,15.78,6.34,15.02,20.66
9143,County_9143,Florida,Urban,17.3,8.23,14.98,25.44
16527,County_16527,Kansas,Rural,14.98,9.45,13.3,30.73
40491,County_40491,South Carolina,Suburban/Small City,10.23,3.14,9.08,20.59
32197,County_32197,New York,Urban,22.3,10.39,19.61,26.63
20341,County_20341,Maryland,Rural,24.37,15.5,18.86,29.26
22207,County_22207,Michigan,Suburban/Small City,25.52,13.11,19.84,43.41
28543,County_28543,Nevada,Rural,18.15,8.46,15.4,27.4
30525,County_30525,New Jersey,Rural,11.99,6.14,11.18,24.52
4047,County_4047,Arkansas,Rural,24.55,12.12,21.17,25.12
55421,County_55421,Other,Urban,31.05,14.94,26.51,35.59
16091,County_16091,Kansas,Rural,26.38,16.74,22.12,24.19
56963,County_56963,Other,Rural,28.23,17.45,27.65,29.34
22533,County_22533,Michigan,Rural,23.21,11.0,19.16,34.1
3505,County_3505,Arizona,Suburban/Small City,26.82,14.86,23.44,33.85
16321,County_16321,Kansas,Urban,31.3,14.37,30.55,41.85
1537,County_1537,Alabama,Suburban/Small City,30.87,17.46,24.94,42.65
35411,County_35411,Ohio,Rural,32.58,15.32,26.6,31.59
3691,County_3691,Arizona,Urban,25.74,13.85,22.86,39.82
22437,County_22437,Michigan,Urban,16.14,8.36,11.67,32.49
42177,County_42177,Tennessee,Urban,16.4,7.73,12.52,27.1
19689,County_19689,Maine,Urban,14.51,6.06,10.34,25.93
29133,County_29133,New Hampshire,Urban,31.38,12.86,24.65,40.05
30689,County_30689,New Jersey,Rural,16.64,9.78,17.97,26.76
21489,County_21489,Massachusetts,Rural,21.31,12.2,18.37,33.57
13773,County_13773,Illinois,Rural,11.37,6.71,7.36,19.1
4473,County_4473,Arkansas,Urban,21.96,10.83,15.42,
31159,County_31159,New Mexico,Rural,25.91,12.55,21.76,37.64
8989,County_8989,Delaware,Rural,16.96,11.21,14.2,17.91
4907,County_4907,Arkansas,Urban,18.73,11.34,16.75,23.85
56533,County_56533,Other,Rural,15.47,9.08,11.9,25.08
47979,County_47979,Washington,Urban,28.69,14.36,23.91,27.28
40417,County_40417,South Carolina,Rural,13.56,8.89,14.29,27.49
15273,County_15273,Iowa,Urban,21.21,11.74,17.62,38.52
18589,County_18589,Louisiana,Urban,21.52,9.46,18.48,31.66
17589,County_17589,Kentucky,Rural,15.12,6.76,11.9,29.49
28047,County_28047,Nevada,Urban,,11.17,18.69,38.22
3785,County_3785,Arizona,Rural,25.9,11.5,23.33,38.09
25241,County_25241,Missouri,Urban,13.05,7.39,9.73,27.68
49121,County_49121,Wisconsin,Rural,9.31,4.7,9.25,34.01
16355,County_16355,Kansas,Rural,17.2,9.88,15.02,25.9
44665,County_44665,Utah,Rural,32.93,17.39,26.23,42.03
7811,County_7811,Connecticut,Urban,16.48,9.65,13.81,23.85
10229,County_10229,Georgia,Rural,24.94,11.86,21.12,32.64
46749,County_46749,Virginia,Rural,26.11,11.87,21.28,32.13
41873,County_41873,South Dakota,Rural,11.41,6.35,11.04,15.28
47667,County_47667,Washington,Rural,23.06,9.72,19.46,24.66
18661,County_18661,Louisiana,Urban,25.22,12.79,20.6,30.04
20095,County_20095,Maryland,Suburban/Small City,23.45,13.27,21.38,32.95
16075,County_16075,Kansas,Rural,,11.18,18.59,30.91
52241,County_52241,Other,Urban,25.9,12.82,20.1,40.4
18735,County_18735,Louisiana,Urban,18.81,11.53,15.69,32.08
46183,County_46183,Virginia,Rural,10.84,10.07,10.77,30.3
22505,County_22505,Michigan,Urban,14.71,3.86,15.26,35.92
45137,County_45137,Vermont,Rural,30.44,16.78,29.13,35.57
49531,County_49531,Wisconsin,Rural,12.05,6.36,12.38,24.8
32535,County_32535,New York,Suburban/Small City,35.63,16.4,30.52,27.7
7491,County_7491,Connecticut,Rural,22.24,9.71,21.45,30.49
44491,County_44491,Utah,Urban,29.2,12.17,25.35,33.88
37001,County_37001,Oregon,Rural,30.62,15.12,26.51,39.08
37393,County_37393,Oregon,Rural,11.21,5.44,7.34,16.46
48141,County_48141,West Virginia,Rural,33.2,14.63,26.83,39.87
43827,County_43827,Texas,Suburban/Small City,18.94,9.43,17.98,37.31
24291,County_24291,Mississippi,Urban,22.43,10.88,18.5,35.49
27231,County_27231,Nebraska,Rural,18.73,10.86,15.42,35.73
45153,County_45153,Vermont,Urban,11.07,5.45,10.15,25.7
2307,County_2307,Alaska,Urban,10.79,6.41,10.1,26.79
52097,County_52097,Other,Suburban/Small City,34.59,17.5,28.08,24.77
18945,County_18945,Louisiana,Rural,31.56,16.08,24.26,36.34
40675,County_40675,South Carolina,Urban,35.49,18.88,31.35,43.86
43483,County_43483,Texas,Urban,,8.19,15.0,26.98
28725,County_28725,Nevada,Suburban/Small City,27.99,13.49,23.63,31.66
29629,County_29629,New Hampshire,Urban,27.63,,21.7,41.63
2529,County_2529,Alaska,Suburban/Small City,15.31,6.64,13.57,26.26
37691,County_37691,Oregon,Rural,,12.38,18.05,39.62
25873,County_25873,Missouri,Rural,12.77,3.87,13.62,18.05
48115,County_48115,West Virginia,Suburban/Small City,26.38,11.71,22.88,30.74
14009,County_14009,Indiana,Urban,26.27,10.31,19.2,37.94
41223,County_41223,South Dakota,Rural,31.41,15.8,27.16,40.72
6441,County_6441,Colorado,Urban,27.34,14.16,24.31,38.13
44445,County_44445,Utah,Suburban/Small City,30.55,15.01,25.58,37.94
22541,County_22541,Michigan,Rural,14.06,9.38,13.94,13.83
1355,County_1355,Alabama,Rural,8.25,2.93,5.07,22.4
10857,County_10857,Georgia,Rural,17.54,9.1,12.34,41.05
44315,County_44315,Utah,Suburban/Small City,28.75,12.5,24.67,37.86
21063,County_21063,Massachusetts,Suburban/Small City,28.35,14.49,25.7,36.44
46521,County_46521,Virginia,Urban,24.32,10.89,23.16,42.51
5143,County_5143,California,Rural,19.66,10.53,15.6,25.28
32513,County_32513,New York,Suburban/Small City,10.4,1.9,12.16,25.54
23715,County_23715,Minnesota,Rural,20.48,10.67,15.01,
45791,County_45791,Vermont,Urban,19.97,12.2,15.09,28.38
48809,County_48809,West Virginia,Urban,15.37,10.79,14.3,15.8
20623,County_20623,Maryland,Rural,14.87,,11.9,29.9
30621,County_30621,New Jersey,Suburban/Small City,18.72,10.1,20.01,34.2
41447,County_41447,South Dakota,Rural,25.98,13.52,22.39,33.6
4835,County_4835,Arkansas,Urban,13.2,7.62,8.58,28.37
5789,County_5789,California,Rural,23.05,13.55,21.55,20.16
50829,County_50829,Wyoming,Rural,10.04,4.69,7.3,28.08
18915,County_18915,Louisiana,Rural,11.18,5.74,13.51,28.84
9271,County_9271,Florida,Urban,10.31,8.62,5.53,33.7
53931,County_53931,Other,Rural,16.22,7.27,14.34,30.3
48049,County_48049,West Virginia,Urban,18.23,9.37,12.15,32.14
34477,County_34477,North Dakota,Urban,19.44,11.57,14.33,26.41
51067,County_51067,Other,Urban,19.47,13.13,19.42,27.34
49703,County_49703,Wisconsin,Rural,31.93,15.95,29.63,40.04
56615,County_56615,Other,Rural,5.43,6.19,8.36,12.64
51593,County_51593,Other,Rural,22.38,12.61,17.14,34.78
52687,County_52687,Other,Suburban/Small City,18.74,,16.89,31.08
8665,County_8665,Delaware,Rural,,5.46,11.44,29.77
23013,County_23013,Minnesota,Suburban/Small City,8.51,5.15,,29.32
2493,County_2493,Alaska,Urban,19.9,9.66,12.91,32.35
20155,County_20155,Maryland,Suburban/Small City,30.12,15.23,26.54,
50513,County_50513,Wyoming,Suburban/Small City,15.7,10.71,13.03,32.06
2985,County_2985,Alaska,Urban,14.04,7.04,10.44,23.32
56311,County_56311,Other,Urban,32.47,,24.41,44.16
42541,County_42541,Tennessee,Suburban/Small City,15.5,6.73,12.46,26.39
42969,County_42969,Tennessee,Suburban/Small City,16.45,5.88,14.27,30.46
40427,County_40427,South Carolina,Rural,28.66,14.24,18.72,30.96
32135,County_32135,New York,Rural,19.08,8.11,20.64,24.49
32617,County_32617,New York,Rural,27.55,16.67,23.31,37.01
44655,County_44655,Utah,Rural,23.79,11.79,17.17,40.02
41961,County_41961,South Dakota,Rural,22.22,12.39,18.05,31.24
29093,County_29093,New Hampshire,Rural,15.69,8.83,13.16,26.65
56579,County_56579,Other,Rural,22.14,8.3,17.75,21.54
25275,County_25275,Missouri,Suburban/Small City,17.14,9.87,12.43,29.05
8087,County_8087,Delaware,Urban,27.84,15.27,24.65,34.99
33637,County_33637,North Carolina,Rural,22.76,11.5,19.24,36.07
7407,County_7407,Connecticut,Urban,21.41,14.55,20.92,32.02
55573,County_55573,Other,Rural,23.73,9.95,20.14,
21287,County_21287,Massachusetts,Urban,24.93,15.5,19.97,35.46
28643,County_28643,Nevada,Rural,20.17,8.47,15.62,35.27
3781,County_3781,Arizona,Suburban/Small City,18.37,9.53,16.3,31.03
12827,County_12827,Idaho,Rural,22.99,8.27,21.55,27.06
42807,County_42807,Tennessee,Rural,25.72,12.9,24.01,34.38
10107,County_10107,Georgia,Suburban/Small City,17.78,9.56,13.6,31.85
46577,County_46577,Virginia,Rural,14.5,8.99,14.2,20.9
28755,County_28755,Nevada,Rural,12.86,4.27,11.19,33.28
15751,County_15751,Iowa,Suburban/Small City,28.71,15.21,26.02,37.82
53955,County_53955,Other,Urban,14.86,7.13,11.82,30.41
15169,County_15169,Iowa,Rural,19.87,9.9,18.63,30.56
9365,County_9365,Florida,Urban,13.98,9.0,11.82,34.4
53919,County_53919,Other,Rural,22.67,9.31,20.03,40.14
44687,County_44687,Utah,Rural,19.28,10.62,15.4,37.62
37387,County_37387,Oregon,Rural,25.72,13.35,18.38,27.59
18409,County_18409,Louisiana,Rural,15.78,10.91,16.49,28.57
37725,County_37725,Oregon,Rural,21.79,9.81,18.37,40.28
34015,County_34015,North Dakota,Urban,21.13,10.32,19.38,24.81
32221,County_32221,New York,Rural,27.02,14.34,22.27,31.22
2343,County_2343,Alaska,Rural,29.45,16.99,26.71,35.87
12589,County_12589,Idaho,Rural,26.97,13.31,21.81,45.88
20871,County_20871,Maryland,Urban,16.22,8.65,12.22,27.52
13995,County_13995,Illinois,Suburban/Small City,23.61,10.64,19.98,34.08
34345,County_34345,North Dakota,Urban,30.09,15.87,25.72,51.73
30139,County_30139,New Jersey,Suburban/Small City,11.93,4.49,7.38,25.15
15863,County_15863,Iowa,Rural,12.58,4.17,13.33,34.52
20843,County_20843,Maryland,Suburban/Small City,17.12,8.65,15.21,34.73
23373,County_23373,Minnesota,Rural,36.68,15.63,29.02,49.53
45259,County_45259,Vermont,Urban,19.65,10.25,15.11,30.93
52035,County_52035,Other,Urban,13.42,4.68,11.24,28.58
34601,County_34601,North Dakota,Rural,23.27,9.83,20.66,
52265,County_52265,Other,Rural,27.96,15.44,23.19,37.97
14211,County_14211,Indiana,Rural,24.13,11.3,19.58,34.47
13875,County_13875,Illinois,Rural,12.26,4.83,,25.18
42339,County_42339,Tennessee,Rural,30.4,15.49,27.92,37.14
22657,County_22657,Michigan,Rural,14.39,6.26,15.61,18.86
43211,County_43211,Texas,Rural,27.15,14.02,25.03,37.02
34825,County_34825,North Dakota,Rural,10.05,4.37,9.38,35.08
39559,County_39559,Rhode Island,Rural,10.57,4.84,,19.35
42879,County_42879,Tennessee,Urban,27.99,13.24,22.52,29.37
29653,County_29653,New Hampshire,Rural,22.99,13.05,23.14,29.71
49601,County_49601,Wisconsin,Rural,26.83,14.81,24.71,41.63
22033,County_22033,Michigan,Rural,11.32,7.06,9.96,28.03
12115,County_12115,Idaho,Urban,28.25,13.77,25.94,32.48
5005,County_5005,California,Rural,16.71,9.49,12.9,29.96
16799,County_16799,Kansas,Urban,9.94,8.13,8.83,30.17
45241,County_45241,Vermont,Suburban/Small City,17.51,10.32,16.95,27.93
19175,County_19175,Maine,Rural,16.85,7.83,15.01,27.75
56519,County_56519,Other,Rural,22.83,9.83,17.03,27.33
2969,County_2969,Alaska,Rural,10.27,5.73,9.21,24.37
35049,County_35049,Ohio,Urban,15.98,8.14,12.53,28.73
2981,County_2981,Alaska,Urban,20.37,9.12,17.91,29.22
13383,County_13383,Illinois,Rural,26.99,16.09,25.33,38.06
41035,County_41035,South Dakota,Urban,20.62,10.18,18.66,37.58
43335,County_43335,Texas,Rural,26.09,10.26,24.24,37.12
55849,County_55849,Other,Rural,27.06,11.83,25.6,31.41
20011,County_20011,Maryland,Rural,27.2,11.92,24.74,38.62
9443,County_9443,Florida,Urban,13.23,6.4,11.36,30.27
47895,County_47895,Washington,Suburban/Small City,20.93,8.71,19.1,29.89
6647,County_6647,Colorado,Urban,21.15,9.02,15.63,29.83
55015,County_55015,Other,Rural,14.01,5.99,12.66,26.81
53839,County_53839,Other,Suburban/Small City,,17.74,26.16,31.36
36705,County_36705,Oklahoma,Rural,29.81,15.2,27.2,
40835,County_40835,South Carolina,Rural,9.87,2.63,8.66,34.58
17345,County_17345,Kentucky,Urban,28.05,11.5,21.67,31.93
56517,County_56517,Other,Urban,24.63,9.51,17.77,30.79
21769,County_21769,Massachusetts,Rural,19.64,8.42,16.67,44.18
6503,County_6503,Colorado,Urban,30.24,16.19,25.06,31.12
35905,County_35905,Ohio,Urban,26.89,14.64,20.29,30.98
42451,County_42451,Tennessee,Rural,18.57,10.55,18.72,22.25
17811,County_17811,Kentucky,Urban,29.5,12.17,24.07,48.39
20037,County_20037,Maryland,Rural,25.24,10.6,17.88,33.17
44357,County_44357,Utah,Urban,27.75,17.88,22.64,24.02
21487,County_21487,Massachusetts,Rural,25.98,12.32,21.83,35.58
51481,County_51481,Other,Urban,14.82,7.82,11.64,24.25
49717,County_49717,Wisconsin,Suburban/Small City,21.88,11.7,17.62,
18955,County_18955,Louisiana,Rural,25.62,6.61,21.11,33.05
35615,County_35615,Ohio,Rural,22.1,12.76,15.68,26.51
33133,County_33133,North Carolina,Rural,30.55,15.82,29.15,43.43
21909,County_21909,Massachusetts,Rural,23.38,13.33,,29.26
33983,County_33983,North Carolina,Rural,,14.43,27.04,46.54
23299,County_23299,Minnesota,Rural,11.54,6.04,7.7,22.25
13729,County_13729,Illinois,Rural,14.14,8.39,6.35,17.96
34733,County_34733,North Dakota,Urban,32.65,16.74,30.47,
33221,County_33221,North Carolina,Urban,23.56,9.53,19.71,36.27
13183,County_13183,Illinois,Urban,34.95,18.19,29.25,43.97
51327,County_51327,Other,Rural,15.94,8.03,13.78,31.09
46525,County_46525,Virginia,Urban,11.17,3.24,9.61,19.56
36235,County_36235,Oklahoma,Urban,27.11,13.53,23.04,
16427,County_16427,Kansas,Urban,13.89,8.95,10.6,29.1
45731,County_45731,Vermont,Rural,19.39,11.96,17.23,28.67
13877,County_13877,Illinois,Rural,31.43,14.33,26.4,39.14
8527,County_8527,Delaware,Urban,14.07,6.24,12.12,28.01
36213,County_36213,Oklahoma,Rural,24.07,10.5,20.41,26.61
41851,County_41851,South Dakota,Suburban/Small City,20.47,8.3,16.86,30.03
4621,County_4621,Arkansas,Urban,24.43,12.99,19.05,31.11
6867,County_6867,Colorado,Urban,17.58,10.54,14.69,31.33
9961,County_9961,Florida,Rural,28.37,16.89,22.85,34.59
9359,County_9359,Florida,Urban,31.05,17.49,27.23,41.53
45087,County_45087,Vermont,Rural,19.66,8.41,15.77,
4343,County_4343,Arkansas,Suburban/Small City,24.78,12.32,24.39,33.83
7673,County_7673,Connecticut,Rural,16.01,8.92,13.36,32.78
17931,County_17931,Kentucky,Urban,21.75,11.08,19.48,
27923,County_27923,Nebraska,Rural,30.57,16.03,26.04,36.14
9795,County_9795,Florida,Suburban/Small City,15.97,8.92,16.04,28.31
34541,County_34541,North Dakota,Urban,16.64,7.26,15.49,29.31
43663,County_43663,Texas,Urban,19.57,,17.2,26.69
48355,County_48355,West Virginia,Urban,24.96,14.11,21.14,37.51
50835,County_50835,Wyoming,Rural,19.24,7.9,13.85,29.36
54255,County_54255,Other,Rural,12.65,6.32,11.59,26.38
1829,County_1829,Alabama,Urban,14.52,8.46,8.89,28.43
48707,County_48707,West Virginia,Rural,23.31,,18.66,32.96
8429,County_8429,Delaware,Urban,22.69,11.14,23.03,30.81
37523,County_37523,Oregon,Urban,13.87,5.18,7.15,19.89
25891,County_25891,Missouri,Rural,27.32,14.9,22.96,43.38
21989,County_21989,Massachusetts,Urban,14.91,,11.19,31.69
37677,County_37677,Oregon,Urban,28.67,14.35,25.04,34.8
27923,County_27923,Nebraska,Urban,22.9,15.27,16.88,31.67
7797,County_7797,Connecticut,Urban,25.36,11.7,23.35,34.61
28703,County_28703,Nevada,Urban,27.96,13.86,22.36,35.31
30241,County_30241,New Jersey,Urban,35.34,18.55,28.66,33.34
12351,County_12351,Idaho,Rural,22.78,10.5,22.65,26.55
28063,County_28063,Nevada,Rural,28.42,13.26,27.41,38.63
31359,County_31359,New Mexico,Rural,14.36,8.33,8.32,32.08
44469,County_44469,Utah,Rural,28.45,13.52,25.22,37.35
35273,County_35273,Ohio,Rural,25.08,12.2,20.35,46.36
18861,County_18861,Louisiana,Rural,29.98,16.53,23.05,34.18
20391,County_20391,Maryland,Rural,17.31,7.87,14.62,24.19
23289,County_23289,Minnesota,Rural,19.18,11.4,18.31,27.19
17899,County_17899,Kentucky,Rural,29.16,12.3,28.58,37.57
27085,County_27085,Nebraska,Urban,17.53,8.41,14.5,28.48
2601,County_2601,Alaska,Urban,36.34,19.12,30.01,41.72
16097,County_16097,Kansas,Rural,24.12,10.96,20.39,27.62
15431,County_15431,Iowa,Urban,27.99,11.79,25.59,36.0
36719,County_36719,Oklahoma,Rural,18.13,,15.11,24.33
33991,County_33991,North Carolina,Rural,26.06,11.97,21.13,35.05
46131,County_46131,Virginia,Rural,17.3,8.95,13.75,26.97
50841,County_50841,Wyoming,Rural,25.97,10.43,22.8,33.66
37851,County_37851,Oregon,Rural,29.35,17.29,28.18,34.96
44597,County_44597,Utah,Suburban/Small City,23.17,10.99,22.49,
1559,County_1559,Alabama,Suburban/Small City,20.31,,15.81,34.1
13939,County_13939,Illinois,Rural,16.72,8.3,12.65,30.18
12151,County_12151,Idaho,Rural,10.87,4.17,7.73,33.57
4627,County_4627,Arkansas,Rural,23.59,9.72,17.15,31.42
12503,County_12503,Idaho,Rural,30.83,14.34,23.67,42.92
21395,County_21395,Massachusetts,Urban,18.57,7.38,11.89,24.43
50427,County_50427,Wyoming,Urban,14.57,8.09,8.46,30.11
33667,County_33667,North Carolina,Rural,18.33,10.2,16.11,34.57
27279,County_27279,Nebraska,Rural,17.04,9.67,18.4,28.94
4141,County_4141,Arkansas,Urban,29.48,16.92,22.98,37.7
21913,County_21913,Massachusetts,Urban,19.41,,15.18,38.29
50549,County_50549,Wyoming,Urban,25.39,13.18,,34.29
25429,County_25429,Missouri,Urban,28.12,15.81,20.21,35.49
40925,County_40925,South Carolina,Rural,25.43,,22.86,33.51
22517,County_22517,Michigan,Rural,30.36,14.54,27.44,40.33
54293,County_54293,Other,Rural,,11.87,21.05,40.8
11151,County_11151,Hawaii,Rural,,11.26,18.22,30.81
15313,County_15313,Iowa,Suburban/Small City,22.94,10.56,20.99,38.43
46263,County_46263,Virginia,Suburban/Small City,19.16,10.54,16.61,31.1
27259,County_27259,Nebraska,Rural,26.86,14.47,,36.53
45623,County_45623,Vermont,Rural,22.58,8.23,18.02,35.12
36525,County_36525,Oklahoma,Rural,26.26,14.57,24.87,18.6
54379,County_54379,Other,Rural,13.28,8.61,9.32,29.0
52271,County_52271,Other,Rural,14.98,5.0,13.1,26.8
46719,County_46719,Virginia,Rural,14.79,5.18,11.07,26.61
53663,County_53663,Other,Urban,32.86,18.95,26.25,39.64
26365,County_26365,Montana,Urban,,12.0,14.87,22.26
18687,County_18687,Louisiana,Suburban/Small City,7.93,4.95,4.12,29.18
38385,County_38385,Pennsylvania,Urban,,9.56,13.24,27.25
17631,County_17631,Kentucky,Urban,16.47,9.87,11.34,39.34
38271,County_38271,Pennsylvania,Rural,19.53,8.67,16.6,24.86
4263,County_4263,Arkansas,Urban,13.32,3.74,11.15,19.51
31201,County_31201,New Mexico,Urban,17.83,7.22,16.6,29.49
1131,County_1131,Alabama,Rural,24.99,12.52,20.39,40.58
9741,County_9741,Florida,Urban,17.47,8.46,14.5,28.56
46917,County_46917,Virginia,Urban,28.31,14.64,25.46,39.51
54951,County_54951,Other,Urban,12.32,5.02,11.34,23.58
9773,County_9773,Florida,Urban,27.08,12.17,22.2,37.26
34393,County_34393,North Dakota,Rural,12.92,6.0,8.67,28.15
8639,County_8639,Delaware,Suburban/Small City,33.18,18.39,30.17,31.38
23597,County_23597,Minnesota,Urban,25.7,,21.99,42.5
33149,County_33149,North Carolina,Urban,22.27,10.67,21.08,33.39
12171,County_12171,Idaho,Rural,28.58,12.64,27.37,24.27
14161,County_14161,Indiana,Urban,13.86,8.49,,24.67
45379,County_45379,Vermont,Rural,14.88,6.31,,24.79
40759,County_40759,South Carolina,Rural,33.27,17.34,27.5,44.29
47601,County_47601,Washington,Rural,14.79,7.61,12.27,28.54
22139,County_22139,Michigan,Urban,24.27,8.76,21.47,23.6
7993,County_7993,Connecticut,Suburban/Small City,18.77,9.35,14.44,23.15
18997,County_18997,Louisiana,Urban,17.05,8.47,13.15,15.99
3205,County_3205,Arizona,Rural,27.07,12.38,21.15,33.11
11901,County_11901,Hawaii,Rural,18.46,8.36,14.1,33.26
38095,County_38095,Pennsylvania,Rural,25.3,12.65,20.49,
47729,County_47729,Washington,Urban,30.77,15.13,27.6,42.34
22347,County_22347,Michigan,Rural,19.46,10.16,,32.87
18269,County_18269,Louisiana,Rural,24.22,11.86,20.03,30.1
56571,County_56571,Other,Suburban/Small City,25.15,,16.79,41.02
38471,County_38471,Pennsylvania,Urban,15.68,9.62,14.65,25.67
35685,County_35685,Ohio,Urban,21.05,11.94,17.09,32.34
41619,County_41619,South Dakota,Suburban/Small City,20.24,10.36,18.01,29.31
51701,County_51701,Other,Suburban/Small City,13.61,5.47,14.77,28.21
49571,County_49571,Wisconsin,Rural,15.41,8.6,15.34,29.66
6531,County_6531,Colorado,Urban,27.02,12.69,21.53,39.94
1561,County_1561,Alabama,Urban,16.89,8.94,17.68,29.2
49089,County_49089,Wisconsin,Rural,16.09,6.7,11.65,24.3
15269,County_15269,Iowa,Urban,14.25,7.3,13.57,21.55
49493,County_49493,Wisconsin,Urban,22.96,11.51,15.97,36.31
8873,County_8873,Delaware,Rural,26.94,11.7,21.85,44.72
29907,County_29907,New Hampshire,Urban,18.01,6.8,14.65,28.8
29531,County_29531,New Hampshire,Urban,26.63,13.64,21.67,24.98
18877,County_18877,Louisiana,Rural,26.44,14.72,25.97,41.91
33499,County_33499,North Carolina,Urban,23.08,10.1,17.81,31.03
46953,County_46953,Virginia,Suburban/Small City,12.4,6.74,10.76,29.02
9011,County_9011,Florida,Urban,20.93,9.78,21.5,27.58
56781,County_56781,Other,Suburban/Small City,20.5,13.07,20.3,29.67
55825,County_55825,Other,Rural,,8.35,15.93,31.47
20615,County_20615,Maryland,Rural,28.23,14.52,23.1,31.74
2551,County_2551,Alaska,Rural,21.59,12.45,17.1,31.18
29929,County_29929,New Hampshire,Rural,32.51,18.61,29.36,43.64
56995,County_56995,Other,Urban,,11.2,14.72,19.74
50217,County_50217,Wyoming,Rural,27.61,13.63,25.57,36.12
2049,County_2049,Alaska,Urban,20.19,9.63,19.04,33.97
13967,County_13967,Illinois,Suburban/Small City,15.51,5.99,11.61,26.03
6541,County_6541,Colorado,Rural,27.01,12.82,24.21,32.26
23835,County_23835,Minnesota,Urban,28.86,12.32,24.5,37.0
55285,County_55285,Other,Rural,24.57,14.0,20.46,36.14
34827,County_34827,North Dakota,Urban,30.04,16.89,28.6,41.92
10707,County_10707,Georgia,Urban,27.1,12.98,24.79,44.13
17169,County_17169,Kentucky,Suburban/Small City,19.86,9.55,18.99,40.18
52865,County_52865,Other,Urban,19.39,9.09,14.12,30.21
39351,County_39351,Rhode Island,Rural,24.38,12.86,18.63,29.4
18303,County_18303,Louisiana,Rural,14.85,8.06,15.23,17.23
17295,County_17295,Kentucky,Rural,20.5,10.59,15.96,42.64
10093,County_10093,Georgia,Suburban/Small City,18.62,11.68,16.13,38.44
56065,County_56065,Other,Rural,25.95,16.9,19.05,40.72
38423,County_38423,Pennsylvania,Urban,27.44,14.09,,35.31
24583,County_24583,Mississippi,Rural,14.1,9.05,12.15,25.87
2943,County_2943,Alaska,Rural,22.11,11.31,,35.26
45781,County_45781,Vermont,Rural,22.02,12.19,21.99,24.83
46647,County_46647,Virginia,Urban,23.54,12.29,20.68,33.25
6839,County_6839,Colorado,Rural,14.35,5.45,12.73,23.88
33359,County_33359,North Carolina,Rural,16.14,6.4,9.63,22.88
28353,County_28353,Nevada,Rural,12.16,6.13,10.32,25.84
49025,County_49025,Wisconsin,Rural,31.55,16.85,27.03,47.14
42555,County_42555,Tennessee,Suburban/Small City,19.55,8.8,15.29,26.98
11317,County_11317,Hawaii,Rural,23.02,11.26,23.2,40.82
43205,County_43205,Texas,Rural,29.43,14.13,27.16,32.65
35537,County_35537,Ohio,Urban,21.79,11.92,16.56,26.47
41551,County_41551,South Dakota,Rural,18.9,7.42,15.72,24.83
12651,County_12651,Idaho,Rural,9.03,3.64,9.77,33.81
44365,County_44365,Utah,Rural,18.93,9.36,14.65,29.49
11667,County_11667,Hawaii,Rural,19.15,10.48,13.46,31.89
56307,County_56307,Other,Suburban/Small City,22.05,11.98,,33.97
30635,County_30635,New Jersey,Rural,18.1,9.79,11.58,24.42
24449,County_24449,Mississippi,Urban,26.04,13.51,20.94,33.87
40255,County_40255,South Carolina,Urban,26.17,14.29,19.02,39.93
10859,County_10859,Georgia,Urban,24.47,12.08,22.71,36.56
19317,County_19317,Maine,Urban,33.69,15.18,28.9,30.69
15237,County_15237,Iowa,Urban,21.47,,18.98,23.32
8505,County_8505,Delaware,Rural,14.72,9.65,12.02,30.79
52177,County_52177,Other,Urban,28.58,10.74,24.77,28.08
10423,County_10423,Georgia,Urban,30.07,13.29,27.31,35.85
22967,County_22967,Michigan,Rural,17.48,5.54,13.96,31.14
45125,County_45125,Vermont,Rural,22.81,11.89,16.57,33.57
1783,County_1783,Alabama,Urban,23.13,9.57,19.75,30.35
53437,County_53437,Other,Suburban/Small City,20.81,8.8,16.56,24.67
33677,County_33677,North Carolina,Rural,33.38,15.4,29.62,39.86
54303,County_54303,Other,Suburban/Small City,15.85,6.61,14.35,25.86
42309,County_42309,Tennessee,Suburban/Small City,31.62,,25.64,35.35
32475,County_32475,New York,Urban,18.26,10.39,18.03,31.05
33347,County_33347,North Carolina,Urban,31.04,14.9,28.58,35.16
38153,County_38153,Pennsylvania,Rural,20.05,10.26,14.83,35.26
45423,County_45423,Vermont,Rural,23.61,11.2,19.48,27.67
20853,County_20853,Maryland,Rural,24.44,12.24,,34.35
39991,County_39991,Rhode Island,Rural,,12.53,26.75,28.39
26867,County_26867,Montana,Suburban/Small City,22.47,10.73,15.64,28.64
23037,County_23037,Minnesota,Urban,34.04,19.62,28.41,40.67
41955,County_41955,South Dakota,Rural,19.58,9.04,9.77,24.82
15547,County_15547,Iowa,Urban,18.56,10.37,14.37,34.57
48663,County_48663,West Virginia,Rural,,8.19,12.74,26.14
7699,County_7699,Connecticut,Rural,30.84,14.57,,48.59
35047,County_35047,Ohio,Rural,29.86,15.92,27.08,40.32
53167,County_53167,Other,Urban,34.76,18.2,31.25,
24501,County_24501,Mississippi,Rural,27.58,16.34,24.43,39.82
16445,County_16445,Kansas,Urban,19.06,11.81,15.98,37.68
17235,County_17235,Kentucky,Urban,28.75,15.51,25.15,28.62
26127,County_26127,Montana,Urban,,11.78,20.95,36.39
32745,County_32745,New York,Rural,25.32,,21.46,31.91
50803,County_50803,Wyoming,Urban,26.96,13.51,24.13,42.07
27155,County_27155,Nebraska,Urban,32.96,14.2,27.52,37.09
32067,County_32067,New York,Urban,18.27,11.88,17.04,28.43
27651,County_27651,Nebraska,Rural,27.18,17.13,23.48,44.02
13815,County_13815,Illinois,Suburban/Small City,10.5,6.88,6.16,22.66
35163,County_35163,Ohio,Suburban/Small City,21.77,10.87,19.85,20.78
38629,County_38629,Pennsylvania,Rural,13.81,8.17,13.33,24.39
28299,County_28299,Nevada,Urban,28.01,16.58,23.98,32.39
40329,County_40329,South Carolina,Suburban/Small City,19.41,9.46,14.44,21.2
43701,County_43701,Texas,Urban,18.37,,15.77,30.83
36125,County_36125,Oklahoma,Rural,27.49,16.6,24.73,32.25
22019,County_22019,Michigan,Rural,17.48,8.63,13.03,39.68
48577,County_48577,West Virginia,Rural,20.39,8.54,14.61,27.77
5617,County_5617,California,Rural,13.98,5.71,11.6,29.59
38271,County_38271,Pennsylvania,Rural,24.39,9.93,18.9,43.77
31881,County_31881,New Mexico,Urban,15.16,9.96,8.3,
18631,County_18631,Louisiana,Urban,17.44,7.1,13.75,32.91
14543,County_14543,Indiana,Rural,16.92,7.58,14.02,26.49
8915,County_8915,Delaware,Urban,6.91,1.04,8.78,21.9
51941,County_51941,Other,Urban,23.14,10.11,20.5,35.01
48691,County_48691,West Virginia,Rural,20.31,10.76,,37.78
14385,County_14385,Indiana,Suburban/Small City,25.83,13.66,21.27,36.82
54871,County_54871,Other,Urban,14.7,7.28,14.9,30.39
39763,County_39763,Rhode Island,Urban,13.17,7.51,11.58,23.03
40371,County_40371,South Carolina,Rural,19.99,11.07,18.19,34.64
42949,County_42949,Tennessee,Urban,18.79,8.26,16.95,20.63
29891,County_29891,New Hampshire,Urban,10.72,4.57,8.72,25.07
16039,County_16039,Kansas,Rural,17.23,8.73,13.33,38.68
3487,County_3487,Arizona,Rural,29.56,13.35,27.96,
2029,County_2029,Alaska,Urban,24.03,11.06,19.05,29.88
35267,County_35267,Ohio,Rural,19.92,9.96,14.41,28.76
29041,County_29041,New Hampshire,Rural,19.27,8.8,14.33,24.29
28715,County_28715,Nevada,Rural,17.24,6.93,15.19,28.59
22767,County_22767,Michigan,Rural,25.62,13.78,20.48,34.61
39533,County_39533,Rhode Island,Urban,19.42,12.04,16.25,27.95
31395,County_31395,New Mexico,Rural,30.07,14.17,30.03,33.33
28973,County_28973,Nevada,Suburban/Small City,24.05,11.11,20.33,29.73
55255,County_55255,Other,Urban,26.21,14.73,,39.7
34915,County_34915,North Dakota,Rural,12.55,5.8,9.83,25.75
13557,County_13557,Illinois,Urban,17.46,8.58,15.38,24.07
41843,County_41843,South Dakota,Urban,12.34,6.46,10.39,23.25
45923,County_45923,Vermont,Urban,28.0,16.34,24.97,33.92
9143,County_9143,Florida,Suburban/Small City,20.86,7.45,19.36,30.71
10457,County_10457,Georgia,Rural,16.2,7.05,14.69,28.06
46513,County_46513,Virginia,Urban,32.57,16.5,31.44,27.48
36771,County_36771,Oklahoma,Rural,14.19,6.52,11.65,24.17
27855,County_27855,Nebraska,Urban,21.15,7.93,15.45,29.63
39621,County_39621,Rhode Island,Urban,32.42,15.46,24.7,36.48
27479,County_27479,Nebraska,Suburban/Small City,21.34,10.32,22.55,38.34
33447,County_33447,North Carolina,Urban,13.21,6.86,9.88,15.44
34237,County_34237,North Dakota,Rural,28.91,16.15,25.82,31.99
31989,County_31989,New Mexico,Rural,21.9,11.27,18.05,35.46
11105,County_11105,Hawaii,Rural,30.96,14.67,25.67,35.82
33497,County_33497,North Carolina,Rural,17.53,9.08,12.52,29.41
40275,County_40275,South Carolina,Rural,31.98,15.53,29.81,46.22
47919,County_47919,Washington,Suburban/Small City,27.53,15.27,24.57,33.48
43711,County_43711,Texas,Suburban/Small City,23.35,11.96,20.46,39.77
3577,County_3577,Arizona,Rural,26.37,15.62,25.25,37.37
24971,County_24971,Mississippi,Rural,18.01,6.17,13.95,31.95
40065,County_40065,South Carolina,Urban,29.98,15.05,26.81,35.07
18239,County_18239,Louisiana,Rural,12.73,5.19,10.98,17.14
29107,County_29107,New Hampshire,Urban,29.39,13.99,,41.61
27159,County_27159,Nebraska,Urban,10.47,6.28,9.55,17.23
24789,County_24789,Mississippi,Rural,21.62,11.9,20.84,29.07
5263,County_5263,California,Rural,25.44,10.73,21.68,41.4
15039,County_15039,Iowa,Rural,30.61,16.98,26.8,36.6
3057,County_3057,Arizona,Rural,11.09,4.31,11.64,27.46
33405,County_33405,North Carolina,Rural,27.28,15.94,21.42,37.66
45341,County_45341,Vermont,Urban,13.75,4.26,13.66,23.87
51799,County_51799,Other,Urban,22.75,12.69,16.16,23.56
52863,County_52863,Other,Urban,21.79,13.17,14.8,25.99
12887,County_12887,Idaho,Suburban/Small City,17.38,10.67,15.25,19.33
9197,County_9197,Florida,Rural,22.72,10.3,17.55,41.56
18243,County_18243,Louisiana,Rural,18.86,12.14,15.64,23.71
36461,County_36461,Oklahoma,Rural,14.91,8.35,10.88,22.77
2793,County_2793,Alaska,Rural,21.16,11.22,16.44,21.41
6177,County_6177,Colorado,Urban,20.2,9.34,18.78,36.04
48373,County_48373,West Virginia,Urban,28.81,14.45,24.27,34.21
33817,County_33817,North Carolina,Urban,20.35,9.13,17.35,21.99
4411,County_4411,Arkansas,Rural,23.65,13.62,,28.05
40505,County_40505,South Carolina,Urban,24.21,10.93,20.52,31.7
21583,County_21583,Massachusetts,Urban,15.71,9.99,13.11,34.15
17549,County_17549,Kentucky,Rural,17.86,,13.16,29.91
1343,County_1343,Alabama,Rural,13.59,8.93,10.74,29.48
33681,County_33681,North Carolina,Urban,22.43,12.99,19.6,34.82
22147,County_22147,Michigan,Rural,11.55,5.83,8.41,30.88
38871,County_38871,Pennsylvania,Urban,21.81,11.5,17.06,26.93
22577,County_22577,Michigan,Rural,22.5,11.67,16.88,37.31
17503,County_17503,Kentucky,Rural,21.43,10.58,20.64,35.92
19283,County_19283,Maine,Suburban/Small City,22.34,11.12,,40.52
45415,County_45415,Vermont,Rural,15.03,8.92,13.23,33.85
18589,County_18589,Louisiana,Suburban/Small City,,12.74,24.34,34.27
40107,County_40107,South Carolina,Rural,13.17,7.88,12.26,21.59
21561,County_21561,Massachusetts,Urban,12.11,7.68,11.54,22.81
49213,County_49213,Wisconsin,Rural,22.29,13.2,20.35,32.16
31087,County_31087,New Mexico,Rural,21.38,11.85,19.84,29.58
22311,County_22311,Michigan,Rural,20.46,10.3,,36.17
19215,County_19215,Maine,Urban,26.09,13.0,22.56,36.68
28095,County_28095,Nevada,Rural,19.26,10.55,18.09,30.5
12853,County_12853,Idaho,Rural,20.21,,16.67,29.35
18867,County_18867,Louisiana,Rural,13.09,6.57,14.79,25.67
26747,County_26747,Montana,Urban,33.06,18.42,25.86,30.57
29005,County_29005,New Hampshire,Rural,29.71,15.79,29.32,48.87
3053,County_3053,Arizona,Rural,21.42,9.19,19.18,36.71
34185,County_34185,North Dakota,Rural,24.81,13.91,20.76,37.35
10191,County_10191,Georgia,Urban,10.44,6.79,7.3,19.21
47545,County_47545,Washington,Suburban/Small City,25.6,11.12,21.88,37.21
21563,County_21563,Massachusetts,Rural,22.26,10.31,19.15,19.0
50609,County_50609,Wyoming,Rural,16.65,7.15,14.85,28.93
22037,County_22037,Michigan,Suburban/Small City,24.21,11.04,,31.92
30899,County_30899,New Jersey,Urban,6.7,3.62,4.82,21.13
8977,County_8977,Delaware,Rural,17.0,12.76,15.28,30.24
5027,County_5027,California,Suburban/Small City,22.97,10.54,20.79,34.11
19353,County_19353,Maine,Rural,22.62,12.33,18.12,45.28
32753,County_32753,New York,Rural,26.48,13.88,21.29,45.76
42347,County_42347,Tennessee,Rural,30.1,16.12,24.45,34.84
31281,County_31281,New Mexico,Rural,,13.99,27.33,40.87
35415,County_35415,Ohio,Rural,17.16,8.64,14.45,32.55
27849,County_27849,Nebraska,Rural,33.2,13.46,31.19,39.96
19517,County_19517,Maine,Suburban/Small City,10.1,5.44,9.73,24.14
4739,County_4739,Arkansas,Rural,23.96,9.2,22.99,31.95
52227,County_52227,Other,Urban,27.61,12.33,21.93,33.09
12797,County_12797,Idaho,Urban,23.63,14.69,19.87,30.38
10683,County_10683,Georgia,Urban,15.99,6.42,19.01,24.09
26859,County_26859,Montana,Suburban/Small City,24.0,13.24,21.17,31.88
23671,County_23671,Minnesota,Urban,23.1,13.28,22.62,39.65
33023,County_33023,North Carolina,Rural,,12.76,23.78,32.09
15953,County_15953,Iowa,Urban,16.32,8.74,11.4,23.22
5857,County_5857,California,Rural,14.5,5.93,13.75,37.04
1273,County_1273,Alabama,Rural,23.21,11.22,22.88,42.06
15115,County_15115,Iowa,Urban,32.82,16.56,25.42,47.2
4045,County_4045,Arkansas,Rural,9.85,2.65,8.1,26.54
42779,County_42779,Tennessee,Urban,22.75,10.73,17.81,32.4
2563,County_2563,Alaska,Urban,25.94,15.16,17.64,29.49
26607,County_26607,Montana,Rural,17.06,9.43,14.41,34.65
19537,County_19537,Maine,Urban,29.07,12.85,25.28,42.42
33315,County_33315,North Carolina,Suburban/Small City,24.08,10.87,13.96,39.28
35629,County_35629,Ohio,Rural,30.52,16.19,26.67,41.33
51861,County_51861,Other,Urban,28.65,14.36,24.37,44.56
37731,County_37731,Oregon,Rural,,9.24,13.74,26.25
2245,County_2245,Alaska,Rural,13.09,8.54,14.45,24.71
56633,County_56633,Other,Suburban/Small City,23.95,14.18,21.09,42.41
32857,County_32857,New York,Urban,23.27,10.2,18.73,31.32
23385,County_23385,Minnesota,Urban,34.7,18.3,32.74,33.68
36263,County_36263,Oklahoma,Suburban/Small City,19.83,9.16,19.85,35.48
27393,County_27393,Nebraska,Rural,10.82,4.38,5.78,27.32
9931,County_9931,Florida,Suburban/Small City,20.34,11.26,14.97,28.99
9015,County_9015,Florida,Urban,28.66,18.3,22.97,34.98
47291,County_47291,Washington,Suburban/Small City,19.63,12.01,15.12,30.91
1775,County_1775,Alabama,Rural,26.11,11.47,21.7,24.99
2383,County_2383,Alaska,Urban,30.8,15.04,28.86,34.22
15893,County_15893,Iowa,Rural,16.3,9.76,13.29,31.26
29425,County_29425,New Hampshire,Rural,22.71,13.15,22.25,41.91
37407,County_37407,Oregon,Urban,19.46,11.01,16.82,36.91
6947,County_6947,Colorado,Rural,23.6,10.48,18.72,36.6
48447,County_48447,West Virginia,Rural,13.24,6.16,10.81,23.15
11207,County_11207,Hawaii,Urban,,10.94,13.67,25.36
42827,County_42827,Tennessee,Urban,16.3,7.32,12.21,28.71
45521,County_45521,Vermont,Urban,26.76,13.67,21.73,43.29
26529,County_26529,Montana,Suburban/Small City,22.63,10.18,16.58,24.05
28565,County_28565,Nevada,Rural,23.93,9.15,22.27,31.17
37325,County_37325,Oregon,Suburban/Small City,24.33,14.73,23.17,38.64
24367,County_24367,Mississippi,Suburban/Small City,21.56,11.43,13.43,30.7
9985,County_9985,Florida,Urban,35.26,17.41,28.19,38.86
9461,County_9461,Florida,Rural,21.52,9.68,15.98,36.27
50549,County_50549,Wyoming,Suburban/Small City,,11.2,22.83,34.97
38229,County_38229,Pennsylvania,Urban,28.6,13.58,25.43,27.32
36715,County_36715,Oklahoma,Rural,27.37,11.82,21.99,36.44
43133,County_43133,Texas,Rural,20.41,10.65,14.52,38.86
56937,County_56937,Other,Suburban/Small City,13.62,5.51,12.67,26.02
56265,County_56265,Other,Urban,18.74,10.18,15.07,37.24
2205,County_2205,Alaska,Urban,23.97,12.09,17.72,33.21
34117,County_34117,North Dakota,Urban,23.81,12.76,18.89,37.35
54743,County_54743,Other,Rural,22.91,12.93,19.32,34.5
29063,County_29063,New Hampshire,Urban,30.28,13.54,26.52,34.13
49559,County_49559,Wisconsin,Suburban/Small City,29.58,16.16,27.39,23.64
46109,County_46109,Virginia,Rural,,6.34,12.79,30.26
53795,County_53795,Other,Rural,12.3,4.96,13.37,16.13
8271,County_8271,Delaware,Urban,24.36,11.63,21.5,40.54
52063,County_52063,Other,Rural,16.76,5.78,11.53,22.84
28041,County_28041,Nevada,Rural,14.68,7.86,15.86,36.38
43681,County_43681,Texas,Urban,26.11,8.91,27.93,34.19
45315,County_45315,Vermont,Urban,28.79,13.57,24.49,38.23
52631,County_52631,Other,Urban,26.29,12.3,23.33,45.47
43665,County_43665,Texas,Urban,,12.81,23.71,39.16
54469,County_54469,Other,Rural,26.22,14.14,18.14,34.32
56745,County_56745,Other,Urban,25.32,15.82,19.31,30.02
11253,County_11253,Hawaii,Urban,31.05,17.29,23.43,36.91
17845,County_17845,Kentucky,Rural,8.61,4.14,6.52,23.08
26905,County_26905,Montana,Urban,18.18,8.35,12.62,26.51
12535,County_12535,Idaho,Rural,18.74,12.74,18.51,28.76
30951,County_30951,New Jersey,Rural,17.89,7.66,13.7,21.95
45159,County_45159,Vermont,Rural,29.9,13.67,26.93,
12061,County_12061,Idaho,Rural,12.98,6.81,13.14,30.96
11275,County_11275,Hawaii,Rural,35.16,16.22,29.68,37.31
52483,County_52483,Other,Rural,34.42,17.25,30.3,35.66
49411,County_49411,Wisconsin,Rural,31.78,13.07,30.0,48.07
53113,County_53113,Other,Rural,33.59,16.77,32.42,41.79
1537,County_1537,Alabama,Urban,18.12,10.01,16.75,32.77
47349,County_47349,Washington,Urban,19.56,8.93,16.45,31.09
26339,County_26339,Montana,Rural,25.32,12.09,22.18,35.09
24543,County_24543,Mississippi,Rural,26.49,,21.72,37.94
34335,County_34335,North Dakota,Rural,25.53,12.01,21.5,40.68
1573,County_1573,Alabama,Rural,22.38,11.08,20.81,37.15
37333,County_37333,Oregon,Urban,18.64,9.11,12.43,26.55
46175,County_46175,Virginia,Rural,22.18,12.1,19.18,32.74
46461,County_46461,Virginia,Urban,17.64,10.79,13.03,23.75
15123,County_15123,Iowa,Rural,16.78,8.3,12.92,28.29
43745,County_43745,Texas,Rural,14.02,3.78,7.43,33.26
16347,County_16347,Kansas,Urban,29.29,15.29,24.1,34.88
38389,County_38389,Pennsylvania,Urban,19.78,9.68,16.28,36.24
11721,County_11721,Hawaii,Rural,14.16,9.15,6.67,20.74
34371,County_34371,North Dakota,Rural,25.8,14.41,18.74,38.47
41417,County_41417,South Dakota,Suburban/Small City,17.77,9.88,13.24,30.18
54919,County_54919,Other,Urban,10.96,5.74,10.02,23.63
8723,County_8723,Delaware,Rural,22.15,11.87,17.67,31.58
28345,County_28345,Nevada,Rural,,8.95,17.72,27.84
4901,County_4901,Arkansas,Rural,30.2,13.1,23.7,
12407,County_12407,Idaho,Rural,30.72,16.93,25.33,41.05
45997,County_45997,Vermont,Rural,15.34,9.65,14.55,35.14
42801,County_42801,Tennessee,Urban,22.44,12.65,19.8,33.73
52251,County_52251,Other,Rural,,10.17,16.37,25.8
46017,County_46017,Virginia,Rural,15.79,8.18,8.82,28.51
51153,County_51153,Other,Urban,26.61,13.96,22.33,37.27
28365,County_28365,Nevada,Rural,11.68,4.85,9.62,30.64
48967,County_48967,West Virginia,Suburban/Small City,28.39,16.34,19.13,42.11
33825,County_33825,North Carolina,Rural,27.01,13.53,23.57,47.86
18593,County_18593,Louisiana,Rural,21.59,13.38,20.61,36.52
48545,County_48545,West Virginia,Urban,34.16,17.43,30.68,36.72
16371,County_16371,Kansas,Urban,26.51,15.05,23.0,32.36
49101,County_49101,Wisconsin,Suburban/Small City,6.47,4.0,6.9,22.04
19017,County_19017,Maine,Urban,19.56,9.28,15.26,28.11
31991,County_31991,New Mexico,Rural,21.04,12.63,,36.6
46505,County_46505,Virginia,Urban,24.89,12.68,20.82,34.44
48679,County_48679,West Virginia,Rural,10.4,8.47,8.26,28.66
8215,County_8215,Delaware,Urban,33.69,17.22,30.73,44.02
51935,County_51935,Other,Rural,33.79,15.85,,29.15
38045,County_38045,Pennsylvania,Rural,29.68,13.36,25.45,40.0
20073,County_20073,Maryland,Urban,21.76,10.62,16.13,20.92
31271,County_31271,New Mexico,Urban,9.9,6.16,6.8,25.81
23217,County_23217,Minnesota,Rural,14.92,9.77,13.04,23.56
22095,County_22095,Michigan,Suburban/Small City,22.99,11.51,22.29,30.27
30965,County_30965,New Jersey,Rural,26.79,15.51,22.15,26.38
1739,County_1739,Alabama,Urban,20.58,11.45,14.49,33.04
5381,County_5381,California,Rural,16.94,9.01,15.45,25.91
20423,County_20423,Maryland,Rural,23.19,9.56,20.13,35.47
18937,County_18937,Louisiana,Rural,29.19,15.66,25.47,34.28
22291,County_22291,Michigan,Urban,26.2,13.36,20.77,
32277,County_32277,New York,Urban,30.2,14.91,22.36,42.28
46531,County_46531,Virginia,Rural,34.89,16.86,25.83,41.91
35273,County_35273,Ohio,Rural,37.48,19.05,32.78,
20429,County_20429,Maryland,Rural,27.57,,21.86,42.06
37343,County_37343,Oregon,Urban,24.49,10.55,20.94,38.38
33023,County_33023,North Carolina,Suburban/Small City,35.27,16.17,30.82,42.75
33281,County_33281,North Carolina,Rural,20.1,11.66,17.22,28.79
56407,County_56407,Other,Rural,,9.76,19.98,32.82
1947,County_1947,Alabama,Rural,34.68,16.57,27.87,47.96
22995,County_22995,Michigan,Rural,27.82,15.02,22.85,32.06
43901,County_43901,Texas,Rural,28.43,,24.7,32.01
56251,County_56251,Other,Urban,21.3,12.04,14.76,28.85
51809,County_51809,Other,Urban,24.29,13.36,,36.66
45151,County_45151,Vermont,Rural,18.09,8.68,15.71,32.43
55955,County_55955,Other,Rural,26.59,,27.66,43.53
46403,County_46403,Virginia,Urban,25.4,14.28,22.09,24.21
11313,County_11313,Hawaii,Urban,17.27,8.0,15.79,31.07
15545,County_15545,Iowa,Rural,20.72,11.11,19.17,38.44
21817,County_21817,Massachusetts,Urban,15.68,7.69,9.07,30.87
12787,County_12787,Idaho,Rural,24.57,12.3,18.65,32.17
6417,County_6417,Colorado,Rural,15.43,5.6,11.64,24.13
37295,County_37295,Oregon,Rural,26.91,13.18,24.22,32.14
54817,County_54817,Other,Rural,26.7,11.26,23.87,36.2
20495,County_20495,Maryland,Urban,17.61,9.87,13.5,22.41
24217,County_24217,Mississippi,Rural,,11.73,24.09,32.68
33587,County_33587,North Carolina,Rural,16.44,8.96,15.54,36.2
55727,County_55727,Other,Urban,10.49,4.65,7.62,27.15
45541,County_45541,Vermont,Urban,22.31,11.51,,28.45
16487,County_16487,Kansas,Rural,23.62,11.19,17.95,29.21
6379,County_6379,Colorado,Suburban/Small City,17.21,7.18,16.6,30.09
9821,County_9821,Florida,Urban,30.25,15.06,,35.9
36395,County_36395,Oklahoma,Rural,33.12,19.25,30.1,41.8
36651,County_36651,Oklahoma,Urban,24.42,14.35,24.81,23.66
41493,County_41493,South Dakota,Urban,14.56,5.97,11.03,32.81
41335,County_41335,South Dakota,Rural,29.24,10.61,23.84,37.68
48335,County_48335,West Virginia,Urban,18.28,8.78,14.72,30.52
51779,County_51779,Other,Rural,11.28,2.16,7.44,25.91
26637,County_26637,Montana,Urban,12.83,2.82,15.99,28.88
14829,County_14829,Indiana,Rural,18.69,10.99,17.04,21.43
12795,County_12795,Idaho,Urban,19.57,10.26,15.14,30.88
41731,County_41731,South Dakota,Urban,19.92,9.3,17.05,41.32
19653,County_19653,Maine,Rural,29.41,16.07,24.27,37.37
14605,County_14605,Indiana,Rural,21.67,13.5,16.5,35.56
40219,County_40219,South Carolina,Rural,22.38,11.84,20.72,35.06
43505,County_43505,Texas,Rural,22.16,10.69,,28.26
16249,County_16249,Kansas,Urban,21.74,12.03,17.05,35.2
10697,County_10697,Georgia,Suburban/Small City,26.89,,26.25,38.42
36203,County_36203,Oklahoma,Suburban/Small City,23.77,9.25,17.64,29.6
52287,County_52287,Other,Rural,12.97,7.43,9.7,28.04
9211,County_9211,Florida,Rural,27.84,15.34,22.37,30.91
56419,County_56419,Other,Suburban/Small City,29.77,,25.23,39.73
29057,County_29057,New Hampshire,Suburban/Small City,18.47,10.56,18.45,28.61
5517,County_5517,California,Rural,24.4,13.87,20.64,41.85
20851,County_20851,Maryland,Rural,7.85,4.84,7.72,32.32
11655,County_11655,Hawaii,Urban,20.09,12.38,18.0,36.63
17579,County_17579,Kentucky,Rural,30.77,12.08,28.95,34.54
11401,County_11401,Hawaii,Suburban/Small City,15.97,9.7,14.44,29.11
5719,County_5719,California,Suburban/Small City,9.16,1.7,5.42,18.01
48187,County_48187,West Virginia,Rural,25.13,14.65,24.51,35.09
30787,County_30787,New Jersey,Urban,19.43,8.94,20.33,28.76
26877,County_26877,Montana,Urban,29.88,15.97,27.51,41.44
17249,County_17249,Kentucky,Rural,30.72,16.22,26.19,31.03
5357,County_5357,California,Suburban/Small City,17.51,8.84,12.34,24.28
30585,County_30585,New Jersey,Rural,26.3,14.5,18.57,34.03
18197,County_18197,Louisiana,Rural,28.31,14.62,25.35,34.0
30419,County_30419,New Jersey,Urban,25.29,12.76,23.69,34.98
16383,County_16383,Kansas,Urban,19.19,10.97,15.31,29.82
43531,County_43531,Texas,Rural,11.72,6.02,10.83,17.48
54717,County_54717,Other,Rural,32.36,16.52,25.23,43.01
21923,County_21923,Massachusetts,Rural,20.24,9.8,21.05,33.94
31557,County_31557,New Mexico,Rural,15.9,6.3,13.29,22.66
13947,County_13947,Illinois,Rural,21.71,10.28,17.84,29.54
50715,County_50715,Wyoming,Rural,25.09,,21.97,30.89
16421,County_16421,Kansas,Suburban/Small City,14.2,6.42,15.06,30.41
54317,County_54317,Other,Rural,33.15,15.87,29.43,36.83
11763,County_11763,Hawaii,Rural,15.77,6.09,13.71,29.57
50233,County_50233,Wyoming,Urban,16.89,9.57,13.16,29.95
56849,County_56849,Other,Urban,29.97,12.05,22.5,31.41
38561,County_38561,Pennsylvania,Urban,17.34,8.47,15.48,31.31
9543,County_9543,Florida,Suburban/Small City,24.41,11.08,23.96,37.29
13387,County_13387,Illinois,Urban,19.06,11.02,17.62,
44031,County_44031,Utah,Urban,29.42,15.9,26.25,32.79
22515,County_22515,Michigan,Rural,20.44,10.37,18.3,27.76
5895,County_5895,California,Urban,28.1,15.32,25.92,40.36
47723,County_47723,Washington,Urban,14.42,6.02,10.83,26.93
16511,County_16511,Kansas,Suburban/Small City,7.5,1.77,5.28,30.77
52281,County_52281,Other,Urban,24.94,13.59,20.75,34.16
5149,County_5149,California,Urban,19.44,10.35,14.92,34.39
14179,County_14179,Indiana,Rural,16.7,8.32,14.09,31.09
19697,County_19697,Maine,Rural,19.11,9.8,12.21,
54093,County_54093,Other,Rural,23.25,10.39,18.83,29.89
25199,County_25199,Missouri,Urban,18.28,11.19,14.02,29.25
19179,County_19179,Maine,Suburban/Small City,27.19,13.98,22.93,29.69
4653,County_4653,Arkansas,Rural,,11.81,20.4,30.55
50273,County_50273,Wyoming,Urban,29.89,15.85,26.74,39.33
24739,County_24739,Mississippi,Suburban/Small City,28.81,15.38,26.04,38.6
27649,County_27649,Nebraska,Urban,11.75,2.51,9.02,17.55
16201,County_16201,Kansas,Urban,18.13,10.48,19.47,29.5
40373,County_40373,South Carolina,Rural,28.31,16.87,21.87,45.06
54629,County_54629,Other,Urban,18.66,8.44,13.92,32.27
35535,County_35535,Ohio,Rural,23.07,15.51,18.31,29.16
28739,County_28739,Nevada,Suburban/Small City,30.47,15.36,24.02,29.37
31913,County_31913,New Mexico,Rural,16.24,10.68,12.72,29.41
35009,County_35009,Ohio,Urban,30.38,14.36,27.84,36.98
47593,County_47593,Washington,Rural,13.65,5.44,9.49,33.96
12129,County_12129,Idaho,Rural,18.9,9.79,17.0,33.0
19885,County_19885,Maine,Urban,16.36,7.81,14.27,30.31
5575,County_5575,California,Rural,37.48,18.95,30.66,
54701,County_54701,Other,Rural,12.63,6.76,14.8,29.49
40549,County_40549,South Carolina,Urban,32.11,15.07,28.38,32.21
2631,County_2631,Alaska,Rural,8.22,1.89,7.62,29.69
25529,County_25529,Missouri,Urban,16.57,6.1,16.07,32.3
37101,County_37101,Oregon,Rural,30.14,13.86,28.13,42.85
50967,County_50967,Wyoming,Rural,17.54,8.99,12.98,19.28
25241,County_25241,Missouri,Rural,20.82,9.59,15.33,35.61
20011,County_20011,Maryland,Urban,16.21,7.27,13.77,28.54
23655,County_23655,Minnesota,Rural,17.08,8.63,16.21,34.19
15363,County_15363,Iowa,Rural,17.1,8.84,15.1,34.06
27933,County_27933,Nebraska,Rural,32.35,15.76,25.17,38.17
21529,County_21529,Massachusetts,Urban,19.89,8.84,18.02,33.33
21039,County_21039,Massachusetts,Urban,9.41,4.64,7.15,21.7
13735,County_13735,Illinois,Rural,25.34,12.57,22.99,31.34
9969,County_9969,Florida,Urban,15.19,8.03,9.98,28.0
51597,County_51597,Other,Urban,21.92,8.59,16.92,33.88
15511,County_15511,Iowa,Suburban/Small City,29.57,17.35,28.86,40.3
8363,County_8363,Delaware,Rural,17.54,9.3,15.83,31.76
28939,County_28939,Nevada,Urban,25.85,13.83,21.72,34.33
39775,County_39775,Rhode Island,Rural,18.33,7.66,12.19,26.34
17621,County_17621,Kentucky,Rural,36.98,17.91,31.23,43.4
56423,County_56423,Other,Rural,30.89,14.08,28.81,33.34
46609,County_46609,Virginia,Rural,34.93,16.64,27.73,38.31
32561,County_32561,New York,Rural,19.76,8.06,16.66,24.7
9063,County_9063,Florida,Suburban/Small City,11.52,8.33,8.47,17.36
8535,County_8535,Delaware,Urban,15.1,6.35,10.68,18.44
44557,County_44557,Utah,Rural,18.4,9.95,14.65,33.74
56235,County_56235,Other,Urban,30.11,14.74,24.23,41.1
30947,County_30947,New Jersey,Rural,25.68,11.24,23.97,39.92
8671,County_8671,Delaware,Rural,16.37,9.48,13.44,29.66
11413,County_11413,Hawaii,Rural,,13.45,20.3,30.35
3455,County_3455,Arizona,Rural,,15.18,27.02,32.97
3857,County_3857,Arizona,Urban,33.31,16.33,29.08,40.35
12025,County_12025,Idaho,Rural,19.07,13.12,14.95,26.36
32651,County_32651,New York,Rural,22.81,12.36,,23.73
20901,County_20901,Maryland,Suburban/Small City,14.27,6.73,12.46,20.27
6379,County_6379,Colorado,Urban,17.79,6.61,14.38,31.53
43467,County_43467,Texas,Rural,28.17,12.24,25.0,35.08
41793,County_41793,South Dakota,Rural,19.82,9.06,17.16,34.11
42693,County_42693,Tennessee,Urban,25.02,11.55,22.62,43.55
11265,County_11265,Hawaii,Rural,12.98,6.38,8.26,33.15
37609,County_37609,Oregon,Rural,14.25,7.66,11.36,23.99
19197,County_19197,Maine,Suburban/Small City,26.15,12.75,21.13,41.61
5681,County_5681,California,Rural,28.6,13.98,24.85,37.11
37265,County_37265,Oregon,Rural,23.35,12.55,19.36,26.17
27973,County_27973,Nebraska,Urban,,8.96,12.79,33.91
56683,County_56683,Other,Rural,11.67,7.43,9.69,
10131,County_10131,Georgia,Urban,26.83,11.55,23.22,27.29
26251,County_26251,Montana,Urban,33.13,17.41,26.4,35.25
18541,County_18541,Louisiana,Urban,15.09,7.03,9.63,
23121,County_23121,Minnesota,Rural,22.61,13.23,17.48,20.18
8279,County_8279,Delaware,Rural,17.78,9.05,19.32,38.5
5401,County_5401,California,Urban,22.06,13.0,16.82,38.26
52347,County_52347,Other,Rural,21.35,8.74,18.39,33.48
17125,County_17125,Kentucky,Suburban/Small City,33.23,15.23,27.92,45.53
42929,County_42929,Tennessee,Suburban/Small City,21.17,9.3,18.28,36.66
16871,County_16871,Kansas,Urban,5.1,2.25,3.87,18.84
48417,County_48417,West Virginia,Suburban/Small City,16.13,9.0,,25.1
7463,County_7463,Connecticut,Rural,25.05,11.72,20.42,35.89
36717,County_36717,Oklahoma,Urban,23.06,13.46,22.15,36.5
43411,County_43411,Texas,Rural,14.54,7.44,16.97,29.75
9517,County_9517,Florida,Rural,27.06,,22.8,34.81
38809,County_38809,Pennsylvania,Urban,19.71,11.2,15.37,36.08
48439,County_48439,West Virginia,Rural,11.59,2.75,9.52,18.88
35007,County_35007,Ohio,Rural,26.05,12.1,27.44,30.82
53415,County_53415,Other,Rural,18.98,9.71,16.9,
44497,County_44497,Utah,Suburban/Small City,24.22,13.04,20.83,39.06
50147,County_50147,Wyoming,Suburban/Small City,28.32,16.71,21.37,34.6
14145,County_14145,Indiana,Urban,12.49,5.37,10.86,29.51
22187,County_22187,Michigan,Rural,17.02,8.41,9.74,31.42
28605,County_28605,Nevada,Urban,16.69,9.32,15.33,24.98
40275,County_40275,South Carolina,Rural,8.29,4.05,8.77,17.47
48305,County_48305,West Virginia,Suburban/Small City,28.2,12.76,23.6,32.45
38939,County_38939,Pennsylvania,Rural,30.55,15.47,23.34,41.9
31765,County_31765,New Mexico,Rural,13.6,7.27,11.92,30.85
39775,County_39775,Rhode Island,Rural,18.65,8.57,18.57,26.09
34861,County_34861,North Dakota,Urban,22.8,12.01,,28.12
50969,County_50969,Wyoming,Urban,15.84,7.0,11.34,29.68
48753,County_48753,West Virginia,Rural,31.69,18.8,26.96,45.15
4673,County_4673,Arkansas,Rural,33.98,15.35,28.83,35.93
25423,County_25423,Missouri,Suburban/Small City,26.56,13.49,24.4,49.27
55809,County_55809,Other,Rural,18.17,10.48,11.12,31.42
52057,County_52057,Other,Rural,22.33,13.0,,40.72
14777,County_14777,Indiana,Rural,27.52,14.62,,40.87
33617,County_33617,North Carolina,Urban,27.56,9.92,22.76,39.57
3255,County_3255,Arizona,Urban,34.48,15.45,32.83,43.67
50971,County_50971,Wyoming,Suburban/Small City,14.62,8.32,13.42,27.23
28683,County_28683,Nevada,Urban,25.47,12.83,21.07,31.79
34675,County_34675,North Dakota,Rural,17.09,8.0,14.51,28.45
37153,County_37153,Oregon,Rural,36.18,17.44,30.14,39.68
27497,County_27497,Nebraska,Rural,16.63,6.92,13.89,28.33
40623,County_40623,South Carolina,Rural,10.96,7.12,10.93,30.06
6829,County_6829,Colorado,Suburban/Small City,17.45,,12.31,35.53
49647,County_49647,Wisconsin,Urban,19.38,11.33,17.6,22.0
24611,County_24611,Mississippi,Urban,25.78,12.86,22.1,27.87
17671,County_17671,Kentucky,Rural,18.71,8.09,17.05,24.75
25629,County_25629,Missouri,Urban,13.24,9.55,13.82,29.64
39483,County_39483,Rhode Island,Suburban/Small City,21.7,8.12,16.7,29.73
12259,County_12259,Idaho,Urban,17.52,10.26,16.85,23.2
6725,County_6725,Colorado,Rural,15.07,6.31,13.33,19.49
3177,County_3177,Arizona,Rural,18.17,10.47,13.58,24.64
25827,County_25827,Missouri,Rural,29.75,15.93,25.66,33.72
44123,County_44123,Utah,Suburban/Small City,19.33,12.11,15.27,29.65
28753,County_28753,Nevada,Rural,18.04,7.76,12.33,18.05
34943,County_34943,North Dakota,Urban,25.95,13.23,23.68,23.93
20057,County_20057,Maryland,Rural,28.76,16.3,25.64,39.02
54393,County_54393,Other,Rural,15.7,9.03,14.91,31.79
55315,County_55315,Other,Rural,,8.89,22.14,44.35
53271,County_53271,Other,Rural,20.46,6.77,15.28,26.26
18827,County_18827,Louisiana,Urban,18.16,8.51,16.62,29.71
14099,County_14099,Indiana,Rural,18.32,9.1,13.27,34.58
13085,County_13085,Illinois,Suburban/Small City,7.54,3.43,7.34,25.68
40845,County_40845,South Carolina,Rural,21.62,11.13,18.2,33.21
1853,County_1853,Alabama,Urban,23.85,13.57,21.33,34.11
39249,County_39249,Rhode Island,Rural,26.36,,26.31,34.79
49747,County_49747,Wisconsin,Urban,22.12,10.19,16.85,28.38
16669,County_16669,Kansas,Rural,15.61,9.19,13.34,28.73
53273,County_53273,Other,Urban,21.58,9.9,19.45,27.36
54503,County_54503,Other,Rural,27.6,11.66,23.58,39.17
21713,County_21713,Massachusetts,Rural,24.87,14.11,24.44,
32157,County_32157,New York,Rural,12.47,,9.58,29.19
41043,County_41043,South Dakota,Suburban/Small City,17.52,7.11,12.12,25.76
15569,County_15569,Iowa,Rural,29.86,13.31,29.25,35.0
33431,County_33431,North Carolina,Rural,22.05,12.89,19.92,30.33
23297,County_23297,Minnesota,Urban,21.18,8.93,19.41,25.1
19125,County_19125,Maine,Rural,31.87,15.72,25.83,37.77
20273,County_20273,Maryland,Rural,23.16,9.62,15.07,30.55
14697,County_14697,Indiana,Rural,16.31,9.95,11.5,22.54
18625,County_18625,Louisiana,Urban,21.27,12.59,12.86,25.7
21507,County_21507,Massachusetts,Urban,21.32,7.89,19.08,28.87
1235,County_1235,Alabama,Rural,11.0,,8.01,15.48
21993,County_21993,Massachusetts,Rural,23.95,12.74,17.76,24.3
24581,County_24581,Mississippi,Rural,18.98,11.43,17.35,35.96
42315,County_42315,Tennessee,Rural,8.92,5.16,8.95,22.03
54525,County_54525,Other,Rural,16.89,6.67,,30.42
13825,County_13825,Illinois,Rural,28.17,16.4,22.64,
40317,County_40317,South Carolina,Urban,32.93,13.94,28.07,36.67
25325,County_25325,Missouri,Rural,,9.15,20.89,32.12
53911,County_53911,Other,Suburban/Small City,23.57,13.67,20.55,37.36
19133,County_19133,Maine,Suburban/Small City,11.57,4.61,11.6,
43571,County_43571,Texas,Urban,31.55,16.15,24.89,37.08
30259,County_30259,New Jersey,Urban,6.62,2.7,7.52,27.89
20063,County_20063,Maryland,Urban,28.12,14.92,20.41,35.91
33319,County_33319,North Carolina,Suburban/Small City,15.06,4.33,12.88,26.8
15327,County_15327,Iowa,Urban,9.71,5.04,9.87,28.86
35861,County_35861,Ohio,Rural,20.54,10.71,16.98,26.51
46465,County_46465,Virginia,Urban,25.8,16.27,22.27,32.07
5497,County_5497,California,Rural,31.32,20.0,23.54,28.95
37455,County_37455,Oregon,Rural,12.1,7.47,9.6,23.31
7223,County_7223,Connecticut,Urban,20.86,12.67,18.31,26.42
24321,County_24321,Mississippi,Rural,25.64,14.69,21.8,25.28
21713,County_21713,Massachusetts,Rural,15.97,7.12,14.82,23.39
37081,County_37081,Oregon,Rural,17.8,9.35,17.77,34.96
6615,County_6615,Colorado,Rural,18.89,10.45,16.45,22.67
23993,County_23993,Minnesota,Rural,23.56,9.77,19.27,34.71
25639,County_25639,Missouri,Urban,23.15,9.82,16.99,40.91
39727,County_39727,Rhode Island,Urban,17.91,7.75,15.33,30.24
56835,County_56835,Other,Urban,19.84,12.88,16.59,26.22
31311,County_31311,New Mexico,Rural,19.98,,16.23,32.42
18331,County_18331,Louisiana,Urban,13.83,4.55,12.49,22.4
16975,County_16975,Kansas,Urban,32.25,16.12,27.04,43.57
10035,County_10035,Georgia,Rural,13.18,6.37,10.34,23.4
5541,County_5541,California,Rural,13.75,3.81,10.5,25.85
16985,County_16985,Kansas,Rural,21.82,10.79,18.08,34.85
53211,County_53211,Other,Urban,14.18,6.75,14.51,25.19
10593,County_10593,Georgia,Rural,24.78,13.16,18.44,35.89
11311,County_11311,Hawaii,Rural,14.74,9.12,11.2,24.07
21095,County_21095,Massachusetts,Suburban/Small City,27.24,,27.51,29.7
56411,County_56411,Other,Rural,21.21,10.87,15.2,23.6
43541,County_43541,Texas,Rural,29.6,17.45,25.79,39.06
13531,County_13531,Illinois,Rural,9.36,5.21,10.12,27.56
40305,County_40305,South Carolina,Rural,27.67,12.48,27.28,41.68
33917,County_33917,North Carolina,Suburban/Small City,11.25,3.04,8.05,17.81
49763,County_49763,Wisconsin,Urban,17.5,8.72,15.45,27.42
33021,County_33021,North Carolina,Rural,14.98,6.21,11.41,21.32
52367,County_52367,Other,Rural,20.53,8.85,20.0,23.11
56521,County_56521,Other,Rural,29.88,16.61,23.13,29.06
45849,County_45849,Vermont,Rural,33.68,16.21,31.56,40.77
49377,County_49377,Wisconsin,Rural,27.67,16.49,21.92,34.16
21601,County_21601,Massachusetts,Rural,21.07,10.13,17.24,33.09
28161,County_28161,Nevada,Rural,26.89,14.14,24.38,34.51
31153,County_31153,New Mexico,Rural,26.28,13.5,22.9,38.4
11975,County_11975,Hawaii,Urban,26.35,12.68,22.4,33.45
34929,County_34929,North Dakota,Suburban/Small City,25.08,12.48,23.42,
31631,County_31631,New Mexico,Urban,21.0,9.47,20.34,21.27
53453,County_53453,Other,Urban,28.8,17.74,23.49,37.14
39191,County_39191,Rhode Island,Rural,,14.99,22.62,44.23
48883,County_48883,West Virginia,Rural,19.44,10.85,15.35,32.8
36751,County_36751,Oklahoma,Urban,22.91,10.13,16.29,31.96
13837,County_13837,Illinois,Urban,,12.0,20.19,20.77
52927,County_52927,Other,Urban,8.74,6.89,5.57,26.96
7539,County_7539,Connecticut,Rural,18.03,5.9,14.01,34.69
14969,County_14969,Indiana,Urban,29.04,15.17,22.72,27.91
11895,County_11895,Hawaii,Urban,15.39,4.39,13.73,25.71
15973,County_15973,Iowa,Urban,26.35,10.41,18.89,36.8
56123,County_56123,Other,Rural,16.89,7.86,17.52,
15909,County_15909,Iowa,Urban,29.56,14.56,24.65,41.28
20703,County_20703,Maryland,Rural,15.19,6.8,10.55,27.47
32763,County_32763,New York,Urban,,15.49,28.73,38.65
28723,County_28723,Nevada,Rural,29.12,14.11,26.34,31.7
25309,County_25309,Missouri,Rural,27.85,13.71,24.78,37.09
49675,County_49675,Wisconsin,Urban,15.39,7.1,13.62,31.56
23917,County_23917,Minnesota,Rural,19.48,13.89,15.01,30.19
20985,County_20985,Maryland,Urban,8.36,3.98,6.67,22.58
49783,County_49783,Wisconsin,Rural,21.99,8.73,15.5,
18083,County_18083,Louisiana,Suburban/Small City,28.82,13.79,26.17,34.78
36915,County_36915,Oklahoma,Suburban/Small City,24.64,10.84,25.54,27.16
29725,County_29725,New Hampshire,Urban,14.97,,16.0,17.91
5597,County_5597,California,Urban,17.31,9.67,,24.92
1331,County_1331,Alabama,Urban,30.8,12.82,27.38,36.05
36823,County_36823,Oklahoma,Urban,18.89,9.37,18.18,31.6
54451,County_54451,Other,Rural,23.81,10.9,19.74,35.94
12409,County_12409,Idaho,Suburban/Small City,,13.16,24.19,35.81
46839,County_46839,Virginia,Urban,12.13,5.7,10.37,25.11
18775,County_18775,Louisiana,Rural,18.88,7.06,10.67,30.26
4093,County_4093,Arkansas,Rural,16.7,9.05,13.37,33.44
54529,County_54529,Other,Rural,24.3,12.54,22.4,
35005,County_35005,Ohio,Urban,22.22,12.51,17.94,34.74
55159,County_55159,Other,Rural,12.0,6.88,9.54,27.42
9149,County_9149,Florida,Suburban/Small City,5.31,1.5,4.86,
19659,County_19659,Maine,Rural,12.72,5.97,12.26,31.76
21609,County_21609,Massachusetts,Rural,11.73,4.29,9.4,27.8
11633,County_11633,Hawaii,Suburban/Small City,21.45,10.46,19.42,31.95
48869,County_48869,West Virginia,Rural,13.54,,11.73,32.32
15563,County_15563,Iowa,Suburban/Small City,29.71,14.73,26.01,37.87
56957,County_56957,Other,Rural,31.5,14.49,,37.55
2793,County_2793,Alaska,Urban,6.41,4.25,5.5,12.5
20735,County_20735,Maryland,Rural,29.79,17.34,26.31,35.51
30021,County_30021,New Jersey,Rural,20.85,10.52,20.38,29.83
39377,County_39377,Rhode Island,Rural,14.4,8.54,12.34,31.34
20785,County_20785,Maryland,Rural,31.47,17.69,24.99,44.89
29181,County_29181,New Hampshire,Rural,7.55,5.28,3.66,36.66
35053,County_35053,Ohio,Rural,24.85,14.51,22.82,
37749,County_37749,Oregon,Rural,31.2,16.41,27.25,44.97
4063,County_4063,Arkansas,Rural,23.68,12.9,18.63,29.42
25163,County_25163,Missouri,Rural,18.01,8.46,14.84,29.22
9123,County_9123,Florida,Rural,19.46,8.85,15.92,32.39
43597,County_43597,Texas,Rural,12.14,6.01,7.53,31.73
50277,County_50277,Wyoming,Urban,19.64,12.67,15.1,23.16
52541,County_52541,Other,Rural,18.94,8.83,18.9,38.9
1867,County_1867,Alabama,Urban,24.73,10.9,17.44,35.74
24679,County_24679,Mississippi,Rural,12.33,5.87,9.36,31.28
4553,County_4553,Arkansas,Rural,32.41,14.04,26.77,35.21
56271,County_56271,Other,Rural,30.09,14.83,22.39,33.4
52917,County_52917,Other,Rural,23.42,14.47,19.16,28.32
41123,County_41123,South Dakota,Rural,27.68,15.0,26.15,26.66
22429,County_22429,Michigan,Rural,23.33,10.71,18.24,25.98
34353,County_34353,North Dakota,Urban,,14.12,,39.89
37389,County_37389,Oregon,Rural,12.35,6.26,7.96,25.89
11601,County_11601,Hawaii,Urban,25.14,13.87,17.11,31.91
13727,County_13727,Illinois,Suburban/Small City,28.45,15.26,26.02,36.11
36165,County_36165,Oklahoma,Rural,22.06,12.93,20.59,24.41
22283,County_22283,Michigan,Suburban/Small City,29.44,14.16,25.4,39.31
9483,County_9483,Florida,Urban,16.13,7.42,14.92,22.33
34361,County_34361,North Dakota,Rural,27.37,13.03,25.16,33.55
25111,County_25111,Missouri,Rural,28.46,12.7,23.34,29.94
48475,County_48475,West Virginia,Suburban/Small City,8.46,4.34,9.5,18.71
56073,County_56073,Other,Urban,33.05,17.61,24.13,31.91
30369,County_30369,New Jersey,Rural,23.83,12.61,22.65,29.14
49251,County_49251,Wisconsin,Urban,17.97,8.44,14.96,32.7
38855,County_38855,Pennsylvania,Rural,26.97,13.64,21.63,35.3
49607,County_49607,Wisconsin,Rural,17.25,8.16,8.19,30.98
45401,County_45401,Vermont,Rural,15.3,10.16,12.86,31.81
40205,County_40205,South Carolina,Rural,26.07,14.31,22.39,39.11
16449,County_16449,Kansas,Urban,22.99,15.05,19.98,33.17
28471,County_28471,Nevada,Urban,25.43,12.29,20.28,33.7
10817,County_10817,Georgia,Urban,17.46,10.67,11.87,28.08
33473,County_33473,North Carolina,Rural,24.28,8.3,21.5,37.87
7225,County_7225,Connecticut,Rural,31.37,14.92,25.02,35.85
53713,County_53713,Other,Rural,13.93,5.91,16.09,26.08
41211,County_41211,South Dakota,Urban,26.06,13.49,19.96,38.94
33959,County_33959,North Carolina,Rural,27.14,13.51,28.93,37.14
7405,County_7405,Connecticut,Rural,28.23,13.49,22.94,44.98
18633,County_18633,Louisiana,Rural,,15.41,25.44,45.81
20033,County_20033,Maryland,Urban,16.96,,10.95,28.92
25851,County_25851,Missouri,Urban,13.96,4.91,11.32,30.43
11779,County_11779,Hawaii,Suburban/Small City,28.35,13.67,29.2,32.58
11149,County_11149,Hawaii,Rural,26.73,14.89,23.15,33.04
5599,County_5599,California,Urban,12.07,3.57,10.12,22.65
42031,County_42031,Tennessee,Urban,27.01,14.4,20.76,38.75
52409,County_52409,Other,Urban,14.07,6.94,13.33,32.87
31981,County_31981,New Mexico,Rural,26.53,13.97,18.55,34.89
10129,County_10129,Georgia,Urban,21.74,10.72,18.93,42.42
40855,County_40855,South Carolina,Suburban/Small City,29.59,13.49,25.98,39.39
54385,County_54385,Other,Urban,24.3,11.07,24.43,32.79
52637,County_52637,Other,Rural,,13.53,23.44,40.12
43001,County_43001,Texas,Urban,12.76,4.39,12.47,28.09
46573,County_46573,Virginia,Rural,8.28,5.43,6.88,24.31
4813,County_4813,Arkansas,Rural,14.59,9.32,12.69,27.79
51309,County_51309,Other,Urban,35.88,17.58,32.38,38.27
18351,County_18351,Louisiana,Rural,24.33,11.77,24.54,41.0
52403,County_52403,Other,Rural,19.17,9.55,15.7,29.93
43439,County_43439,Texas,Rural,30.16,15.91,29.01,27.45
28113,County_28113,Nevada,Urban,31.16,17.84,23.89,35.76
31469,County_31469,New Mexico,Urban,29.71,15.56,26.01,41.38
23479,County_23479,Minnesota,Rural,33.17,19.22,27.31,32.45
20345,County_20345,Maryland,Urban,33.08,15.43,25.72,33.06
27811,County_27811,Nebraska,Suburban/Small City,9.19,4.23,,28.03
41939,County_41939,South Dakota,Rural,,13.27,23.0,38.01
31255,County_31255,New Mexico,Urban,31.83,16.37,26.58,42.05
15311,County_15311,Iowa,Rural,29.33,15.21,23.21,26.26
2115,County_2115,Alaska,Urban,21.93,10.79,16.25,32.3
45483,County_45483,Vermont,Urban,7.74,3.65,11.26,16.32
11853,County_11853,Hawaii,Rural,27.54,14.9,23.38,33.87
4685,County_4685,Arkansas,Rural,24.93,11.85,20.42,33.25
15357,County_15357,Iowa,Rural,19.07,10.95,13.16,21.02
5241,County_5241,California,Rural,26.97,13.99,24.73,35.46
12863,County_12863,Idaho,Urban,18.22,8.09,16.0,19.63
12905,County_12905,Idaho,Urban,26.47,13.78,20.64,33.26
28281,County_28281,Nevada,Rural,21.51,12.81,18.98,33.75
34969,County_34969,North Dakota,Urban,,9.69,21.21,29.9
4233,County_4233,Arkansas,Suburban/Small City,22.56,14.03,18.82,36.91
52809,County_52809,Other,Urban,32.6,17.43,27.07,44.32
52737,County_52737,Other,Rural,21.84,11.06,20.62,30.61
5911,County_5911,California,Rural,25.36,10.53,22.21,27.83
45099,County_45099,Vermont,Rural,22.89,11.26,20.92,30.3
8477,County_8477,Delaware,Rural,21.41,12.08,17.19,32.66
39805,County_39805,Rhode Island,Urban,22.35,11.07,21.16,30.72
17541,County_17541,Kentucky,Rural,32.58,14.61,26.84,39.75
53275,County_53275,Other,Rural,21.6,,20.08,26.98
13485,County_13485,Illinois,Urban,14.8,7.33,11.4,28.5
16541,County_16541,Kansas,Rural,12.2,3.63,11.83,19.28
19907,County_19907,Maine,Rural,11.26,4.18,9.4,24.19
56521,County_56521,Other,Urban,12.56,7.05,10.95,35.51
38507,County_38507,Pennsylvania,Rural,25.34,16.14,24.03,37.61
11357,County_11357,Hawaii,Rural,13.67,7.59,9.77,26.0
48291,County_48291,West Virginia,Urban,14.76,5.58,10.64,23.65
24249,County_24249,Mississippi,Rural,24.0,11.16,23.39,40.35
51923,County_51923,Other,Rural,30.8,15.66,28.54,36.69
34563,County_34563,North Dakota,Rural,23.31,10.03,20.82,27.32
8587,County_8587,Delaware,Urban,15.51,9.42,16.71,27.46
44045,County_44045,Utah,Rural,19.02,8.36,17.36,22.86
45515,County_45515,Vermont,Urban,33.92,15.26,27.74,40.98
16219,County_16219,Kansas,Rural,23.06,11.91,21.4,28.5
40715,County_40715,South Carolina,Suburban/Small City,22.42,11.17,19.67,37.42
3537,County_3537,Arizona,Urban,14.76,8.88,14.43,23.79
35467,County_35467,Ohio,Rural,25.5,11.92,22.08,33.13
42503,County_42503,Tennessee,Rural,24.42,12.56,22.03,28.4
47369,County_47369,Washington,Urban,21.51,10.44,19.96,32.64
45367,County_45367,Vermont,Urban,14.07,6.9,10.39,24.1
13483,County_13483,Illinois,Urban,20.86,10.02,15.33,21.6
50613,County_50613,Wyoming,Rural,20.66,12.73,15.18,36.63
17269,County_17269,Kentucky,Rural,19.16,8.43,18.23,
30549,County_30549,New Jersey,Rural,26.71,11.58,25.18,30.75
43417,County_43417,Texas,Rural,27.52,13.31,23.84,24.74
13553,County_13553,Illinois,Rural,24.57,10.95,21.08,43.97
14087,County_14087,Indiana,Urban,28.5,,23.78,39.83
44237,County_44237,Utah,Suburban/Small City,16.83,10.36,,29.81
17419,County_17419,Kentucky,Rural,12.03,3.75,12.37,23.72
42837,County_42837,Tennessee,Rural,17.02,8.69,14.67,30.65
11687,County_11687,Hawaii,Urban,17.16,6.24,14.55,27.12
22397,County_22397,Michigan,Rural,16.09,4.87,12.92,31.16
8879,County_8879,Delaware,Urban,22.59,8.88,15.49,
17585,County_17585,Kentucky,Urban,18.03,8.57,15.66,24.58
28313,County_28313,Nevada,Rural,29.93,14.63,24.72,32.58
19443,County_19443,Maine,Rural,21.78,13.51,20.67,34.53
18601,County_18601,Louisiana,Urban,,6.73,8.04,20.03
9961,County_9961,Florida,Rural,24.97,13.66,20.11,34.44
7911,County_7911,Connecticut,Rural,15.1,8.49,10.82,34.11
34825,County_34825,North Dakota,Urban,21.27,11.76,18.46,27.7
56233,County_56233,Other,Urban,19.19,9.26,14.74,37.15
31295,County_31295,New Mexico,Rural,14.82,5.12,11.37,24.84
11623,County_11623,Hawaii,Rural,24.92,10.91,22.33,
35657,County_35657,Ohio,Rural,22.58,10.5,22.88,22.48
6351,County_6351,Colorado,Suburban/Small City,27.73,14.5,21.92,36.19
27065,County_27065,Nebraska,Rural,18.55,8.42,14.5,27.73
26317,County_26317,Montana,Rural,21.27,11.3,20.67,35.43
53155,County_53155,Other,Rural,20.96,11.42,17.62,33.98
27091,County_27091,Nebraska,Urban,28.38,14.01,25.19,36.55
4737,County_4737,Arkansas,Rural,28.99,17.11,24.87,40.66
47873,County_47873,Washington,Rural,22.5,11.5,14.41,30.99
9675,County_9675,Florida,Rural,31.21,15.97,31.75,35.71
43657,County_43657,Texas,Rural,14.23,6.84,9.92,26.14
50723,County_50723,Wyoming,Rural,13.79,4.58,9.35,22.7
54755,County_54755,Other,Urban,26.87,17.77,22.06,24.95
13671,County_13671,Illinois,Suburban/Small City,34.26,16.51,29.56,26.8
12505,County_12505,Idaho,Rural,28.41,14.7,23.82,29.98
18517,County_18517,Louisiana,Rural,16.26,7.93,12.98,30.1
53881,County_53881,Other,Urban,12.62,7.49,11.04,22.98
43815,County_43815,Texas,Rural,14.64,3.07,12.61,30.32
36431,County_36431,Oklahoma,Rural,18.16,7.64,15.49,31.98
34131,County_34131,North Dakota,Urban,25.18,14.55,24.3,39.35
52567,County_52567,Other,Rural,31.36,16.42,27.74,40.7
44097,County_44097,Utah,Rural,,16.27,23.75,33.63
4551,County_4551,Arkansas,Urban,21.31,10.34,18.81,31.06
18619,County_18619,Louisiana,Urban,,13.2,21.84,38.48
13309,County_13309,Illinois,Rural,16.89,9.85,16.35,27.14
23813,County_23813,Minnesota,Rural,8.29,5.4,8.53,34.94
13381,County_13381,Illinois,Rural,25.48,13.13,23.96,39.36
20611,County_20611,Maryland,Urban,19.25,,16.53,26.65
7099,County_7099,Connecticut,Rural,27.86,12.33,28.26,36.86
52217,County_52217,Other,Rural,33.9,19.27,28.95,39.68
33055,County_33055,North Carolina,Suburban/Small City,,,17.71,29.87
24663,County_24663,Mississippi,Rural,12.23,6.6,9.82,31.53
27763,County_27763,Nebraska,Rural,23.86,10.27,24.22,32.87
24467,County_24467,Mississippi,Rural,13.98,6.54,11.38,25.19
24455,County_24455,Mississippi,Urban,16.96,10.12,15.15,31.27
49213,County_49213,Wisconsin,Rural,31.24,16.46,25.01,39.89
38153,County_38153,Pennsylvania,Rural,27.67,15.45,23.77,37.47
44323,County_44323,Utah,Rural,12.03,6.26,9.12,29.38
44673,County_44673,Utah,Rural,15.79,8.84,12.57,31.57
50373,County_50373,Wyoming,Urban,20.24,12.37,19.13,34.73
37059,County_37059,Oregon,Rural,22.22,11.97,20.77,35.37
27069,County_27069,Nebraska,Rural,29.24,14.92,22.85,39.61
51655,County_51655,Other,Rural,17.66,9.46,15.02,40.74
31433,County_31433,New Mexico,Urban,25.8,14.94,15.38,35.43
54769,County_54769,Other,Suburban/Small City,14.87,4.43,8.19,24.91
13061,County_13061,Illinois,Urban,19.22,8.41,10.69,32.13
4829,County_4829,Arkansas,Suburban/Small City,22.14,10.39,19.46,35.18
43577,County_43577,Texas,Rural,33.24,16.72,26.89,41.77
56181,County_56181,Other,Urban,9.22,4.96,10.14,25.08
23847,County_23847,Minnesota,Rural,34.25,18.89,30.05,33.59
19989,County_19989,Maine,Urban,27.2,14.6,24.49,35.8
13301,County_13301,Illinois,Rural,21.36,10.02,17.44,16.54
14765,County_14765,Indiana,Urban,30.64,14.29,24.52,37.11
46279,County_46279,Virginia,Rural,8.46,2.65,10.86,22.58
55335,County_55335,Other,Rural,23.75,12.8,19.3,29.42
2337,County_2337,Alaska,Rural,22.03,8.23,18.17,37.38
2783,County_2783,Alaska,Urban,29.88,10.27,25.11,39.71
41109,County_41109,South Dakota,Rural,19.19,9.84,15.35,35.45
26585,County_26585,Montana,Urban,19.3,6.77,18.89,33.35
16181,County_16181,Kansas,Urban,25.85,14.79,24.23,41.67
2567,County_2567,Alaska,Suburban/Small City,19.64,9.37,18.54,40.69
16487,County_16487,Kansas,Urban,28.28,12.38,24.49,38.18
20331,County_20331,Maryland,Urban,26.77,15.95,19.46,29.17
54981,County_54981,Other,Rural,13.42,7.4,13.1,18.13
11751,County_11751,Hawaii,Urban,20.54,10.32,14.56,31.77
44635,County_44635,Utah,Urban,21.93,9.49,21.03,33.42
35917,County_35917,Ohio,Rural,8.44,4.75,9.21,27.98
52067,County_52067,Other,Rural,14.81,5.86,12.15,26.5
3387,County_3387,Arizona,Rural,24.05,14.26,20.85,35.37
32903,County_32903,New York,Rural,26.42,10.21,24.42,27.6
1799,County_1799,Alabama,Urban,32.99,19.18,28.36,42.35
42679,County_42679,Tennessee,Rural,22.56,12.26,19.16,26.82
34921,County_34921,North Dakota,Urban,19.23,8.11,13.17,38.56
40953,County_40953,South Carolina,Urban,16.52,6.66,14.27,25.86
13419,County_13419,Illinois,Rural,24.15,14.6,23.7,45.03
56439,County_56439,Other,Suburban/Small City,24.28,,21.53,31.08
44441,County_44441,Utah,Urban,20.66,8.64,19.31,36.41
33473,County_33473,North Carolina,Rural,18.63,8.54,16.23,33.1
47053,County_47053,Washington,Urban,17.1,10.75,14.05,33.19
36421,County_36421,Oklahoma,Urban,12.89,8.22,12.26,34.43
27847,County_27847,Nebraska,Rural,18.7,10.34,,22.56
18427,County_18427,Louisiana,Suburban/Small City,12.8,7.53,9.56,32.67
52989,County_52989,Other,Urban,27.1,16.23,,40.27
33665,County_33665,North Carolina,Suburban/Small City,10.58,7.93,9.1,19.58
55849,County_55849,Other,Rural,16.93,8.63,16.93,33.32
52205,County_52205,Other,Rural,21.14,12.92,20.92,31.64
38941,County_38941,Pennsylvania,Urban,20.29,9.0,19.89,29.2
36527,County_36527,Oklahoma,Urban,33.3,16.4,29.65,44.54
16497,County_16497,Kansas,Urban,27.18,15.23,23.02,39.79
48093,County_48093,West Virginia,Suburban/Small City,36.24,17.46,29.83,42.14
15887,County_15887,Iowa,Suburban/Small City,21.86,10.67,19.46,31.42
7069,County_7069,Connecticut,Urban,12.47,4.53,12.15,22.1
14183,County_14183,Indiana,Suburban/Small City,35.25,18.29,27.23,40.34
9667,County_9667,Florida,Rural,32.9,16.76,29.48,44.3
14851,County_14851,Indiana,Rural,13.59,4.95,13.47,23.31
10627,County_10627,Georgia,Suburban/Small City,8.64,5.87,8.64,29.68
14699,County_14699,Indiana,Rural,25.78,13.66,24.76,33.42
17317,County_17317,Kentucky,Suburban/Small City,25.91,16.14,24.18,33.37
31289,County_31289,New Mexico,Urban,,8.45,17.05,25.77
49737,County_49737,Wisconsin,Rural,18.63,,17.67,31.35
52931,County_52931,Other,Suburban/Small City,12.27,7.72,9.54,28.76
8237,County_8237,Delaware,Rural,28.4,13.66,25.44,28.75
11841,County_11841,Hawaii,Urban,21.47,10.12,19.9,27.23
21329,County_21329,Massachusetts,Rural,11.53,7.37,9.24,17.33
22473,County_22473,Michigan,Urban,7.5,2.63,4.64,14.95
40401,County_40401,South Carolina,Urban,28.34,13.39,22.98,39.04
21401,County_21401,Massachusetts,Rural,21.7,11.33,21.14,28.62
47431,County_47431,Washington,Urban,21.53,10.09,18.37,28.87
39851,County_39851,Rhode Island,Suburban/Small City,31.77,14.48,28.14,35.56
16755,County_16755,Kansas,Rural,30.39,16.52,26.37,27.28
27933,County_27933,Nebraska,Suburban/Small City,28.91,14.82,22.29,32.19
42805,County_42805,Tennessee,Urban,25.43,13.46,19.64,29.73
54033,County_54033,Other,Rural,21.87,10.62,17.87,34.39
31465,County_31465,New Mexico,Suburban/Small City,15.02,10.17,14.45,33.15
23669,County_23669,Minnesota,Suburban/Small City,13.94,6.86,12.39,24.21
25097,County_25097,Missouri,Rural,32.05,15.38,29.33,38.24
20955,County_20955,Maryland,Suburban/Small City,16.67,8.44,13.64,31.92
25431,County_25431,Missouri,Urban,23.95,12.29,,39.61
13613,County_13613,Illinois,Urban,33.77,15.41,26.19,35.43
38613,County_38613,Pennsylvania,Urban,15.73,6.59,12.99,26.24
19033,County_19033,Maine,Rural,,13.95,28.47,43.99
47049,County_47049,Washington,Rural,29.17,16.59,24.24,37.11
53369,County_53369,Other,Rural,17.53,8.18,12.17,27.87
25489,County_25489,Missouri,Rural,16.03,9.85,14.51,28.49
18767,County_18767,Louisiana,Rural,23.96,11.02,20.79,45.64
52723,County_52723,Other,Urban,15.87,10.78,12.37,31.13
30169,County_30169,New Jersey,Rural,27.82,14.73,22.85,38.25
51663,County_51663,Other,Rural,16.55,7.1,15.41,37.07
6135,County_6135,Colorado,Rural,13.57,7.88,14.57,26.48
13833,County_13833,Illinois,Rural,35.51,18.25,32.04,46.54
23381,County_23381,Minnesota,Suburban/Small City,17.53,7.08,13.86,21.2
18079,County_18079,Louisiana,Urban,24.82,8.39,21.68,31.97
35335,County_35335,Ohio,Rural,21.83,9.58,15.88,34.61
43105,County_43105,Texas,Rural,19.48,,20.14,28.18
48969,County_48969,West Virginia,Rural,32.18,17.49,29.62,40.65
31041,County_31041,New Mexico,Urban,20.57,11.87,17.17,37.89
10197,County_10197,Georgia,Urban,21.6,11.78,19.85,33.53
15663,County_15663,Iowa,Rural,16.51,5.93,12.23,24.73
17773,County_17773,Kentucky,Urban,23.88,13.49,19.16,28.97
12941,County_12941,Idaho,Suburban/Small City,17.88,9.94,17.79,28.31
40847,County_40847,South Carolina,Suburban/Small City,24.09,13.16,17.68,33.85
20059,County_20059,Maryland,Suburban/Small City,18.62,8.19,,28.46
16071,County_16071,Kansas,Suburban/Small City,23.94,13.1,22.6,39.09
22767,County_22767,Michigan,Urban,33.78,17.15,29.58,50.19
4055,County_4055,Arkansas,Urban,29.77,16.61,25.11,43.33
28519,County_28519,Nevada,Suburban/Small City,19.37,9.86,18.0,33.21
55629,County_55629,Other,Urban,12.98,7.12,9.12,24.81
54801,County_54801,Other,Rural,11.41,3.61,10.57,26.95
26223,County_26223,Montana,Urban,20.0,8.76,18.47,26.43
28493,County_28493,Nevada,Rural,30.0,15.79,23.56,35.65
46881,County_46881,Virginia,Rural,26.99,14.23,22.66,42.53
20497,County_20497,Maryland,Rural,10.06,3.25,14.47,17.51
38733,County_38733,Pennsylvania,Urban,14.41,9.69,14.98,22.24
19497,County_19497,Maine,Urban,27.15,14.06,25.78,34.8
42225,County_42225,Tennessee,Suburban/Small City,23.02,9.43,18.11,31.06
38271,County_38271,Pennsylvania,Rural,17.66,9.69,17.44,33.9
53187,County_53187,Other,Rural,27.9,13.24,21.3,28.87
3345,County_3345,Arizona,Rural,30.61,13.93,27.0,
54983,County_54983,Other,Suburban/Small City,15.47,7.85,14.76,30.02
36385,County_36385,Oklahoma,Rural,27.35,13.59,24.27,37.48
6983,County_6983,Colorado,Suburban/Small City,22.62,,24.74,29.53
49799,County_49799,Wisconsin,Urban,29.38,13.68,24.07,34.33
5439,County_5439,California,Urban,18.07,8.31,17.23,28.98
55503,County_55503,Other,Suburban/Small City,30.2,13.4,28.6,32.71
42723,County_42723,Tennessee,Suburban/Small City,29.0,11.99,28.01,37.98
47949,County_47949,Washington,Rural,18.96,8.46,15.8,34.54
54637,County_54637,Other,Urban,13.46,6.89,9.46,28.02
31311,County_31311,New Mexico,Urban,31.46,14.88,23.7,40.03
21229,County_21229,Massachusetts,Rural,22.87,13.09,20.2,31.27
42033,County_42033,Tennessee,Rural,19.02,8.17,17.72,31.36
53803,County_53803,Other,Urban,29.63,14.85,22.69,43.04
12839,County_12839,Idaho,Urban,23.13,13.9,24.2,26.59
16695,County_16695,Kansas,Rural,21.34,12.18,18.61,34.57
5353,County_5353,California,Urban,20.36,9.65,16.31,32.52
49135,County_49135,Wisconsin,Urban,,4.93,10.21,22.9
45375,County_45375,Vermont,Rural,26.27,11.36,23.24,
32691,County_32691,New York,Urban,28.51,13.36,26.35,34.46
7897,County_7897,Connecticut,Rural,24.25,12.43,23.02,34.88
14269,County_14269,Indiana,Rural,11.18,7.99,8.29,30.3
2851,County_2851,Alaska,Rural,9.57,1.37,8.69,22.43
37753,County_37753,Oregon,Rural,23.21,10.87,20.73,36.65
10573,County_10573,Georgia,Rural,32.97,18.94,27.49,39.07
15133,County_15133,Iowa,Rural,21.22,10.28,17.32,26.99
38515,County_38515,Pennsylvania,Suburban/Small City,19.82,9.19,18.63,38.57
48549,County_48549,West Virginia,Urban,16.27,8.87,,32.48
28139,County_28139,Nevada,Suburban/Small City,26.47,13.79,20.15,25.65
34855,County_34855,North Dakota,Suburban/Small City,23.9,13.43,22.0,29.85
20667,County_20667,Maryland,Suburban/Small City,32.34,15.15,29.18,42.38
18971,County_18971,Louisiana,Urban,33.22,17.29,29.68,47.65
55629,County_55629,Other,Rural,21.19,9.32,,32.08
31737,County_31737,New Mexico,Urban,20.94,9.45,14.53,34.27
56481,County_56481,Other,Urban,33.91,17.75,30.22,41.68
20253,County_20253,Maryland,Suburban/Small City,20.65,8.55,17.35,29.41
21735,County_21735,Massachusetts,Urban,18.38,8.87,17.17,38.59
11473,County_11473,Hawaii,Suburban/Small City,,12.83,20.61,30.29
12959,County_12959,Idaho,Urban,28.11,12.47,24.81,41.76
9833,County_9833,Florida,Suburban/Small City,28.11,13.99,21.6,35.82
4653,County_4653,Arkansas,Urban,25.04,12.47,,28.1
44093,County_44093,Utah,Rural,25.44,13.3,21.47,31.49
54755,County_54755,Other,Rural,25.55,12.33,21.05,31.53
45751,County_45751,Vermont,Rural,20.58,10.87,18.35,27.55
40193,County_40193,South Carolina,Rural,20.27,11.08,17.1,31.89
55063,County_55063,Other,Suburban/Small City,30.72,16.0,26.83,36.93
32081,County_32081,New York,Rural,32.61,16.26,26.86,44.63
35015,County_35015,Ohio,Suburban/Small City,25.91,14.64,21.78,37.36
51403,County_51403,Other,Rural,15.37,7.01,13.92,29.47
13767,County_13767,Illinois,Urban,25.04,11.95,24.82,36.05
44139,County_44139,Utah,Suburban/Small City,14.52,3.94,14.02,18.49
49175,County_49175,Wisconsin,Urban,17.98,8.62,17.1,24.04
18859,County_18859,Louisiana,Rural,17.99,11.75,17.1,26.27
46817,County_46817,Virginia,Rural,18.45,9.26,15.41,27.56
39109,County_39109,Rhode Island,Rural,20.8,10.1,16.48,27.91
25789,County_25789,Missouri,Urban,16.1,10.13,15.96,28.11
10975,County_10975,Georgia,Suburban/Small City,,,13.76,29.21
53733,County_53733,Other,Rural,30.72,16.48,25.74,38.44
11091,County_11091,Hawaii,Rural,28.75,12.86,21.91,33.5
27391,County_27391,Nebraska,Suburban/Small City,12.22,6.46,9.83,21.79
4395,County_4395,Arkansas,Rural,23.29,12.9,20.83,39.08
44687,County_44687,Utah,Suburban/Small City,24.8,12.76,20.39,28.29
37845,County_37845,Oregon,Suburban/Small City,14.82,4.78,9.97,32.12
50839,County_50839,Wyoming,Urban,25.24,10.82,,33.82
5829,County_5829,California,Suburban/Small City,26.63,13.39,23.23,25.98
22797,County_22797,Michigan,Rural,15.56,8.74,10.92,37.25
43529,County_43529,Texas,Rural,9.05,7.08,6.46,28.71
30025,County_30025,New Jersey,Urban,26.81,15.42,22.86,31.03
51981,County_51981,Other,Rural,16.27,5.69,13.11,25.38
31341,County_31341,New Mexico,Rural,13.2,6.34,11.07,25.69
17543,County_17543,Kentucky,Suburban/Small City,17.1,10.47,17.05,24.47
47159,County_47159,Washington,Rural,13.29,6.35,14.87,35.07
22889,County_22889,Michigan,Rural,24.3,12.09,23.74,39.58
13403,County_13403,Illinois,Rural,21.39,10.02,17.83,33.14
30695,County_30695,New Jersey,Rural,21.96,11.65,18.28,33.56
16393,County_16393,Kansas,Rural,19.36,9.89,19.22,32.49
32857,County_32857,New York,Rural,22.34,10.99,15.88,27.28
50431,County_50431,Wyoming,Rural,15.28,7.1,15.84,27.19
19767,County_19767,Maine,Urban,35.51,17.25,30.64,40.44
23117,County_23117,Minnesota,Urban,10.8,,8.17,26.12
2549,County_2549,Alaska,Rural,10.23,4.11,6.25,21.23
37179,County_37179,Oregon,Rural,18.64,7.57,16.25,28.4
46599,County_46599,Virginia,Rural,25.07,12.78,22.47,33.79
36489,County_36489,Oklahoma,Rural,17.79,9.99,16.89,19.85
20549,County_20549,Maryland,Rural,,17.26,29.56,46.38
1033,County_1033,Alabama,Rural,23.3,9.8,18.97,39.78
56471,County_56471,Other,Suburban/Small City,19.99,9.67,14.26,32.33
3407,County_3407,Arizona,Rural,27.81,13.47,21.11,29.75
18467,County_18467,Louisiana,Rural,33.91,17.38,,48.96
15487,County_15487,Iowa,Urban,24.48,13.1,21.09,32.66
13643,County_13643,Illinois,Rural,31.06,12.84,22.71,38.76
24709,County_24709,Mississippi,Urban,15.48,7.33,14.09,30.51
11983,County_11983,Hawaii,Rural,28.98,14.48,23.67,42.09
19805,County_19805,Maine,Rural,32.26,17.3,,36.04
39169,County_39169,Rhode Island,Rural,21.82,8.83,16.79,25.69
20315,County_20315,Maryland,Suburban/Small City,28.11,13.9,,42.45
35785,County_35785,Ohio,Rural,12.86,6.86,,33.8
34859,County_34859,North Dakota,Urban,23.11,12.11,21.37,40.58
14461,County_14461,Indiana,Urban,18.06,8.81,11.22,29.7
5583,County_5583,California,Rural,22.31,12.7,20.59,33.42
11485,County_11485,Hawaii,Suburban/Small City,24.99,12.52,18.1,34.44
54463,County_54463,Other,Rural,16.23,7.71,17.79,31.87
4017,County_4017,Arkansas,Rural,13.05,7.44,8.18,26.67
43481,County_43481,Texas,Urban,28.52,12.77,25.6,42.25
28645,County_28645,Nevada,Urban,23.79,,20.68,37.83
37317,County_37317,Oregon,Rural,30.53,16.18,22.85,44.9
55783,County_55783,Other,Rural,18.27,7.61,16.13,29.08
28339,County_28339,Nevada,Rural,31.49,17.1,24.32,38.49
33573,County_33573,North Carolina,Urban,19.14,9.14,17.71,31.55
22855,County_22855,Michigan,Rural,34.01,17.71,26.74,29.88
32419,County_32419,New York,Rural,25.16,12.74,19.57,29.58
16865,County_16865,Kansas,Urban,34.56,17.67,31.3,41.88
50077,County_50077,Wyoming,Rural,23.47,13.23,20.9,34.24
1775,County_1775,Alabama,Suburban/Small City,30.19,15.18,27.35,38.0
54283,County_54283,Other,Rural,15.16,10.03,10.94,28.79
15005,County_15005,Iowa,Rural,34.38,14.89,27.79,41.2
13337,County_13337,Illinois,Rural,22.79,11.5,20.28,41.56
19329,County_19329,Maine,Rural,14.6,8.52,13.97,24.01
47577,County_47577,Washington,Urban,,13.38,17.22,28.65
43653,County_43653,Texas,Rural,29.3,16.38,23.66,37.67
25665,County_25665,Missouri,Suburban/Small City,23.44,13.63,19.87,38.68
35447,County_35447,Ohio,Rural,14.94,6.04,10.67,28.72
19917,County_19917,Maine,Urban,30.66,16.12,26.48,30.35
28493,County_28493,Nevada,Urban,23.62,11.23,19.84,33.01
22795,County_22795,Michigan,Suburban/Small City,28.56,12.41,22.72,43.58
31145,County_31145,New Mexico,Urban,9.98,2.38,7.05,19.19
55823,County_55823,Other,Rural,,10.84,19.01,32.2
40207,County_40207,South Carolina,Rural,21.4,13.14,18.48,35.8
4593,County_4593,Arkansas,Rural,12.09,3.58,12.34,29.94
50063,County_50063,Wyoming,Rural,26.68,12.75,24.12,35.85
35607,County_35607,Ohio,Rural,10.96,6.36,9.43,26.29
5927,County_5927,California,Urban,33.08,16.61,27.41,
55247,County_55247,Other,Rural,15.23,8.9,,32.86
53129,County_53129,Other,Rural,13.9,6.81,13.01,34.42
10865,County_10865,Georgia,Suburban/Small City,34.11,12.54,30.26,43.84
6387,County_6387,Colorado,Rural,21.38,11.62,17.87,32.94
18201,County_18201,Louisiana,Urban,23.49,13.68,21.16,36.79
15457,County_15457,Iowa,Urban,19.88,10.47,15.58,37.86
39649,County_39649,Rhode Island,Rural,23.67,11.19,22.97,40.23
34811,County_34811,North Dakota,Urban,14.82,9.27,16.7,17.12
36973,County_36973,Oklahoma,Urban,29.92,17.48,28.07,43.23
29453,County_29453,New Hampshire,Rural,15.8,7.28,13.48,29.74
52011,County_52011,Other,Rural,19.78,10.44,15.5,34.38
8109,County_8109,Delaware,Urban,,11.07,19.46,34.14
10391,County_10391,Georgia,Rural,11.27,6.01,8.13,27.93
17071,County_17071,Kentucky,Rural,28.1,14.58,26.43,33.32
38021,County_38021,Pennsylvania,Suburban/Small City,25.57,10.21,25.09,40.57
48821,County_48821,West Virginia,Rural,20.8,9.38,20.93,31.95
49047,County_49047,Wisconsin,Rural,28.39,14.79,23.11,28.78
19313,County_19313,Maine,Urban,32.18,16.63,30.01,41.61
22881,County_22881,Michigan,Suburban/Small City,14.11,8.09,12.34,31.39
46921,County_46921,Virginia,Urban,27.61,12.87,24.0,37.04
55011,County_55011,Other,Rural,13.63,8.77,11.61,28.54
29637,County_29637,New Hampshire,Suburban/Small City,15.8,8.78,13.35,38.02
33273,County_33273,North Carolina,Rural,15.72,6.13,15.24,29.68
37741,County_37741,Oregon,Urban,28.35,14.72,20.73,36.17
49701,County_49701,Wisconsin,Urban,18.54,8.05,18.11,27.08
38671,County_38671,Pennsylvania,Urban,36.82,18.95,32.0,39.57
24555,County_24555,Mississippi,Urban,23.8,16.2,19.77,32.92
21335,County_21335,Massachusetts,Urban,25.76,16.13,23.37,38.06
39419,County_39419,Rhode Island,Suburban/Small City,15.25,4.5,18.84,34.86
28453,County_28453,Nevada,Rural,26.67,15.17,18.71,35.69
49459,County_49459,Wisconsin,Rural,18.75,9.14,17.44,27.55
16463,County_16463,Kansas,Rural,22.0,6.86,,39.76
21377,County_21377,Massachusetts,Rural,24.05,,21.55,38.72
50141,County_50141,Wyoming,Suburban/Small City,24.95,14.02,19.73,31.89
7817,County_7817,Connecticut,Rural,18.5,8.57,11.73,22.88
52023,County_52023,Other,Rural,15.11,9.58,14.26,33.68
6709,County_6709,Colorado,Urban,19.99,11.34,19.94,33.29
13059,County_13059,Illinois,Suburban/Small City,17.85,5.96,13.04,29.75
32563,County_32563,New York,Rural,29.96,16.62,25.08,42.25
4007,County_4007,Arkansas,Rural,11.09,6.72,12.57,22.31
34075,County_34075,North Dakota,Rural,20.59,9.53,20.3,22.8
14347,County_14347,Indiana,Urban,20.86,8.85,20.15,
23311,County_23311,Minnesota,Rural,13.91,7.73,10.03,18.86
49489,County_49489,Wisconsin,Rural,24.68,7.99,22.4,34.25
40565,County_40565,South Carolina,Urban,24.12,13.16,19.22,33.42
26829,County_26829,Montana,Rural,34.61,17.37,29.11,29.04
34073,County_34073,North Dakota,Rural,20.57,9.08,17.44,39.5
15029,County_15029,Iowa,Suburban/Small City,26.12,9.93,22.06,30.33
54275,County_54275,Other,Urban,34.88,15.69,30.38,45.27
33243,County_33243,North Carolina,Suburban/Small City,35.75,15.83,25.94,41.08
49599,County_49599,Wisconsin,Rural,20.9,10.09,20.23,40.35
28509,County_28509,Nevada,Urban,28.9,12.98,21.44,42.68
2687,County_2687,Alaska,Rural,15.87,,14.02,27.84
41091,County_41091,South Dakota,Rural,28.42,13.6,23.95,35.01
42307,County_42307,Tennessee,Urban,15.77,6.56,12.99,28.06
25727,County_25727,Missouri,Rural,16.04,6.79,17.47,30.95
19657,County_19657,Maine,Urban,24.63,11.22,20.66,29.42
46093,County_46093,Virginia,Urban,25.11,12.95,21.03,31.06
44775,County_44775,Utah,Urban,20.82,9.23,21.09,34.63
48945,County_48945,West Virginia,Rural,18.96,7.9,18.43,28.18
22907,County_22907,Michigan,Rural,29.01,16.8,24.27,34.3
11379,County_11379,Hawaii,Urban,21.51,10.53,17.01,27.19
6789,County_6789,Colorado,Rural,28.69,12.55,22.83,35.45
27819,County_27819,Nebraska,Rural,12.22,6.96,9.92,22.34
37973,County_37973,Oregon,Rural,11.99,4.84,7.6,32.04
8293,County_8293,Delaware,Urban,36.09,16.71,26.62,43.3
47811,County_47811,Washington,Rural,21.74,11.75,17.18,15.72
32357,County_32357,New York,Rural,27.91,12.19,20.97,37.01
31431,County_31431,New Mexico,Rural,9.11,3.91,6.25,17.59
38863,County_38863,Pennsylvania,Suburban/Small City,13.91,8.49,15.72,23.46
13381,County_13381,Illinois,Rural,24.23,13.43,22.12,30.85
30603,County_30603,New Jersey,Rural,24.77,12.52,23.61,49.58
35987,County_35987,Ohio,Urban,13.74,5.12,10.74,34.61
52791,County_52791,Other,Rural,13.34,8.26,12.41,25.53
54691,County_54691,Other,Rural,18.27,10.02,15.98,25.7
13109,County_13109,Illinois,Urban,25.49,14.7,21.33,25.91
37315,County_37315,Oregon,Suburban/Small City,32.45,16.3,29.31,39.06
3841,County_3841,Arizona,Urban,21.09,9.21,17.96,27.51
36893,County_36893,Oklahoma,Urban,10.8,,11.64,27.91
39579,County_39579,Rhode Island,Suburban/Small City,12.8,5.84,12.32,21.99
10405,County_10405,Georgia,Suburban/Small City,27.79,13.02,20.14,28.22
55535,County_55535,Other,Rural,13.21,8.38,12.99,25.82
27281,County_27281,Nebraska,Urban,27.42,11.99,23.11,37.75
22659,County_22659,Michigan,Rural,12.66,7.63,12.71,26.84
37083,County_37083,Oregon,Rural,29.02,14.47,23.32,34.05
55391,County_55391,Other,Rural,21.37,11.1,18.36,23.3
6221,County_6221,Colorado,Suburban/Small City,21.01,9.45,17.32,33.0
24831,County_24831,Mississippi,Rural,18.44,8.83,14.26,28.31
42387,County_42387,Tennessee,Urban,9.52,4.34,9.36,24.07
2037,County_2037,Alaska,Rural,26.04,9.08,21.67,32.32
18393,County_18393,Louisiana,Urban,27.12,12.18,22.14,36.05
40081,County_40081,South Carolina,Rural,21.27,10.2,17.07,36.72
52237,County_52237,Other,Urban,12.72,6.79,,18.68
28485,County_28485,Nevada,Urban,27.57,16.95,23.72,34.87
22179,County_22179,Michigan,Rural,12.0,6.22,8.93,11.47
1993,County_1993,Alabama,Rural,27.68,12.58,26.8,35.41
19447,County_19447,Maine,Rural,23.8,8.03,20.69,31.05
6231,County_6231,Colorado,Urban,25.01,13.11,17.34,36.6
55607,County_55607,Other,Urban,26.38,14.6,22.7,33.16
23165,County_23165,Minnesota,Urban,20.54,11.72,17.39,21.59
35439,County_35439,Ohio,Urban,30.18,18.29,29.72,34.56
30525,County_30525,New Jersey,Rural,15.22,7.8,11.64,26.0
40237,County_40237,South Carolina,Rural,14.91,7.23,14.42,26.57
7069,County_7069,Connecticut,Suburban/Small City,22.25,12.86,17.48,41.77
32523,County_32523,New York,Suburban/Small City,31.95,15.87,24.55,38.39
34845,County_34845,North Dakota,Urban,27.4,12.27,24.81,28.42
43575,County_43575,Texas,Rural,15.47,6.35,13.38,31.52
19225,County_19225,Maine,Rural,18.29,,14.43,27.08
38085,County_38085,Pennsylvania,Urban,26.21,10.45,22.7,40.4
47253,County_47253,Washington,Rural,21.44,12.48,17.74,27.07
24873,County_24873,Mississippi,Rural,31.27,16.57,28.38,40.1
6659,County_6659,Colorado,Rural,31.91,16.1,,32.1
17945,County_17945,Kentucky,Urban,34.54,19.36,25.67,40.21
20617,County_20617,Maryland,Rural,24.4,12.32,22.3,30.71
16331,County_16331,Kansas,Urban,13.61,7.59,8.81,29.62
36699,County_36699,Oklahoma,Rural,24.74,11.35,25.43,33.53
53177,County_53177,Other,Urban,14.25,9.83,11.41,
16725,County_16725,Kansas,Urban,7.58,3.49,4.37,20.74
49481,County_49481,Wisconsin,Urban,14.59,5.06,11.02,25.6
40967,County_40967,South Carolina,Rural,11.63,7.71,10.38,20.06
36821,County_36821,Oklahoma,Rural,27.48,14.85,26.11,35.91
39549,County_39549,Rhode Island,Urban,21.46,8.62,19.52,24.39
49071,County_49071,Wisconsin,Urban,30.36,16.01,26.5,33.41
56017,County_56017,Other,Rural,25.87,13.31,22.38,31.34
28229,County_28229,Nevada,Rural,29.1,11.43,22.61,44.31
37171,County_37171,Oregon,Rural,23.14,14.21,19.89,40.89
28689,County_28689,Nevada,Urban,16.08,9.83,10.54,23.71
1601,County_1601,Alabama,Urban,20.35,8.77,17.18,27.61
54119,County_54119,Other,Rural,23.64,12.25,21.39,27.32
48263,County_48263,West Virginia,Urban,15.75,6.94,15.18,29.03
4971,County_4971,Arkansas,Rural,10.09,4.52,8.81,26.02
55829,County_55829,Other,Urban,18.71,8.82,17.29,31.1
16059,County_16059,Kansas,Rural,12.65,6.35,9.36,18.24
1923,County_1923,Alabama,Rural,26.34,11.0,21.43,
8499,County_8499,Delaware,Rural,27.37,12.4,26.19,27.98
17221,County_17221,Kentucky,Rural,14.17,4.67,15.77,33.75
32187,County_32187,New York,Suburban/Small City,30.6,17.44,27.71,22.34
53091,County_53091,Other,Rural,12.94,6.17,10.83,29.1
12077,County_12077,Idaho,Urban,17.03,7.7,14.1,35.95
56241,County_56241,Other,Rural,9.15,0.0,4.9,16.87
46479,County_46479,Virginia,Rural,9.56,5.55,7.57,29.02
17077,County_17077,Kentucky,Rural,27.57,13.05,23.34,38.43
42407,County_42407,Tennessee,Rural,19.29,8.86,16.08,23.55
21007,County_21007,Massachusetts,Urban,26.03,15.02,22.31,33.84
13927,County_13927,Illinois,Urban,26.13,12.12,21.26,40.67
27053,County_27053,Nebraska,Suburban/Small City,24.47,13.23,24.71,31.9
40507,County_40507,South Carolina,Rural,14.14,8.03,11.35,34.82
46515,County_46515,Virginia,Urban,20.6,11.88,15.65,34.22
17155,County_17155,Kentucky,Suburban/Small City,19.31,7.66,19.14,42.51
6051,County_6051,Colorado,Rural,23.12,8.92,19.58,36.52
46491,County_46491,Virginia,Urban,19.05,8.7,16.4,20.22
50037,County_50037,Wyoming,Rural,,10.54,24.51,35.6
6407,County_6407,Colorado,Urban,22.07,11.91,20.07,33.28
17339,County_17339,Kentucky,Urban,20.56,9.9,,31.16
19067,County_19067,Maine,Urban,19.38,9.73,12.23,28.2
18147,County_18147,Louisiana,Rural,20.73,12.17,16.8,39.77
44821,County_44821,Utah,Rural,21.22,11.77,14.93,26.09
21099,County_21099,Massachusetts,Urban,18.98,10.68,13.84,36.88
51275,County_51275,Other,Rural,29.57,17.56,25.54,31.06
24481,County_24481,Mississippi,Urban,9.85,7.04,6.32,20.53
47681,County_47681,Washington,Rural,20.85,10.74,18.24,29.2
1339,County_1339,Alabama,Urban,27.69,13.82,20.15,29.18
20285,County_20285,Maryland,Suburban/Small City,18.41,9.37,16.92,29.43
28213,County_28213,Nevada,Suburban/Small City,31.39,14.6,20.87,33.61
56569,County_56569,Other,Urban,20.43,11.46,19.54,31.36
50957,County_50957,Wyoming,Rural,20.54,10.4,19.89,37.07
21091,County_21091,Massachusetts,Rural,,14.13,,39.47
42377,County_42377,Tennessee,Rural,26.56,13.05,20.99,30.75
16741,County_16741,Kansas,Rural,35.22,20.0,29.33,42.77
31773,County_31773,New Mexico,Rural,22.94,9.01,18.94,30.79
49093,County_49093,Wisconsin,Suburban/Small City,12.18,5.0,10.63,23.52
20717,County_20717,Maryland,Rural,25.1,11.02,21.16,29.34
47859,County_47859,Washington,Rural,31.59,14.99,25.21,33.52
10299,County_10299,Georgia,Rural,32.18,16.61,27.86,37.28
52585,County_52585,Other,Rural,22.61,11.11,19.97,33.49
18315,County_18315,Louisiana,Urban,25.23,11.26,24.43,38.46
18027,County_18027,Louisiana,Rural,25.34,12.89,23.22,32.33
7463,County_7463,Connecticut,Rural,13.83,6.59,6.8,20.66
21935,County_21935,Massachusetts,Rural,15.14,6.55,11.79,27.09
49085,County_49085,Wisconsin,Urban,9.44,3.69,,30.1
47051,County_47051,Washington,Urban,18.19,9.82,18.71,21.06
8917,County_8917,Delaware,Rural,24.37,10.69,20.47,31.39
30901,County_30901,New Jersey,Rural,26.47,14.82,20.31,36.32
23275,County_23275,Minnesota,Urban,21.83,8.84,15.16,37.96
41895,County_41895,South Dakota,Rural,19.11,11.45,16.83,30.59
7303,County_7303,Connecticut,Suburban/Small City,4.35,2.13,2.8,28.69
41249,County_41249,South Dakota,Urban,17.98,9.26,14.89,28.13
32057,County_32057,New York,Suburban/Small City,24.22,11.72,19.84,38.18
33947,County_33947,North Carolina,Suburban/Small City,21.0,11.76,18.47,30.02
5983,County_5983,California,Suburban/Small City,24.96,12.33,20.37,28.26
35009,County_35009,Ohio,Urban,20.14,10.73,13.76,36.73
4199,County_4199,Arkansas,Rural,11.85,7.59,11.99,26.95
21571,County_21571,Massachusetts,Rural,22.07,11.37,17.46,33.77
36031,County_36031,Oklahoma,Urban,13.2,6.71,9.97,24.85
3963,County_3963,Arizona,Rural,23.39,11.52,20.14,33.38
10863,County_10863,Georgia,Suburban/Small City,21.39,10.13,16.98,42.59
53649,County_53649,Other,Urban,34.67,16.83,31.22,43.55
17717,County_17717,Kentucky,Suburban/Small City,12.07,7.98,9.79,31.02
10437,County_10437,Georgia,Rural,24.57,13.63,23.42,36.15
3591,County_3591,Arizona,Rural,29.52,15.89,26.97,39.47
48499,County_48499,West Virginia,Rural,25.45,12.53,22.94,31.17
26143,County_26143,Montana,Rural,29.18,16.25,26.16,44.59
32415,County_32415,New York,Rural,9.26,5.45,3.78,21.44
55371,County_55371,Other,Urban,,5.44,11.95,35.16
29783,County_29783,New Hampshire,Rural,21.53,11.47,18.36,29.81
16539,County_16539,Kansas,Suburban/Small City,28.8,12.08,23.98,32.49
7075,County_7075,Connecticut,Rural,,10.57,14.67,32.66
18587,County_18587,Louisiana,Urban,,11.75,21.6,40.59
12479,County_12479,Idaho,Rural,26.39,12.07,25.1,44.82
37245,County_37245,Oregon,Rural,28.06,10.09,22.57,27.59
32309,County_32309,New York,Urban,10.44,5.15,11.75,22.66
51543,County_51543,Other,Urban,11.05,5.86,13.7,28.44
50533,County_50533,Wyoming,Urban,25.93,13.39,,32.18
47217,County_47217,Washington,Rural,14.83,7.91,14.97,23.44
39441,County_39441,Rhode Island,Urban,30.28,13.22,28.12,33.74
49261,County_49261,Wisconsin,Rural,22.62,8.89,,27.43
9903,County_9903,Florida,Rural,,14.71,22.16,38.57
40893,County_40893,South Carolina,Urban,28.91,15.88,20.94,31.1
5657,County_5657,California,Rural,13.0,6.01,10.47,18.07
6561,County_6561,Colorado,Urban,23.31,12.28,19.44,18.36
10135,County_10135,Georgia,Rural,20.04,7.05,17.51,30.81
36067,County_36067,Oklahoma,Rural,10.07,5.66,8.64,22.74
17969,County_17969,Kentucky,Rural,16.27,9.13,13.1,29.07
11717,County_11717,Hawaii,Rural,16.23,9.34,13.8,30.53
20641,County_20641,Maryland,Rural,33.57,16.12,27.93,31.45
54629,County_54629,Other,Urban,35.0,19.32,26.79,42.31
20447,County_20447,Maryland,Urban,28.58,,22.46,36.81
43583,County_43583,Texas,Urban,26.03,9.8,20.69,30.05
24845,County_24845,Mississippi,Rural,20.42,8.1,17.66,21.03
6519,County_6519,Colorado,Rural,22.55,10.71,16.41,33.35
26629,County_26629,Montana,Rural,13.65,8.4,11.38,30.07
34933,County_34933,North Dakota,Suburban/Small City,23.97,13.04,22.51,29.22
6049,County_6049,Colorado,Urban,13.27,6.08,12.36,26.38
40855,County_40855,South Carolina,Urban,20.6,9.22,17.4,27.34
39263,County_39263,Rhode Island,Rural,31.78,13.57,24.05,31.07
7965,County_7965,Connecticut,Urban,32.55,17.75,28.98,36.06
52973,County_52973,Other,Rural,17.77,9.39,13.09,30.01
3427,County_3427,Arizona,Urban,25.48,12.78,24.34,40.16
13369,County_13369,Illinois,Urban,35.41,17.28,30.43,39.78
49557,County_49557,Wisconsin,Urban,12.29,5.14,11.92,26.62
10967,County_10967,Georgia,Rural,31.66,15.27,26.98,40.07
35749,County_35749,Ohio,Urban,28.23,12.96,21.32,38.25
52395,County_52395,Other,Urban,,12.95,19.31,27.57
43875,County_43875,Texas,Urban,11.91,6.94,11.09,28.43
7343,County_7343,Connecticut,Rural,15.05,8.88,11.99,30.48
37527,County_37527,Oregon,Rural,25.46,12.42,22.07,37.48
17889,County_17889,Kentucky,Urban,20.03,10.19,17.46,33.57
31799,County_31799,New Mexico,Rural,21.38,10.98,19.82,36.1
7597,County_7597,Connecticut,Rural,13.77,7.67,13.08,18.0
51317,County_51317,Other,Rural,29.82,15.52,24.11,35.86
1051,County_1051,Alabama,Urban,29.58,15.4,23.41,42.24
22727,County_22727,Michigan,Urban,23.68,10.65,19.58,44.69
23039,County_23039,Minnesota,Rural,15.78,6.07,14.9,28.95
30977,County_30977,New Jersey,Urban,33.23,18.69,29.26,51.98
1057,County_1057,Alabama,Suburban/Small City,28.07,14.94,24.5,32.55
49261,County_49261,Wisconsin,Rural,12.94,7.39,14.22,22.26
26173,County_26173,Montana,Rural,18.73,8.18,16.2,27.37
35195,County_35195,Ohio,Urban,14.64,8.39,13.47,30.53
2029,County_2029,Alaska,Rural,28.08,13.38,23.48,36.28
48741,County_48741,West Virginia,Rural,,14.21,23.71,35.0
15909,County_15909,Iowa,Suburban/Small City,24.42,12.04,22.02,42.5
10001,County_10001,Georgia,Urban,29.24,15.48,23.9,43.33
54357,County_54357,Other,Urban,21.67,10.06,19.25,40.4
39421,County_39421,Rhode Island,Rural,25.84,,24.44,
48445,County_48445,West Virginia,Urban,17.99,10.67,15.86,27.35
52183,County_52183,Other,Suburban/Small City,27.1,14.72,20.18,36.12
49603,County_49603,Wisconsin,Rural,20.11,10.2,15.94,29.23
23267,County_23267,Minnesota,Urban,35.06,19.22,29.05,36.12
30769,County_30769,New Jersey,Suburban/Small City,14.48,5.54,15.03,17.37
42387,County_42387,Tennessee,Urban,35.93,18.25,32.99,37.71
21531,County_21531,Massachusetts,Rural,11.79,4.85,5.3,22.42
51047,County_51047,Other,Rural,13.68,5.68,11.91,26.18
21215,County_21215,Massachusetts,Rural,22.46,11.81,18.61,32.78
37253,County_37253,Oregon,Rural,27.22,13.18,21.74,32.05
19463,County_19463,Maine,Urban,21.38,10.41,15.62,31.29
16789,County_16789,Kansas,Rural,21.21,12.54,21.82,32.9
36873,County_36873,Oklahoma,Urban,13.67,6.58,10.73,28.98
3259,County_3259,Arizona,Rural,32.66,17.19,27.09,42.33
40383,County_40383,South Carolina,Rural,14.67,6.2,10.79,26.94
34495,County_34495,North Dakota,Rural,27.83,12.16,23.46,
9037,County_9037,Florida,Rural,,11.93,18.84,34.5
22197,County_22197,Michigan,Rural,31.49,17.68,27.62,35.19
37221,County_37221,Oregon,Suburban/Small City,11.63,3.61,9.49,24.29
45771,County_45771,Vermont,Rural,15.87,9.49,12.38,29.27
56759,County_56759,Other,Urban,15.8,7.59,13.16,
29241,County_29241,New Hampshire,Urban,9.88,6.59,5.47,22.55
45777,County_45777,Vermont,Rural,29.94,12.58,27.98,45.37
31657,County_31657,New Mexico,Rural,9.64,7.79,5.9,34.03
25109,County_25109,Missouri,Rural,23.32,10.18,23.11,36.97
40705,County_40705,South Carolina,Urban,,14.8,21.06,27.28
52373,County_52373,Other,Rural,16.3,8.12,15.64,34.23
22263,County_22263,Michigan,Rural,18.91,7.22,17.34,18.57
23519,County_23519,Minnesota,Rural,21.74,12.18,,31.45
13859,County_13859,Illinois,Rural,21.18,8.81,17.55,21.11
9389,County_9389,Florida,Rural,11.75,6.48,13.33,25.34
31797,County_31797,New Mexico,Rural,34.1,17.86,27.9,38.13
31789,County_31789,New Mexico,Urban,14.21,9.21,12.79,25.53
33731,County_33731,North Carolina,Rural,31.21,18.53,27.73,48.13
29391,County_29391,New Hampshire,Urban,26.62,12.51,23.06,31.44
4035,County_4035,Arkansas,Suburban/Small City,29.94,16.42,25.87,42.72
34289,County_34289,North Dakota,Rural,24.36,11.04,22.45,35.19
43241,County_43241,Texas,Rural,7.13,3.55,5.89,23.71
40535,County_40535,South Carolina,Suburban/Small City,27.65,14.86,27.02,40.35
7073,County_7073,Connecticut,Urban,33.58,19.48,32.01,40.2
35241,County_35241,Ohio,Suburban/Small City,,12.74,18.9,25.48
10403,County_10403,Georgia,Rural,27.35,16.21,22.22,38.03
1085,County_1085,Alabama,Urban,14.65,7.21,,22.57
41105,County_41105,South Dakota,Urban,18.76,8.14,19.68,33.17
49081,County_49081,Wisconsin,Rural,27.91,13.57,23.15,36.73
42715,County_42715,Tennessee,Urban,29.18,15.31,21.89,26.62
54111,County_54111,Other,Rural,,8.92,17.21,27.82
55883,County_55883,Other,Rural,33.61,18.11,29.3,39.28
6325,County_6325,Colorado,Urban,15.5,9.66,,33.12
6133,County_6133,Colorado,Urban,22.39,9.94,21.24,27.71
5349,County_5349,California,Suburban/Small City,21.42,7.4,19.92,32.14
12423,County_12423,Idaho,Urban,30.66,14.27,25.73,33.75
29083,County_29083,New Hampshire,Urban,19.13,7.62,15.75,30.7
18087,County_18087,Louisiana,Urban,22.18,11.03,19.52,37.84
14339,County_14339,Indiana,Urban,12.97,6.16,8.18,22.29
13629,County_13629,Illinois,Suburban/Small City,14.32,5.78,13.9,29.61
49709,County_49709,Wisconsin,Rural,25.06,11.82,16.41,36.1
13181,County_13181,Illinois,Rural,28.81,12.8,22.75,39.15
50285,County_50285,Wyoming,Suburban/Small City,24.34,11.06,18.91,29.24
13867,County_13867,Illinois,Urban,29.56,13.61,23.75,43.06
2321,County_2321,Alaska,Urban,26.72,14.09,19.19,38.32
17739,County_17739,Kentucky,Rural,31.99,16.05,27.34,35.39
26425,County_26425,Montana,Urban,24.14,11.71,18.19,
1893,County_1893,Alabama,Rural,11.91,6.78,7.98,25.58
36821,County_36821,Oklahoma,Rural,24.25,12.31,19.92,41.38
39439,County_39439,Rhode Island,Rural,,12.59,21.42,33.49
2179,County_2179,Alaska,Rural,16.01,10.05,12.87,27.45
42825,County_42825,Tennessee,Rural,15.7,7.71,15.24,27.77
41983,County_41983,South Dakota,Suburban/Small City,17.53,4.43,13.28,32.04
49641,County_49641,Wisconsin,Urban,37.48,19.9,31.73,41.6
1373,County_1373,Alabama,Rural,33.45,17.29,27.46,37.41
29363,County_29363,New Hampshire,Rural,32.65,18.08,29.09,40.21
3195,County_3195,Arizona,Suburban/Small City,17.05,9.04,13.15,30.03
2559,County_2559,Alaska,Urban,23.51,10.44,17.43,36.75
40411,County_40411,South Carolina,Urban,24.18,11.79,22.68,35.95
7397,County_7397,Connecticut,Rural,17.3,8.21,14.44,20.58
13865,County_13865,Illinois,Rural,18.33,,13.37,32.19
17271,County_17271,Kentucky,Suburban/Small City,22.45,11.49,16.35,38.03
7837,County_7837,Connecticut,Rural,27.44,11.61,22.2,27.89
3343,County_3343,Arizona,Urban,27.06,14.11,24.36,31.0
5403,County_5403,California,Rural,23.97,13.5,19.06,33.02
31023,County_31023,New Mexico,Rural,,10.98,16.7,33.58
12185,County_12185,Idaho,Rural,13.13,5.35,10.75,28.51
33831,County_33831,North Carolina,Rural,,12.86,22.61,25.71
3849,County_3849,Arizona,Suburban/Small City,11.39,7.24,12.65,27.04
14385,County_14385,Indiana,Rural,25.88,,,38.14
36869,County_36869,Oklahoma,Urban,17.39,7.36,17.49,23.93
16227,County_16227,Kansas,Urban,24.3,12.93,24.01,32.1
18089,County_18089,Louisiana,Rural,24.82,13.96,18.84,36.7
29919,County_29919,New Hampshire,Rural,14.56,7.86,14.68,32.98
5971,County_5971,California,Urban,18.43,9.27,15.03,21.43
27985,County_27985,Nebraska,Urban,28.24,14.9,23.34,37.28
24823,County_24823,Mississippi,Rural,26.02,11.61,22.19,37.73
44063,County_44063,Utah,Rural,24.93,11.95,22.81,43.09
21083,County_21083,Massachusetts,Urban,31.58,18.81,26.6,33.14
23897,County_23897,Minnesota,Urban,24.08,14.73,22.99,31.85
34039,County_34039,North Dakota,Rural,16.03,7.8,10.93,37.29
15171,County_15171,Iowa,Rural,19.33,7.49,14.93,20.55
1743,County_1743,Alabama,Rural,32.65,20.0,26.96,37.72
47319,County_47319,Washington,Rural,23.09,10.97,20.45,32.57
18191,County_18191,Louisiana,Urban,14.57,10.2,11.78,19.47
5549,County_5549,California,Rural,30.84,15.42,27.17,40.14
37179,County_37179,Oregon,Rural,27.13,9.32,20.47,48.02
31363,County_31363,New Mexico,Urban,11.14,3.47,8.84,29.7
48411,County_48411,West Virginia,Urban,16.4,8.82,14.75,28.3
21609,County_21609,Massachusetts,Urban,15.82,8.69,10.51,28.81
31353,County_31353,New Mexico,Rural,18.5,12.02,15.17,31.41
53673,County_53673,Other,Rural,24.75,13.09,20.46,
8063,County_8063,Delaware,Suburban/Small City,24.26,16.13,23.9,39.4
49597,County_49597,Wisconsin,Rural,11.28,6.45,10.16,33.02
56381,County_56381,Other,Rural,25.13,14.21,21.46,34.36
21331,County_21331,Massachusetts,Urban,30.18,15.62,26.56,34.71
10103,County_10103,Georgia,Urban,17.83,9.68,13.51,28.07
10315,County_10315,Georgia,Rural,17.68,11.14,15.74,34.28
4509,County_4509,Arkansas,Rural,28.81,14.0,21.71,35.27
20619,County_20619,Maryland,Rural,23.68,13.56,17.99,32.06
41049,County_41049,South Dakota,Urban,28.59,13.56,23.19,35.57
14519,County_14519,Indiana,Rural,21.87,12.84,20.47,15.79
15335,County_15335,Iowa,Rural,22.28,12.89,21.22,38.68
50753,County_50753,Wyoming,Rural,14.52,6.24,13.77,26.2
7205,County_7205,Connecticut,Rural,21.56,11.37,15.64,29.53
22699,County_22699,Michigan,Urban,,9.63,16.49,31.56
32583,County_32583,New York,Rural,21.44,11.35,19.89,23.75
20547,County_20547,Maryland,Rural,10.44,7.34,9.4,29.67
43533,County_43533,Texas,Urban,29.45,17.44,27.01,36.32
14351,County_14351,Indiana,Rural,31.25,18.14,24.36,35.01
26783,County_26783,Montana,Suburban/Small City,21.31,10.93,22.17,
12097,County_12097,Idaho,Suburban/Small City,18.87,9.51,15.81,30.56
46385,County_46385,Virginia,Rural,15.91,8.15,9.37,26.62
31211,County_31211,New Mexico,Rural,34.15,14.32,26.33,45.57
17417,County_17417,Kentucky,Suburban/Small City,17.6,9.21,15.73,25.39
9615,County_9615,Florida,Urban,18.27,9.15,17.29,20.84
31739,County_31739,New Mexico,Suburban/Small City,10.07,7.69,11.46,24.51
54571,County_54571,Other,Rural,18.85,11.15,15.57,32.8
19197,County_19197,Maine,Urban,30.27,16.54,28.51,32.99
31263,County_31263,New Mexico,Rural,31.51,17.13,29.77,35.24
42799,County_42799,Tennessee,Rural,17.97,10.35,12.87,24.5
23061,County_23061,Minnesota,Rural,27.77,14.6,26.74,35.19
5031,County_5031,California,Urban,30.69,14.55,25.84,40.59
8359,County_8359,Delaware,Rural,27.66,11.46,25.58,39.33
20311,County_20311,Maryland,Rural,27.35,16.41,21.72,32.88
1029,County_1029,Alabama,Rural,12.8,7.12,8.8,25.1
39951,County_39951,Rhode Island,Suburban/Small City,15.6,8.69,13.21,27.12
32721,County_32721,New York,Suburban/Small City,27.23,13.35,24.09,36.95
53895,County_53895,Other,Urban,29.9,13.47,23.64,44.77
31405,County_31405,New Mexico,Suburban/Small City,,12.47,21.62,37.67
49601,County_49601,Wisconsin,Urban,22.87,10.85,24.04,34.05
45673,County_45673,Vermont,Rural,32.85,15.46,32.9,37.7
19899,County_19899,Maine,Urban,25.25,11.84,19.14,36.83
52661,County_52661,Other,Suburban/Small City,19.97,12.66,17.86,31.2
10675,County_10675,Georgia,Suburban/Small City,32.56,14.72,25.4,37.42
41843,County_41843,South Dakota,Suburban/Small City,15.34,9.14,12.75,27.9
25139,County_25139,Missouri,Suburban/Small City,9.44,3.95,5.44,28.15
19567,County_19567,Maine,Rural,22.45,11.43,18.9,28.12
6603,County_6603,Colorado,Urban,19.74,11.94,15.29,31.01
16871,County_16871,Kansas,Rural,14.29,11.36,14.35,26.81
25291,County_25291,Missouri,Suburban/Small City,20.94,11.83,15.92,37.98
56605,County_56605,Other,Suburban/Small City,25.58,12.59,22.95,32.46
37929,County_37929,Oregon,Rural,15.05,6.1,14.53,26.59
14433,County_14433,Indiana,Rural,20.23,11.27,18.8,24.27
9197,County_9197,Florida,Rural,29.57,15.79,25.08,42.88
21767,County_21767,Massachusetts,Rural,10.49,3.92,9.66,29.23
47581,County_47581,Washington,Rural,23.11,12.75,21.34,
52641,County_52641,Other,Urban,24.85,10.73,20.43,29.1
18535,County_18535,Louisiana,Rural,30.69,17.45,24.74,43.89
54817,County_54817,Other,Suburban/Small City,26.25,12.57,20.98,25.13
11185,County_11185,Hawaii,Rural,17.45,11.37,16.41,31.88
41479,County_41479,South Dakota,Suburban/Small City,15.72,8.44,11.01,
53823,County_53823,Other,Suburban/Small City,31.95,15.16,27.43,36.58
46387,County_46387,Virginia,Rural,31.37,15.45,27.64,36.94
6251,County_6251,Colorado,Rural,21.05,12.07,16.95,36.45
9253,County_9253,Florida,Urban,,8.88,18.39,35.89
19843,County_19843,Maine,Rural,21.19,9.51,18.87,36.37
16157,County_16157,Kansas,Rural,25.23,11.6,22.12,35.18
29553,County_29553,New Hampshire,Rural,24.06,14.49,24.03,36.53
54979,County_54979,Other,Urban,23.21,13.53,22.08,22.28
45691,County_45691,Vermont,Urban,31.89,13.52,24.62,36.61
48523,County_48523,West Virginia,Rural,28.58,11.71,26.4,42.21
22709,County_22709,Michigan,Urban,27.61,12.94,22.36,33.14
16643,County_16643,Kansas,Rural,26.44,12.34,25.96,35.23
12773,County_12773,Idaho,Urban,24.82,9.69,19.36,32.82
19107,County_19107,Maine,Urban,12.06,3.59,10.49,35.17
38073,County_38073,Pennsylvania,Urban,30.44,14.86,24.35,36.72
54309,County_54309,Other,Urban,21.35,11.68,19.25,27.89
52689,County_52689,Other,Rural,16.0,5.14,12.53,23.36
55777,County_55777,Other,Rural,31.95,15.6,28.39,30.93
14557,County_14557,Indiana,Rural,20.66,10.71,20.88,29.52
23537,County_23537,Minnesota,Rural,31.76,14.93,30.85,34.52
41113,County_41113,South Dakota,Rural,15.37,,10.22,29.07
13805,County_13805,Illinois,Suburban/Small City,27.59,13.04,25.17,28.01
26079,County_26079,Montana,Urban,11.47,5.11,10.18,19.74
52229,County_52229,Other,Urban,13.77,3.75,10.76,21.39
51921,County_51921,Other,Urban,21.29,11.23,17.22,35.47
35367,County_35367,Ohio,Urban,30.57,14.49,22.81,36.53
19819,County_19819,Maine,Suburban/Small City,27.14,12.41,24.0,38.29
51903,County_51903,Other,Rural,21.39,9.75,18.31,33.8
31481,County_31481,New Mexico,Urban,27.11,14.22,23.76,34.7
52943,County_52943,Other,Urban,20.43,10.87,15.15,32.23
56067,County_56067,Other,Rural,25.57,12.22,21.87,38.84
26609,County_26609,Montana,Suburban/Small City,12.6,4.48,11.37,20.81
44275,County_44275,Utah,Suburban/Small City,12.67,4.53,11.06,28.29
1157,County_1157,Alabama,Urban,20.8,10.05,,37.0
49183,County_49183,Wisconsin,Rural,13.41,3.06,10.59,30.5
47231,County_47231,Washington,Rural,,14.97,21.74,34.39
53675,County_53675,Other,Rural,16.35,7.88,17.73,30.94
47959,County_47959,Washington,Rural,30.68,15.83,28.12,45.88
20591,County_20591,Maryland,Rural,32.73,15.94,30.48,42.12
45951,County_45951,Vermont,Urban,24.35,12.73,21.89,33.24
43357,County_43357,Texas,Urban,23.37,12.63,20.5,28.2
1921,County_1921,Alabama,Rural,7.77,4.0,5.93,27.24
12945,County_12945,Idaho,Urban,27.66,13.74,24.26,30.78
13123,County_13123,Illinois,Suburban/Small City,12.32,2.99,6.05,26.17
12547,County_12547,Idaho,Urban,22.83,13.85,15.29,
56027,County_56027,Other,Rural,12.64,5.77,12.35,16.41
15131,County_15131,Iowa,Urban,19.99,10.01,16.57,32.0
22141,County_22141,Michigan,Rural,22.43,14.33,18.84,29.82
7021,County_7021,Connecticut,Rural,18.6,10.59,16.69,41.74
44031,County_44031,Utah,Urban,28.5,14.26,23.49,36.85
8857,County_8857,Delaware,Urban,13.44,5.75,12.12,25.58
24127,County_24127,Mississippi,Rural,27.92,12.55,24.93,29.17
13325,County_13325,Illinois,Urban,21.06,10.04,18.23,39.53
25857,County_25857,Missouri,Urban,6.85,4.19,5.4,25.18
24541,County_24541,Mississippi,Urban,15.11,5.72,11.77,21.53
44347,County_44347,Utah,Urban,24.06,13.35,20.01,32.08
39475,County_39475,Rhode Island,Rural,20.12,10.57,19.86,28.12
24265,County_24265,Mississippi,Rural,14.4,5.11,11.04,29.31
52277,County_52277,Other,Rural,27.08,13.69,23.13,45.42
6661,County_6661,Colorado,Urban,19.83,10.42,17.39,22.49
14603,County_14603,Indiana,Urban,22.58,11.31,16.3,32.49
55459,County_55459,Other,Rural,22.73,9.39,18.61,34.72
13447,County_13447,Illinois,Urban,31.15,17.59,28.85,36.72
29293,County_29293,New Hampshire,Rural,17.03,11.2,16.58,27.67
18143,County_18143,Louisiana,Rural,30.28,15.92,29.81,57.23
16831,County_16831,Kansas,Suburban/Small City,20.1,7.86,18.06,29.95
14597,County_14597,Indiana,Rural,20.87,13.39,20.47,31.6
16945,County_16945,Kansas,Rural,27.13,14.32,25.87,32.18
43369,County_43369,Texas,Urban,24.98,13.66,22.45,27.71
41337,County_41337,South Dakota,Rural,27.69,12.8,21.59,30.51
27677,County_27677,Nebraska,Urban,28.79,15.8,23.65,38.73
37339,County_37339,Oregon,Rural,17.36,9.05,9.89,35.84
8539,County_8539,Delaware,Rural,27.63,15.38,21.07,55.43
52559,County_52559,Other,Urban,22.16,11.8,17.02,34.93
28647,County_28647,Nevada,Urban,15.52,7.88,16.7,32.9
26595,County_26595,Montana,Rural,28.35,12.56,26.11,46.26
17151,County_17151,Kentucky,Rural,27.5,15.2,18.18,
21929,County_21929,Massachusetts,Rural,22.37,13.63,20.77,40.23
6153,County_6153,Colorado,Suburban/Small City,23.9,13.41,19.36,40.76
25437,County_25437,Missouri,Suburban/Small City,22.9,11.75,17.69,42.54
46121,County_46121,Virginia,Rural,19.79,8.8,,36.0
2523,County_2523,Alaska,Suburban/Small City,24.42,12.56,20.56,37.57
7419,County_7419,Connecticut,Urban,32.65,18.01,25.25,37.71
9691,County_9691,Florida,Rural,24.4,13.67,18.48,44.27
46337,County_46337,Virginia,Rural,24.63,13.51,15.92,22.57
29493,County_29493,New Hampshire,Rural,25.86,11.42,22.57,23.31
7297,County_7297,Connecticut,Rural,17.16,10.21,14.15,28.99
55847,County_55847,Other,Rural,23.94,11.64,23.64,28.64
31707,County_31707,New Mexico,Rural,29.15,18.28,26.04,32.76
42623,County_42623,Tennessee,Rural,23.32,10.84,21.76,31.08
41501,County_41501,South Dakota,Urban,23.61,,23.14,35.94
39129,County_39129,Rhode Island,Urban,22.67,10.14,17.78,27.12
8051,County_8051,Delaware,Rural,25.65,10.12,20.61,39.66
11991,County_11991,Hawaii,Urban,13.32,8.22,7.41,22.25
8689,County_8689,Delaware,Rural,18.67,11.15,,35.44
24277,County_24277,Mississippi,Rural,23.01,11.56,19.64,36.71
10377,County_10377,Georgia,Rural,26.08,13.42,21.49,36.58
33915,County_33915,North Carolina,Urban,18.19,9.02,18.39,29.06
49225,County_49225,Wisconsin,Rural,14.58,9.12,10.05,36.97
15099,County_15099,Iowa,Urban,15.73,8.88,,28.82
5431,County_5431,California,Urban,27.62,13.79,21.11,38.91
26463,County_26463,Montana,Rural,31.71,16.69,26.44,41.77
45535,County_45535,Vermont,Urban,17.97,8.1,16.5,30.73
41365,County_41365,South Dakota,Rural,14.85,8.86,13.93,29.94
11491,County_11491,Hawaii,Rural,17.65,7.91,13.77,32.91
14647,County_14647,Indiana,Rural,15.39,6.81,11.64,35.83
26353,County_26353,Montana,Urban,25.66,13.2,21.15,41.13
41227,County_41227,South Dakota,Rural,18.68,8.95,15.53,26.83
11375,County_11375,Hawaii,Rural,18.76,7.56,15.46,39.73
8447,County_8447,Delaware,Suburban/Small City,12.37,6.62,11.8,19.19
41583,County_41583,South Dakota,Urban,17.76,9.24,17.44,31.69
1175,County_1175,Alabama,Rural,18.91,11.16,15.47,26.94
52951,County_52951,Other,Rural,9.8,2.69,10.71,23.97
14435,County_14435,Indiana,Rural,25.2,10.3,20.34,25.98
29587,County_29587,New Hampshire,Urban,25.0,13.03,21.33,30.73
29957,County_29957,New Hampshire,Urban,21.17,11.04,19.04,30.59
47633,County_47633,Washington,Urban,23.01,,19.67,31.73
1281,County_1281,Alabama,Urban,27.89,15.09,21.74,34.8
4711,County_4711,Arkansas,Rural,15.56,7.85,12.44,21.52
35305,County_35305,Ohio,Rural,11.82,7.35,10.46,31.83
18099,County_18099,Louisiana,Rural,22.09,8.75,14.36,25.57
30613,County_30613,New Jersey,Suburban/Small City,15.32,7.55,12.97,23.48
40447,County_40447,South Carolina,Rural,31.38,15.5,23.11,34.12
20037,County_20037,Maryland,Urban,29.71,,23.29,37.56
4715,County_4715,Arkansas,Suburban/Small City,23.35,13.32,21.28,36.24
18239,County_18239,Louisiana,Rural,27.66,16.8,,33.54
27059,County_27059,Nebraska,Suburban/Small City,24.69,11.65,18.63,29.4
4921,County_4921,Arkansas,Rural,27.76,13.48,25.63,37.54
24703,County_24703,Mississippi,Rural,27.99,14.31,22.85,41.69
52025,County_52025,Other,Rural,24.85,15.09,,34.41
25167,County_25167,Missouri,Urban,21.61,7.52,19.65,30.36
37415,County_37415,Oregon,Urban,19.97,9.32,19.1,28.56
24469,County_24469,Mississippi,Urban,32.16,17.46,24.91,34.68
6893,County_6893,Colorado,Urban,12.64,,8.84,25.51
30175,County_30175,New Jersey,Urban,18.1,8.68,13.07,28.25
41705,County_41705,South Dakota,Rural,23.04,9.85,17.99,29.64
44595,County_44595,Utah,Rural,28.14,12.87,23.06,33.1
52161,County_52161,Other,Rural,31.62,15.88,24.76,38.54
40977,County_40977,South Carolina,Rural,13.34,6.42,7.51,29.12
2025,County_2025,Alaska,Suburban/Small City,18.64,9.24,18.27,31.98
46007,County_46007,Virginia,Rural,18.18,7.54,14.92,23.15
21693,County_21693,Massachusetts,Urban,,15.51,28.81,40.31
48735,County_48735,West Virginia,Urban,22.75,11.22,15.85,25.0
24915,County_24915,Mississippi,Urban,25.43,11.42,22.59,34.27
51911,County_51911,Other,Rural,26.83,14.29,26.94,20.47
47651,County_47651,Washington,Rural,25.87,13.64,22.24,28.93
53507,County_53507,Other,Rural,26.86,13.15,25.18,36.52
55257,County_55257,Other,Rural,20.08,9.37,18.15,25.58
22589,County_22589,Michigan,Rural,,15.71,23.46,42.4
56901,County_56901,Other,Rural,25.45,12.06,21.75,33.32
56585,County_56585,Other,Rural,30.17,17.9,25.98,40.75
28081,County_28081,Nevada,Suburban/Small City,32.82,18.19,28.53,31.4
42317,County_42317,Tennessee,Rural,13.92,7.44,14.72,19.75
41777,County_41777,South Dakota,Suburban/Small City,13.54,7.21,12.86,33.79
44011,County_44011,Utah,Rural,23.17,8.84,19.49,35.91
41615,County_41615,South Dakota,Rural,17.81,9.19,16.61,24.96
2505,County_2505,Alaska,Rural,17.41,8.68,15.45,27.55
43401,County_43401,Texas,Suburban/Small City,27.5,14.97,23.22,29.89
49641,County_49641,Wisconsin,Rural,12.29,3.22,8.75,28.28
16289,County_16289,Kansas,Rural,28.32,12.11,23.31,39.17
55767,County_55767,Other,Suburban/Small City,22.81,12.71,17.88,37.4
15157,County_15157,Iowa,Rural,22.3,11.23,18.72,26.55
39793,County_39793,Rhode Island,Urban,21.89,9.2,16.36,29.08
43263,County_43263,Texas,Urban,13.9,4.89,12.48,21.19
33765,County_33765,North Carolina,Suburban/Small City,20.2,10.63,17.77,25.71
16885,County_16885,Kansas,Suburban/Small City,9.83,3.13,7.58,21.76
52747,County_52747,Other,Rural,25.74,13.37,23.27,31.7
5253,County_5253,California,Rural,15.01,6.32,,32.43
48197,County_48197,West Virginia,Urban,24.22,14.54,21.8,31.81
5793,County_5793,California,Rural,23.97,,19.14,45.46
47455,County_47455,Washington,Rural,33.34,17.36,27.64,41.62
41161,County_41161,South Dakota,Urban,28.28,,24.3,38.75
35585,County_35585,Ohio,Rural,19.0,9.0,19.65,27.08
30007,County_30007,New Jersey,Rural,27.71,11.71,24.16,31.92
18943,County_18943,Louisiana,Rural,25.9,11.26,22.55,27.85
13913,County_13913,Illinois,Suburban/Small City,30.39,15.22,25.07,40.29
56855,County_56855,Other,Rural,21.33,11.48,19.88,23.94
2087,County_2087,Alaska,Urban,19.32,9.29,17.79,32.88
45197,County_45197,Vermont,Rural,6.26,3.16,6.86,21.98
48747,County_48747,West Virginia,Rural,,9.32,15.39,29.13
53657,County_53657,Other,Rural,32.68,17.36,27.04,47.88
1721,County_1721,Alabama,Rural,28.48,15.03,24.74,33.53
50831,County_50831,Wyoming,Rural,21.03,9.67,19.66,39.97
19941,County_19941,Maine,Urban,7.45,2.51,6.88,23.87
26233,County_26233,Montana,Rural,22.79,13.14,21.13,38.79
21073,County_21073,Massachusetts,Urban,16.29,7.26,13.82,30.72
40833,County_40833,South Carolina,Rural,27.45,12.78,25.34,32.32
55789,County_55789,Other,Urban,24.89,11.99,24.75,36.9
48233,County_48233,West Virginia,Urban,27.14,15.91,15.76,40.83
3601,County_3601,Arizona,Urban,25.19,15.32,20.24,31.69
37859,County_37859,Oregon,Urban,12.64,6.93,8.83,29.24
15313,County_15313,Iowa,Rural,18.59,12.85,13.24,21.49
26917,County_26917,Montana,Urban,21.88,12.8,18.52,23.82
20757,County_20757,Maryland,Rural,34.06,17.6,27.13,36.0
48385,County_48385,West Virginia,Rural,26.74,,21.67,35.65
37919,County_37919,Oregon,Urban,28.11,16.03,26.64,25.84
42791,County_42791,Tennessee,Urban,10.85,6.97,10.49,
40617,County_40617,South Carolina,Rural,31.36,15.43,24.13,36.46
51663,County_51663,Other,Rural,16.03,8.05,13.24,27.91
7705,County_7705,Connecticut,Urban,28.93,15.73,27.9,36.78
28879,County_28879,Nevada,Rural,28.96,15.31,27.52,29.91
37327,County_37327,Oregon,Rural,10.08,5.34,9.42,16.8
3325,County_3325,Arizona,Rural,12.88,7.56,13.3,31.02
36975,County_36975,Oklahoma,Rural,11.8,6.02,13.51,26.53
53263,County_53263,Other,Rural,12.07,5.12,10.36,34.07
50293,County_50293,Wyoming,Urban,19.64,9.41,15.74,29.73
5743,County_5743,California,Suburban/Small City,17.56,9.81,13.52,21.89
5071,County_5071,California,Rural,,14.56,14.82,25.01
23719,County_23719,Minnesota,Suburban/Small City,16.02,10.35,10.59,38.51
1215,County_1215,Alabama,Suburban/Small City,21.33,9.88,16.35,32.17
29375,County_29375,New Hampshire,Rural,7.67,2.94,9.0,23.33
45519,County_45519,Vermont,Rural,27.92,12.82,25.09,35.39
46581,County_46581,Virginia,Rural,29.28,11.94,24.0,42.47
49169,County_49169,Wisconsin,Rural,19.39,5.66,15.18,24.58
26645,County_26645,Montana,Rural,,9.3,14.84,25.61
33821,County_33821,North Carolina,Rural,30.9,12.55,24.58,45.71
38207,County_38207,Pennsylvania,Rural,28.27,15.24,23.2,36.48
54773,County_54773,Other,Rural,27.33,16.17,22.48,26.45
14613,County_14613,Indiana,Urban,23.25,12.78,19.42,38.71
10859,County_10859,Georgia,Rural,18.44,10.11,13.5,35.88
6515,County_6515,Colorado,Urban,16.74,7.99,16.02,26.26
48991,County_48991,West Virginia,Urban,27.39,14.06,23.77,29.83
29659,County_29659,New Hampshire,Rural,19.34,11.64,18.51,20.94
29745,County_29745,New Hampshire,Rural,24.3,,20.24,38.7
24811,County_24811,Mississippi,Urban,18.94,7.8,20.64,26.47
32703,County_32703,New York,Rural,14.55,10.75,14.34,27.93
38337,County_38337,Pennsylvania,Urban,32.77,15.26,26.81,47.08
32653,County_32653,New York,Rural,21.16,9.04,17.97,34.78
56825,County_56825,Other,Rural,28.92,16.22,26.16,33.67
26001,County_26001,Montana,Rural,21.8,11.56,18.39,33.98
51065,County_51065,Other,Urban,15.82,8.36,13.16,31.76
46979,County_46979,Virginia,Rural,18.8,8.1,13.7,32.61
47107,County_47107,Washington,Rural,17.9,7.14,17.28,21.99
9565,County_9565,Florida,Rural,18.17,9.26,12.68,30.0
22219,County_22219,Michigan,Rural,30.22,15.91,21.0,34.2
14733,County_14733,Indiana,Urban,21.43,8.6,16.65,30.17
9585,County_9585,Florida,Urban,19.66,9.0,14.48,29.19
41429,County_41429,South Dakota,Urban,28.59,15.66,24.19,34.42
17711,County_17711,Kentucky,Rural,13.72,7.62,11.35,31.22
46469,County_46469,Virginia,Rural,25.92,11.18,23.94,31.81
42921,County_42921,Tennessee,Suburban/Small City,17.44,7.48,,32.14
5917,County_5917,California,Rural,22.23,10.59,19.99,32.38
40539,County_40539,South Carolina,Rural,27.47,,24.69,41.74
37645,County_37645,Oregon,Suburban/Small City,19.96,9.17,14.77,32.88
40525,County_40525,South Carolina,Rural,31.57,13.93,28.59,46.09
45341,County_45341,Vermont,Rural,34.73,17.64,28.31,43.04
28079,County_28079,Nevada,Rural,6.89,2.64,5.03,21.66
26277,County_26277,Montana,Rural,31.97,15.17,24.7,28.33
11117,County_11117,Hawaii,Rural,22.99,,21.93,34.21
17073,County_17073,Kentucky,Rural,19.63,10.07,19.79,31.96
42227,County_42227,Tennessee,Urban,24.29,12.71,21.37,40.08
2443,County_2443,Alaska,Rural,12.67,3.03,11.55,17.97
22399,County_22399,Michigan,Urban,12.79,7.1,10.63,25.68
14007,County_14007,Indiana,Rural,11.55,3.78,11.37,27.1
49217,County_49217,Wisconsin,Urban,22.27,11.63,21.01,29.65
45937,County_45937,Vermont,Rural,20.07,11.66,17.93,34.06
18515,County_18515,Louisiana,Urban,28.87,16.68,24.51,36.92
28891,County_28891,Nevada,Urban,27.91,15.71,21.47,38.94
14785,County_14785,Indiana,Suburban/Small City,16.62,8.52,16.39,32.49
15665,County_15665,Iowa,Rural,21.25,9.65,21.93,37.94
33447,County_33447,North Carolina,Urban,24.86,12.74,16.52,34.02
38635,County_38635,Pennsylvania,Rural,28.88,14.13,23.25,37.23
38803,County_38803,Pennsylvania,Urban,24.92,12.79,19.1,41.37
40557,County_40557,South Carolina,Rural,11.66,8.69,7.12,18.4
17159,County_17159,Kentucky,Rural,28.73,13.83,21.74,33.98
34889,County_34889,North Dakota,Rural,33.27,16.09,27.65,31.87
8871,County_8871,Delaware,Rural,23.41,11.7,21.49,37.47
27349,County_27349,Nebraska,Suburban/Small City,12.49,5.86,11.74,15.68
52907,County_52907,Other,Urban,17.36,7.88,9.9,25.88
52523,County_52523,Other,Rural,30.73,14.85,27.67,36.57
5333,County_5333,California,Rural,30.34,14.74,27.97,38.9
22355,County_22355,Michigan,Rural,19.16,10.75,14.59,33.35
52847,County_52847,Other,Rural,30.43,17.11,23.23,38.7
19619,County_19619,Maine,Urban,21.79,10.91,15.85,31.16
52977,County_52977,Other,Urban,33.39,16.38,28.11,39.66
25819,County_25819,Missouri,Rural,26.78,12.87,22.09,31.65
26525,County_26525,Montana,Rural,17.06,8.41,9.12,21.07
13805,County_13805,Illinois,Rural,21.56,13.75,15.97,33.02
1187,County_1187,Alabama,Rural,22.41,11.56,,30.21
11949,County_11949,Hawaii,Rural,28.11,13.95,24.29,37.72
50827,County_50827,Wyoming,Rural,27.91,14.21,22.85,34.54
7821,County_7821,Connecticut,Rural,12.95,7.38,7.68,33.44
56493,County_56493,Other,Urban,26.03,13.09,23.38,30.56
6479,County_6479,Colorado,Urban,14.68,7.63,12.34,24.4
20805,County_20805,Maryland,Rural,17.63,7.14,14.0,35.78
32785,County_32785,New York,Urban,28.9,15.52,25.47,41.52
48541,County_48541,West Virginia,Rural,19.97,7.53,14.61,35.82
30333,County_30333,New Jersey,Rural,30.18,13.56,23.89,30.82
14249,County_14249,Indiana,Rural,21.58,9.49,16.7,36.46
5997,County_5997,California,Rural,22.75,13.78,17.04,37.56
56053,County_56053,Other,Urban,27.6,14.72,22.95,35.98
11687,County_11687,Hawaii,Urban,31.98,16.07,28.27,38.9
44629,County_44629,Utah,Rural,19.3,6.01,14.64,34.01
19907,County_19907,Maine,Rural,16.98,7.34,14.28,20.79
35735,County_35735,Ohio,Rural,20.78,9.79,16.73,33.34
35135,County_35135,Ohio,Suburban/Small City,31.67,16.18,33.29,43.63
40193,County_40193,South Carolina,Rural,26.35,12.26,22.32,39.31
20841,County_20841,Maryland,Rural,27.79,13.74,25.07,29.15
44715,County_44715,Utah,Rural,23.32,11.52,21.41,31.28
30083,County_30083,New Jersey,Urban,13.96,9.14,11.31,25.24
28359,County_28359,Nevada,Suburban/Small City,26.73,,21.62,39.92
50765,County_50765,Wyoming,Rural,27.99,13.97,20.97,40.03
46071,County_46071,Virginia,Rural,36.49,,31.35,42.32
6019,County_6019,Colorado,Rural,20.68,9.64,17.3,31.43
40393,County_40393,South Carolina,Rural,11.7,3.65,8.94,26.39
43589,County_43589,Texas,Rural,31.14,15.97,27.61,36.85
48121,County_48121,West Virginia,Rural,23.77,14.99,19.46,36.72
52263,County_52263,Other,Rural,24.3,10.25,20.33,35.23
56755,County_56755,Other,Rural,15.08,4.34,16.38,24.44
51983,County_51983,Other,Urban,11.46,5.0,10.46,21.24
36807,County_36807,Oklahoma,Rural,26.16,12.86,20.73,31.17
23421,County_23421,Minnesota,Rural,24.94,14.6,21.68,37.41
38731,County_38731,Pennsylvania,Rural,32.98,15.96,28.8,28.68
35463,County_35463,Ohio,Rural,22.83,11.48,18.22,34.94
19469,County_19469,Maine,Suburban/Small City,22.58,15.71,18.02,30.91
35409,County_35409,Ohio,Urban,18.35,8.22,16.6,32.07
26545,County_26545,Montana,Rural,18.08,9.0,12.24,22.85
19869,County_19869,Maine,Rural,30.09,14.02,23.46,26.25
8467,County_8467,Delaware,Rural,12.05,3.65,10.73,21.71
43421,County_43421,Texas,Rural,16.96,8.76,12.33,29.15
51331,County_51331,Other,Urban,29.3,13.68,25.66,30.85
36919,County_36919,Oklahoma,Urban,32.42,17.06,,38.53
14295,County_14295,Indiana,Rural,35.05,16.09,27.92,38.81
12475,County_12475,Idaho,Rural,32.05,16.61,25.8,41.36
13987,County_13987,Illinois,Urban,30.32,15.34,28.52,39.06
23427,County_23427,Minnesota,Rural,22.07,11.61,17.84,27.35
43777,County_43777,Texas,Rural,,16.45,23.18,44.47
22249,County_22249,Michigan,Suburban/Small City,23.23,11.86,20.43,35.91
10591,County_10591,Georgia,Urban,26.06,11.98,19.62,36.69
40799,County_40799,South Carolina,Rural,21.92,10.93,18.23,32.75
7967,County_7967,Connecticut,Rural,27.19,13.98,25.09,35.64
25235,County_25235,Missouri,Rural,30.24,13.42,,43.12
41867,County_41867,South Dakota,Urban,27.42,13.52,21.4,33.89
8319,County_8319,Delaware,Rural,18.39,10.54,15.48,31.73
23749,County_23749,Minnesota,Urban,16.75,8.4,12.31,34.92
54769,County_54769,Other,Rural,11.54,6.37,13.07,22.48
20475,County_20475,Maryland,Urban,28.57,15.62,28.39,29.98
24885,County_24885,Mississippi,Rural,26.47,13.54,,34.72
3879,County_3879,Arizona,Rural,23.88,,20.71,45.32
21853,County_21853,Massachusetts,Suburban/Small City,14.55,5.74,9.53,27.71
13879,County_13879,Illinois,Urban,11.45,5.08,6.08,23.78
40759,County_40759,South Carolina,Rural,23.16,11.65,18.48,26.75
23517,County_23517,Minnesota,Rural,16.12,6.05,13.34,
1979,County_1979,Alabama,Rural,16.21,8.31,13.68,23.9
56163,County_56163,Other,Suburban/Small City,25.47,13.29,20.96,33.95
33407,County_33407,North Carolina,Rural,9.78,4.17,7.88,24.0
41877,County_41877,South Dakota,Urban,22.96,11.93,22.04,30.65
32623,County_32623,New York,Urban,18.58,9.69,17.21,28.06
34743,County_34743,North Dakota,Rural,23.77,13.48,18.93,30.44
5809,County_5809,California,Urban,23.44,12.18,15.43,23.99
17323,County_17323,Kentucky,Urban,20.89,11.11,16.83,23.3
25501,County_25501,Missouri,Urban,22.03,8.81,20.62,27.01
10835,County_10835,Georgia,Urban,16.19,8.46,9.26,
50497,County_50497,Wyoming,Rural,20.86,12.54,18.99,36.5
9447,County_9447,Florida,Suburban/Small City,24.71,11.19,22.28,35.94
20125,County_20125,Maryland,Urban,13.55,4.71,9.34,32.28
47563,County_47563,Washington,Urban,25.4,10.2,22.53,32.41
48205,County_48205,West Virginia,Urban,11.53,8.51,10.68,24.74
56143,County_56143,Other,Rural,19.94,11.47,14.07,30.87
31751,County_31751,New Mexico,Urban,27.31,13.05,25.37,34.29
47265,County_47265,Washington,Rural,24.91,15.23,18.65,
36909,County_36909,Oklahoma,Rural,28.33,12.58,22.87,29.92
40227,County_40227,South Carolina,Rural,19.92,9.11,17.22,29.51
8583,County_8583,Delaware,Rural,,10.42,16.72,24.49
38065,County_38065,Pennsylvania,Rural,28.68,15.68,25.13,39.81
7337,County_7337,Connecticut,Suburban/Small City,11.56,4.03,8.54,20.75
37395,County_37395,Oregon,Rural,27.51,13.41,21.58,38.03
17013,County_17013,Kentucky,Urban,21.38,,21.4,38.3
16575,County_16575,Kansas,Rural,20.29,11.91,16.62,31.76
55303,County_55303,Other,Rural,25.74,12.19,22.12,26.17
44851,County_44851,Utah,Urban,12.12,7.18,12.23,13.0
7581,County_7581,Connecticut,Urban,21.09,10.18,18.25,35.57
30553,County_30553,New Jersey,Urban,20.33,9.91,14.84,20.79
37665,County_37665,Oregon,Urban,11.6,5.67,10.27,33.42
10801,County_10801,Georgia,Urban,26.96,13.48,22.05,31.96
35135,County_35135,Ohio,Suburban/Small City,27.5,13.12,27.44,48.67
16893,County_16893,Kansas,Rural,15.28,6.04,13.99,31.03
31677,County_31677,New Mexico,Rural,23.81,13.08,22.46,26.53
14075,County_14075,Indiana,Urban,,9.38,21.44,32.71
37387,County_37387,Oregon,Rural,18.11,10.29,13.99,29.39
36517,County_36517,Oklahoma,Urban,29.64,13.41,24.87,36.18
12277,County_12277,Idaho,Rural,9.43,2.63,7.67,21.71
50843,County_50843,Wyoming,Suburban/Small City,19.13,10.75,18.43,25.84
9135,County_9135,Florida,Rural,22.78,13.34,18.44,29.81
8207,County_8207,Delaware,Urban,4.04,,,28.84
39049,County_39049,Rhode Island,Urban,14.81,5.87,14.68,28.01
41261,County_41261,South Dakota,Urban,21.15,10.38,16.56,30.26
13139,County_13139,Illinois,Urban,12.67,7.48,11.86,
20047,County_20047,Maryland,Rural,26.06,12.63,24.39,38.16
27137,County_27137,Nebraska,Rural,31.94,16.93,25.98,35.86
47309,County_47309,Washington,Urban,29.45,12.16,21.5,28.4
49099,County_49099,Wisconsin,Urban,,9.99,13.91,33.42
43795,County_43795,Texas,Rural,12.45,4.72,10.31,31.61
39211,County_39211,Rhode Island,Urban,15.41,7.49,14.74,28.59
54929,County_54929,Other,Rural,30.25,13.83,22.75,33.22
47339,County_47339,Washington,Urban,23.33,11.0,19.46,29.93
36579,County_36579,Oklahoma,Rural,29.98,,25.56,34.82
23013,County_23013,Minnesota,Urban,22.13,9.48,14.69,34.67
17645,County_17645,Kentucky,Urban,21.13,9.79,22.28,37.1
29905,County_29905,New Hampshire,Urban,35.62,17.02,29.0,35.97
49195,County_49195,Wisconsin,Urban,32.39,19.5,26.52,32.04
15475,County_15475,Iowa,Urban,17.84,7.26,14.71,24.81
41303,County_41303,South Dakota,Urban,22.78,11.78,18.23,31.03
48069,County_48069,West Virginia,Rural,23.04,12.98,19.18,32.54
3505,County_3505,Arizona,Rural,25.45,10.36,21.17,25.02
5239,County_5239,California,Rural,30.36,16.24,27.38,45.57
47863,County_47863,Washington,Urban,21.3,11.11,17.02,28.92
27785,County_27785,Nebraska,Urban,14.69,7.94,13.99,29.52
52453,County_52453,Other,Rural,21.55,10.3,18.93,25.78
46507,County_46507,Virginia,Urban,17.97,8.21,,22.11
19711,County_19711,Maine,Rural,20.16,9.69,15.43,26.05
37137,County_37137,Oregon,Suburban/Small City,14.51,3.62,11.13,22.18
34685,County_34685,North Dakota,Rural,22.99,12.75,22.62,31.12
4435,County_4435,Arkansas,Rural,17.17,7.16,15.99,30.06
31319,County_31319,New Mexico,Urban,26.74,11.24,22.75,38.33
52547,County_52547,Other,Rural,11.29,6.3,9.69,26.15
41329,County_41329,South Dakota,Rural,17.65,5.75,12.73,31.16
26821,County_26821,Montana,Urban,21.75,13.37,20.2,38.49
50687,County_50687,Wyoming,Rural,25.22,11.44,22.25,
48047,County_48047,West Virginia,Rural,32.09,14.77,26.84,
55911,County_55911,Other,Urban,21.3,10.96,17.02,24.2
6145,County_6145,Colorado,Rural,25.28,14.15,19.71,45.37
38629,County_38629,Pennsylvania,Rural,7.98,3.39,,24.89
49157,County_49157,Wisconsin,Rural,35.8,18.13,26.05,35.33
47037,County_47037,Washington,Rural,23.93,12.9,21.44,23.2
28765,County_28765,Nevada,Rural,33.31,16.98,29.91,
1445,County_1445,Alabama,Rural,22.37,9.35,,28.57
9709,County_9709,Florida,Rural,23.13,12.75,19.23,28.75
20253,County_20253,Maryland,Rural,17.86,5.98,15.5,24.64
42353,County_42353,Tennessee,Urban,,14.14,23.48,36.69
29909,County_29909,New Hampshire,Rural,33.7,16.9,25.32,37.62
17195,County_17195,Kentucky,Rural,10.97,4.9,11.34,23.94
20443,County_20443,Maryland,Rural,20.26,10.11,18.49,35.95
5351,County_5351,California,Rural,,10.52,17.46,
34825,County_34825,North Dakota,Rural,30.05,14.85,24.65,42.6
36553,County_36553,Oklahoma,Suburban/Small City,28.54,13.19,21.17,
30291,County_30291,New Jersey,Rural,23.55,10.7,21.38,34.26
48551,County_48551,West Virginia,Rural,21.35,12.24,19.0,
30217,County_30217,New Jersey,Rural,31.23,15.61,26.86,44.48
5405,County_5405,California,Rural,33.29,17.08,30.61,50.73
2081,County_2081,Alaska,Rural,25.09,12.77,21.31,37.07
10463,County_10463,Georgia,Urban,17.52,,14.95,26.46
29523,County_29523,New Hampshire,Urban,27.03,13.13,23.42,32.54
2883,County_2883,Alaska,Urban,32.25,13.83,30.11,34.54
32801,County_32801,New York,Urban,13.42,7.43,9.37,29.68
10417,County_10417,Georgia,Urban,13.77,9.58,12.86,29.92
18415,County_18415,Louisiana,Rural,11.38,6.7,9.41,32.72
6565,County_6565,Colorado,Rural,19.32,12.76,14.33,39.39
32745,County_32745,New York,Suburban/Small City,23.17,11.05,17.66,40.37
10347,County_10347,Georgia,Urban,23.85,11.09,20.42,32.48
12245,County_12245,Idaho,Suburban/Small City,32.56,15.21,27.92,43.95
36981,County_36981,Oklahoma,Rural,21.95,12.03,21.16,29.3
24051,County_24051,Mississippi,Rural,27.07,13.3,22.99,29.05
8201,County_8201,Delaware,Suburban/Small City,12.09,5.07,10.89,25.74
11983,County_11983,Hawaii,Rural,17.69,9.45,14.46,30.7
5081,County_5081,California,Urban,19.33,7.74,16.75,28.34
16663,County_16663,Kansas,Urban,16.8,10.23,14.64,35.68
29109,County_29109,New Hampshire,Urban,19.49,12.59,12.64,32.74
13329,County_13329,Illinois,Urban,24.53,10.73,22.36,33.09
19149,County_19149,Maine,Urban,31.45,17.21,,36.17
21951,County_21951,Massachusetts,Rural,26.44,11.35,20.38,30.03
23587,County_23587,Minnesota,Rural,25.69,9.4,21.64,28.98
41581,County_41581,South Dakota,Rural,19.41,9.35,13.5,34.4
11691,County_11691,Hawaii,Urban,21.42,12.06,,39.4
6523,County_6523,Colorado,Suburban/Small City,22.84,12.5,16.08,26.58
19119,County_19119,Maine,Urban,17.11,8.04,12.65,23.35
1829,County_1829,Alabama,Rural,25.8,11.67,22.16,28.87
38385,County_38385,Pennsylvania,Rural,17.36,9.66,12.58,28.47
7431,County_7431,Connecticut,Rural,11.58,8.57,8.58,25.99
5921,County_5921,California,Urban,26.46,13.52,19.8,38.94
18867,County_18867,Louisiana,Urban,22.75,9.26,20.4,34.35
41565,County_41565,South Dakota,Rural,20.88,9.92,17.36,37.55
42663,County_42663,Tennessee,Rural,19.7,9.26,16.53,24.83
51267,County_51267,Other,Urban,24.09,13.59,17.27,44.71
31033,County_31033,New Mexico,Rural,32.11,15.46,22.86,28.7
29611,County_29611,New Hampshire,Rural,11.97,6.87,7.25,22.65
7097,County_7097,Connecticut,Urban,24.83,,16.3,41.15
40087,County_40087,South Carolina,Rural,22.92,7.62,19.15,35.76
12459,County_12459,Idaho,Rural,19.19,9.66,16.51,38.68
30803,County_30803,New Jersey,Rural,25.17,13.94,19.78,34.03
20101,County_20101,Maryland,Rural,26.97,13.89,24.09,34.63
13825,County_13825,Illinois,Urban,,12.26,24.17,32.38
44367,County_44367,Utah,Rural,22.07,8.93,18.1,33.5
16429,County_16429,Kansas,Rural,27.44,16.41,23.34,37.27
15599,County_15599,Iowa,Urban,31.18,16.09,28.91,50.79
30175,County_30175,New Jersey,Urban,23.7,12.62,22.33,33.46
9861,County_9861,Florida,Suburban/Small City,19.24,8.71,16.81,
40887,County_40887,South Carolina,Suburban/Small City,9.8,5.46,6.86,23.83
29979,County_29979,New Hampshire,Rural,28.03,14.65,,34.0
15897,County_15897,Iowa,Rural,27.98,12.3,23.6,52.34
5065,County_5065,California,Rural,15.32,7.77,12.32,27.2
37059,County_37059,Oregon,Urban,22.32,11.5,21.1,
13127,County_13127,Illinois,Rural,17.69,9.16,14.12,23.89
18239,County_18239,Louisiana,Rural,33.53,16.01,32.24,40.17
28845,County_28845,Nevada,Urban,,12.92,20.31,32.17
28305,County_28305,Nevada,Rural,30.82,14.12,27.23,38.72
23549,County_23549,Minnesota,Urban,14.88,7.62,13.42,25.43
48751,County_48751,West Virginia,Rural,25.8,14.16,22.97,30.59
37607,County_37607,Oregon,Rural,24.64,12.33,20.93,34.09
52481,County_52481,Other,Rural,26.26,12.05,24.13,41.08
2505,County_2505,Alaska,Rural,15.34,7.4,10.23,26.77
21037,County_21037,Massachusetts,Rural,21.14,12.37,19.98,35.39
37909,County_37909,Oregon,Urban,22.57,11.28,22.77,31.93
18139,County_18139,Louisiana,Rural,20.69,9.05,19.01,32.08
37701,County_37701,Oregon,Rural,22.72,8.6,18.92,29.55
34301,County_34301,North Dakota,Urban,23.06,9.76,17.64,38.19
43481,County_43481,Texas,Rural,34.16,18.88,29.38,35.97
3555,County_3555,Arizona,Rural,26.43,13.82,,28.42
21637,County_21637,Massachusetts,Rural,28.9,16.54,24.11,40.34
43301,County_43301,Texas,Rural,19.7,10.93,16.63,28.89
22001,County_22001,Michigan,Rural,26.89,13.47,23.22,44.83
54449,County_54449,Other,Rural,15.72,9.61,9.33,31.19
25785,County_25785,Missouri,Suburban/Small City,17.34,11.14,11.29,17.62
49775,County_49775,Wisconsin,Urban,24.01,9.34,22.38,21.34
40487,County_40487,South Carolina,Rural,21.58,10.65,15.01,35.03
55731,County_55731,Other,Urban,22.67,9.87,21.24,
8071,County_8071,Delaware,Rural,24.28,10.32,22.15,25.51
37845,County_37845,Oregon,Urban,17.81,10.15,15.27,38.54
45763,County_45763,Vermont,Urban,19.74,9.28,13.87,35.57
44585,County_44585,Utah,Urban,23.64,12.77,21.28,29.05
36441,County_36441,Oklahoma,Urban,31.74,15.23,28.39,30.52
54881,County_54881,Other,Rural,15.16,8.43,16.35,33.7
24373,County_24373,Mississippi,Rural,31.62,16.47,,39.01
26489,County_26489,Montana,Rural,16.62,10.23,16.26,21.07
32069,County_32069,New York,Urban,25.02,12.81,19.79,27.6
14379,County_14379,Indiana,Rural,28.32,14.83,21.6,34.67
56867,County_56867,Other,Rural,17.99,8.47,14.44,31.93
19539,County_19539,Maine,Urban,30.33,10.51,25.85,28.94
17577,County_17577,Kentucky,Rural,28.62,14.15,22.43,35.34
48921,County_48921,West Virginia,Rural,17.37,6.09,13.04,37.03
17761,County_17761,Kentucky,Rural,17.74,10.36,15.32,22.01
50257,County_50257,Wyoming,Urban,25.97,11.17,20.07,33.06
34445,County_34445,North Dakota,Urban,22.0,12.22,18.8,32.31
20199,County_20199,Maryland,Rural,29.15,14.24,24.34,31.22
24979,County_24979,Mississippi,Rural,16.42,9.11,14.6,36.66
55949,County_55949,Other,Rural,19.21,9.72,16.48,34.81
6175,County_6175,Colorado,Rural,17.98,7.05,15.73,29.67
3131,County_3131,Arizona,Urban,21.76,10.96,20.33,26.4
37719,County_37719,Oregon,Suburban/Small City,14.74,8.74,9.18,29.27
4847,County_4847,Arkansas,Suburban/Small City,18.32,8.87,13.59,22.91
23109,County_23109,Minnesota,Rural,24.71,13.45,23.67,37.51
31809,County_31809,New Mexico,Urban,8.61,4.69,6.65,28.89
12405,County_12405,Idaho,Rural,21.19,11.3,17.51,24.06
25499,County_25499,Missouri,Suburban/Small City,25.69,,24.83,31.22
19159,County_19159,Maine,Urban,,8.35,15.63,31.64
39267,County_39267,Rhode Island,Urban,20.21,9.13,17.76,19.2
32811,County_32811,New York,Rural,31.22,13.0,29.1,33.8
41525,County_41525,South Dakota,Rural,30.06,11.46,27.59,37.7
6851,County_6851,Colorado,Rural,22.4,13.32,20.58,34.25
49099,County_49099,Wisconsin,Rural,23.26,11.09,23.0,35.09
14453,County_14453,Indiana,Urban,27.19,12.65,21.94,39.48
22673,County_22673,Michigan,Rural,14.43,7.15,11.31,26.28
52721,County_52721,Other,Urban,,14.53,24.59,28.53
47875,County_47875,Washington,Rural,20.99,10.65,15.68,27.33
44779,County_44779,Utah,Urban,28.88,13.56,20.42,40.88
44097,County_44097,Utah,Urban,15.89,9.35,13.62,26.78
24509,County_24509,Mississippi,Rural,10.69,4.46,12.43,18.35
46995,County_46995,Virginia,Rural,19.47,11.07,17.16,33.16
46611,County_46611,Virginia,Rural,23.16,11.17,20.76,34.86
15227,County_15227,Iowa,Rural,28.5,16.46,23.76,41.1
41053,County_41053,South Dakota,Rural,6.08,4.86,3.82,28.07
54657,County_54657,Other,Rural,26.14,14.7,21.59,35.7
13319,County_13319,Illinois,Urban,21.4,11.96,20.47,36.21
43249,County_43249,Texas,Rural,14.82,10.62,15.05,24.43
5965,County_5965,California,Urban,26.97,12.87,22.56,36.7
1207,County_1207,Alabama,Rural,,14.17,25.06,41.54
56953,County_56953,Other,Rural,23.73,12.47,16.63,42.85
2263,County_2263,Alaska,Rural,19.54,11.08,17.88,28.1
36411,County_36411,Oklahoma,Rural,20.65,7.8,17.5,32.65
8715,County_8715,Delaware,Urban,22.23,11.02,16.77,35.86
41637,County_41637,South Dakota,Suburban/Small City,13.79,11.13,11.02,27.41
11065,County_11065,Hawaii,Suburban/Small City,24.16,12.77,21.75,
20971,County_20971,Maryland,Rural,29.91,14.11,26.69,42.58
15923,County_15923,Iowa,Urban,32.75,12.53,30.42,42.93
18767,County_18767,Louisiana,Suburban/Small City,23.25,11.04,20.97,40.44
24717,County_24717,Mississippi,Urban,22.91,10.15,18.51,35.22
27885,County_27885,Nebraska,Urban,13.74,8.02,12.91,26.43
2057,County_2057,Alaska,Rural,27.5,11.83,22.93,38.28
25345,County_25345,Missouri,Rural,11.04,5.87,11.04,19.8
44717,County_44717,Utah,Urban,22.29,9.96,23.94,30.43
49871,County_49871,Wisconsin,Rural,27.46,14.1,21.31,40.94
45069,County_45069,Vermont,Urban,15.96,7.49,16.79,23.92
49033,County_49033,Wisconsin,Suburban/Small City,28.2,14.77,22.28,25.24
15521,County_15521,Iowa,Rural,36.85,18.64,30.89,37.54
51747,County_51747,Other,Urban,20.71,8.4,19.38,27.01
19133,County_19133,Maine,Suburban/Small City,22.59,12.03,19.29,27.97
28183,County_28183,Nevada,Rural,26.73,14.7,18.3,49.1
34257,County_34257,North Dakota,Urban,27.01,13.17,18.39,39.08
2289,County_2289,Alaska,Rural,25.78,12.06,,46.01
10221,County_10221,Georgia,Rural,12.2,7.36,9.45,18.43
54781,County_54781,Other,Suburban/Small City,22.87,11.87,18.86,31.66
17827,County_17827,Kentucky,Urban,25.43,13.22,20.46,38.5
11721,County_11721,Hawaii,Urban,14.08,6.72,10.42,24.5
40929,County_40929,South Carolina,Urban,24.56,11.14,20.31,35.79
39123,County_39123,Rhode Island,Rural,21.78,9.82,17.73,24.58
21225,County_21225,Massachusetts,Rural,27.81,12.91,20.23,40.71
36241,County_36241,Oklahoma,Rural,32.64,14.29,31.09,44.57
50579,County_50579,Wyoming,Rural,29.0,17.19,,42.06
18469,County_18469,Louisiana,Urban,30.76,17.81,24.13,42.94
5371,County_5371,California,Rural,21.88,8.32,18.0,32.35
36215,County_36215,Oklahoma,Urban,13.29,6.83,8.54,23.32
44045,County_44045,Utah,Rural,17.82,11.51,16.15,25.35
4603,County_4603,Arkansas,Rural,17.16,9.92,14.76,28.51
54579,County_54579,Other,Rural,26.81,13.72,18.88,35.05
1337,County_1337,Alabama,Urban,16.3,8.41,10.28,
51289,County_51289,Other,Rural,26.47,12.95,20.58,31.72
13827,County_13827,Illinois,Suburban/Small City,20.09,10.63,15.61,31.68
22015,County_22015,Michigan,Suburban/Small City,14.72,9.77,13.07,29.45
34827,County_34827,North Dakota,Rural,19.93,10.53,19.03,33.99
7933,County_7933,Connecticut,Urban,23.1,14.41,19.3,33.37
10219,County_10219,Georgia,Rural,22.85,8.8,20.26,33.09
29613,County_29613,New Hampshire,Rural,16.48,9.3,14.44,
26453,County_26453,Montana,Urban,21.55,10.12,19.56,33.16
13807,County_13807,Illinois,Rural,22.48,11.18,16.76,24.27
39871,County_39871,Rhode Island,Urban,29.01,15.9,23.57,41.25
47661,County_47661,Washington,Urban,19.9,6.87,15.96,31.3
9435,County_9435,Florida,Rural,21.18,9.73,16.44,35.35
28821,County_28821,Nevada,Rural,15.88,7.33,14.54,26.96
40065,County_40065,South Carolina,Rural,28.94,14.85,25.92,38.04
8063,County_8063,Delaware,Rural,9.69,2.5,9.58,30.27
44099,County_44099,Utah,Urban,17.31,7.15,10.61,24.22
1817,County_1817,Alabama,Rural,17.91,6.55,,29.5
27953,County_27953,Nebraska,Rural,13.65,7.44,12.01,31.61
47515,County_47515,Washington,Rural,24.07,9.94,20.03,35.26
52761,County_52761,Other,Suburban/Small City,23.64,12.96,,39.18
41147,County_41147,South Dakota,Rural,22.17,7.8,19.8,35.78
6115,County_6115,Colorado,Urban,26.61,15.12,22.29,37.99
51319,County_51319,Other,Urban,30.96,14.13,23.89,39.2
5093,County_5093,California,Rural,24.16,13.1,,36.57
12233,County_12233,Idaho,Rural,19.06,8.52,17.89,16.57
31055,County_31055,New Mexico,Rural,10.38,4.79,9.78,14.72
56605,County_56605,Other,Suburban/Small City,14.97,6.53,13.68,29.32
2991,County_2991,Alaska,Rural,28.9,14.32,24.55,30.35
29629,County_29629,New Hampshire,Rural,25.3,10.77,19.85,27.39
27933,County_27933,Nebraska,Urban,15.9,10.78,15.23,27.35
10583,County_10583,Georgia,Urban,,7.18,17.11,29.19
22705,County_22705,Michigan,Rural,19.97,10.28,20.42,34.15
47661,County_47661,Washington,Suburban/Small City,17.87,9.97,16.29,29.99
15457,County_15457,Iowa,Rural,29.83,13.89,24.21,36.69
53493,County_53493,Other,Urban,20.34,10.98,18.81,27.53
10115,County_10115,Georgia,Urban,25.87,9.53,23.12,38.08
37755,County_37755,Oregon,Urban,10.11,6.41,,20.93
19235,County_19235,Maine,Urban,12.16,6.16,9.86,22.78
53081,County_53081,Other,Rural,22.91,15.43,17.88,30.96
16113,County_16113,Kansas,Rural,29.45,12.73,23.63,35.38
29797,County_29797,New Hampshire,Rural,31.41,15.25,29.66,30.78
44773,County_44773,Utah,Urban,29.74,15.2,25.3,34.5
16417,County_16417,Kansas,Rural,22.9,13.77,22.26,31.74
15627,County_15627,Iowa,Rural,18.88,11.59,16.02,27.17
31323,County_31323,New Mexico,Rural,15.46,9.26,12.08,27.78
49145,County_49145,Wisconsin,Urban,24.67,10.97,25.2,34.27
4511,County_4511,Arkansas,Rural,16.36,9.19,,23.22
8201,County_8201,Delaware,Urban,20.22,12.01,17.16,35.85
32679,County_32679,New York,Urban,34.97,18.15,27.38,35.85
4049,County_4049,Arkansas,Suburban/Small City,31.85,15.37,27.45,36.82
6127,County_6127,Colorado,Urban,29.52,13.38,23.17,32.86
39823,County_39823,Rhode Island,Urban,13.58,6.71,11.17,27.42
27213,County_27213,Nebraska,Rural,13.08,5.58,7.05,30.0
24937,County_24937,Mississippi,Urban,21.62,11.56,18.11,27.44
45193,County_45193,Vermont,Rural,26.06,,25.26,41.73
2457,County_2457,Alaska,Rural,31.84,14.33,27.48,37.74
44263,County_44263,Utah,Urban,19.46,9.97,,32.21
7597,County_7597,Connecticut,Rural,,,,31.46
25711,County_25711,Missouri,Rural,17.38,10.48,16.64,26.49
44561,County_44561,Utah,Urban,27.79,14.91,21.25,40.86
8811,County_8811,Delaware,Urban,16.57,9.94,13.59,34.91
18653,County_18653,Louisiana,Urban,16.39,7.84,13.39,35.69
32431,County_32431,New York,Rural,18.85,9.97,15.52,26.01
50431,County_50431,Wyoming,Urban,21.67,10.35,18.07,22.59
32477,County_32477,New York,Urban,18.9,9.66,20.82,19.56
19813,County_19813,Maine,Rural,28.27,13.44,22.76,38.41
35437,County_35437,Ohio,Urban,23.38,10.25,20.5,35.34
50661,County_50661,Wyoming,Rural,34.3,15.36,31.54,38.7
36969,County_36969,Oklahoma,Rural,31.55,15.58,24.3,35.77
56335,County_56335,Other,Urban,7.57,3.11,6.7,18.1
31787,County_31787,New Mexico,Rural,20.74,9.73,22.69,33.25
13851,County_13851,Illinois,Suburban/Small City,16.11,7.58,13.21,28.68
41515,County_41515,South Dakota,Rural,19.45,9.42,17.42,28.59
31899,County_31899,New Mexico,Rural,17.76,8.05,17.24,26.75
46211,County_46211,Virginia,Urban,22.41,10.71,17.89,33.49
47165,County_47165,Washington,Urban,19.47,10.35,16.92,
40341,County_40341,South Carolina,Rural,29.37,13.69,25.58,35.32
10049,County_10049,Georgia,Rural,35.94,16.87,32.57,48.32
20751,County_20751,Maryland,Rural,32.07,14.18,26.82,37.35
41269,County_41269,South Dakota,Urban,18.31,8.64,12.44,20.38
4235,County_4235,Arkansas,Urban,24.59,12.21,20.85,43.82
24581,County_24581,Mississippi,Suburban/Small City,9.74,5.66,10.4,29.49
6549,County_6549,Colorado,Urban,14.19,7.75,11.7,24.61
43041,County_43041,Texas,Rural,16.38,8.56,14.0,23.69
54831,County_54831,Other,Rural,32.55,,27.55,42.97
33657,County_33657,North Carolina,Rural,22.9,9.84,20.88,30.52
4873,County_4873,Arkansas,Urban,22.13,10.85,,33.96
26811,County_26811,Montana,Rural,29.35,14.0,25.28,45.37
44401,County_44401,Utah,Rural,21.72,11.15,19.29,37.81
2631,County_2631,Alaska,Rural,17.78,10.32,16.5,22.25
19667,County_19667,Maine,Rural,26.21,14.56,21.4,35.56
14657,County_14657,Indiana,Rural,19.8,8.71,18.28,34.32
36755,County_36755,Oklahoma,Urban,17.62,8.37,12.36,27.15
33141,County_33141,North Carolina,Rural,17.6,9.3,15.43,21.06
28969,County_28969,Nevada,Rural,22.81,10.72,20.68,32.06
45273,County_45273,Vermont,Urban,21.98,9.9,20.17,
34833,County_34833,North Dakota,Urban,15.03,,12.9,26.04
30813,County_30813,New Jersey,Rural,15.78,10.04,10.79,30.16
7487,County_7487,Connecticut,Suburban/Small City,13.21,5.49,10.27,36.83
26485,County_26485,Montana,Rural,32.72,15.72,24.59,41.12
39747,County_39747,Rhode Island,Urban,35.09,15.91,31.2,42.36
33813,County_33813,North Carolina,Urban,28.8,14.26,20.97,41.83
22949,County_22949,Michigan,Suburban/Small City,,7.48,5.16,20.19
10947,County_10947,Georgia,Urban,15.96,7.21,14.53,28.86
31051,County_31051,New Mexico,Rural,30.77,17.86,26.99,41.14
17607,County_17607,Kentucky,Urban,11.54,4.15,11.34,26.33
10643,County_10643,Georgia,Urban,28.62,15.74,25.86,29.68
5417,County_5417,California,Rural,19.47,10.53,14.04,
4899,County_4899,Arkansas,Rural,22.89,10.01,22.36,35.05
44115,County_44115,Utah,Rural,30.91,16.81,28.48,26.83
53831,County_53831,Other,Urban,30.47,15.88,27.18,30.13
5063,County_5063,California,Suburban/Small City,17.44,9.41,16.22,25.25
33127,County_33127,North Carolina,Urban,31.08,15.9,27.49,45.11
22301,County_22301,Michigan,Rural,,12.89,18.0,32.14
37961,County_37961,Oregon,Rural,15.91,8.35,9.58,22.9
31939,County_31939,New Mexico,Rural,23.42,12.0,18.05,35.86
16489,County_16489,Kansas,Urban,21.53,10.91,17.26,39.86
43567,County_43567,Texas,Rural,19.91,11.24,17.95,25.48
51229,County_51229,Other,Rural,23.45,11.54,16.04,35.45
51073,County_51073,Other,Rural,26.64,15.39,20.82,34.68
17455,County_17455,Kentucky,Rural,19.66,8.91,18.37,33.05
16965,County_16965,Kansas,Rural,9.55,,5.02,31.96
22861,County_22861,Michigan,Urban,24.2,10.2,22.57,27.52
10155,County_10155,Georgia,Rural,20.21,8.42,16.17,41.06
3251,County_3251,Arizona,Urban,17.78,10.1,14.23,23.15
1699,County_1699,Alabama,Urban,35.34,17.49,30.8,39.41
27917,County_27917,Nebraska,Rural,19.61,10.83,16.25,34.93
27919,County_27919,Nebraska,Suburban/Small City,30.58,15.51,26.42,32.67
1795,County_1795,Alabama,Rural,23.12,13.64,21.05,31.34
4677,County_4677,Arkansas,Rural,22.93,10.3,21.18,34.62
55119,County_55119,Other,Urban,19.42,7.53,15.32,40.19
6841,County_6841,Colorado,Urban,27.73,15.74,22.75,34.4
30147,County_30147,New Jersey,Urban,13.81,7.28,10.41,26.43
41169,County_41169,South Dakota,Rural,25.31,12.77,21.93,25.51
48827,County_48827,West Virginia,Rural,34.49,14.12,29.11,38.99
42191,County_42191,Tennessee,Rural,25.13,13.05,20.31,38.02
12579,County_12579,Idaho,Rural,20.95,9.53,15.05,40.97
28869,County_28869,Nevada,Urban,26.83,12.98,21.56,
12671,County_12671,Idaho,Urban,20.1,11.9,15.56,40.91
14901,County_14901,Indiana,Rural,25.43,14.13,21.1,34.61
49397,County_49397,Wisconsin,Rural,24.58,13.24,20.09,39.73
26443,County_26443,Montana,Rural,32.21,17.64,,31.88
12089,County_12089,Idaho,Rural,13.24,5.64,11.75,23.49
28315,County_28315,Nevada,Urban,23.51,10.08,23.32,30.55
11429,County_11429,Hawaii,Urban,11.34,3.91,8.89,34.18
4027,County_4027,Arkansas,Urban,24.58,11.79,23.54,32.11
2655,County_2655,Alaska,Rural,25.06,10.74,20.41,34.97
56181,County_56181,Other,Rural,31.71,14.51,27.66,33.59
18103,County_18103,Louisiana,Rural,34.37,16.1,29.76,39.99
47193,County_47193,Washington,Suburban/Small City,11.32,3.92,7.81,24.19
11505,County_11505,Hawaii,Rural,27.63,15.02,22.41,29.93
29027,County_29027,New Hampshire,Rural,29.85,15.65,24.59,42.12
43311,County_43311,Texas,Rural,15.24,9.93,14.18,35.82
56031,County_56031,Other,Rural,24.95,11.06,20.04,29.67
54879,County_54879,Other,Rural,20.11,,18.39,22.75
35363,County_35363,Ohio,Urban,18.1,10.08,14.47,27.43
22637,County_22637,Michigan,Suburban/Small City,23.55,13.62,20.85,31.46
26909,County_26909,Montana,Rural,15.39,7.09,15.45,22.74
20269,County_20269,Maryland,Urban,27.06,13.04,24.84,39.62
11335,County_11335,Hawaii,Rural,23.46,13.46,18.11,40.01
15681,County_15681,Iowa,Urban,31.12,15.38,29.26,45.19
42165,County_42165,Tennessee,Rural,24.94,11.54,20.65,43.48
48335,County_48335,West Virginia,Suburban/Small City,26.01,14.95,25.94,34.15
3143,County_3143,Arizona,Rural,15.07,7.55,10.29,23.34
41139,County_41139,South Dakota,Rural,23.25,11.91,16.35,30.06
36987,County_36987,Oklahoma,Rural,26.44,14.06,24.25,39.2
43135,County_43135,Texas,Urban,11.94,8.63,9.49,27.62
40011,County_40011,South Carolina,Rural,14.42,7.26,9.8,29.06
14785,County_14785,Indiana,Urban,29.12,13.98,27.27,35.07
15711,County_15711,Iowa,Urban,31.08,13.28,26.56,42.01
51529,County_51529,Other,Rural,15.69,7.3,14.32,21.95
3547,County_3547,Arizona,Urban,23.54,,19.74,26.24
15151,County_15151,Iowa,Rural,26.0,14.88,23.32,43.92
55429,County_55429,Other,Rural,18.96,,16.42,32.1
39145,County_39145,Rhode Island,Urban,,12.67,20.55,35.0
3943,County_3943,Arizona,Rural,19.53,9.88,11.75,35.9
19149,County_19149,Maine,Rural,23.55,8.87,21.07,33.39
55119,County_55119,Other,Rural,28.28,12.37,27.41,46.46
54963,County_54963,Other,Suburban/Small City,9.51,4.9,9.9,23.12
36969,County_36969,Oklahoma,Urban,27.32,13.3,20.97,36.4
31141,County_31141,New Mexico,Urban,12.4,5.78,11.01,30.97
23647,County_23647,Minnesota,Rural,19.39,9.39,15.83,35.86
16515,County_16515,Kansas,Urban,23.65,12.11,18.25,33.04
56191,County_56191,Other,Rural,29.31,15.93,23.36,36.57
56349,County_56349,Other,Rural,14.46,4.86,13.69,29.45
14689,County_14689,Indiana,Rural,23.11,9.26,19.15,34.37
38827,County_38827,Pennsylvania,Suburban/Small City,30.04,15.03,26.34,38.14
39591,County_39591,Rhode Island,Urban,11.56,5.97,12.57,25.37
37471,County_37471,Oregon,Urban,28.03,16.72,25.53,30.54
43909,County_43909,Texas,Urban,25.98,12.5,20.33,32.46
53263,County_53263,Other,Rural,17.64,,16.47,26.59
35183,County_35183,Ohio,Suburban/Small City,15.98,5.66,9.73,25.92
52019,County_52019,Other,Urban,13.65,4.39,14.18,32.09
29929,County_29929,New Hampshire,Rural,19.08,10.02,,38.26
38659,County_38659,Pennsylvania,Suburban/Small City,28.28,13.62,24.6,32.52
40873,County_40873,South Carolina,Suburban/Small City,22.98,11.87,18.25,30.28
23391,County_23391,Minnesota,Rural,25.58,11.64,22.55,43.34
38441,County_38441,Pennsylvania,Urban,9.91,7.03,4.11,23.27
37579,County_37579,Oregon,Urban,15.95,7.72,9.18,21.52
43275,County_43275,Texas,Rural,27.09,12.99,,40.24
40119,County_40119,South Carolina,Urban,17.58,10.26,15.26,38.2
22351,County_22351,Michigan,Rural,26.79,11.34,25.93,34.71
22911,County_22911,Michigan,Rural,20.86,10.96,17.93,36.73
1843,County_1843,Alabama,Rural,13.68,6.54,8.08,24.17
40623,County_40623,South Carolina,Rural,11.44,5.41,9.63,22.83
11597,County_11597,Hawaii,Rural,,11.8,21.43,31.2
24745,County_24745,Mississippi,Rural,17.51,7.86,13.58,17.65
2555,County_2555,Alaska,Rural,12.25,7.33,8.53,23.89
12041,County_12041,Idaho,Rural,24.78,13.97,20.88,39.29
29673,County_29673,New Hampshire,Urban,23.91,11.8,20.03,29.92
54899,County_54899,Other,Urban,24.45,10.94,18.77,37.35
45325,County_45325,Vermont,Rural,25.53,12.75,24.33,36.94
31121,County_31121,New Mexico,Rural,21.83,11.01,17.33,33.65
16947,County_16947,Kansas,Urban,13.49,6.76,9.98,24.31
15975,County_15975,Iowa,Urban,11.44,5.67,10.64,17.94
55911,County_55911,Other,Rural,34.18,15.79,32.43,47.05
21601,County_21601,Massachusetts,Rural,22.93,12.6,22.18,24.44
33579,County_33579,North Carolina,Rural,12.55,7.42,13.13,16.15
15039,County_15039,Iowa,Suburban/Small City,26.67,13.29,21.17,36.18
28015,County_28015,Nevada,Rural,23.35,11.73,17.31,26.65
39643,County_39643,Rhode Island,Suburban/Small City,26.49,12.93,22.5,35.84
36817,County_36817,Oklahoma,Rural,28.51,14.4,24.72,
13489,County_13489,Illinois,Urban,12.7,7.1,10.13,24.39
46343,County_46343,Virginia,Rural,20.82,10.46,18.47,42.74
53577,County_53577,Other,Urban,24.43,12.54,23.04,35.23
33913,County_33913,North Carolina,Rural,21.7,8.8,19.48,25.53
30059,County_30059,New Jersey,Rural,17.34,9.51,12.25,32.23
24283,County_24283,Mississippi,Rural,24.29,12.64,19.15,25.76
53073,County_53073,Other,Urban,20.89,10.23,19.29,
35383,County_35383,Ohio,Urban,,6.05,16.1,27.41
35899,County_35899,Ohio,Rural,13.06,7.14,12.2,17.35
14181,County_14181,Indiana,Rural,21.24,10.66,13.85,34.0
24403,County_24403,Mississippi,Urban,20.78,8.91,17.04,
45775,County_45775,Vermont,Urban,30.13,15.41,28.82,45.78
34853,County_34853,North Dakota,Urban,23.0,10.74,22.17,35.58
39169,County_39169,Rhode Island,Rural,29.92,14.44,23.77,48.94
12153,County_12153,Idaho,Rural,12.94,4.95,12.76,24.77
44963,County_44963,Utah,Urban,18.61,9.78,14.34,29.82
30015,County_30015,New Jersey,Urban,19.04,9.4,16.7,34.33
15441,County_15441,Iowa,Suburban/Small City,15.84,8.08,10.13,31.0
35697,County_35697,Ohio,Rural,26.88,12.11,20.48,33.77
21041,County_21041,Massachusetts,Rural,23.33,10.52,23.26,38.14
20997,County_20997,Maryland,Urban,23.91,13.84,22.27,37.53
23727,County_23727,Minnesota,Rural,27.9,12.08,24.25,34.81
1131,County_1131,Alabama,Rural,24.64,10.95,22.96,21.3
15291,County_15291,Iowa,Rural,25.81,13.91,19.9,31.86
1121,County_1121,Alabama,Suburban/Small City,17.66,10.53,18.5,26.56
16419,County_16419,Kansas,Urban,16.05,7.69,12.66,26.44
9137,County_9137,Florida,Rural,20.09,10.46,19.95,27.91
47513,County_47513,Washington,Rural,25.05,15.1,22.2,28.67
34943,County_34943,North Dakota,Rural,30.47,17.4,27.48,36.58
7063,County_7063,Connecticut,Urban,28.66,11.92,28.52,29.5
2543,County_2543,Alaska,Rural,18.13,10.55,14.81,23.74
37875,County_37875,Oregon,Rural,27.25,13.69,20.97,28.83
22517,County_22517,Michigan,Rural,16.72,9.0,15.55,28.82
17989,County_17989,Kentucky,Rural,24.66,12.37,18.9,28.93
51105,County_51105,Other,Rural,13.51,7.64,10.19,24.1
55799,County_55799,Other,Rural,12.42,5.88,12.76,28.81
55567,County_55567,Other,Rural,10.99,6.35,,24.4
1865,County_1865,Alabama,Urban,16.22,7.49,14.44,28.61
44407,County_44407,Utah,Rural,27.71,16.14,,30.65
43115,County_43115,Texas,Suburban/Small City,28.55,13.92,23.69,32.21
17057,County_17057,Kentucky,Urban,21.94,11.08,17.3,38.08
7873,County_7873,Connecticut,Urban,28.31,,29.57,37.48
10921,County_10921,Georgia,Rural,16.35,6.82,14.24,40.52
50697,County_50697,Wyoming,Urban,18.91,10.63,11.5,39.44
18015,County_18015,Louisiana,Rural,30.32,14.82,27.49,41.16
4583,County_4583,Arkansas,Urban,29.62,14.2,27.98,38.32
5729,County_5729,California,Rural,23.96,15.9,20.07,24.39
41363,County_41363,South Dakota,Rural,18.62,11.5,15.26,30.37
18279,County_18279,Louisiana,Rural,,16.1,28.58,37.21
29389,County_29389,New Hampshire,Rural,29.84,13.06,25.44,41.12
39737,County_39737,Rhode Island,Rural,17.06,9.77,17.31,26.85
27021,County_27021,Nebraska,Rural,23.48,11.95,15.85,27.58
39175,County_39175,Rhode Island,Rural,15.92,6.82,12.44,28.38
46547,County_46547,Virginia,Rural,33.72,14.89,,35.19
24901,County_24901,Mississippi,Rural,27.28,17.18,24.46,30.59
26067,County_26067,Montana,Urban,17.2,8.14,13.19,27.24
6119,County_6119,Colorado,Rural,26.43,13.06,22.34,
56561,County_56561,Other,Rural,24.94,10.19,23.91,30.23
45301,County_45301,Vermont,Rural,25.79,10.81,23.6,40.42
42373,County_42373,Tennessee,Rural,20.21,10.27,14.71,30.74
31237,County_31237,New Mexico,Urban,29.86,13.67,28.05,
54791,County_54791,Other,Rural,19.8,10.88,19.91,25.67
39169,County_39169,Rhode Island,Urban,17.22,11.91,15.9,19.34
33989,County_33989,North Carolina,Rural,24.66,11.25,21.87,38.91
27889,County_27889,Nebraska,Urban,21.04,,18.72,30.31
17591,County_17591,Kentucky,Rural,17.26,8.93,,33.74
28805,County_28805,Nevada,Rural,19.89,11.12,17.3,41.38
26547,County_26547,Montana,Urban,22.91,10.6,16.94,33.02
50509,County_50509,Wyoming,Rural,11.78,5.09,8.07,14.49
17925,County_17925,Kentucky,Urban,20.21,13.39,16.45,33.51
31143,County_31143,New Mexico,Urban,29.78,16.23,23.59,39.8
22465,County_22465,Michigan,Rural,21.05,11.17,21.03,31.55
46315,County_46315,Virginia,Urban,15.28,8.93,13.42,25.05
53895,County_53895,Other,Rural,32.42,15.76,26.52,51.99
46045,County_46045,Virginia,Rural,13.57,4.54,14.39,27.19
28101,County_28101,Nevada,Rural,33.39,16.82,21.93,48.78
50817,County_50817,Wyoming,Urban,,14.64,20.64,27.88
36995,County_36995,Oklahoma,Rural,18.27,10.31,19.5,22.89
49429,County_49429,Wisconsin,Rural,10.89,5.37,11.66,26.4
51279,County_51279,Other,Rural,23.18,12.47,22.61,
21575,County_21575,Massachusetts,Urban,17.84,6.42,15.96,29.13
42957,County_42957,Tennessee,Rural,8.52,4.91,4.76,27.84
9619,County_9619,Florida,Rural,8.8,3.94,5.5,29.56
2139,County_2139,Alaska,Urban,26.8,12.53,21.77,30.08
1719,County_1719,Alabama,Urban,26.19,13.03,23.68,22.82
36373,County_36373,Oklahoma,Rural,21.98,10.4,20.5,24.26
42897,County_42897,Tennessee,Urban,19.19,9.97,16.64,27.63
55695,County_55695,Other,Rural,28.56,12.79,26.38,30.84
46769,County_46769,Virginia,Rural,34.04,18.47,24.37,41.7
15639,County_15639,Iowa,Rural,28.87,12.59,25.39,41.78
4975,County_4975,Arkansas,Rural,,8.2,10.79,34.27
13137,County_13137,Illinois,Urban,15.14,6.28,10.38,23.7
40525,County_40525,South Carolina,Urban,34.16,18.29,31.43,41.51
41323,County_41323,South Dakota,Rural,11.27,4.92,8.32,22.1
50191,County_50191,Wyoming,Urban,14.28,11.22,13.63,
3557,County_3557,Arizona,Rural,20.58,9.81,12.54,34.65
21963,County_21963,Massachusetts,Rural,32.37,16.45,26.37,29.13
12421,County_12421,Idaho,Rural,20.79,8.05,14.68,31.55
15171,County_15171,Iowa,Rural,24.24,12.26,21.58,28.44
19773,County_19773,Maine,Suburban/Small City,26.17,14.05,20.04,47.87
46105,County_46105,Virginia,Rural,13.8,4.77,11.13,25.75
1145,County_1145,Alabama,Suburban/Small City,28.86,13.69,23.89,35.95
47197,County_47197,Washington,Urban,24.02,12.44,19.87,29.84
53055,County_53055,Other,Urban,29.43,17.44,28.59,29.53
41759,County_41759,South Dakota,Urban,25.3,11.99,17.56,32.4
35149,County_35149,Ohio,Rural,21.75,8.75,18.37,38.95
53793,County_53793,Other,Rural,13.15,5.4,11.64,31.68
43405,County_43405,Texas,Rural,22.8,12.16,15.55,34.85
29193,County_29193,New Hampshire,Rural,12.11,6.17,11.82,31.42
14447,County_14447,Indiana,Rural,16.33,8.7,14.67,29.56
42299,County_42299,Tennessee,Rural,19.09,12.04,11.55,24.22
13801,County_13801,Illinois,Rural,8.83,5.1,,
27265,County_27265,Nebraska,Rural,8.83,3.74,6.98,19.32
42241,County_42241,Tennessee,Rural,6.54,2.32,10.91,16.44
28209,County_28209,Nevada,Suburban/Small City,22.11,12.48,17.29,34.24
36561,County_36561,Oklahoma,Rural,21.92,9.35,19.66,30.46
45853,County_45853,Vermont,Rural,20.3,10.01,18.23,21.3
15233,County_15233,Iowa,Urban,25.04,11.41,20.21,35.54
16363,County_16363,Kansas,Suburban/Small City,11.25,,9.86,26.69
25941,County_25941,Missouri,Urban,20.93,9.7,21.52,34.39
21507,County_21507,Massachusetts,Suburban/Small City,28.13,15.18,20.33,32.74
1835,County_1835,Alabama,Suburban/Small City,10.9,7.75,7.71,29.63
38865,County_38865,Pennsylvania,Urban,13.87,6.12,12.95,36.37
38437,County_38437,Pennsylvania,Rural,,20.0,26.78,33.17
5659,County_5659,California,Urban,23.38,14.95,23.37,27.58
1703,County_1703,Alabama,Rural,20.49,11.01,14.29,33.44
24321,County_24321,Mississippi,Urban,25.25,12.8,20.78,36.94
30891,County_30891,New Jersey,Rural,24.06,10.97,22.91,25.16
13537,County_13537,Illinois,Rural,21.93,13.07,19.97,25.45
45027,County_45027,Vermont,Rural,18.78,11.76,14.98,21.94
52519,County_52519,Other,Rural,27.32,13.13,19.97,34.61
15869,County_15869,Iowa,Urban,23.92,12.08,17.75,32.27
17773,County_17773,Kentucky,Urban,24.14,12.02,21.92,31.76
17805,County_17805,Kentucky,Rural,33.9,18.95,29.3,36.1
7179,County_7179,Connecticut,Rural,31.01,17.73,24.09,45.28
40027,County_40027,South Carolina,Urban,21.06,9.98,18.9,34.79
54997,County_54997,Other,Rural,20.66,7.49,22.26,28.48
49239,County_49239,Wisconsin,Urban,32.64,14.91,27.37,38.03
28119,County_28119,Nevada,Rural,37.48,19.27,33.37,37.93
51203,County_51203,Other,Urban,27.52,12.54,24.93,33.86
24381,County_24381,Mississippi,Urban,19.22,8.51,16.94,32.07
42489,County_42489,Tennessee,Urban,31.57,15.09,26.58,44.41
9529,County_9529,Florida,Rural,16.67,8.1,15.05,34.26
23395,County_23395,Minnesota,Urban,13.71,5.43,11.22,36.44
1111,County_1111,Alabama,Urban,26.31,14.49,22.5,30.0
41461,County_41461,South Dakota,Suburban/Small City,17.79,10.65,14.25,34.1
24997,County_24997,Mississippi,Rural,33.42,17.89,25.39,33.92
22501,County_22501,Michigan,Rural,11.53,5.95,10.18,34.52
55043,County_55043,Other,Rural,22.82,9.86,19.6,34.64
24475,County_24475,Mississippi,Rural,24.62,11.25,,36.26
5673,County_5673,California,Rural,15.41,6.06,12.02,29.3
29989,County_29989,New Hampshire,Rural,30.18,16.96,24.7,27.15
5363,County_5363,California,Suburban/Small City,22.78,14.25,17.03,28.46
35135,County_35135,Ohio,Urban,26.15,12.75,18.09,37.85
10067,County_10067,Georgia,Urban,14.33,7.8,12.2,30.92
3251,County_3251,Arizona,Suburban/Small City,23.43,10.29,21.96,38.91
39727,County_39727,Rhode Island,Urban,17.09,8.49,13.78,29.65
5835,County_5835,California,Rural,23.47,12.27,22.76,26.06
28127,County_28127,Nevada,Suburban/Small City,19.85,11.46,20.07,30.62
8401,County_8401,Delaware,Rural,26.83,15.66,22.79,39.15
47725,County_47725,Washington,Urban,20.46,8.65,15.44,36.66
45739,County_45739,Vermont,Urban,16.85,7.81,14.11,21.73
16769,County_16769,Kansas,Urban,21.2,10.41,17.97,28.57
21205,County_21205,Massachusetts,Urban,27.42,12.72,24.2,45.24
16631,County_16631,Kansas,Rural,21.82,10.5,18.24,32.11
47885,County_47885,Washington,Suburban/Small City,10.13,7.21,10.17,19.29
41863,County_41863,South Dakota,Urban,32.46,17.46,27.6,44.88
37455,County_37455,Oregon,Rural,,5.66,16.1,34.65
16425,County_16425,Kansas,Rural,26.12,12.19,25.3,38.23
4423,County_4423,Arkansas,Urban,20.76,10.77,18.2,25.19
56553,County_56553,Other,Rural,16.23,8.53,20.26,29.78
21875,County_21875,Massachusetts,Urban,30.15,17.63,25.52,38.75
24957,County_24957,Mississippi,Suburban/Small City,17.69,,11.75,18.22
18781,County_18781,Louisiana,Rural,11.37,8.52,8.62,24.82
11217,County_11217,Hawaii,Suburban/Small City,30.24,16.21,27.47,36.91
22695,County_22695,Michigan,Rural,17.09,10.11,11.42,33.23
