COUNTYFIPS,COUNTY,STATE,community_type,insurance_coverage_pct,uninsured_pct,uninsured_below64_pct,sahie_uninsured_pct,pct_private_insurance,pct_medicaid,pct_medicare_only
9261,County_9261,Florida,Rural,78.26,21.74,26.03,21.97,41.13,36.9,4.33
33417,County_33417,North Carolina,Rural,74.61,25.39,30.57,26.33,40.19,27.37,4.21
1695,County_1695,Alabama,Rural,72.25,27.75,33.53,28.96,36.1,43.72,5.82
28741,County_28741,Nevada,Suburban/Small City,75.88,24.12,28.65,24.24,43.21,33.83,6.64
37117,County_37117,Oregon,Rural,85.88,14.12,17.37,14.04,42.92,27.97,3.95
56427,County_56427,Other,Urban,85.58,14.42,17.27,15.22,41.03,24.0,8.02
42739,County_42739,Tennessee,Rural,88.69,11.31,14.03,11.5,48.85,22.21,5.55
2843,County_2843,Alaska,Urban,84.85,15.15,18.01,16.18,49.37,23.33,
36055,County_36055,Oklahoma,Urban,69.43,30.57,37.62,31.04,39.19,52.99,7.18
11739,County_11739,Hawaii,Rural,80.61,19.39,23.12,19.7,33.04,28.33,5.68
3197,County_3197,Arizona,Rural,63.36,36.64,43.52,36.53,32.21,53.42,7.09
33939,County_33939,North Carolina,Urban,77.68,22.32,26.78,22.1,41.2,43.14,4.06
38811,County_38811,Pennsylvania,Rural,77.75,22.25,27.49,22.87,47.04,25.02,5.81
50149,County_50149,Wyoming,Rural,84.75,15.25,18.05,15.72,43.72,28.24,5.69
31755,County_31755,New Mexico,Suburban/Small City,74.67,25.33,30.03,25.75,32.15,45.74,4.08
48027,County_48027,West Virginia,Urban,67.98,32.02,37.85,32.61,21.01,56.12,5.67
56975,County_56975,Other,Urban,72.34,27.66,33.61,28.11,33.32,48.21,6.6
11023,County_11023,Hawaii,Rural,78.45,21.55,24.77,21.32,41.08,37.95,
47603,County_47603,Washington,Urban,80.62,19.38,22.21,19.61,37.71,36.81,6.76
32545,County_32545,New York,Rural,68.94,31.06,38.19,31.36,27.11,49.6,7.92
48951,County_48951,West Virginia,Urban,84.64,15.36,18.47,15.75,38.73,32.52,5.94
12941,County_12941,Idaho,Rural,68.74,31.26,37.47,31.32,39.63,48.99,5.5
29835,County_29835,New Hampshire,Rural,83.59,16.41,19.98,15.92,41.9,27.76,5.82
28877,County_28877,Nevada,Rural,70.93,29.07,34.24,29.58,35.97,41.23,4.97
40139,County_40139,South Carolina,Rural,84.19,15.81,18.71,14.65,36.52,29.11,5.29
55031,County_55031,Other,Rural,78.7,21.3,25.66,22.21,41.86,27.69,6.17
51729,County_51729,Other,Rural,86.19,13.81,16.78,14.43,45.95,23.81,6.59
56219,County_56219,Other,Urban,80.19,19.81,24.03,19.4,37.22,36.14,7.59
10217,County_10217,Georgia,Urban,90.38,9.62,11.74,9.23,56.85,22.87,3.64
39397,County_39397,Rhode Island,Rural,73.4,26.6,32.54,26.23,37.26,40.78,7.88
27187,County_27187,Nebraska,Rural,73.42,26.58,32.58,26.83,43.46,37.32,6.23
53441,County_53441,Other,Rural,86.45,13.55,16.46,13.85,34.64,30.87,7.53
43713,County_43713,Texas,Urban,75.18,24.82,30.1,25.18,35.3,40.37,9.68
32867,County_32867,New York,Rural,91.55,8.45,10.01,9.21,51.09,18.75,7.43
34531,County_34531,North Dakota,Rural,88.26,11.74,14.76,12.73,44.33,17.21,8.76
23543,County_23543,Minnesota,Suburban/Small City,,25.41,29.81,24.92,38.73,38.96,6.79
28911,County_28911,Nevada,Urban,70.43,29.57,35.14,29.55,35.76,50.69,8.8
23923,County_23923,Minnesota,Rural,84.78,15.22,18.47,15.54,38.74,28.95,
56329,County_56329,Other,Urban,82.58,17.42,,17.76,57.76,28.36,5.87
6253,County_6253,Colorado,Urban,,17.1,19.76,17.49,48.54,30.85,3.18
30691,County_30691,New Jersey,Urban,81.8,18.2,21.84,17.89,50.86,32.17,5.4
52325,County_52325,Other,Rural,90.25,9.75,12.42,11.1,48.38,13.95,9.08
55517,County_55517,Other,Rural,73.32,26.68,33.07,26.69,39.75,39.33,4.74
5805,County_5805,California,Urban,78.15,21.85,26.17,21.35,37.64,33.12,6.64
23243,County_23243,Minnesota,Rural,,17.38,20.58,18.28,45.96,27.08,5.66
55125,County_55125,Other,Rural,95.5,4.5,5.87,5.1,47.07,24.69,7.11
21441,County_21441,Massachusetts,Urban,89.78,10.22,12.59,9.68,44.27,17.25,7.27
9001,County_9001,Florida,Rural,75.31,24.69,29.99,25.23,37.55,37.28,8.59
19807,County_19807,Maine,Rural,87.1,12.9,15.81,13.22,51.15,12.2,5.81
34247,County_34247,North Dakota,Urban,75.12,24.88,29.73,25.05,32.66,33.61,6.67
27585,County_27585,Nebraska,Urban,,22.88,25.97,23.49,36.55,43.66,7.89
11447,County_11447,Hawaii,Urban,71.93,28.07,33.26,28.44,37.94,36.32,7.49
8341,County_8341,Delaware,Rural,85.08,14.92,17.87,15.36,38.85,21.9,7.18
49733,County_49733,Wisconsin,Urban,63.7,36.3,43.36,37.18,33.04,49.01,
41359,County_41359,South Dakota,Urban,86.11,13.89,17.25,14.66,43.97,26.64,6.97
54961,County_54961,Other,Urban,76.46,23.54,28.62,23.1,29.83,,7.79
31503,County_31503,New Mexico,Rural,,34.57,41.59,34.28,23.35,54.31,1.68
14791,County_14791,Indiana,Rural,63.08,36.92,44.92,37.05,25.69,53.83,3.38
33477,County_33477,North Carolina,Rural,75.22,24.78,29.67,24.92,35.09,37.33,5.97
56141,County_56141,Other,Urban,77.18,22.82,27.02,22.93,37.45,37.34,6.91
1363,County_1363,Alabama,Rural,64.97,35.03,42.98,35.59,34.23,49.6,5.66
44571,County_44571,Utah,Urban,93.38,6.62,8.2,6.81,59.66,15.9,8.11
14255,County_14255,Indiana,Rural,71.68,28.32,33.62,28.39,30.99,35.52,3.6
56709,County_56709,Other,Rural,83.31,16.69,19.97,17.73,53.34,24.4,8.61
23171,County_23171,Minnesota,Suburban/Small City,74.06,25.94,30.74,26.48,,39.11,8.31
39457,County_39457,Rhode Island,Rural,75.54,24.46,29.85,23.97,42.03,36.52,6.04
12197,County_12197,Idaho,Rural,78.56,21.44,26.08,22.17,37.96,46.99,5.5
49845,County_49845,Wisconsin,Rural,86.14,13.86,17.22,14.48,48.77,17.28,9.71
48381,County_48381,West Virginia,Rural,81.94,18.06,21.44,17.93,41.53,30.3,4.96
39709,County_39709,Rhode Island,Suburban/Small City,75.96,24.04,28.25,23.7,36.55,27.5,6.85
40223,County_40223,South Carolina,Rural,89.16,10.84,13.46,10.84,47.44,25.91,7.4
9441,County_9441,Florida,Urban,89.3,10.7,12.07,11.39,42.19,18.62,4.9
14423,County_14423,Indiana,Rural,91.36,8.64,10.91,,43.55,16.85,3.79
30565,County_30565,New Jersey,Urban,93.75,6.25,6.32,6.61,49.91,18.68,8.21
23479,County_23479,Minnesota,Urban,88.91,,14.21,10.67,45.09,24.39,5.92
49315,County_49315,Wisconsin,Urban,72.62,27.38,31.98,28.21,30.12,34.39,7.49
41105,County_41105,South Dakota,Urban,80.91,19.09,24.0,19.74,37.19,31.23,7.47
46793,County_46793,Virginia,Rural,74.13,25.87,31.09,,36.57,42.13,5.16
44109,County_44109,Utah,Urban,72.21,27.79,33.12,27.4,32.07,33.68,6.83
2933,County_2933,Alaska,Rural,71.76,28.24,33.83,29.39,34.73,40.27,4.72
9957,County_9957,Florida,Urban,79.84,20.16,24.71,20.3,43.45,29.11,7.35
2787,County_2787,Alaska,Rural,65.65,34.35,41.57,33.96,26.72,45.11,8.53
34335,County_34335,North Dakota,Urban,81.45,18.55,22.39,17.9,46.85,22.02,5.92
54463,County_54463,Other,Rural,76.53,23.47,27.95,23.57,41.92,31.77,5.61
46583,County_46583,Virginia,Urban,83.14,16.86,20.3,16.71,52.06,29.31,6.93
1573,County_1573,Alabama,Urban,63.99,36.01,43.75,36.27,29.33,41.03,7.38
13057,County_13057,Illinois,Rural,81.61,18.39,22.01,18.89,40.07,36.02,
54617,County_54617,Other,Rural,89.5,10.5,13.28,10.73,51.87,25.94,6.87
8265,County_8265,Delaware,Rural,75.72,24.28,28.23,24.59,39.14,,5.79
51595,County_51595,Other,Rural,75.06,24.94,30.03,24.6,37.3,38.99,8.14
12079,County_12079,Idaho,Rural,72.9,27.1,32.85,26.65,41.38,41.11,3.84
51677,County_51677,Other,Rural,63.77,36.23,44.12,35.42,26.56,48.07,5.48
28493,County_28493,Nevada,Rural,70.39,29.61,35.03,29.88,43.88,33.31,5.48
14961,County_14961,Indiana,Suburban/Small City,94.14,5.86,6.8,6.62,54.02,17.9,5.92
3159,County_3159,Arizona,Urban,87.86,12.14,15.71,12.06,55.1,17.34,6.21
55607,County_55607,Other,Rural,87.47,12.53,14.37,12.19,52.49,22.64,3.04
24679,County_24679,Mississippi,Urban,65.62,34.38,,34.86,20.96,43.95,4.16
21725,County_21725,Massachusetts,Urban,90.99,,11.47,9.4,47.58,23.57,5.75
42897,County_42897,Tennessee,Rural,67.45,32.55,38.69,33.66,43.06,46.31,
41827,County_41827,South Dakota,Suburban/Small City,77.42,,27.66,22.03,44.4,31.39,5.74
30667,County_30667,New Jersey,Urban,72.27,27.73,32.94,28.22,31.04,43.63,7.08
53823,County_53823,Other,Suburban/Small City,81.52,18.48,22.37,18.83,43.15,28.81,3.05
23893,County_23893,Minnesota,Suburban/Small City,70.29,29.71,35.03,28.8,28.4,47.25,6.53
24639,County_24639,Mississippi,Urban,67.72,32.28,38.61,31.73,38.17,41.58,4.67
4315,County_4315,Arkansas,Rural,62.11,37.89,45.06,38.17,27.56,44.63,6.16
4071,County_4071,Arkansas,Urban,90.1,9.9,11.84,10.11,57.93,19.04,4.26
43065,County_43065,Texas,Urban,74.97,25.03,30.78,25.03,35.67,36.32,7.88
12669,County_12669,Idaho,Suburban/Small City,75.62,,28.98,24.07,28.6,37.94,6.73
48991,County_48991,West Virginia,Rural,72.28,27.72,34.11,28.69,28.78,43.99,6.28
21949,County_21949,Massachusetts,Suburban/Small City,97.82,2.18,2.89,1.7,44.58,22.26,7.07
27501,County_27501,Nebraska,Rural,88.85,11.15,,11.39,42.91,23.56,3.65
6159,County_6159,Colorado,Rural,82.86,17.14,20.17,17.59,49.59,32.4,8.05
49449,County_49449,Wisconsin,Rural,86.95,13.05,15.59,13.59,48.74,32.91,5.65
39353,County_39353,Rhode Island,Rural,70.21,29.79,35.5,29.71,,48.37,4.19
52567,County_52567,Other,Rural,65.0,35.0,42.81,36.16,26.68,45.93,5.74
2535,County_2535,Alaska,Urban,83.83,16.17,18.19,16.74,47.48,28.41,2.8
48527,County_48527,West Virginia,Urban,88.34,11.66,13.31,12.43,45.28,27.65,6.62
26307,County_26307,Montana,Suburban/Small City,64.52,35.48,42.24,35.61,25.69,46.72,5.44
33007,County_33007,North Carolina,Rural,86.74,13.26,16.26,13.66,48.27,20.33,8.3
55595,County_55595,Other,Urban,78.23,21.77,26.16,21.11,19.52,32.97,6.12
20833,County_20833,Maryland,Suburban/Small City,80.58,19.42,22.59,19.94,,35.39,6.44
52685,County_52685,Other,Urban,74.74,25.26,30.73,25.92,32.19,36.72,3.96
10445,County_10445,Georgia,Urban,79.81,,24.55,20.1,41.94,35.78,6.31
53153,County_53153,Other,Urban,72.54,27.46,33.3,27.66,39.64,41.76,6.96
29449,County_29449,New Hampshire,Suburban/Small City,85.71,14.29,17.91,14.79,39.8,26.77,4.06
43179,County_43179,Texas,Rural,80.91,,22.98,19.94,40.47,35.81,5.48
39339,County_39339,Rhode Island,Rural,81.67,18.33,21.6,19.44,39.71,36.12,3.5
43705,County_43705,Texas,Urban,83.81,16.19,19.34,16.11,40.3,32.57,7.85
33745,County_33745,North Carolina,Rural,87.64,12.36,15.57,13.13,47.7,23.4,7.91
12335,County_12335,Idaho,Urban,90.73,9.27,10.75,10.28,42.73,22.67,4.26
23573,County_23573,Minnesota,Urban,74.6,25.4,30.12,25.69,35.63,34.68,5.27
46635,County_46635,Virginia,Rural,77.08,22.92,27.28,23.15,39.65,34.45,5.47
7151,County_7151,Connecticut,Suburban/Small City,70.95,29.05,34.92,29.34,32.2,40.45,6.22
8681,County_8681,Delaware,Suburban/Small City,84.94,15.06,18.76,15.4,60.59,29.0,4.77
29903,County_29903,New Hampshire,Urban,78.33,21.67,26.33,21.23,43.13,33.0,6.14
32979,County_32979,New York,Suburban/Small City,66.5,33.5,40.65,32.99,30.58,45.33,5.86
48115,County_48115,West Virginia,Urban,80.36,19.64,23.15,19.57,41.67,38.64,7.97
13469,County_13469,Illinois,Rural,83.85,16.15,18.94,16.32,39.58,29.34,6.55
14375,County_14375,Indiana,Rural,76.69,23.31,27.53,23.28,38.33,35.56,6.82
17185,County_17185,Kentucky,Urban,87.25,12.75,15.33,12.79,45.28,27.36,
25895,County_25895,Missouri,Urban,76.44,23.56,27.8,24.27,32.65,38.19,5.33
11583,County_11583,Hawaii,Rural,66.5,33.5,40.08,33.49,24.07,54.38,3.78
24151,County_24151,Mississippi,Rural,85.2,14.8,17.67,14.85,46.94,23.1,5.27
24391,County_24391,Mississippi,Suburban/Small City,75.47,24.53,28.89,24.49,36.21,33.34,7.02
11237,County_11237,Hawaii,Rural,,8.09,9.22,8.16,55.67,17.74,
12221,County_12221,Idaho,Rural,80.3,19.7,23.0,20.39,46.66,36.15,4.94
20417,County_20417,Maryland,Rural,68.57,31.43,37.05,31.63,27.03,49.58,6.67
19595,County_19595,Maine,Rural,90.19,9.81,12.46,9.39,50.43,22.48,7.03
30269,County_30269,New Jersey,Rural,82.81,17.19,21.13,,46.46,36.04,5.59
32165,County_32165,New York,Suburban/Small City,66.0,34.0,41.61,35.8,31.3,45.56,6.17
1353,County_1353,Alabama,Urban,82.65,17.35,20.56,17.72,42.03,30.08,6.27
33153,County_33153,North Carolina,Suburban/Small City,67.46,32.54,39.92,33.82,38.97,43.2,5.39
52779,County_52779,Other,Urban,76.56,23.44,28.06,24.3,32.57,35.52,4.77
38755,County_38755,Pennsylvania,Urban,93.73,6.27,7.83,5.92,50.89,19.99,7.41
36617,County_36617,Oklahoma,Rural,92.12,7.88,8.89,7.63,51.52,18.1,5.91
53817,County_53817,Other,Rural,84.1,15.9,19.05,15.37,35.77,20.05,5.84
48115,County_48115,West Virginia,Urban,67.47,32.53,39.98,31.93,32.14,49.19,5.13
21251,County_21251,Massachusetts,Rural,92.8,7.2,7.7,6.96,55.9,13.97,7.43
15251,County_15251,Iowa,Rural,82.43,17.57,20.76,17.67,41.06,24.58,8.96
6907,County_6907,Colorado,Rural,73.97,26.03,31.59,26.33,33.96,36.73,8.49
53943,County_53943,Other,Suburban/Small City,64.82,35.18,41.85,35.8,23.89,49.06,7.65
5307,County_5307,California,Rural,,17.19,,16.71,52.01,24.83,6.42
43061,County_43061,Texas,Rural,95.42,4.58,5.35,4.65,55.08,17.88,8.37
52065,County_52065,Other,Rural,77.71,22.29,26.87,22.91,36.45,39.7,7.41
8375,County_8375,Delaware,Urban,73.15,26.85,32.71,28.01,32.46,34.69,7.27
55531,County_55531,Other,Rural,86.31,13.69,16.53,14.18,46.96,26.8,7.75
5365,County_5365,California,Urban,76.57,23.43,28.26,23.46,35.68,30.12,6.9
26115,County_26115,Montana,Urban,70.12,29.88,,30.59,,36.72,5.51
24727,County_24727,Mississippi,Rural,74.49,25.51,29.74,25.74,,44.27,4.41
26491,County_26491,Montana,Rural,77.05,22.95,27.68,22.96,39.11,36.27,5.45
19915,County_19915,Maine,Urban,70.91,29.09,35.29,29.5,36.33,48.13,6.94
29697,County_29697,New Hampshire,Urban,89.07,10.93,13.31,10.86,44.02,26.67,6.97
55325,County_55325,Other,Urban,83.11,16.89,20.34,16.85,40.63,32.45,8.11
7127,County_7127,Connecticut,Urban,74.09,25.91,31.93,26.14,33.58,44.28,7.26
24341,County_24341,Mississippi,Rural,66.11,33.89,40.45,34.7,28.72,49.97,6.94
18005,County_18005,Louisiana,Urban,80.52,19.48,22.9,20.54,41.42,43.36,6.88
14049,County_14049,Indiana,Rural,80.94,19.06,23.57,19.17,44.6,33.3,7.76
53751,County_53751,Other,Urban,68.76,31.24,36.95,31.36,29.83,41.82,6.17
28643,County_28643,Nevada,Rural,94.15,5.85,6.62,5.65,48.46,16.31,9.02
6209,County_6209,Colorado,Rural,79.54,20.46,24.54,21.14,43.22,31.87,6.97
25399,County_25399,Missouri,Urban,85.85,14.15,17.01,14.19,45.37,23.6,6.09
33039,County_33039,North Carolina,Urban,63.7,36.3,43.03,36.18,20.25,52.12,3.54
27849,County_27849,Nebraska,Urban,81.67,18.33,22.45,17.8,40.66,25.28,7.63
14337,County_14337,Indiana,Suburban/Small City,73.44,26.56,31.14,27.16,32.47,,5.99
19525,County_19525,Maine,Urban,86.67,13.33,15.87,11.94,55.56,18.3,5.65
8951,County_8951,Delaware,Rural,67.56,32.44,39.07,32.03,36.25,51.68,6.92
28703,County_28703,Nevada,Urban,62.69,37.31,44.78,,24.58,53.25,4.64
51357,County_51357,Other,Urban,68.07,31.93,37.72,31.64,34.41,43.85,3.93
35709,County_35709,Ohio,Suburban/Small City,62.97,37.03,44.33,37.47,22.4,51.55,4.71
24493,County_24493,Mississippi,Rural,76.79,23.21,28.01,24.27,40.58,37.24,7.03
33987,County_33987,North Carolina,Rural,71.59,28.41,34.38,27.96,28.89,30.41,5.39
41199,County_41199,South Dakota,Urban,84.98,15.02,18.38,15.39,45.65,25.25,6.54
30835,County_30835,New Jersey,Urban,76.02,23.98,29.04,24.22,34.16,37.01,6.18
25167,County_25167,Missouri,Rural,73.19,26.81,31.4,26.72,40.71,34.85,5.31
11275,County_11275,Hawaii,Rural,78.48,21.52,25.24,,53.2,25.34,8.3
3323,County_3323,Arizona,Urban,80.64,19.36,22.83,19.87,42.12,27.18,8.29
50229,County_50229,Wyoming,Urban,77.26,22.74,26.94,22.72,36.0,34.83,4.29
9817,County_9817,Florida,Urban,66.89,33.11,39.45,33.76,33.88,44.09,6.96
26671,County_26671,Montana,Urban,93.44,6.56,7.77,,44.58,23.99,7.73
20607,County_20607,Maryland,Suburban/Small City,87.69,12.31,14.38,12.45,48.63,20.84,4.95
31589,County_31589,New Mexico,Rural,67.95,,39.06,32.5,19.54,45.51,7.33
35953,County_35953,Ohio,Urban,82.33,17.67,21.3,17.19,30.99,40.37,4.63
55987,County_55987,Other,Rural,91.36,8.64,10.85,9.96,57.89,11.89,4.43
50577,County_50577,Wyoming,Urban,62.32,37.68,45.28,37.93,33.41,47.23,6.66
1753,County_1753,Alabama,Rural,,20.51,24.61,20.59,38.9,35.02,6.61
28261,County_28261,Nevada,Rural,84.03,15.97,18.61,16.07,44.48,29.68,4.55
4503,County_4503,Arkansas,Urban,84.59,,18.24,15.48,48.22,27.44,8.21
33907,County_33907,North Carolina,Urban,74.1,25.9,30.96,26.28,41.5,31.29,5.64
26753,County_26753,Montana,Urban,84.96,15.04,18.07,14.46,36.78,27.97,4.02
16723,County_16723,Kansas,Rural,85.49,14.51,18.29,14.61,36.08,27.37,4.1
20193,County_20193,Maryland,Rural,63.54,36.46,44.63,36.64,28.0,52.47,6.18
11037,County_11037,Hawaii,Rural,78.96,21.04,24.35,,41.58,34.94,7.06
40635,County_40635,South Carolina,Urban,93.03,6.97,8.66,6.82,58.76,16.76,9.38
56937,County_56937,Other,Rural,,11.05,12.4,11.74,39.14,22.64,4.58
44259,County_44259,Utah,Rural,64.08,35.92,43.32,36.27,28.79,44.6,4.99
42033,County_42033,Tennessee,Urban,73.12,26.88,32.27,26.76,32.97,,6.39
38923,County_38923,Pennsylvania,Suburban/Small City,72.82,27.18,32.43,26.54,38.99,32.9,6.56
53381,County_53381,Other,Rural,85.68,14.32,17.5,15.07,44.04,35.34,6.34
20163,County_20163,Maryland,Urban,77.67,22.33,26.78,22.42,49.35,27.82,2.88
39633,County_39633,Rhode Island,Rural,72.78,27.22,32.6,27.46,43.75,43.76,3.53
34199,County_34199,North Dakota,Rural,79.18,20.82,24.87,20.89,40.75,32.26,8.41
9779,County_9779,Florida,Rural,80.96,19.04,22.85,19.77,41.58,35.81,8.17
32717,County_32717,New York,Suburban/Small City,85.46,14.54,17.31,14.88,50.34,35.14,
26177,County_26177,Montana,Urban,84.23,,19.76,15.83,39.64,29.85,4.82
8439,County_8439,Delaware,Rural,71.36,28.64,35.27,29.06,27.28,44.88,7.15
16225,County_16225,Kansas,Rural,66.02,33.98,41.33,33.49,36.84,43.86,4.47
42089,County_42089,Tennessee,Urban,79.65,20.35,25.01,19.88,32.11,33.15,5.6
38241,County_38241,Pennsylvania,Rural,66.16,33.84,39.55,34.71,37.2,56.08,5.5
45443,County_45443,Vermont,Urban,68.44,31.56,,31.74,29.17,48.85,5.31
21521,County_21521,Massachusetts,Urban,74.68,25.32,30.63,25.53,45.34,39.02,7.55
8477,County_8477,Delaware,Suburban/Small City,65.42,34.58,41.89,34.2,26.6,41.3,4.91
26983,County_26983,Montana,Suburban/Small City,81.69,18.31,22.53,19.22,45.54,33.6,2.89
24629,County_24629,Mississippi,Rural,80.79,19.21,22.32,19.8,47.46,30.19,7.43
27743,County_27743,Nebraska,Rural,64.73,35.27,42.02,35.48,33.17,50.41,6.24
3123,County_3123,Arizona,Suburban/Small City,,28.12,34.2,28.22,34.98,55.13,4.94
19091,County_19091,Maine,Rural,83.53,16.47,19.7,16.43,46.85,33.7,4.54
23951,County_23951,Minnesota,Rural,70.65,29.35,34.18,30.36,29.69,47.96,4.53
49109,County_49109,Wisconsin,Suburban/Small City,92.54,7.46,7.49,6.92,60.5,22.04,5.31
50695,County_50695,Wyoming,Rural,84.74,15.26,18.33,14.96,42.35,22.74,6.57
13401,County_13401,Illinois,Rural,81.9,,21.55,18.38,,30.73,10.52
45595,County_45595,Vermont,Urban,65.83,34.17,39.95,34.16,30.0,48.97,3.75
30955,County_30955,New Jersey,Rural,70.75,29.25,34.94,29.47,33.7,41.69,6.96
48429,County_48429,West Virginia,Urban,78.71,21.29,26.01,21.21,34.38,39.18,6.34
20207,County_20207,Maryland,Urban,79.8,20.2,24.0,21.05,33.55,31.61,5.7
56785,County_56785,Other,Urban,85.73,14.27,16.99,15.24,43.47,34.05,4.18
39239,County_39239,Rhode Island,Rural,57.73,42.27,50.0,41.31,,46.79,4.44
15915,County_15915,Iowa,Urban,80.18,19.82,24.3,19.68,27.83,26.27,5.09
4913,County_4913,Arkansas,Rural,67.79,32.21,39.08,32.69,27.61,45.0,5.2
24409,County_24409,Mississippi,Rural,70.04,29.96,36.26,30.15,29.42,43.95,7.47
34181,County_34181,North Dakota,Rural,89.74,10.26,11.79,10.73,46.1,17.39,6.23
49791,County_49791,Wisconsin,Rural,67.27,32.73,39.28,33.09,28.82,45.63,6.99
14837,County_14837,Indiana,Rural,72.23,27.77,33.83,29.04,29.48,48.67,3.99
25271,County_25271,Missouri,Urban,78.56,21.44,25.31,21.89,46.78,25.44,7.15
38503,County_38503,Pennsylvania,Rural,85.45,14.55,17.96,14.36,43.15,24.72,6.02
53553,County_53553,Other,Suburban/Small City,70.08,29.92,36.3,30.55,35.35,45.03,6.87
24483,County_24483,Mississippi,Rural,80.18,19.82,23.95,19.52,50.48,28.14,5.96
4953,County_4953,Arkansas,Urban,76.54,23.46,28.32,23.37,43.02,40.4,6.46
42177,County_42177,Tennessee,Rural,90.37,9.63,10.82,9.75,62.57,19.56,8.01
21779,County_21779,Massachusetts,Rural,88.69,,14.13,11.71,53.36,23.09,7.53
51985,County_51985,Other,Rural,74.31,25.69,30.61,25.86,33.27,29.85,6.43
40433,County_40433,South Carolina,Urban,85.54,14.46,16.79,15.42,43.37,21.16,6.9
48283,County_48283,West Virginia,Urban,76.24,23.76,29.05,23.91,36.19,29.47,6.95
22547,County_22547,Michigan,Urban,76.3,23.7,29.22,,37.33,37.88,2.91
13699,County_13699,Illinois,Urban,75.3,24.7,30.03,24.21,29.86,44.92,7.4
20887,County_20887,Maryland,Urban,75.45,24.55,29.85,24.84,34.83,33.07,3.91
2661,County_2661,Alaska,Suburban/Small City,63.7,36.3,42.81,35.04,23.51,54.87,6.65
26439,County_26439,Montana,Urban,85.64,14.36,17.56,14.86,55.79,15.3,8.91
37169,County_37169,Oregon,Rural,79.13,20.87,25.76,21.12,38.43,32.68,4.36
20729,County_20729,Maryland,Urban,85.73,14.27,17.35,14.02,43.24,33.13,7.7
8675,County_8675,Delaware,Rural,76.41,23.59,27.98,23.94,31.97,27.99,8.96
19995,County_19995,Maine,Suburban/Small City,76.07,23.93,29.06,24.18,31.86,34.29,7.77
17163,County_17163,Kentucky,Rural,92.85,7.15,8.67,7.12,52.68,10.84,7.46
14673,County_14673,Indiana,Urban,77.76,22.24,26.27,21.97,44.81,38.46,4.34
27507,County_27507,Nebraska,Rural,86.21,13.79,16.61,14.22,49.45,12.49,7.15
35353,County_35353,Ohio,Rural,71.42,28.58,34.2,29.23,25.92,39.24,5.48
23199,County_23199,Minnesota,Urban,74.45,25.55,30.46,26.09,35.05,45.95,7.05
6777,County_6777,Colorado,Rural,75.6,,28.64,24.73,49.62,35.79,
22207,County_22207,Michigan,Rural,78.73,21.27,26.12,22.08,37.67,36.95,
19631,County_19631,Maine,Suburban/Small City,65.59,34.41,41.62,34.66,26.48,45.94,7.09
51037,County_51037,Other,Urban,82.45,17.55,20.03,17.23,34.46,26.29,7.01
10237,County_10237,Georgia,Rural,66.55,33.45,40.29,33.69,34.38,49.95,7.29
6883,County_6883,Colorado,Urban,80.39,19.61,25.07,19.89,42.87,32.24,5.75
10297,County_10297,Georgia,Rural,83.48,16.52,19.84,17.58,37.39,29.28,5.6
43169,County_43169,Texas,Rural,63.1,36.9,43.58,36.5,39.3,,4.98
12317,County_12317,Idaho,Rural,91.16,8.84,11.0,9.04,47.4,19.25,3.71
49107,County_49107,Wisconsin,Urban,88.95,11.05,13.64,12.44,52.68,17.7,4.87
30077,County_30077,New Jersey,Rural,77.21,22.79,26.56,22.98,45.8,36.43,6.14
21009,County_21009,Massachusetts,Urban,83.01,16.99,20.48,16.76,38.61,34.01,7.07
39777,County_39777,Rhode Island,Urban,83.66,16.34,20.56,15.63,49.87,22.13,4.19
49677,County_49677,Wisconsin,Rural,72.33,27.67,32.4,27.65,31.61,39.99,4.62
26687,County_26687,Montana,Urban,81.93,18.07,21.71,,49.17,32.94,7.43
20455,County_20455,Maryland,Urban,88.2,11.8,14.12,12.44,43.1,31.02,7.94
36631,County_36631,Oklahoma,Urban,73.44,26.56,31.71,26.94,40.65,40.94,5.0
19923,County_19923,Maine,Suburban/Small City,75.72,24.28,29.11,24.6,37.32,37.34,6.01
56401,County_56401,Other,Urban,63.95,36.05,43.77,36.12,29.56,45.31,5.35
8289,County_8289,Delaware,Rural,70.52,29.48,,,23.61,47.12,4.69
9661,County_9661,Florida,Suburban/Small City,66.06,33.94,40.98,33.48,24.68,47.42,5.37
38257,County_38257,Pennsylvania,Urban,83.13,16.87,19.67,17.29,42.82,22.94,6.63
18633,County_18633,Louisiana,Rural,70.22,29.78,35.19,30.41,,43.63,5.67
33343,County_33343,North Carolina,Rural,,,30.01,24.04,31.17,33.86,5.43
42303,County_42303,Tennessee,Rural,81.88,18.12,21.8,18.8,35.77,35.71,6.32
54305,County_54305,Other,Suburban/Small City,74.88,,30.41,26.48,38.44,35.89,4.83
20161,County_20161,Maryland,Urban,89.28,10.72,13.65,11.52,58.82,23.18,7.59
21675,County_21675,Massachusetts,Suburban/Small City,88.61,11.39,13.2,11.4,50.04,17.67,6.55
46697,County_46697,Virginia,Rural,88.19,11.81,14.11,11.82,53.95,21.54,7.61
11979,County_11979,Hawaii,Urban,71.63,28.37,34.42,28.31,37.45,47.64,6.78
54005,County_54005,Other,Rural,78.31,21.69,26.72,21.32,36.43,34.19,5.02
15169,County_15169,Iowa,Rural,78.55,,26.12,22.02,40.32,32.28,
39507,County_39507,Rhode Island,Rural,71.84,28.16,33.54,28.57,43.29,45.89,5.36
28721,County_28721,Nevada,Urban,70.24,29.76,35.86,30.24,44.43,44.33,6.58
33077,County_33077,North Carolina,Urban,93.9,6.1,7.95,5.38,54.74,19.04,8.28
53843,County_53843,Other,Urban,83.5,16.5,19.95,17.15,38.91,29.21,4.34
54743,County_54743,Other,Urban,80.78,19.22,23.39,19.2,41.06,23.33,6.45
42463,County_42463,Tennessee,Rural,83.56,16.44,18.95,16.14,52.65,25.79,7.17
50921,County_50921,Wyoming,Urban,91.21,8.79,11.04,9.33,55.23,20.02,6.48
44779,County_44779,Utah,Urban,70.37,29.63,35.25,29.01,30.2,,7.02
30805,County_30805,New Jersey,Rural,94.11,5.89,6.93,6.15,48.39,15.25,5.46
55679,County_55679,Other,Rural,64.7,35.3,42.72,35.15,28.14,54.39,4.85
16113,County_16113,Kansas,Suburban/Small City,,17.72,20.97,17.61,44.51,36.42,5.21
43217,County_43217,Texas,Urban,84.79,15.21,19.09,15.02,37.01,22.08,6.63
32849,County_32849,New York,Urban,84.47,15.53,18.52,16.63,42.49,22.44,9.21
45827,County_45827,Vermont,Urban,74.83,25.17,29.8,26.11,36.95,29.58,7.56
37909,County_37909,Oregon,Rural,75.29,24.71,29.67,24.36,37.85,41.02,7.02
17399,County_17399,Kentucky,Urban,64.8,35.2,41.8,35.44,23.04,44.45,3.64
38595,County_38595,Pennsylvania,Rural,69.37,30.63,,31.53,37.45,43.23,5.44
18085,County_18085,Louisiana,Rural,67.57,32.43,38.45,32.96,35.05,50.24,6.14
23215,County_23215,Minnesota,Urban,90.94,9.06,9.91,8.72,42.85,16.78,6.87
44921,County_44921,Utah,Rural,85.84,14.16,17.03,14.42,45.02,18.96,5.74
42815,County_42815,Tennessee,Suburban/Small City,85.1,14.9,18.36,14.64,43.34,24.42,6.23
8035,County_8035,Delaware,Urban,93.51,6.49,7.61,6.7,52.86,17.54,3.84
13951,County_13951,Illinois,Rural,90.68,9.32,10.35,9.82,45.51,18.75,5.96
44193,County_44193,Utah,Rural,74.41,25.59,30.73,25.48,38.03,38.59,8.69
13213,County_13213,Illinois,Urban,73.45,26.55,32.35,26.52,38.14,47.01,5.29
26079,County_26079,Montana,Urban,84.81,15.19,18.33,15.73,47.62,30.85,7.08
40851,County_40851,South Carolina,Rural,74.14,25.86,31.33,25.68,36.1,40.82,7.54
38077,County_38077,Pennsylvania,Rural,75.53,24.47,28.52,24.7,33.98,31.79,4.02
31161,County_31161,New Mexico,Suburban/Small City,,13.39,15.68,13.42,44.29,24.72,5.28
8135,County_8135,Delaware,Rural,81.7,18.3,21.6,18.08,37.4,30.61,5.6
29047,County_29047,New Hampshire,Suburban/Small City,87.71,12.29,14.75,13.24,42.83,28.15,4.2
15909,County_15909,Iowa,Rural,71.99,28.01,33.66,28.12,28.21,43.8,6.11
2319,County_2319,Alaska,Urban,82.07,17.93,21.18,18.88,38.53,32.0,4.27
46267,County_46267,Virginia,Urban,72.59,27.41,32.86,28.08,42.64,46.13,6.07
55631,County_55631,Other,Urban,71.52,28.48,34.01,28.91,31.28,38.44,6.18
28553,County_28553,Nevada,Suburban/Small City,89.99,10.01,11.78,10.35,47.78,29.35,10.06
12941,County_12941,Idaho,Rural,76.71,23.29,27.51,23.95,36.66,33.0,6.14
11591,County_11591,Hawaii,Urban,86.44,13.56,16.28,13.82,40.17,19.29,6.36
52257,County_52257,Other,Urban,79.86,20.14,24.56,21.19,46.29,32.52,6.29
33251,County_33251,North Carolina,Rural,88.96,11.04,13.09,11.26,50.53,26.2,7.23
3725,County_3725,Arizona,Urban,76.36,23.64,28.66,24.04,38.92,37.01,6.33
31417,County_31417,New Mexico,Rural,74.68,25.32,30.64,25.87,34.36,37.76,7.07
13149,County_13149,Illinois,Rural,73.97,26.03,29.8,26.82,42.09,45.26,5.88
40725,County_40725,South Carolina,Rural,79.27,20.73,25.38,21.09,40.6,37.27,2.76
56063,County_56063,Other,Urban,89.23,10.77,12.57,10.49,48.34,27.08,8.83
24317,County_24317,Mississippi,Urban,83.61,16.39,19.34,16.3,43.76,31.38,5.7
18341,County_18341,Louisiana,Urban,63.23,36.77,43.63,36.73,30.23,50.75,6.82
15601,County_15601,Iowa,Rural,78.82,21.18,25.15,21.2,40.88,33.2,5.41
2943,County_2943,Alaska,Urban,92.54,7.46,8.94,7.25,53.83,16.3,8.43
10949,County_10949,Georgia,Rural,83.43,16.57,19.67,16.78,42.17,21.9,6.44
1041,County_1041,Alabama,Rural,66.16,33.84,39.87,34.66,27.92,48.77,5.78
9777,County_9777,Florida,Rural,74.49,25.51,29.43,26.83,36.14,34.67,7.85
27263,County_27263,Nebraska,Rural,82.0,18.0,21.86,18.85,35.99,23.95,4.45
1701,County_1701,Alabama,Urban,87.47,12.53,16.15,11.66,42.95,26.73,7.17
41389,County_41389,South Dakota,Rural,72.03,27.97,34.15,29.23,36.5,45.38,6.07
18099,County_18099,Louisiana,Urban,83.23,16.77,19.67,17.2,38.46,25.78,7.88
33977,County_33977,North Carolina,Suburban/Small City,85.51,14.49,17.53,14.99,38.07,23.19,7.45
32383,County_32383,New York,Rural,64.23,35.77,43.69,36.26,22.03,53.85,
48105,County_48105,West Virginia,Suburban/Small City,72.71,27.29,32.54,27.62,43.44,36.28,4.77
5719,County_5719,California,Rural,93.24,6.76,7.97,7.76,47.0,18.42,7.14
21621,County_21621,Massachusetts,Rural,76.93,23.07,26.93,23.64,36.34,38.68,6.4
21237,County_21237,Massachusetts,Rural,72.04,27.96,33.5,28.21,28.79,44.26,6.89
51665,County_51665,Other,Urban,84.23,15.77,18.81,15.82,52.44,27.62,6.91
26887,County_26887,Montana,Rural,,10.81,13.77,11.5,55.94,19.63,6.44
7849,County_7849,Connecticut,Rural,86.6,13.4,15.64,12.9,50.49,26.88,5.18
46889,County_46889,Virginia,Urban,88.22,,14.54,,59.43,24.95,6.32
16355,County_16355,Kansas,Urban,81.4,18.6,22.52,19.35,40.65,32.38,8.3
17175,County_17175,Kentucky,Rural,85.91,14.09,17.35,14.59,57.11,22.5,
56707,County_56707,Other,Rural,67.65,32.35,39.03,33.06,39.74,46.51,7.33
21071,County_21071,Massachusetts,Rural,84.08,15.92,19.57,15.67,46.91,21.22,7.33
34825,County_34825,North Dakota,Rural,75.48,24.52,28.94,24.76,31.42,41.13,4.42
38521,County_38521,Pennsylvania,Urban,79.58,20.42,24.77,20.8,51.08,24.95,2.15
55273,County_55273,Other,Rural,66.68,33.32,39.7,33.59,31.0,50.13,10.76
25471,County_25471,Missouri,Suburban/Small City,87.64,12.36,14.9,12.21,51.65,27.57,5.54
23357,County_23357,Minnesota,Urban,69.61,30.39,37.0,,36.05,44.19,7.12
8215,County_8215,Delaware,Rural,69.6,30.4,36.62,31.01,28.32,44.61,5.56
26945,County_26945,Montana,Rural,96.97,3.03,3.57,3.63,55.21,11.61,7.59
43269,County_43269,Texas,Rural,77.68,22.32,26.9,22.65,41.87,35.43,5.16
5749,County_5749,California,Rural,68.19,31.81,38.66,31.81,,,2.77
34923,County_34923,North Dakota,Urban,73.31,26.69,32.19,26.22,37.07,36.18,7.25
21557,County_21557,Massachusetts,Rural,,19.91,23.78,20.0,39.84,26.83,4.08
52597,County_52597,Other,Rural,64.22,35.78,42.67,35.99,40.79,42.44,5.89
27993,County_27993,Nebraska,Urban,63.04,36.96,44.75,38.32,24.45,48.54,6.06
40159,County_40159,South Carolina,Rural,78.3,21.7,25.89,22.26,35.09,34.4,6.12
28781,County_28781,Nevada,Rural,67.3,32.7,38.77,32.5,29.54,46.93,7.26
45099,County_45099,Vermont,Rural,91.73,8.27,10.15,8.8,53.85,23.68,7.69
17679,County_17679,Kentucky,Suburban/Small City,85.24,14.76,17.59,14.81,43.63,30.82,7.41
53289,County_53289,Other,Rural,81.37,18.63,22.22,19.15,35.93,32.74,5.09
44211,County_44211,Utah,Rural,82.08,17.92,21.54,18.19,39.2,29.93,6.3
30561,County_30561,New Jersey,Urban,76.4,23.6,28.4,25.21,42.86,41.77,6.12
20501,County_20501,Maryland,Rural,80.25,19.75,23.51,20.34,40.37,,3.53
51407,County_51407,Other,Rural,89.95,10.05,12.22,10.06,53.44,18.31,6.5
27011,County_27011,Nebraska,Rural,67.09,32.91,39.49,34.04,24.32,50.96,4.63
38923,County_38923,Pennsylvania,Suburban/Small City,82.27,17.73,21.61,18.16,42.94,29.31,4.6
21681,County_21681,Massachusetts,Rural,70.8,29.2,,29.16,29.58,41.94,
8899,County_8899,Delaware,Suburban/Small City,75.71,24.29,29.73,24.4,41.32,35.41,5.66
14069,County_14069,Indiana,Urban,77.88,22.12,26.28,23.01,46.61,34.38,7.84
4615,County_4615,Arkansas,Urban,69.24,30.76,36.93,29.32,32.71,41.71,6.81
35427,County_35427,Ohio,Rural,70.37,29.63,35.78,30.32,36.76,42.19,5.92
2549,County_2549,Alaska,Suburban/Small City,71.74,28.26,33.87,28.2,34.86,35.69,6.06
26209,County_26209,Montana,Rural,68.17,31.83,37.94,32.26,34.55,46.74,6.12
43117,County_43117,Texas,Rural,77.54,22.46,27.06,22.01,42.06,31.45,5.59
34889,County_34889,North Dakota,Rural,71.3,28.7,34.35,28.18,39.17,27.21,8.03
9819,County_9819,Florida,Rural,72.97,27.03,33.22,27.59,33.08,38.11,7.57
31887,County_31887,New Mexico,Rural,78.25,21.75,26.64,22.1,32.23,34.07,5.42
48807,County_48807,West Virginia,Rural,66.51,33.49,39.55,33.51,24.93,54.28,6.37
27447,County_27447,Nebraska,Rural,69.04,30.96,36.99,30.92,39.21,,6.29
18273,County_18273,Louisiana,Urban,78.73,21.27,25.87,20.86,43.75,31.57,7.55
34399,County_34399,North Dakota,Urban,93.28,6.72,7.71,7.64,55.14,24.09,8.45
17981,County_17981,Kentucky,Urban,68.55,31.45,38.52,31.68,30.96,47.48,6.35
8393,County_8393,Delaware,Rural,69.57,30.43,36.91,30.21,34.6,38.06,5.56
22439,County_22439,Michigan,Urban,69.94,30.06,,30.72,31.13,46.09,7.22
31785,County_31785,New Mexico,Rural,75.15,24.85,29.32,24.6,37.11,38.07,5.5
6853,County_6853,Colorado,Urban,69.86,30.14,35.96,30.81,31.8,46.23,7.31
16195,County_16195,Kansas,Suburban/Small City,82.02,17.98,20.88,18.74,49.59,31.32,7.96
16181,County_16181,Kansas,Suburban/Small City,72.56,27.44,32.83,28.48,35.42,34.3,7.41
8141,County_8141,Delaware,Rural,90.47,9.53,12.29,9.24,50.26,14.82,4.23
27479,County_27479,Nebraska,Rural,74.33,25.67,30.35,26.08,31.93,37.47,5.56
6177,County_6177,Colorado,Urban,83.18,16.82,21.13,16.33,54.41,27.26,6.93
17721,County_17721,Kentucky,Rural,70.28,29.72,35.25,30.49,26.7,49.21,6.71
1901,County_1901,Alabama,Urban,90.48,9.52,11.8,9.69,48.86,13.2,4.68
41619,County_41619,South Dakota,Rural,72.18,27.82,33.6,28.26,36.17,41.99,6.4
47163,County_47163,Washington,Urban,92.09,7.91,8.75,7.91,53.77,12.59,7.27
33181,County_33181,North Carolina,Urban,87.6,12.4,14.37,12.53,52.54,17.71,7.1
33085,County_33085,North Carolina,Rural,82.62,17.38,20.58,17.82,53.76,33.27,7.88
53981,County_53981,Other,Rural,78.22,21.78,26.04,21.95,40.37,31.76,5.74
28213,County_28213,Nevada,Rural,73.8,26.2,31.65,26.48,35.19,35.71,3.04
12067,County_12067,Idaho,Rural,79.12,20.88,24.51,22.18,44.14,25.75,5.66
5343,County_5343,California,Rural,80.17,19.83,23.86,19.98,46.13,29.16,6.21
46755,County_46755,Virginia,Rural,64.18,35.82,44.02,35.82,,48.37,5.46
7325,County_7325,Connecticut,Rural,82.11,17.89,22.06,18.42,,35.0,5.22
49117,County_49117,Wisconsin,Urban,86.24,13.76,16.98,14.62,48.98,17.78,5.66
48533,County_48533,West Virginia,Urban,79.01,20.99,24.6,20.64,43.18,25.42,6.64
16777,County_16777,Kansas,Rural,71.61,28.39,34.13,29.02,29.44,44.25,4.95
37595,County_37595,Oregon,Urban,84.16,15.84,19.41,16.37,48.18,27.84,4.96
22493,County_22493,Michigan,Rural,90.49,9.51,11.68,9.44,41.99,20.65,6.52
2275,County_2275,Alaska,Rural,68.4,31.6,37.27,32.12,27.67,38.14,8.77
4643,County_4643,Arkansas,Rural,84.71,15.29,17.83,16.32,51.94,29.26,8.24
38739,County_38739,Pennsylvania,Rural,73.81,26.19,31.6,26.25,30.0,45.13,5.6
55373,County_55373,Other,Rural,84.95,15.05,17.29,15.42,46.26,,4.48
54673,County_54673,Other,Rural,81.08,18.92,22.73,19.27,32.59,30.43,4.83
31063,County_31063,New Mexico,Rural,90.8,9.2,10.55,9.72,51.33,18.44,7.79
13589,County_13589,Illinois,Urban,67.61,32.39,39.21,32.06,35.17,42.92,4.54
5983,County_5983,California,Rural,80.26,19.74,24.05,19.79,41.02,40.71,7.05
11007,County_11007,Hawaii,Rural,85.85,14.15,18.01,14.6,58.14,22.92,6.31
28815,County_28815,Nevada,Urban,92.02,7.98,10.71,8.31,43.22,13.61,6.41
37719,County_37719,Oregon,Urban,82.66,,20.86,17.52,44.44,29.03,8.43
8743,County_8743,Delaware,Suburban/Small City,,18.87,22.54,19.4,46.46,29.67,8.44
45629,County_45629,Vermont,Rural,68.76,31.24,37.83,31.88,36.8,45.08,6.65
26301,County_26301,Montana,Rural,74.52,25.48,,25.99,28.66,42.27,8.76
35927,County_35927,Ohio,Urban,88.63,11.37,14.79,12.07,53.81,21.54,4.76
21201,County_21201,Massachusetts,Rural,73.02,26.98,32.34,27.74,26.23,,5.54
35409,County_35409,Ohio,Urban,74.81,25.19,29.87,25.34,37.94,42.9,5.66
16947,County_16947,Kansas,Urban,74.95,25.05,30.2,25.59,29.17,30.28,7.36
22519,County_22519,Michigan,Rural,84.14,15.86,17.8,16.31,44.73,27.16,8.68
38649,County_38649,Pennsylvania,Rural,92.82,7.18,8.16,6.83,,22.01,8.37
17017,County_17017,Kentucky,Rural,66.23,33.77,40.91,34.15,31.8,48.67,6.42
41105,County_41105,South Dakota,Rural,82.22,17.78,20.75,18.99,38.22,25.26,6.44
16715,County_16715,Kansas,Rural,73.45,26.55,31.56,26.5,40.77,36.01,8.07
34483,County_34483,North Dakota,Rural,81.82,18.18,21.6,17.96,35.46,33.14,5.09
25785,County_25785,Missouri,Rural,63.35,36.65,44.16,36.65,23.83,47.29,6.43
8217,County_8217,Delaware,Rural,93.91,6.09,8.07,6.66,47.41,16.89,8.04
34571,County_34571,North Dakota,Rural,82.58,17.42,21.36,17.37,47.13,,4.61
5757,County_5757,California,Urban,67.15,32.85,38.83,31.91,40.98,50.03,3.88
9769,County_9769,Florida,Rural,71.46,28.54,34.17,28.57,32.52,47.01,5.8
33615,County_33615,North Carolina,Rural,76.65,23.35,27.66,,35.92,37.73,
19369,County_19369,Maine,Urban,64.39,35.61,42.18,,25.2,57.56,4.32
32239,County_32239,New York,Urban,72.57,27.43,32.58,28.09,29.55,39.57,5.49
19115,County_19115,Maine,Urban,92.15,7.85,9.43,8.12,61.06,22.47,7.42
4513,County_4513,Arkansas,Suburban/Small City,85.39,14.61,17.93,14.16,55.95,20.28,5.33
32147,County_32147,New York,Rural,74.35,25.65,31.05,,29.75,38.71,5.74
4835,County_4835,Arkansas,Suburban/Small City,81.02,18.98,23.24,19.22,47.2,32.49,
1763,County_1763,Alabama,Rural,88.07,11.93,,11.1,42.76,18.63,5.59
4621,County_4621,Arkansas,Rural,80.16,19.84,24.22,20.87,42.48,30.23,6.07
34387,County_34387,North Dakota,Rural,65.69,34.31,41.07,34.7,29.13,,4.34
28045,County_28045,Nevada,Rural,78.6,21.4,25.69,20.82,37.47,35.73,6.16
16741,County_16741,Kansas,Urban,84.55,15.45,18.42,15.47,53.2,33.18,6.61
23947,County_23947,Minnesota,Rural,94.29,5.71,7.38,6.07,49.85,17.64,8.58
43879,County_43879,Texas,Rural,67.96,32.04,38.59,31.53,32.76,42.08,6.08
55623,County_55623,Other,Rural,75.63,24.37,28.79,25.02,27.82,36.52,7.32
21777,County_21777,Massachusetts,Urban,72.56,27.44,33.03,27.34,37.71,41.98,7.98
32479,County_32479,New York,Urban,79.83,20.17,23.49,20.03,44.3,25.1,5.74
10963,County_10963,Georgia,Urban,85.48,14.52,17.32,14.34,45.45,24.91,6.5
50101,County_50101,Wyoming,Suburban/Small City,87.41,12.59,15.31,12.67,,18.62,6.51
25989,County_25989,Missouri,Rural,65.51,34.49,41.84,,16.14,46.24,5.6
35811,County_35811,Ohio,Rural,66.75,33.25,39.86,33.47,38.24,43.1,7.84
26961,County_26961,Montana,Rural,73.33,26.67,,27.31,38.63,47.42,7.25
20293,County_20293,Maryland,Suburban/Small City,,10.07,13.12,10.59,50.01,25.3,5.05
30541,County_30541,New Jersey,Urban,88.53,11.47,13.44,11.68,52.64,21.45,6.62
50211,County_50211,Wyoming,Rural,92.38,7.62,8.97,7.82,50.25,18.03,9.2
27959,County_27959,Nebraska,Rural,85.33,14.67,17.97,15.32,47.2,23.29,7.47
36565,County_36565,Oklahoma,Rural,,8.78,10.28,8.63,53.6,18.13,6.16
38017,County_38017,Pennsylvania,Rural,87.33,12.67,14.61,12.71,50.41,34.37,3.98
15083,County_15083,Iowa,Urban,65.93,34.07,41.17,33.62,29.8,50.48,4.52
50475,County_50475,Wyoming,Rural,86.83,13.17,15.91,13.46,47.94,26.5,8.31
40989,County_40989,South Carolina,Urban,69.39,30.61,35.59,30.37,33.85,45.61,4.53
48239,County_48239,West Virginia,Urban,78.27,,27.04,21.68,32.0,34.48,6.14
21353,County_21353,Massachusetts,Suburban/Small City,81.72,18.28,22.6,18.85,39.69,30.53,8.72
19479,County_19479,Maine,Rural,84.53,15.47,18.64,14.76,42.94,29.26,6.36
3869,County_3869,Arizona,Rural,79.1,20.9,24.71,20.51,42.16,26.17,4.9
12621,County_12621,Idaho,Rural,70.35,29.65,34.43,29.58,29.74,47.69,5.35
49409,County_49409,Wisconsin,Suburban/Small City,66.76,33.24,39.68,33.55,21.86,48.23,4.64
35815,County_35815,Ohio,Rural,80.39,19.61,22.74,19.29,39.96,32.77,5.77
4051,County_4051,Arkansas,Rural,71.88,28.12,33.63,28.62,35.88,34.64,4.03
49391,County_49391,Wisconsin,Rural,86.37,13.63,,14.34,55.2,28.22,5.33
32555,County_32555,New York,Urban,94.47,5.53,6.11,5.19,53.05,13.7,5.26
11049,County_11049,Hawaii,Rural,60.27,39.73,48.34,39.71,28.27,43.16,5.64
25671,County_25671,Missouri,Urban,89.92,10.08,13.07,10.0,54.4,27.77,5.51
4005,County_4005,Arkansas,Urban,66.9,33.1,39.94,32.59,27.06,47.75,6.09
19525,County_19525,Maine,Rural,76.44,23.56,28.42,24.43,45.62,29.36,6.51
51331,County_51331,Other,Rural,62.29,37.71,,37.63,31.1,52.52,6.06
53087,County_53087,Other,Rural,83.16,16.84,20.49,17.59,,28.58,9.4
46225,County_46225,Virginia,Rural,74.05,25.95,31.29,27.34,37.62,46.7,7.31
37775,County_37775,Oregon,Rural,74.48,25.52,30.58,,40.53,30.09,6.13
16679,County_16679,Kansas,Rural,75.63,24.37,29.75,24.01,27.02,37.62,8.98
4861,County_4861,Arkansas,Urban,78.06,21.94,26.7,22.23,39.18,39.07,5.3
35051,County_35051,Ohio,Suburban/Small City,76.5,23.5,28.38,24.13,34.79,36.91,6.25
9843,County_9843,Florida,Rural,93.76,6.24,7.02,6.42,45.78,24.94,9.19
41835,County_41835,South Dakota,Rural,76.19,23.81,28.75,24.88,34.15,39.25,5.01
48451,County_48451,West Virginia,Urban,85.59,14.41,18.39,14.17,49.26,20.93,7.8
47645,County_47645,Washington,Urban,76.76,23.24,28.6,24.2,32.85,37.74,4.66
37163,County_37163,Oregon,Urban,64.05,35.95,43.95,36.02,34.21,52.4,6.54
12135,County_12135,Idaho,Urban,80.49,19.51,23.24,19.03,48.7,23.6,8.12
35863,County_35863,Ohio,Rural,72.15,27.85,33.13,28.84,42.99,,6.13
30837,County_30837,New Jersey,Urban,89.3,10.7,14.24,11.24,47.63,16.96,6.52
55151,County_55151,Other,Suburban/Small City,70.73,29.27,35.96,29.1,39.69,36.91,4.24
55711,County_55711,Other,Urban,77.11,22.89,28.25,23.64,47.25,26.53,5.56
7357,County_7357,Connecticut,Rural,73.41,26.59,31.72,26.21,32.59,38.58,7.43
48647,County_48647,West Virginia,Urban,73.01,26.99,32.26,27.57,35.51,33.43,7.02
12593,County_12593,Idaho,Rural,82.42,17.58,21.79,17.87,39.41,33.55,4.85
10219,County_10219,Georgia,Urban,73.8,26.2,31.28,26.95,28.1,44.9,
34497,County_34497,North Dakota,Suburban/Small City,86.4,13.6,16.26,14.25,55.75,24.44,6.14
47103,County_47103,Washington,Rural,84.99,15.01,17.94,15.73,43.44,23.13,3.75
3673,County_3673,Arizona,Urban,75.32,24.68,29.71,24.73,30.88,46.22,7.25
13497,County_13497,Illinois,Rural,,27.86,33.23,28.34,46.21,44.07,2.63
30677,County_30677,New Jersey,Suburban/Small City,73.79,26.21,31.75,26.28,36.4,34.93,6.64
48957,County_48957,West Virginia,Rural,81.17,18.83,22.56,18.99,41.98,33.09,6.44
31057,County_31057,New Mexico,Rural,62.75,37.25,44.39,37.77,25.24,51.49,4.77
31967,County_31967,New Mexico,Urban,76.42,23.58,28.35,23.05,30.86,38.4,6.36
31833,County_31833,New Mexico,Rural,84.37,,19.05,16.68,40.9,28.09,5.07
1081,County_1081,Alabama,Rural,,30.0,36.39,30.72,31.64,42.35,5.48
46943,County_46943,Virginia,Rural,83.19,16.81,20.22,15.94,50.69,23.75,4.25
46499,County_46499,Virginia,Urban,70.89,29.11,35.0,30.34,29.99,37.25,5.29
3865,County_3865,Arizona,Rural,72.15,27.85,33.16,28.09,32.69,46.32,3.42
44827,County_44827,Utah,Urban,77.24,22.76,27.17,22.68,39.34,42.18,6.97
37873,County_37873,Oregon,Urban,81.31,18.69,22.98,20.21,44.8,32.37,5.22
24731,County_24731,Mississippi,Urban,81.82,18.18,21.47,18.74,44.22,,6.61
21825,County_21825,Massachusetts,Rural,82.86,17.14,20.35,17.83,44.9,26.42,5.68
12333,County_12333,Idaho,Urban,72.01,27.99,33.92,28.27,42.71,39.26,4.98
12809,County_12809,Idaho,Rural,90.37,9.63,11.88,8.31,50.09,20.6,7.88
17021,County_17021,Kentucky,Rural,90.65,9.35,10.52,9.79,48.31,21.04,4.38
24073,County_24073,Mississippi,Rural,77.55,22.45,27.03,22.21,33.36,28.02,7.86
38357,County_38357,Pennsylvania,Urban,69.78,30.22,36.38,30.08,32.97,43.7,
40299,County_40299,South Carolina,Urban,81.76,18.24,21.55,18.72,40.15,33.24,3.56
53927,County_53927,Other,Rural,80.06,19.94,24.23,19.66,42.93,38.83,8.2
17087,County_17087,Kentucky,Urban,86.46,13.54,16.08,14.46,53.7,30.83,4.82
36709,County_36709,Oklahoma,Rural,77.15,22.85,28.01,22.93,45.25,32.83,8.11
10703,County_10703,Georgia,Rural,73.28,26.72,31.52,27.17,41.45,38.86,8.46
52791,County_52791,Other,Rural,91.3,8.7,10.26,8.66,,26.65,2.87
17091,County_17091,Kentucky,Urban,69.16,30.84,37.57,30.66,35.06,37.41,7.21
21779,County_21779,Massachusetts,Rural,78.97,21.03,25.0,21.62,42.41,35.04,5.65
32621,County_32621,New York,Urban,92.18,7.82,,7.32,41.29,25.5,7.44
32297,County_32297,New York,Rural,85.6,14.4,17.14,13.92,37.15,27.76,7.93
37625,County_37625,Oregon,Rural,70.8,29.2,35.79,28.76,29.86,36.56,6.84
53727,County_53727,Other,Urban,75.51,24.49,29.41,24.33,41.19,32.62,6.45
27155,County_27155,Nebraska,Rural,68.0,32.0,38.48,31.89,33.7,39.81,7.54
35809,County_35809,Ohio,Rural,,29.59,34.89,29.76,28.46,43.7,6.79
10247,County_10247,Georgia,Rural,74.78,25.22,30.14,25.65,42.05,38.52,5.28
1837,County_1837,Alabama,Urban,92.06,7.94,9.06,8.17,55.2,21.15,7.01
12475,County_12475,Idaho,Suburban/Small City,70.17,29.83,36.14,30.17,36.57,40.44,6.55
10891,County_10891,Georgia,Urban,90.89,9.11,10.77,8.88,46.56,21.58,7.59
55203,County_55203,Other,Rural,79.55,20.45,24.26,21.41,35.57,39.56,
15319,County_15319,Iowa,Rural,79.99,20.01,24.89,19.87,48.13,24.45,
10239,County_10239,Georgia,Rural,80.49,19.51,23.74,19.52,43.42,30.8,7.44
32241,County_32241,New York,Urban,90.08,9.92,12.41,10.92,54.21,25.02,5.9
29309,County_29309,New Hampshire,Urban,86.98,13.02,16.62,,59.13,27.81,5.56
41475,County_41475,South Dakota,Urban,82.39,17.61,21.27,18.0,45.56,34.34,8.35
10011,County_10011,Georgia,Urban,76.31,23.69,29.01,24.17,37.08,35.18,6.29
31093,County_31093,New Mexico,Rural,85.45,14.55,17.72,14.71,40.41,29.78,4.5
11647,County_11647,Hawaii,Rural,64.37,35.63,42.98,36.49,28.73,51.62,5.6
10937,County_10937,Georgia,Urban,71.98,28.02,34.12,27.94,34.12,38.76,6.05
12887,County_12887,Idaho,Rural,87.8,12.2,15.48,12.31,45.84,28.49,3.2
32425,County_32425,New York,Rural,70.9,29.1,34.67,29.4,39.79,48.35,7.75
40289,County_40289,South Carolina,Rural,93.59,,6.64,6.59,48.03,12.5,4.88
36665,County_36665,Oklahoma,Rural,80.26,19.74,23.28,,40.29,34.25,2.54
26749,County_26749,Montana,Urban,76.49,23.51,28.25,23.88,34.49,33.53,5.9
7819,County_7819,Connecticut,Suburban/Small City,70.29,29.71,35.01,30.01,25.22,41.07,4.47
53177,County_53177,Other,Rural,66.02,33.98,41.24,33.54,34.66,47.06,7.33
10767,County_10767,Georgia,Urban,65.63,34.37,41.26,33.83,26.63,51.77,4.73
22835,County_22835,Michigan,Suburban/Small City,79.09,20.91,25.12,20.86,43.21,31.63,6.49
32163,County_32163,New York,Rural,75.72,24.28,29.7,25.09,42.56,30.96,4.65
19269,County_19269,Maine,Rural,85.24,14.76,18.21,15.83,51.04,28.46,5.34
2123,County_2123,Alaska,Rural,75.69,24.31,29.67,24.72,44.43,31.49,8.99
29937,County_29937,New Hampshire,Suburban/Small City,66.73,33.27,39.58,33.59,31.59,40.42,5.77
10815,County_10815,Georgia,Rural,78.8,21.2,25.16,20.78,42.9,31.31,4.39
33019,County_33019,North Carolina,Rural,84.7,15.3,18.7,14.75,34.43,27.94,4.18
15327,County_15327,Iowa,Rural,82.9,17.1,20.56,17.29,47.96,29.21,7.38
46801,County_46801,Virginia,Urban,71.37,28.63,33.89,28.12,39.83,36.73,
51133,County_51133,Other,Rural,76.82,23.18,27.98,23.55,35.92,37.64,6.55
14721,County_14721,Indiana,Urban,65.59,34.41,41.59,34.92,24.51,43.61,4.29
45655,County_45655,Vermont,Rural,72.64,27.36,33.71,27.38,38.8,37.41,
51701,County_51701,Other,Urban,76.72,23.28,28.31,23.97,45.13,33.52,6.01
46841,County_46841,Virginia,Rural,65.75,34.25,40.86,35.24,28.65,52.77,4.75
40299,County_40299,South Carolina,Suburban/Small City,83.47,16.53,19.68,15.92,45.5,31.41,5.61
47393,County_47393,Washington,Urban,88.37,11.63,14.89,12.7,49.97,21.34,5.45
34169,County_34169,North Dakota,Urban,64.45,35.55,41.88,35.53,34.53,50.82,9.44
41369,County_41369,South Dakota,Urban,81.44,18.56,22.18,18.65,36.01,32.07,5.09
22989,County_22989,Michigan,Suburban/Small City,64.46,35.54,,35.92,29.08,53.35,7.58
34371,County_34371,North Dakota,Rural,79.25,,23.75,20.43,45.67,36.99,6.43
54523,County_54523,Other,Urban,77.92,22.08,25.72,22.23,48.45,23.83,
44201,County_44201,Utah,Rural,76.2,23.8,28.64,23.5,39.17,37.1,6.45
1323,County_1323,Alabama,Suburban/Small City,72.63,27.37,33.13,26.47,49.87,49.46,8.72
11891,County_11891,Hawaii,Urban,86.89,13.11,16.15,13.27,48.25,21.97,7.94
31675,County_31675,New Mexico,Rural,81.48,18.52,22.39,19.73,44.5,26.79,5.15
43583,County_43583,Texas,Urban,88.21,11.79,14.1,11.11,57.94,22.3,5.5
13363,County_13363,Illinois,Urban,65.1,34.9,42.33,34.76,30.4,49.34,7.01
47701,County_47701,Washington,Suburban/Small City,76.91,23.09,27.88,22.5,30.81,40.29,7.65
29539,County_29539,New Hampshire,Rural,72.71,27.29,32.03,27.67,41.8,44.35,5.9
12365,County_12365,Idaho,Rural,65.83,34.17,39.93,35.01,28.23,47.21,5.1
25657,County_25657,Missouri,Urban,93.81,6.19,7.37,,53.11,21.68,7.74
12355,County_12355,Idaho,Rural,84.98,,18.35,15.3,41.28,19.5,6.92
30697,County_30697,New Jersey,Urban,74.67,25.33,29.88,25.4,43.06,41.7,4.12
52033,County_52033,Other,Suburban/Small City,78.71,21.29,24.98,21.46,34.78,39.37,
27727,County_27727,Nebraska,Rural,78.16,21.84,26.36,22.46,40.13,38.57,5.84
5111,County_5111,California,Urban,84.5,15.5,19.01,15.65,43.83,28.16,5.15
45655,County_45655,Vermont,Suburban/Small City,73.81,26.19,32.02,25.82,23.23,40.11,7.74
42623,County_42623,Tennessee,Urban,81.25,18.75,21.95,18.85,46.3,25.47,6.18
49209,County_49209,Wisconsin,Rural,83.46,16.54,19.68,16.67,44.14,24.6,8.75
52889,County_52889,Other,Rural,69.69,30.31,35.59,30.75,35.37,44.36,4.83
20331,County_20331,Maryland,Urban,75.08,24.92,30.72,24.82,30.62,35.68,3.12
17097,County_17097,Kentucky,Rural,67.1,32.9,40.15,33.22,34.25,48.06,4.05
18987,County_18987,Louisiana,Suburban/Small City,81.9,18.1,21.63,17.61,42.39,29.38,5.0
24187,County_24187,Mississippi,Urban,95.46,4.54,,5.12,52.61,12.62,3.78
17429,County_17429,Kentucky,Rural,87.71,12.29,14.89,,35.44,26.32,4.93
37293,County_37293,Oregon,Urban,75.04,24.96,29.06,24.97,29.06,40.29,4.57
19925,County_19925,Maine,Urban,70.78,29.22,35.09,29.46,35.09,36.28,9.53
15485,County_15485,Iowa,Rural,79.56,20.44,25.29,21.07,46.73,37.9,2.61
37561,County_37561,Oregon,Rural,72.55,27.45,33.14,,30.3,42.28,7.99
43087,County_43087,Texas,Rural,82.98,17.02,20.89,16.74,41.74,28.3,6.17
2239,County_2239,Alaska,Rural,75.1,24.9,29.48,25.56,39.09,41.87,6.3
1917,County_1917,Alabama,Rural,93.04,6.96,8.57,6.54,50.01,,6.31
18911,County_18911,Louisiana,Urban,76.83,23.17,27.55,23.31,48.42,46.28,5.77
50885,County_50885,Wyoming,Rural,79.97,20.03,24.05,19.62,47.26,35.11,5.62
3329,County_3329,Arizona,Rural,72.95,27.05,31.86,27.87,34.31,40.61,3.36
29063,County_29063,New Hampshire,Rural,79.87,20.13,24.1,20.81,36.99,34.87,5.28
54587,County_54587,Other,Rural,83.5,16.5,18.92,17.13,47.28,24.92,6.42
27957,County_27957,Nebraska,Urban,83.56,16.44,19.77,16.22,37.94,28.35,5.6
33603,County_33603,North Carolina,Rural,89.82,10.18,13.46,10.23,49.26,24.72,4.26
33835,County_33835,North Carolina,Rural,74.73,25.27,30.68,24.96,41.46,37.42,5.21
47533,County_47533,Washington,Rural,95.93,4.07,5.21,,57.62,14.29,8.75
19949,County_19949,Maine,Suburban/Small City,82.13,17.87,21.71,18.36,48.88,27.09,5.29
40249,County_40249,South Carolina,Urban,81.84,18.16,21.78,18.87,50.4,28.07,7.56
17341,County_17341,Kentucky,Urban,86.18,13.82,16.35,13.69,56.28,22.02,5.54
12187,County_12187,Idaho,Rural,74.11,25.89,31.63,26.61,31.12,36.49,8.07
30095,County_30095,New Jersey,Suburban/Small City,84.83,15.17,18.16,15.55,35.49,,7.27
11943,County_11943,Hawaii,Suburban/Small City,85.05,14.95,18.31,16.29,47.42,17.17,5.11
31733,County_31733,New Mexico,Suburban/Small City,90.86,9.14,11.16,8.04,43.23,14.98,5.96
8337,County_8337,Delaware,Urban,91.89,8.11,10.12,8.41,60.67,18.94,5.94
12293,County_12293,Idaho,Suburban/Small City,66.37,33.63,41.11,33.12,32.47,53.99,8.03
43809,County_43809,Texas,Rural,65.14,34.86,41.3,35.15,32.72,,6.23
53515,County_53515,Other,Rural,70.5,29.5,35.64,29.35,30.14,41.7,6.43
51199,County_51199,Other,Rural,66.89,33.11,39.57,32.48,31.59,53.54,6.09
21357,County_21357,Massachusetts,Rural,93.54,6.46,8.15,6.61,49.97,16.01,4.48
55273,County_55273,Other,Urban,67.68,32.32,38.09,32.63,36.18,52.26,6.38
1187,County_1187,Alabama,Rural,86.56,13.44,16.14,14.09,40.36,21.64,5.49
22523,County_22523,Michigan,Urban,74.8,25.2,30.13,25.46,36.39,41.98,5.95
43391,County_43391,Texas,Rural,91.01,8.99,11.64,9.1,52.48,18.31,3.74
28897,County_28897,Nevada,Rural,79.35,20.65,24.63,20.93,41.56,33.83,5.07
35929,County_35929,Ohio,Urban,79.77,20.23,24.58,20.88,32.0,33.91,7.49
45193,County_45193,Vermont,Urban,65.53,34.47,41.72,33.95,28.5,47.89,4.88
34829,County_34829,North Dakota,Urban,84.25,15.75,18.91,16.25,49.28,30.24,5.65
27413,County_27413,Nebraska,Rural,90.67,9.33,10.59,9.07,59.33,12.17,7.63
51773,County_51773,Other,Urban,77.41,22.59,26.96,23.26,46.94,35.69,6.5
46055,County_46055,Virginia,Urban,91.82,8.18,10.51,9.13,55.66,18.53,4.55
10661,County_10661,Georgia,Urban,76.93,23.07,28.02,22.66,48.32,41.95,7.97
8877,County_8877,Delaware,Urban,81.38,18.62,23.74,18.69,55.87,31.36,5.34
5499,County_5499,California,Rural,,35.12,42.27,35.05,30.68,48.27,5.75
25283,County_25283,Missouri,Rural,82.58,17.42,20.86,17.39,43.78,24.42,6.03
7175,County_7175,Connecticut,Rural,80.95,19.05,22.6,17.93,43.73,23.56,6.51
31585,County_31585,New Mexico,Urban,85.88,14.12,17.69,13.63,50.79,21.81,6.21
30833,County_30833,New Jersey,Rural,89.67,10.33,11.82,10.38,54.3,25.14,8.07
48387,County_48387,West Virginia,Rural,89.41,10.59,12.69,11.25,46.82,,7.11
1633,County_1633,Alabama,Rural,72.2,27.8,,27.9,37.75,40.13,5.85
48523,County_48523,West Virginia,Suburban/Small City,81.86,18.14,21.52,18.27,39.37,34.81,7.99
26101,County_26101,Montana,Rural,65.07,,43.72,34.78,33.95,51.52,5.39
22667,County_22667,Michigan,Rural,83.06,16.94,20.91,17.82,46.93,29.27,6.34
10581,County_10581,Georgia,Urban,84.15,15.85,18.88,16.79,37.26,22.42,6.01
29307,County_29307,New Hampshire,Rural,60.79,39.21,46.69,39.58,25.27,47.47,4.02
27675,County_27675,Nebraska,Urban,78.15,21.85,25.6,22.02,37.49,47.63,5.39
38713,County_38713,Pennsylvania,Urban,76.79,23.21,27.71,23.45,35.18,38.31,4.97
13147,County_13147,Illinois,Urban,79.65,20.35,24.41,21.15,47.56,26.55,6.15
6701,County_6701,Colorado,Urban,73.6,26.4,31.3,26.61,38.98,36.34,6.7
3743,County_3743,Arizona,Rural,85.21,14.79,17.67,14.69,44.34,26.65,6.6
31565,County_31565,New Mexico,Suburban/Small City,,18.95,22.93,18.38,40.61,32.63,5.54
51337,County_51337,Other,Rural,82.5,17.5,19.75,17.43,54.06,31.81,4.09
4223,County_4223,Arkansas,Rural,70.36,29.64,35.79,29.84,41.7,,4.52
20689,County_20689,Maryland,Rural,73.61,26.39,31.23,26.45,36.08,37.75,7.87
40837,County_40837,South Carolina,Rural,87.4,12.6,15.0,12.76,36.66,24.5,6.87
46159,County_46159,Virginia,Suburban/Small City,79.11,20.89,25.17,20.45,32.19,28.7,7.61
18923,County_18923,Louisiana,Urban,76.67,23.33,29.46,23.38,35.55,37.13,4.62
10249,County_10249,Georgia,Urban,86.2,13.8,17.27,14.25,43.6,25.85,6.66
10867,County_10867,Georgia,Rural,91.07,8.93,10.93,9.31,51.41,21.54,6.57
19621,County_19621,Maine,Suburban/Small City,68.13,31.87,37.88,31.68,30.77,44.61,5.05
11731,County_11731,Hawaii,Rural,76.51,23.49,28.01,23.83,37.72,29.69,3.6
4475,County_4475,Arkansas,Rural,67.08,32.92,39.75,33.04,23.55,49.73,5.06
22349,County_22349,Michigan,Rural,81.19,18.81,22.94,18.01,44.95,31.36,7.84
42309,County_42309,Tennessee,Rural,79.03,20.97,25.09,20.65,43.85,39.47,5.32
48725,County_48725,West Virginia,Urban,72.02,27.98,32.73,28.44,35.55,37.92,4.45
19161,County_19161,Maine,Urban,75.82,24.18,29.02,24.23,38.51,34.03,2.85
13497,County_13497,Illinois,Suburban/Small City,77.61,22.39,27.09,22.44,26.98,36.56,7.52
43159,County_43159,Texas,Rural,70.93,29.07,34.2,29.52,36.57,41.92,6.86
26725,County_26725,Montana,Urban,71.72,28.28,34.59,28.73,29.11,47.37,8.44
35403,County_35403,Ohio,Suburban/Small City,85.96,14.04,16.73,13.82,,30.96,4.5
14217,County_14217,Indiana,Urban,79.28,20.72,24.38,20.38,45.35,27.69,5.46
8231,County_8231,Delaware,Rural,77.65,22.35,25.85,22.14,36.42,33.53,6.97
32647,County_32647,New York,Urban,69.27,30.73,36.05,31.86,32.03,49.16,4.29
49209,County_49209,Wisconsin,Rural,76.38,23.62,28.44,23.99,46.19,38.52,5.99
5707,County_5707,California,Rural,79.08,,25.23,21.22,38.48,30.43,6.69
51201,County_51201,Other,Suburban/Small City,81.29,18.71,22.81,18.28,44.59,29.3,6.08
42651,County_42651,Tennessee,Rural,86.62,13.38,16.5,14.03,41.36,31.54,6.59
38501,County_38501,Pennsylvania,Rural,73.14,26.86,32.19,26.42,29.66,47.6,5.77
10967,County_10967,Georgia,Urban,71.26,28.74,34.13,28.84,41.77,45.06,3.95
54217,County_54217,Other,Urban,63.96,36.04,42.67,35.83,21.28,53.07,6.62
10983,County_10983,Georgia,Rural,84.36,15.64,19.02,15.78,43.98,34.68,4.95
44767,County_44767,Utah,Urban,72.38,27.62,33.02,27.96,34.11,41.09,3.39
42193,County_42193,Tennessee,Rural,75.27,,29.99,25.29,48.54,42.02,4.47
42955,County_42955,Tennessee,Suburban/Small City,85.57,14.43,17.03,15.37,49.06,35.37,4.65
54203,County_54203,Other,Rural,85.52,14.48,16.98,14.5,49.41,17.92,5.93
5953,County_5953,California,Suburban/Small City,62.78,37.22,,37.94,23.17,53.47,3.48
50367,County_50367,Wyoming,Urban,67.28,32.72,39.36,33.39,33.11,44.92,1.68
4499,County_4499,Arkansas,Suburban/Small City,65.39,34.61,41.24,34.54,24.83,47.4,6.48
5595,County_5595,California,Urban,93.65,6.35,7.43,5.41,38.66,20.87,4.13
9497,County_9497,Florida,Suburban/Small City,67.14,32.86,39.48,33.8,24.09,38.57,6.8
21217,County_21217,Massachusetts,Rural,79.12,20.88,25.21,20.51,42.47,28.85,6.81
8601,County_8601,Delaware,Urban,77.91,22.09,26.88,22.78,44.35,41.94,5.63
32683,County_32683,New York,Urban,81.21,18.79,22.98,19.61,41.79,31.73,7.57
18715,County_18715,Louisiana,Rural,82.7,17.3,21.09,17.11,38.57,34.39,5.79
38359,County_38359,Pennsylvania,Rural,76.88,23.12,28.44,22.92,38.78,29.1,8.35
6341,County_6341,Colorado,Urban,70.43,29.57,34.95,,38.41,36.67,4.24
31223,County_31223,New Mexico,Urban,67.22,32.78,38.44,32.21,31.74,53.07,4.34
56733,County_56733,Other,Suburban/Small City,90.3,9.7,12.77,9.24,55.11,24.93,7.62
8777,County_8777,Delaware,Urban,74.64,25.36,31.17,25.68,37.0,35.52,8.31
55927,County_55927,Other,Rural,91.82,8.18,10.31,9.46,42.36,23.1,5.61
12381,County_12381,Idaho,Urban,77.97,22.03,25.52,22.23,40.57,33.13,6.89
54779,County_54779,Other,Rural,66.46,33.54,40.64,33.33,,50.94,3.8
12115,County_12115,Idaho,Rural,75.16,24.84,29.51,24.82,42.02,30.79,5.47
42219,County_42219,Tennessee,Rural,89.04,10.96,12.82,10.99,54.61,26.78,9.35
29893,County_29893,New Hampshire,Rural,77.99,22.01,26.05,22.04,33.72,29.21,7.4
30039,County_30039,New Jersey,Rural,91.02,8.98,11.17,,50.99,21.85,8.58
31829,County_31829,New Mexico,Rural,69.01,30.99,37.16,31.1,29.69,44.61,
4415,County_4415,Arkansas,Rural,73.07,26.93,32.76,27.01,31.4,43.84,6.68
36589,County_36589,Oklahoma,Urban,72.19,27.81,32.77,27.69,34.22,40.21,8.8
29335,County_29335,New Hampshire,Urban,78.51,21.49,25.27,22.16,43.6,34.23,5.16
53893,County_53893,Other,Urban,71.61,28.39,33.99,28.8,38.65,43.21,7.08
31419,County_31419,New Mexico,Rural,68.73,31.27,36.88,31.55,32.81,39.61,
52131,County_52131,Other,Rural,70.27,29.73,35.27,29.93,34.31,,4.94
18829,County_18829,Louisiana,Rural,84.44,15.56,18.22,16.33,,33.54,8.62
16457,County_16457,Kansas,Rural,67.55,32.45,39.07,32.53,31.63,46.8,6.41
55423,County_55423,Other,Rural,66.8,33.2,39.34,,20.35,52.39,6.39
13757,County_13757,Illinois,Rural,71.88,28.12,34.4,28.67,34.56,37.24,5.84
41309,County_41309,South Dakota,Suburban/Small City,77.86,22.14,26.91,22.23,,,7.46
12661,County_12661,Idaho,Rural,82.14,17.86,21.94,18.76,40.1,27.56,7.45
15119,County_15119,Iowa,Urban,87.46,12.54,15.4,12.51,47.47,21.83,
13653,County_13653,Illinois,Urban,68.68,31.32,37.67,31.81,39.28,41.49,4.11
40063,County_40063,South Carolina,Urban,87.7,12.3,14.75,12.64,38.41,28.7,7.96
11581,County_11581,Hawaii,Rural,66.37,33.63,40.02,33.84,33.19,47.22,7.82
51297,County_51297,Other,Rural,65.14,34.86,41.8,34.7,34.94,42.04,6.69
8657,County_8657,Delaware,Urban,76.28,23.72,28.48,22.19,,40.27,7.19
40421,County_40421,South Carolina,Suburban/Small City,72.6,27.4,32.72,26.52,28.97,30.96,5.38
29321,County_29321,New Hampshire,Rural,82.81,17.19,21.37,17.03,35.91,36.15,5.5
11583,County_11583,Hawaii,Rural,80.85,19.15,23.52,19.25,41.37,34.82,5.66
15887,County_15887,Iowa,Suburban/Small City,67.12,32.88,39.1,33.78,30.94,48.33,5.63
38291,County_38291,Pennsylvania,Rural,72.81,27.19,33.49,27.22,30.93,35.5,6.62
3871,County_3871,Arizona,Rural,78.02,21.98,27.39,21.53,34.62,36.15,5.12
4175,County_4175,Arkansas,Suburban/Small City,84.04,15.96,19.05,16.05,45.63,27.35,4.44
4419,County_4419,Arkansas,Rural,74.56,25.44,30.83,26.29,43.41,34.62,6.71
48239,County_48239,West Virginia,Rural,80.19,,23.95,20.28,42.08,36.63,7.91
25805,County_25805,Missouri,Rural,71.67,28.33,34.59,29.17,28.56,,5.16
17499,County_17499,Kentucky,Rural,79.69,20.31,23.54,20.13,55.64,,5.77
6847,County_6847,Colorado,Urban,87.9,12.1,15.21,12.17,,22.09,6.72
19317,County_19317,Maine,Rural,76.98,23.02,27.7,23.06,36.13,30.78,5.69
29761,County_29761,New Hampshire,Urban,89.6,10.4,13.0,10.53,43.3,22.57,5.3
27351,County_27351,Nebraska,Urban,85.69,14.31,17.38,14.29,39.9,28.59,6.22
1945,County_1945,Alabama,Suburban/Small City,84.99,15.01,18.08,16.53,39.95,27.4,5.88
56395,County_56395,Other,Urban,77.97,22.03,27.24,22.13,35.74,34.48,4.52
43495,County_43495,Texas,Urban,79.37,20.63,25.04,21.17,45.12,29.35,5.2
46035,County_46035,Virginia,Rural,80.96,19.04,22.63,18.84,37.71,40.42,4.47
41099,County_41099,South Dakota,Urban,79.54,20.46,24.72,20.21,38.39,36.02,7.22
23507,County_23507,Minnesota,Rural,75.45,24.55,29.19,24.08,38.47,34.39,2.58
18241,County_18241,Louisiana,Rural,88.5,11.5,14.52,11.05,41.98,,6.84
1345,County_1345,Alabama,Rural,89.8,10.2,12.93,10.35,43.64,19.94,6.06
44071,County_44071,Utah,Rural,83.55,16.45,19.23,15.53,45.95,25.64,7.99
5927,County_5927,California,Rural,63.77,36.23,43.07,35.69,19.01,51.78,6.28
35937,County_35937,Ohio,Urban,89.08,10.92,12.51,11.54,44.83,30.65,7.55
23249,County_23249,Minnesota,Rural,67.84,32.16,38.95,32.37,28.79,44.89,5.79
35081,County_35081,Ohio,Rural,80.01,19.99,23.64,19.99,27.66,32.36,5.56
48669,County_48669,West Virginia,Urban,70.73,29.27,33.96,29.12,23.55,47.72,3.54
40791,County_40791,South Carolina,Rural,84.9,15.1,17.96,15.53,33.25,38.55,7.3
23415,County_23415,Minnesota,Rural,75.37,24.63,28.59,24.37,33.67,45.11,6.12
15113,County_15113,Iowa,Rural,61.32,38.68,46.65,39.08,30.94,60.67,
22995,County_22995,Michigan,Rural,72.47,27.53,33.31,27.26,39.05,39.64,6.98
3901,County_3901,Arizona,Urban,88.68,11.32,13.94,11.25,56.48,19.1,6.5
47753,County_47753,Washington,Rural,85.83,14.17,17.31,15.27,40.65,27.26,4.27
54405,County_54405,Other,Rural,84.9,15.1,17.56,16.28,48.46,31.45,3.95
41347,County_41347,South Dakota,Suburban/Small City,89.97,10.03,11.46,10.37,41.77,30.26,
26053,County_26053,Montana,Suburban/Small City,81.83,18.17,21.94,18.73,38.34,39.12,5.61
47167,County_47167,Washington,Rural,85.02,14.98,18.09,15.4,52.57,20.7,4.63
42379,County_42379,Tennessee,Rural,70.14,29.86,35.02,29.85,36.04,47.93,3.0
52901,County_52901,Other,Rural,69.27,30.73,35.52,30.38,20.87,46.71,7.15
31693,County_31693,New Mexico,Urban,93.83,6.17,7.53,6.96,54.24,21.93,6.77
3397,County_3397,Arizona,Suburban/Small City,80.63,19.37,22.99,20.22,39.65,32.06,7.51
17935,County_17935,Kentucky,Suburban/Small City,,12.52,15.12,12.61,45.76,19.07,3.2
39345,County_39345,Rhode Island,Urban,92.2,7.8,9.27,7.73,,15.39,6.55
45589,County_45589,Vermont,Rural,86.2,13.8,16.29,14.61,46.35,21.36,4.86
29987,County_29987,New Hampshire,Rural,76.76,23.24,26.84,23.15,46.15,42.38,4.65
30897,County_30897,New Jersey,Rural,91.4,8.6,10.65,,52.71,17.29,5.03
53105,County_53105,Other,Rural,73.52,,31.77,25.68,34.66,45.01,4.92
50383,County_50383,Wyoming,Suburban/Small City,73.66,26.34,31.6,26.87,37.52,34.69,9.02
20651,County_20651,Maryland,Urban,68.02,31.98,38.75,32.16,27.45,47.24,4.78
10451,County_10451,Georgia,Urban,81.51,18.49,21.98,18.82,48.18,26.46,5.49
49349,County_49349,Wisconsin,Rural,75.99,24.01,28.81,24.0,26.26,37.19,6.67
2629,County_2629,Alaska,Urban,70.12,29.88,35.95,30.04,34.61,38.66,7.02
5455,County_5455,California,Rural,73.75,26.25,31.12,26.44,38.89,33.68,5.14
48453,County_48453,West Virginia,Rural,88.71,11.29,14.32,11.3,33.88,29.93,7.05
51355,County_51355,Other,Suburban/Small City,85.34,14.66,17.8,14.02,51.38,21.72,4.59
19565,County_19565,Maine,Urban,66.59,33.41,40.14,32.42,25.96,42.59,4.39
7197,County_7197,Connecticut,Rural,93.51,6.49,7.89,6.57,53.9,13.71,6.52
51783,County_51783,Other,Rural,95.44,4.56,4.63,4.0,60.85,14.58,
10869,County_10869,Georgia,Rural,82.02,17.98,21.1,18.32,48.64,24.68,8.03
29683,County_29683,New Hampshire,Rural,72.39,27.61,33.65,28.38,36.52,44.1,7.88
44731,County_44731,Utah,Suburban/Small City,75.66,24.34,28.86,24.4,44.53,35.97,4.08
55375,County_55375,Other,Urban,83.37,16.63,19.48,16.52,45.21,20.88,4.62
28391,County_28391,Nevada,Urban,74.43,25.57,30.26,26.0,43.55,40.74,7.64
40517,County_40517,South Carolina,Rural,83.07,16.93,20.61,17.33,46.43,32.09,6.18
29505,County_29505,New Hampshire,Urban,81.7,18.3,21.44,18.25,44.98,21.99,6.55
53023,County_53023,Other,Rural,93.1,6.9,8.21,6.71,56.98,22.35,9.58
31507,County_31507,New Mexico,Rural,75.25,24.75,30.1,24.7,40.34,28.84,5.32
37989,County_37989,Oregon,Rural,72.58,,32.62,27.34,27.27,44.07,4.46
24617,County_24617,Mississippi,Suburban/Small City,78.25,21.75,26.85,21.77,34.77,33.21,7.32
30257,County_30257,New Jersey,Rural,88.21,11.79,15.28,12.52,54.34,27.33,5.72
56117,County_56117,Other,Rural,80.08,19.92,24.36,20.75,33.37,35.09,4.96
47925,County_47925,Washington,Urban,86.61,13.39,17.0,,46.63,25.91,5.46
6781,County_6781,Colorado,Rural,78.92,21.08,24.75,21.51,,36.82,4.87
3787,County_3787,Arizona,Urban,78.0,22.0,26.77,22.69,36.73,35.64,7.28
9055,County_9055,Florida,Suburban/Small City,74.88,25.12,30.29,25.58,36.78,34.31,8.68
41349,County_41349,South Dakota,Rural,89.92,10.08,11.55,10.15,46.06,18.47,5.42
9001,County_9001,Florida,Urban,72.7,27.3,32.79,27.52,23.99,36.81,6.0
45859,County_45859,Vermont,Urban,68.23,31.77,,30.88,32.1,47.11,3.23
37457,County_37457,Oregon,Suburban/Small City,84.01,15.99,18.91,16.78,56.69,25.05,5.06
15427,County_15427,Iowa,Suburban/Small City,93.2,6.8,8.37,6.19,54.04,18.69,6.25
38781,County_38781,Pennsylvania,Rural,66.61,33.39,40.63,,29.83,47.72,6.47
19489,County_19489,Maine,Suburban/Small City,85.16,14.84,18.12,14.59,44.33,22.67,6.67
54005,County_54005,Other,Suburban/Small City,80.15,19.85,23.17,,36.94,34.95,5.04
39285,County_39285,Rhode Island,Rural,72.89,27.11,32.18,26.72,34.22,44.9,8.38
26143,County_26143,Montana,Urban,68.3,31.7,38.34,32.44,32.57,44.23,8.18
33169,County_33169,North Carolina,Suburban/Small City,81.23,18.77,23.07,19.15,34.49,35.3,4.6
34789,County_34789,North Dakota,Urban,80.57,19.43,23.08,19.83,40.64,27.25,
5765,County_5765,California,Rural,80.62,19.38,22.75,19.82,39.27,31.32,7.12
49347,County_49347,Wisconsin,Urban,75.98,24.02,29.3,24.94,29.97,28.96,8.42
48043,County_48043,West Virginia,Suburban/Small City,75.03,24.97,30.12,24.59,34.51,36.67,6.57
38067,County_38067,Pennsylvania,Urban,75.85,24.15,28.36,23.93,43.18,37.34,5.03
18379,County_18379,Louisiana,Urban,82.26,17.74,20.93,18.13,43.66,26.9,
55033,County_55033,Other,Rural,88.47,11.53,13.64,12.47,,13.98,6.13
25097,County_25097,Missouri,Rural,94.06,,6.89,6.46,49.33,6.05,6.26
26859,County_26859,Montana,Urban,64.12,35.88,43.68,36.22,24.09,53.01,5.82
53673,County_53673,Other,Urban,71.28,28.72,33.87,28.26,41.05,44.42,
18287,County_18287,Louisiana,Rural,66.76,33.24,39.83,34.2,30.74,48.98,8.58
31835,County_31835,New Mexico,Suburban/Small City,86.63,13.37,15.2,13.92,,18.48,6.23
46557,County_46557,Virginia,Urban,87.86,12.14,14.06,12.36,,25.87,6.28
31365,County_31365,New Mexico,Urban,91.26,8.74,11.35,8.95,39.29,27.42,6.07
46169,County_46169,Virginia,Rural,68.33,31.67,38.24,32.2,43.36,39.66,5.24
1163,County_1163,Alabama,Rural,79.18,20.82,25.32,21.56,39.19,41.46,
38345,County_38345,Pennsylvania,Rural,66.74,33.26,39.97,33.51,32.23,47.28,8.11
22009,County_22009,Michigan,Urban,67.05,32.95,38.71,32.82,27.51,52.75,6.26
16905,County_16905,Kansas,Rural,74.06,25.94,31.48,26.28,39.5,34.44,6.35
11095,County_11095,Hawaii,Urban,78.58,21.42,25.86,21.91,37.87,38.31,6.43
6807,County_6807,Colorado,Rural,78.68,21.32,25.02,,45.92,28.17,4.16
10155,County_10155,Georgia,Rural,75.53,24.47,29.54,24.3,45.03,40.73,6.05
52691,County_52691,Other,Suburban/Small City,82.9,17.1,20.35,17.38,30.63,25.24,6.81
19175,County_19175,Maine,Rural,67.57,32.43,38.96,32.94,34.35,35.68,4.53
20827,County_20827,Maryland,Rural,83.78,16.22,19.71,16.87,36.6,34.32,7.8
2897,County_2897,Alaska,Urban,,10.61,13.44,10.68,47.91,,4.71
42229,County_42229,Tennessee,Rural,89.67,10.33,11.53,10.91,49.28,11.81,5.83
36363,County_36363,Oklahoma,Urban,84.01,15.99,18.65,,46.68,28.86,5.61
53217,County_53217,Other,Rural,76.78,23.22,28.01,23.01,48.24,29.0,4.9
30777,County_30777,New Jersey,Urban,82.68,17.32,20.21,17.05,49.45,23.93,5.75
35345,County_35345,Ohio,Rural,64.6,35.4,41.98,35.35,34.83,50.01,5.49
22593,County_22593,Michigan,Suburban/Small City,66.06,33.94,40.69,34.55,36.77,50.3,6.49
34281,County_34281,North Dakota,Suburban/Small City,69.47,30.53,36.85,30.69,34.73,42.88,4.89
16163,County_16163,Kansas,Rural,92.19,7.81,9.65,8.18,51.7,18.04,6.3
48639,County_48639,West Virginia,Rural,78.7,21.3,25.14,21.73,36.5,33.47,4.68
41933,County_41933,South Dakota,Urban,80.62,19.38,23.09,19.53,43.54,33.69,7.7
56543,County_56543,Other,Suburban/Small City,75.44,24.56,30.14,24.78,42.35,35.99,6.36
6771,County_6771,Colorado,Rural,79.23,20.77,24.8,21.0,50.93,31.97,5.11
55779,County_55779,Other,Rural,80.59,19.41,23.57,19.6,,25.89,7.56
20367,County_20367,Maryland,Rural,,10.41,12.43,10.7,48.93,26.28,7.42
21695,County_21695,Massachusetts,Urban,87.36,12.64,15.28,12.05,45.69,20.71,7.43
19133,County_19133,Maine,Rural,70.4,29.6,36.07,29.92,37.73,33.35,5.79
44261,County_44261,Utah,Urban,92.59,7.41,9.0,8.21,59.04,21.58,6.59
53107,County_53107,Other,Rural,78.48,21.52,25.76,22.6,36.1,34.35,7.78
55825,County_55825,Other,Urban,63.0,37.0,45.08,37.09,29.91,42.06,7.22
43457,County_43457,Texas,Rural,86.87,13.13,15.01,13.12,52.93,24.73,8.31
2211,County_2211,Alaska,Rural,78.26,21.74,25.74,22.5,41.41,32.7,6.92
7691,County_7691,Connecticut,Urban,80.0,20.0,24.12,20.01,40.34,26.38,5.62
15963,County_15963,Iowa,Rural,,30.98,37.74,30.69,31.42,35.84,4.51
3375,County_3375,Arizona,Urban,71.34,28.66,33.93,29.37,32.89,44.94,5.52
46239,County_46239,Virginia,Urban,76.71,23.29,27.77,23.85,35.04,41.83,7.02
39035,County_39035,Rhode Island,Rural,82.68,17.32,21.13,17.97,37.35,33.51,5.9
35879,County_35879,Ohio,Rural,94.31,5.69,7.74,6.0,54.68,15.81,6.18
56227,County_56227,Other,Rural,77.62,22.38,27.46,22.64,40.23,34.2,
55019,County_55019,Other,Rural,74.78,25.22,29.26,25.24,39.07,32.61,5.55
7345,County_7345,Connecticut,Rural,76.23,23.77,28.95,24.07,35.26,33.83,3.58
54587,County_54587,Other,Urban,76.16,23.84,28.87,24.43,41.83,37.5,4.76
15321,County_15321,Iowa,Urban,,29.64,36.21,30.15,30.76,44.22,3.31
5153,County_5153,California,Rural,69.67,30.33,36.94,30.08,40.26,43.4,
43193,County_43193,Texas,Rural,86.46,13.54,17.19,,52.44,22.1,7.81
40725,County_40725,South Carolina,Urban,66.18,33.82,41.11,34.34,29.99,43.62,4.89
55325,County_55325,Other,Rural,88.0,12.0,14.38,,44.59,32.44,6.91
55511,County_55511,Other,Rural,72.26,27.74,32.88,28.56,30.05,37.78,4.16
6979,County_6979,Colorado,Urban,71.12,28.88,34.77,30.28,43.87,39.02,4.58
34185,County_34185,North Dakota,Rural,74.18,25.82,31.75,25.84,36.88,39.68,4.39
9707,County_9707,Florida,Urban,75.85,24.15,,24.7,28.46,38.74,5.9
15601,County_15601,Iowa,Rural,74.02,25.98,31.34,26.11,36.78,44.21,5.7
19877,County_19877,Maine,Rural,72.07,27.93,34.44,27.6,23.2,37.27,5.92
32447,County_32447,New York,Urban,68.11,31.89,37.55,31.44,42.16,44.7,4.61
18251,County_18251,Louisiana,Rural,73.69,26.31,31.34,26.15,32.48,45.29,3.69
54869,County_54869,Other,Rural,80.67,19.33,23.34,19.24,36.64,36.4,8.34
31923,County_31923,New Mexico,Rural,83.57,16.43,20.01,16.81,38.19,23.73,7.14
45809,County_45809,Vermont,Rural,77.31,22.69,28.21,23.12,40.95,32.74,7.83
9041,County_9041,Florida,Rural,67.35,32.65,39.85,33.36,31.56,42.91,2.46
49123,County_49123,Wisconsin,Rural,,35.96,43.16,36.06,23.25,43.95,6.79
52627,County_52627,Other,Urban,88.43,11.57,14.5,10.72,45.18,,4.37
2253,County_2253,Alaska,Urban,67.15,32.85,39.54,33.51,34.79,45.33,5.72
31513,County_31513,New Mexico,Rural,85.27,14.73,17.62,14.85,51.17,30.34,7.67
54461,County_54461,Other,Rural,77.76,22.24,27.29,22.53,30.26,32.21,5.97
44285,County_44285,Utah,Rural,79.9,20.1,24.71,20.57,,31.51,2.96
51829,County_51829,Other,Rural,77.93,22.07,26.94,21.85,32.66,38.95,3.92
50039,County_50039,Wyoming,Urban,79.5,20.5,23.94,20.21,40.66,42.76,6.12
19867,County_19867,Maine,Rural,72.7,27.3,33.08,27.38,43.83,43.84,8.64
4577,County_4577,Arkansas,Rural,68.82,31.18,37.21,31.94,34.73,44.38,5.03
44845,County_44845,Utah,Rural,62.63,37.37,44.96,38.28,38.69,52.36,3.14
41849,County_41849,South Dakota,Rural,74.06,25.94,30.51,27.04,36.55,41.22,5.85
48779,County_48779,West Virginia,Rural,72.17,27.83,33.74,27.65,32.29,42.46,8.52
28817,County_28817,Nevada,Urban,79.63,20.37,23.84,20.61,35.34,35.88,5.86
31929,County_31929,New Mexico,Suburban/Small City,67.7,32.3,39.07,31.43,35.75,43.04,5.37
48391,County_48391,West Virginia,Urban,87.21,12.79,14.99,13.12,51.02,21.1,6.62
36571,County_36571,Oklahoma,Rural,76.87,23.13,27.54,22.99,34.23,38.44,4.78
34787,County_34787,North Dakota,Rural,70.62,29.38,35.47,29.6,33.76,36.06,4.84
27129,County_27129,Nebraska,Rural,71.7,28.3,33.97,28.47,32.42,44.43,8.18
7991,County_7991,Connecticut,Suburban/Small City,73.18,26.82,,,33.62,40.68,7.56
39313,County_39313,Rhode Island,Urban,88.81,11.19,12.43,11.67,48.13,18.88,7.83
31275,County_31275,New Mexico,Rural,89.36,10.64,13.13,11.26,55.88,22.9,7.63
11567,County_11567,Hawaii,Urban,85.53,14.47,17.46,14.6,50.25,35.16,5.25
33715,County_33715,North Carolina,Rural,69.67,30.33,36.35,30.05,35.76,44.79,5.85
10557,County_10557,Georgia,Rural,72.23,27.77,33.81,28.15,36.4,36.33,4.91
30063,County_30063,New Jersey,Urban,63.5,36.5,44.1,36.6,29.17,48.04,6.78
29663,County_29663,New Hampshire,Rural,89.45,10.55,13.04,11.29,38.75,21.04,5.45
30173,County_30173,New Jersey,Urban,80.75,19.25,22.1,18.8,39.1,24.31,5.55
36793,County_36793,Oklahoma,Rural,86.14,13.86,16.48,14.4,53.83,25.68,6.86
34439,County_34439,North Dakota,Suburban/Small City,,16.46,19.78,16.74,40.69,28.91,3.7
51939,County_51939,Other,Urban,75.5,24.5,29.47,24.41,35.37,,7.57
51221,County_51221,Other,Urban,82.14,17.86,21.33,18.07,38.71,20.21,2.69
20259,County_20259,Maryland,Rural,75.67,24.33,28.59,24.27,44.48,41.49,7.93
35941,County_35941,Ohio,Suburban/Small City,81.37,18.63,22.17,18.89,39.99,27.21,4.83
16959,County_16959,Kansas,Rural,75.26,24.74,30.17,24.86,36.74,41.71,7.59
21391,County_21391,Massachusetts,Urban,65.1,34.9,41.51,34.9,29.4,46.91,8.15
48645,County_48645,West Virginia,Rural,59.58,40.42,47.84,41.02,19.8,41.08,9.98
51979,County_51979,Other,Rural,83.23,16.77,20.07,16.84,47.24,24.62,4.82
25271,County_25271,Missouri,Urban,75.88,24.12,29.3,24.41,,44.71,4.27
49049,County_49049,Wisconsin,Rural,80.74,,22.7,19.88,37.71,31.35,7.41
44657,County_44657,Utah,Suburban/Small City,87.32,12.68,15.15,13.08,51.8,15.21,7.05
15163,County_15163,Iowa,Rural,65.73,34.27,40.86,34.05,32.68,49.56,4.97
21943,County_21943,Massachusetts,Urban,84.14,15.86,19.08,16.85,46.85,25.04,
12539,County_12539,Idaho,Rural,82.16,17.84,21.24,17.92,50.43,24.92,4.71
3221,County_3221,Arizona,Rural,78.81,21.19,24.9,21.43,45.45,40.17,6.3
36299,County_36299,Oklahoma,Urban,85.78,14.22,17.6,14.39,37.76,22.01,4.59
50245,County_50245,Wyoming,Urban,74.91,25.09,30.0,26.39,35.99,39.46,6.95
11725,County_11725,Hawaii,Rural,83.73,16.27,,17.01,41.23,32.71,4.33
19761,County_19761,Maine,Rural,87.19,12.81,15.31,11.83,42.71,21.57,7.35
40441,County_40441,South Carolina,Urban,75.41,24.59,29.71,24.82,53.55,39.71,4.04
23591,County_23591,Minnesota,Urban,79.11,,25.35,21.04,35.52,40.66,
4415,County_4415,Arkansas,Rural,,33.02,39.23,,32.54,42.92,8.84
51759,County_51759,Other,Urban,92.87,7.13,9.07,7.16,52.06,15.82,6.52
29161,County_29161,New Hampshire,Rural,83.97,16.03,19.16,16.16,49.23,27.01,4.47
55581,County_55581,Other,Urban,81.36,18.64,22.15,19.27,40.75,28.59,4.83
46645,County_46645,Virginia,Rural,79.93,,24.2,20.2,40.96,36.74,4.24
43773,County_43773,Texas,Rural,89.08,10.92,13.05,11.37,43.43,23.89,5.02
42531,County_42531,Tennessee,Rural,79.6,20.4,24.21,20.08,36.36,39.96,5.08
12399,County_12399,Idaho,Rural,68.6,31.4,37.67,30.99,19.04,45.92,4.68
28259,County_28259,Nevada,Urban,71.39,28.61,34.23,29.4,33.45,42.26,5.91
21443,County_21443,Massachusetts,Rural,72.58,27.42,32.63,26.49,35.09,40.94,6.02
55573,County_55573,Other,Rural,62.92,37.08,45.06,36.92,26.18,43.87,
52047,County_52047,Other,Urban,82.9,17.1,19.72,17.6,53.19,18.83,5.6
52749,County_52749,Other,Rural,93.95,6.05,7.34,6.02,54.59,13.96,9.59
52953,County_52953,Other,Suburban/Small City,80.12,19.88,23.82,20.66,33.89,23.4,5.61
44417,County_44417,Utah,Urban,70.14,29.86,36.35,30.39,36.34,48.03,4.91
45195,County_45195,Vermont,Rural,85.68,14.32,16.55,14.51,31.66,21.14,7.63
46105,County_46105,Virginia,Rural,76.47,23.53,27.94,23.33,38.15,30.25,5.56
49833,County_49833,Wisconsin,Urban,87.47,12.53,15.22,12.29,40.14,29.49,8.34
29333,County_29333,New Hampshire,Rural,63.84,36.16,43.69,36.07,30.47,44.76,3.58
24023,County_24023,Mississippi,Rural,75.24,24.76,29.89,24.85,44.49,36.66,4.32
26865,County_26865,Montana,Urban,82.73,17.27,20.79,17.1,47.18,34.15,1.81
26171,County_26171,Montana,Rural,71.04,28.96,34.41,29.51,30.22,36.69,6.39
17149,County_17149,Kentucky,Rural,89.59,10.41,12.97,10.8,50.3,28.61,6.17
44167,County_44167,Utah,Rural,78.83,21.17,24.75,21.1,36.1,,5.56
34375,County_34375,North Dakota,Rural,81.6,18.4,22.77,17.87,33.91,31.08,6.82
7389,County_7389,Connecticut,Urban,85.97,14.03,17.52,14.47,50.42,11.46,2.5
46943,County_46943,Virginia,Suburban/Small City,77.01,22.99,28.75,23.31,38.89,,6.62
30789,County_30789,New Jersey,Urban,84.5,15.5,19.35,15.82,35.85,28.8,3.19
21461,County_21461,Massachusetts,Rural,90.25,9.75,11.54,10.54,46.09,26.61,8.43
12597,County_12597,Idaho,Urban,90.47,9.53,11.8,8.8,,15.84,7.78
46749,County_46749,Virginia,Rural,89.92,10.08,11.9,10.18,55.15,,7.92
16271,County_16271,Kansas,Rural,79.17,20.83,24.78,20.9,39.88,36.81,8.53
9853,County_9853,Florida,Suburban/Small City,81.05,18.95,22.61,18.75,40.23,28.66,6.12
5551,County_5551,California,Rural,65.54,34.46,40.79,33.59,23.64,53.69,3.57
29239,County_29239,New Hampshire,Rural,80.21,19.79,24.19,20.03,47.98,30.62,7.74
31689,County_31689,New Mexico,Urban,78.4,21.6,25.04,21.78,47.23,,8.11
15983,County_15983,Iowa,Rural,90.45,9.55,10.52,10.0,58.84,22.67,6.78
4725,County_4725,Arkansas,Rural,87.67,12.33,15.18,12.41,51.24,26.28,4.46
36133,County_36133,Oklahoma,Rural,71.3,28.7,34.44,28.47,35.98,42.17,8.88
52521,County_52521,Other,Rural,72.06,27.94,,26.95,40.92,46.11,3.34
41525,County_41525,South Dakota,Rural,72.75,27.25,32.58,27.08,45.14,38.59,7.98
22793,County_22793,Michigan,Rural,85.75,14.25,17.73,13.57,53.39,26.88,7.62
43219,County_43219,Texas,Suburban/Small City,66.59,33.41,39.82,33.72,30.74,50.17,6.05
2041,County_2041,Alaska,Suburban/Small City,78.33,21.67,27.03,23.01,,32.36,7.23
2473,County_2473,Alaska,Urban,93.05,6.95,8.62,7.69,57.33,16.88,7.75
10371,County_10371,Georgia,Suburban/Small City,67.2,32.8,39.49,32.93,28.86,45.11,3.14
26787,County_26787,Montana,Rural,81.69,18.31,22.0,18.6,43.18,32.0,6.33
34667,County_34667,North Dakota,Rural,93.26,6.74,8.77,6.84,52.48,29.21,4.53
30431,County_30431,New Jersey,Rural,72.35,27.65,33.05,26.67,40.94,33.27,5.1
20109,County_20109,Maryland,Rural,65.05,34.95,41.53,35.53,22.46,46.32,3.54
32809,County_32809,New York,Rural,77.98,22.02,26.9,23.21,40.22,31.09,7.06
3983,County_3983,Arizona,Urban,80.37,19.63,22.78,19.54,37.47,31.38,7.82
7967,County_7967,Connecticut,Suburban/Small City,93.3,6.7,7.78,6.29,49.1,17.58,6.56
34673,County_34673,North Dakota,Rural,73.53,26.47,31.39,27.08,23.23,49.05,4.43
56315,County_56315,Other,Rural,82.92,17.08,21.32,17.51,40.06,27.53,7.21
12339,County_12339,Idaho,Suburban/Small City,90.95,9.05,10.87,9.11,57.25,16.05,5.81
50057,County_50057,Wyoming,Suburban/Small City,72.1,27.9,34.21,26.82,34.37,40.48,4.3
37981,County_37981,Oregon,Rural,76.05,23.95,28.74,24.71,39.74,37.59,2.79
38669,County_38669,Pennsylvania,Rural,70.85,29.15,34.86,28.9,36.7,44.82,6.21
6465,County_6465,Colorado,Suburban/Small City,73.63,26.37,32.03,26.88,35.95,39.55,5.58
10625,County_10625,Georgia,Rural,83.4,16.6,20.34,16.99,48.47,34.03,2.28
12173,County_12173,Idaho,Urban,69.22,30.78,37.41,30.8,40.76,54.01,4.96
41265,County_41265,South Dakota,Urban,83.17,16.83,19.78,17.1,51.36,21.26,5.32
26969,County_26969,Montana,Rural,81.12,18.88,23.07,19.89,44.99,30.92,9.28
41427,County_41427,South Dakota,Rural,85.23,14.77,17.36,14.68,42.42,27.17,4.74
49683,County_49683,Wisconsin,Urban,85.32,14.68,18.02,,41.97,22.28,7.14
31717,County_31717,New Mexico,Rural,80.43,19.57,23.94,19.91,29.37,32.89,7.91
46185,County_46185,Virginia,Rural,93.55,6.45,8.7,7.58,54.41,18.3,6.6
8607,County_8607,Delaware,Rural,72.75,27.25,32.37,27.63,32.72,48.42,3.97
16097,County_16097,Kansas,Urban,78.51,21.49,25.01,21.91,40.25,38.79,2.64
52637,County_52637,Other,Rural,70.15,29.85,36.67,29.84,27.23,43.74,7.01
22729,County_22729,Michigan,Rural,80.23,19.77,24.0,20.08,39.18,29.69,
14011,County_14011,Indiana,Urban,80.02,19.98,24.71,19.59,46.06,34.06,5.73
54367,County_54367,Other,Suburban/Small City,78.74,21.26,,20.52,42.65,30.05,6.48
8799,County_8799,Delaware,Urban,76.32,23.68,,23.13,34.56,39.38,6.21
18623,County_18623,Louisiana,Rural,,31.17,37.36,31.08,30.73,52.91,4.48
30781,County_30781,New Jersey,Rural,84.31,15.69,18.26,16.55,36.91,34.45,
22461,County_22461,Michigan,Urban,71.6,28.4,34.22,28.65,34.87,34.49,4.95
31453,County_31453,New Mexico,Rural,80.0,20.0,23.42,19.83,43.37,27.29,5.59
48249,County_48249,West Virginia,Rural,85.28,14.72,17.44,14.49,48.62,29.47,4.72
15145,County_15145,Iowa,Rural,69.2,30.8,37.26,30.55,27.87,47.67,7.43
22631,County_22631,Michigan,Rural,77.81,22.19,27.11,22.95,37.0,28.49,8.7
19553,County_19553,Maine,Urban,77.7,22.3,27.51,21.56,44.32,25.63,5.91
28121,County_28121,Nevada,Urban,65.53,34.47,40.92,35.08,31.37,54.26,3.22
29689,County_29689,New Hampshire,Rural,78.05,21.95,25.97,22.63,33.26,35.55,5.26
9923,County_9923,Florida,Urban,89.54,10.46,12.05,11.62,53.1,24.45,5.98
56663,County_56663,Other,Rural,,24.89,29.01,25.17,30.19,44.22,5.17
41247,County_41247,South Dakota,Rural,72.14,27.86,33.55,28.28,26.63,47.44,6.62
55887,County_55887,Other,Rural,85.16,14.84,18.28,14.99,43.48,29.1,4.11
38027,County_38027,Pennsylvania,Rural,93.26,6.74,8.19,6.23,46.7,17.45,6.79
4427,County_4427,Arkansas,Urban,86.65,13.35,16.14,13.95,54.57,17.37,8.65
35119,County_35119,Ohio,Rural,76.1,23.9,29.05,,32.16,36.5,5.32
38653,County_38653,Pennsylvania,Rural,,18.47,22.29,,39.99,23.66,3.93
23177,County_23177,Minnesota,Rural,76.8,23.2,29.01,23.71,51.0,38.8,3.64
31783,County_31783,New Mexico,Rural,79.96,20.04,24.56,20.33,41.02,34.18,5.69
4113,County_4113,Arkansas,Rural,68.85,,37.98,30.83,40.11,42.54,6.96
51749,County_51749,Other,Urban,71.89,28.11,33.94,28.55,41.83,42.77,6.25
56515,County_56515,Other,Rural,72.1,,34.07,27.42,,37.71,5.02
49045,County_49045,Wisconsin,Rural,65.28,34.72,42.0,34.53,23.74,47.9,
17503,County_17503,Kentucky,Urban,78.7,21.3,24.89,20.98,45.07,27.6,5.31
37695,County_37695,Oregon,Rural,72.35,27.65,32.8,28.76,27.95,37.62,4.05
54479,County_54479,Other,Rural,88.15,11.85,14.51,12.42,50.0,22.16,
11423,County_11423,Hawaii,Rural,65.79,34.21,41.44,34.42,34.65,42.82,4.18
54907,County_54907,Other,Rural,91.5,8.5,10.18,8.54,59.95,28.11,4.41
4645,County_4645,Arkansas,Rural,,19.41,23.23,18.47,52.5,34.71,3.56
32735,County_32735,New York,Suburban/Small City,,20.94,25.11,21.13,35.1,43.46,8.19
29499,County_29499,New Hampshire,Suburban/Small City,91.79,8.21,10.03,8.77,54.7,20.99,5.55
41949,County_41949,South Dakota,Rural,77.27,22.73,27.32,23.56,40.34,30.67,8.25
1829,County_1829,Alabama,Rural,80.62,19.38,22.73,20.53,35.05,36.07,5.64
45565,County_45565,Vermont,Rural,76.53,23.47,27.6,24.16,,40.6,6.17
42031,County_42031,Tennessee,Rural,71.97,28.03,33.8,28.21,35.35,35.53,4.37
33173,County_33173,North Carolina,Rural,84.56,15.44,,16.36,44.57,,6.36
39417,County_39417,Rhode Island,Urban,91.77,8.23,10.6,8.17,45.45,16.02,6.41
12431,County_12431,Idaho,Urban,91.94,8.06,9.37,8.19,52.3,17.23,7.52
16537,County_16537,Kansas,Rural,81.41,18.59,22.34,17.9,35.0,20.5,4.77
22957,County_22957,Michigan,Urban,69.18,30.82,37.06,31.48,31.48,45.31,5.39
46863,County_46863,Virginia,Urban,79.13,20.87,25.4,21.37,52.78,26.82,5.82
40823,County_40823,South Carolina,Rural,73.99,26.01,30.52,25.79,37.49,38.75,5.71
51865,County_51865,Other,Suburban/Small City,72.29,27.71,32.9,27.61,35.49,40.74,5.81
17425,County_17425,Kentucky,Rural,85.48,14.52,18.03,15.23,57.63,33.09,7.05
31461,County_31461,New Mexico,Rural,80.68,19.32,23.09,19.63,41.02,26.94,6.15
44547,County_44547,Utah,Rural,86.41,13.59,16.23,15.35,42.74,26.28,2.9
43167,County_43167,Texas,Rural,88.57,11.43,13.24,11.77,45.74,20.42,4.23
31765,County_31765,New Mexico,Urban,69.88,30.12,35.76,30.33,33.67,41.78,6.76
35255,County_35255,Ohio,Rural,80.13,19.87,23.94,20.64,45.45,26.22,6.48
23249,County_23249,Minnesota,Rural,89.82,10.18,12.55,10.31,44.03,20.83,3.21
31671,County_31671,New Mexico,Rural,65.71,34.29,41.72,34.51,30.3,45.29,5.79
16245,County_16245,Kansas,Urban,,9.38,11.29,,48.74,22.83,5.81
15661,County_15661,Iowa,Rural,,19.38,23.5,19.98,39.14,31.63,5.56
46973,County_46973,Virginia,Urban,83.69,16.31,19.93,17.02,44.58,24.49,9.77
34071,County_34071,North Dakota,Rural,78.33,21.67,26.22,21.92,38.76,38.22,7.65
25917,County_25917,Missouri,Suburban/Small City,80.47,19.53,24.02,18.61,50.2,35.7,7.97
7173,County_7173,Connecticut,Rural,72.47,27.53,33.05,27.35,30.71,42.21,
20935,County_20935,Maryland,Urban,79.55,20.45,23.99,20.75,38.76,40.3,9.92
37569,County_37569,Oregon,Urban,68.18,31.82,38.22,30.98,36.18,29.43,5.58
56303,County_56303,Other,Rural,83.47,16.53,19.93,16.99,45.97,27.2,3.05
6505,County_6505,Colorado,Rural,78.44,21.56,25.68,22.0,38.46,40.1,3.31
25245,County_25245,Missouri,Rural,83.36,16.64,20.48,17.04,29.65,,7.85
43543,County_43543,Texas,Rural,73.62,26.38,31.76,25.67,35.89,31.56,4.74
53625,County_53625,Other,Urban,85.08,14.92,18.39,,39.19,33.24,8.89
44461,County_44461,Utah,Urban,86.52,13.48,15.7,14.5,39.81,17.88,8.31
40499,County_40499,South Carolina,Rural,78.75,21.25,24.66,21.69,41.22,35.46,5.02
1817,County_1817,Alabama,Urban,73.38,26.62,31.92,26.64,37.8,39.13,
22271,County_22271,Michigan,Urban,,27.23,33.15,27.34,27.29,43.81,4.65
12263,County_12263,Idaho,Urban,70.82,29.18,34.84,30.36,34.26,50.7,6.09
9917,County_9917,Florida,Urban,75.61,24.39,29.35,25.02,33.95,39.11,4.31
39983,County_39983,Rhode Island,Rural,93.42,6.58,8.42,7.01,54.14,25.41,8.25
10459,County_10459,Georgia,Urban,80.47,19.53,23.12,20.08,24.88,33.92,1.68
11387,County_11387,Hawaii,Rural,73.94,26.06,31.47,25.47,27.92,36.86,5.3
19493,County_19493,Maine,Rural,75.35,24.65,29.37,25.58,40.92,38.7,4.55
16629,County_16629,Kansas,Rural,86.55,13.45,16.16,13.58,51.99,9.33,4.36
1825,County_1825,Alabama,Rural,82.99,17.01,20.06,17.33,54.57,23.02,6.28
27947,County_27947,Nebraska,Urban,77.26,22.74,27.75,22.71,40.13,40.76,5.8
10487,County_10487,Georgia,Rural,82.67,17.33,21.21,17.92,44.35,32.33,6.39
42931,County_42931,Tennessee,Urban,87.25,12.75,15.18,12.7,39.84,13.63,9.19
22847,County_22847,Michigan,Rural,84.38,15.62,18.3,16.65,38.87,31.6,4.37
5643,County_5643,California,Rural,,30.98,37.05,31.28,26.19,47.61,5.28
25929,County_25929,Missouri,Suburban/Small City,,32.62,39.08,32.47,39.22,42.35,4.06
33641,County_33641,North Carolina,Urban,73.53,26.47,31.68,26.51,,43.43,6.62
24835,County_24835,Mississippi,Suburban/Small City,75.5,,29.4,24.93,31.26,39.83,1.68
23301,County_23301,Minnesota,Rural,72.94,27.06,32.56,26.25,38.94,35.12,4.81
39579,County_39579,Rhode Island,Urban,77.91,22.09,26.08,22.91,45.08,31.55,5.29
7401,County_7401,Connecticut,Rural,70.84,29.16,34.7,29.55,37.72,42.5,3.67
49551,County_49551,Wisconsin,Suburban/Small City,88.14,11.86,14.64,13.01,52.61,27.03,7.17
6445,County_6445,Colorado,Urban,71.11,28.89,34.35,29.35,29.56,40.8,4.93
44081,County_44081,Utah,Rural,86.57,13.43,16.83,13.63,45.07,20.92,6.8
45359,County_45359,Vermont,Urban,78.25,21.75,26.27,22.93,34.77,26.54,4.06
44721,County_44721,Utah,Rural,82.71,17.29,21.1,17.2,44.21,24.44,6.68
50489,County_50489,Wyoming,Urban,75.11,24.89,30.16,25.0,50.72,34.57,6.33
35795,County_35795,Ohio,Suburban/Small City,69.35,30.65,37.46,31.03,31.55,43.92,8.79
16477,County_16477,Kansas,Rural,81.78,,22.9,17.97,33.29,35.78,5.18
55727,County_55727,Other,Rural,70.57,29.43,34.69,30.5,24.49,38.59,4.84
15849,County_15849,Iowa,Urban,78.34,21.66,26.12,22.13,48.67,36.88,4.41
3413,County_3413,Arizona,Rural,78.05,21.95,26.54,22.87,35.23,34.37,9.03
20659,County_20659,Maryland,Urban,73.37,26.63,,27.91,42.63,41.09,
30135,County_30135,New Jersey,Urban,80.22,19.78,24.09,19.63,33.34,36.76,4.06
13263,County_13263,Illinois,Urban,76.25,23.75,28.19,23.44,31.04,43.89,4.56
28907,County_28907,Nevada,Rural,,20.95,24.8,21.13,38.56,28.26,5.34
22845,County_22845,Michigan,Suburban/Small City,70.08,,37.05,30.23,32.95,52.5,5.63
27057,County_27057,Nebraska,Urban,80.04,19.96,23.71,19.67,42.12,,7.35
29979,County_29979,New Hampshire,Suburban/Small City,,17.88,21.61,16.74,42.53,31.97,8.11
53405,County_53405,Other,Urban,66.51,33.49,40.58,33.28,16.73,51.61,8.37
43191,County_43191,Texas,Rural,92.2,7.8,9.69,7.67,55.43,,5.81
29109,County_29109,New Hampshire,Urban,67.2,32.8,39.83,33.26,34.37,44.78,4.1
42885,County_42885,Tennessee,Urban,77.09,22.91,27.11,23.07,34.09,33.05,6.57
46813,County_46813,Virginia,Urban,87.44,12.56,14.12,13.59,54.95,23.25,4.4
56611,County_56611,Other,Rural,74.13,25.87,31.54,24.91,47.5,32.11,4.71
56389,County_56389,Other,Rural,72.8,27.2,32.94,26.78,36.49,41.41,4.88
13639,County_13639,Illinois,Rural,70.21,29.79,35.94,30.03,,45.81,5.77
32299,County_32299,New York,Rural,69.56,30.44,36.77,31.24,36.78,42.15,5.64
53437,County_53437,Other,Rural,,21.46,26.42,20.53,47.59,29.98,
3863,County_3863,Arizona,Rural,81.56,18.44,22.04,19.08,41.78,34.91,5.44
3623,County_3623,Arizona,Urban,70.28,29.72,35.34,29.81,29.12,,6.05
20195,County_20195,Maryland,Rural,75.49,24.51,29.46,25.21,31.38,46.78,5.63
20217,County_20217,Maryland,Rural,71.41,28.59,34.17,29.47,34.71,48.03,7.6
55191,County_55191,Other,Suburban/Small City,77.7,,,23.12,30.8,35.38,7.77
45111,County_45111,Vermont,Urban,72.34,27.66,32.9,28.78,31.73,34.31,5.83
49413,County_49413,Wisconsin,Rural,74.48,25.52,31.74,26.52,37.32,42.65,5.15
9433,County_9433,Florida,Urban,79.75,20.25,24.81,20.1,43.23,30.05,4.87
9447,County_9447,Florida,Rural,78.21,21.79,26.15,22.46,41.12,29.79,7.06
13503,County_13503,Illinois,Rural,79.56,20.44,23.95,20.69,41.8,39.2,5.88
49495,County_49495,Wisconsin,Urban,86.73,13.27,16.45,13.66,37.74,26.18,5.73
43743,County_43743,Texas,Rural,75.3,24.7,29.0,25.32,39.7,39.05,5.79
54567,County_54567,Other,Rural,71.38,28.62,34.17,29.1,38.98,38.94,6.75
21635,County_21635,Massachusetts,Rural,76.22,23.78,28.38,23.55,37.13,30.1,
24337,County_24337,Mississippi,Urban,84.03,15.97,19.72,16.38,40.51,30.25,7.18
46057,County_46057,Virginia,Rural,86.23,13.77,16.46,14.1,38.46,20.99,7.42
18375,County_18375,Louisiana,Urban,82.03,17.97,21.81,17.8,43.65,29.07,5.66
38785,County_38785,Pennsylvania,Rural,66.7,33.3,40.38,33.14,27.58,47.15,6.52
6091,County_6091,Colorado,Rural,66.69,33.31,40.71,32.88,36.9,46.21,5.27
53963,County_53963,Other,Urban,81.79,18.21,22.37,18.4,37.48,31.32,6.33
20645,County_20645,Maryland,Rural,76.08,23.92,28.72,23.58,38.58,41.57,5.76
29107,County_29107,New Hampshire,Suburban/Small City,73.65,26.35,31.51,26.28,42.03,36.27,6.94
23565,County_23565,Minnesota,Urban,66.6,33.4,40.78,35.01,29.09,45.57,6.41
27163,County_27163,Nebraska,Urban,70.53,29.47,35.82,30.02,25.55,33.61,5.02
24645,County_24645,Mississippi,Rural,84.21,15.79,18.92,14.97,41.86,43.04,5.73
10817,County_10817,Georgia,Rural,,21.09,24.56,21.57,38.39,28.5,3.59
55055,County_55055,Other,Urban,74.88,25.12,29.51,,40.02,46.51,6.25
10715,County_10715,Georgia,Rural,85.03,14.97,17.66,14.86,38.05,25.49,5.63
48817,County_48817,West Virginia,Rural,80.22,19.78,23.6,20.2,38.63,32.28,3.96
14117,County_14117,Indiana,Rural,74.27,25.73,30.95,26.08,37.53,34.88,8.08
46873,County_46873,Virginia,Rural,87.81,12.19,14.57,12.72,46.15,17.77,8.06
54339,County_54339,Other,Rural,68.07,31.93,37.46,32.88,32.31,45.6,5.87
1279,County_1279,Alabama,Urban,69.9,30.1,36.33,29.6,24.53,41.7,7.39
16301,County_16301,Kansas,Urban,72.37,27.63,33.2,27.77,33.3,39.71,5.48
28243,County_28243,Nevada,Urban,69.39,30.61,37.06,30.65,35.9,42.55,4.63
25353,County_25353,Missouri,Rural,86.53,13.47,16.49,13.92,43.42,24.65,5.38
15573,County_15573,Iowa,Rural,65.8,34.2,41.33,34.02,29.01,41.72,6.86
34729,County_34729,North Dakota,Rural,64.71,35.29,41.95,35.97,20.12,47.97,7.76
18523,County_18523,Louisiana,Rural,81.79,18.21,21.14,17.95,42.97,30.15,6.14
31669,County_31669,New Mexico,Rural,88.24,11.76,13.58,11.45,47.42,24.53,7.98
10271,County_10271,Georgia,Rural,87.93,12.07,14.3,13.05,52.89,26.44,
55621,County_55621,Other,Rural,63.85,36.15,43.07,36.37,26.15,52.41,6.93
55887,County_55887,Other,Urban,,16.35,19.95,16.45,48.98,26.22,5.46
38841,County_38841,Pennsylvania,Rural,69.77,30.23,36.5,29.96,41.14,39.06,4.25
5405,County_5405,California,Urban,81.85,18.15,22.38,17.97,39.71,27.84,3.7
23153,County_23153,Minnesota,Rural,85.04,14.96,17.67,14.58,44.63,32.47,5.3
17523,County_17523,Kentucky,Rural,67.77,32.23,38.49,32.08,27.96,43.25,6.12
8775,County_8775,Delaware,Rural,74.15,25.85,30.93,25.82,34.29,39.8,3.47
27223,County_27223,Nebraska,Rural,,25.79,30.72,25.63,37.39,39.47,6.89
41509,County_41509,South Dakota,Urban,66.65,33.35,39.39,33.69,29.95,48.58,3.5
52601,County_52601,Other,Rural,81.85,18.15,22.33,17.66,38.94,30.65,5.0
33973,County_33973,North Carolina,Urban,78.64,21.36,25.99,21.24,33.12,35.36,3.85
39317,County_39317,Rhode Island,Urban,78.67,,25.8,21.46,44.68,39.8,3.98
50489,County_50489,Wyoming,Suburban/Small City,79.45,20.55,24.02,20.67,41.04,34.23,8.8
51067,County_51067,Other,Rural,74.24,25.76,30.95,25.94,36.9,32.9,6.45
24819,County_24819,Mississippi,Rural,78.63,21.37,25.44,21.28,42.64,42.51,7.63
27775,County_27775,Nebraska,Rural,83.42,16.58,19.91,17.25,,36.55,5.69
54963,County_54963,Other,Urban,77.13,22.87,28.64,22.92,38.53,35.32,4.79
27041,County_27041,Nebraska,Urban,77.65,22.35,26.93,22.74,40.15,29.29,6.35
56649,County_56649,Other,Rural,71.79,28.21,34.75,27.87,34.38,,7.37
18415,County_18415,Louisiana,Rural,83.91,16.09,18.17,15.05,50.98,16.62,6.41
45515,County_45515,Vermont,Rural,,16.09,19.15,15.13,51.87,23.86,7.22
9223,County_9223,Florida,Suburban/Small City,93.16,6.84,8.38,7.08,44.51,23.44,7.8
37317,County_37317,Oregon,Rural,77.44,22.56,27.06,22.58,35.34,35.45,5.47
29981,County_29981,New Hampshire,Rural,90.3,9.7,12.01,10.41,40.92,,7.59
6211,County_6211,Colorado,Rural,84.05,15.95,18.95,16.44,49.85,35.25,6.98
10477,County_10477,Georgia,Rural,77.02,22.98,27.89,23.72,39.73,41.29,5.68
9835,County_9835,Florida,Rural,85.09,14.91,16.86,14.61,46.07,18.91,6.53
32241,County_32241,New York,Rural,84.29,15.71,,15.32,51.51,26.78,5.79
54903,County_54903,Other,Urban,93.63,6.37,7.73,6.04,58.01,9.93,6.05
45947,County_45947,Vermont,Rural,67.94,32.06,39.43,31.33,27.17,44.44,5.89
9787,County_9787,Florida,Rural,87.16,12.84,15.41,13.01,36.06,21.56,8.27
44011,County_44011,Utah,Urban,73.83,26.17,30.34,26.09,34.46,39.27,3.1
41863,County_41863,South Dakota,Rural,76.08,23.92,29.57,24.19,39.15,33.97,3.93
35433,County_35433,Ohio,Urban,81.65,18.35,21.57,18.27,48.6,41.78,8.11
7401,County_7401,Connecticut,Rural,68.67,31.33,37.77,31.31,30.25,44.67,4.95
53577,County_53577,Other,Rural,,33.84,40.1,34.2,24.96,50.18,8.77
50495,County_50495,Wyoming,Rural,81.36,18.64,22.05,19.35,42.62,31.42,6.06
38425,County_38425,Pennsylvania,Urban,73.13,26.87,32.87,27.02,40.75,38.13,4.83
51053,County_51053,Other,Urban,86.52,13.48,16.48,13.1,47.37,25.11,6.26
43589,County_43589,Texas,Urban,76.33,23.67,28.05,24.35,46.69,40.98,6.51
36921,County_36921,Oklahoma,Urban,64.07,35.93,43.14,36.42,30.54,54.88,5.52
19853,County_19853,Maine,Rural,83.7,16.3,18.33,16.4,48.96,27.79,6.18
41763,County_41763,South Dakota,Rural,84.82,15.18,17.26,15.59,44.47,23.45,7.09
6749,County_6749,Colorado,Rural,62.62,37.38,45.37,37.08,25.5,50.05,5.28
9691,County_9691,Florida,Urban,86.19,13.81,16.6,13.66,47.98,27.04,4.81
20341,County_20341,Maryland,Urban,76.81,23.19,28.26,23.57,32.32,37.61,6.24
48217,County_48217,West Virginia,Rural,77.85,22.15,26.25,22.41,42.54,30.89,8.57
40611,County_40611,South Carolina,Rural,73.05,26.95,32.37,26.96,29.14,37.43,2.67
13961,County_13961,Illinois,Rural,78.04,21.96,,21.68,35.08,36.79,4.87
3987,County_3987,Arizona,Rural,66.72,33.28,39.3,32.74,33.55,53.79,4.45
32871,County_32871,New York,Rural,79.77,20.23,24.33,20.52,37.16,34.56,6.2
35963,County_35963,Ohio,Rural,83.72,16.28,19.8,16.22,45.25,21.3,7.08
22401,County_22401,Michigan,Urban,80.52,19.48,23.97,20.01,49.55,30.92,5.96
17613,County_17613,Kentucky,Suburban/Small City,81.64,18.36,21.92,19.09,44.97,29.34,6.75
22329,County_22329,Michigan,Rural,84.09,15.91,18.68,16.21,53.77,29.38,5.21
42313,County_42313,Tennessee,Rural,66.77,33.23,40.21,34.16,29.4,52.72,4.38
48061,County_48061,West Virginia,Rural,93.38,6.62,7.35,7.48,67.53,14.14,8.24
2217,County_2217,Alaska,Rural,76.88,23.12,27.91,22.85,47.63,34.68,6.52
15453,County_15453,Iowa,Rural,77.52,22.48,27.58,21.78,33.26,32.42,5.81
56365,County_56365,Other,Urban,84.68,15.32,17.98,16.32,46.5,31.39,5.51
37599,County_37599,Oregon,Rural,87.23,12.77,14.7,13.09,45.58,31.78,5.4
2817,County_2817,Alaska,Rural,73.1,26.9,31.37,27.45,30.65,41.73,8.79
8777,County_8777,Delaware,Rural,66.03,33.97,40.37,34.15,33.43,51.18,5.18
32497,County_32497,New York,Rural,59.93,40.07,48.3,40.36,25.94,53.25,7.31
27981,County_27981,Nebraska,Rural,76.67,23.33,27.91,24.16,38.33,35.93,5.54
55723,County_55723,Other,Urban,67.68,32.32,38.21,32.05,42.63,47.1,7.16
50537,County_50537,Wyoming,Urban,75.09,24.91,29.51,25.31,35.44,40.03,3.97
27905,County_27905,Nebraska,Rural,69.9,30.1,36.36,30.44,37.72,41.74,
47537,County_47537,Washington,Rural,76.61,,28.02,24.2,40.31,30.26,3.7
40071,County_40071,South Carolina,Rural,64.55,35.45,42.42,35.44,24.86,55.18,5.81
49971,County_49971,Wisconsin,Urban,92.66,7.34,8.26,7.11,46.98,26.39,4.78
13521,County_13521,Illinois,Rural,74.64,25.36,30.54,25.97,35.01,48.22,9.44
54147,County_54147,Other,Urban,80.85,19.15,23.57,19.17,45.05,29.6,5.68
8185,County_8185,Delaware,Rural,86.47,13.53,16.67,13.49,40.62,26.65,7.11
49061,County_49061,Wisconsin,Urban,67.23,32.77,40.21,33.75,24.82,45.21,6.2
50845,County_50845,Wyoming,Rural,83.54,16.46,19.06,16.76,53.35,30.15,7.18
49029,County_49029,Wisconsin,Suburban/Small City,83.64,16.36,20.01,16.22,49.16,28.76,6.01
16493,County_16493,Kansas,Urban,77.18,22.82,27.18,22.91,35.24,32.79,10.29
21223,County_21223,Massachusetts,Rural,67.77,32.23,38.92,32.98,26.51,54.88,3.42
49339,County_49339,Wisconsin,Rural,,33.35,40.21,34.36,23.69,54.99,4.99
50393,County_50393,Wyoming,Urban,73.86,26.14,30.26,26.66,32.74,37.69,5.18
25807,County_25807,Missouri,Rural,93.03,6.97,7.99,7.28,52.88,21.66,4.68
51569,County_51569,Other,Urban,71.77,28.23,33.72,,17.01,43.99,7.54
40665,County_40665,South Carolina,Rural,82.75,17.25,19.75,16.93,50.42,35.69,7.8
2011,County_2011,Alaska,Rural,77.69,,26.63,22.36,40.76,37.48,5.62
3505,County_3505,Arizona,Suburban/Small City,72.57,27.43,32.91,27.76,41.31,33.06,2.99
23551,County_23551,Minnesota,Rural,79.23,20.77,24.4,21.58,40.02,37.75,8.2
23273,County_23273,Minnesota,Urban,88.4,11.6,12.86,12.16,,28.47,7.21
11113,County_11113,Hawaii,Rural,67.53,32.47,38.68,31.86,32.2,38.6,4.2
33783,County_33783,North Carolina,Rural,64.35,35.65,42.54,35.16,35.15,48.69,2.91
36329,County_36329,Oklahoma,Rural,65.63,34.37,41.41,35.04,28.92,45.2,
45091,County_45091,Vermont,Urban,84.99,15.01,18.34,15.5,40.47,32.01,8.65
10583,County_10583,Georgia,Urban,91.53,8.47,9.94,8.72,50.09,23.16,6.55
48403,County_48403,West Virginia,Urban,81.53,18.47,21.73,17.73,48.63,27.99,2.37
12343,County_12343,Idaho,Rural,86.87,13.13,16.25,13.14,48.99,22.24,6.51
2817,County_2817,Alaska,Rural,76.6,23.4,27.99,23.5,35.69,29.06,7.37
37965,County_37965,Oregon,Suburban/Small City,96.45,3.55,4.7,3.28,58.47,15.34,6.5
27379,County_27379,Nebraska,Suburban/Small City,70.07,29.93,35.38,29.83,35.19,46.17,7.54
40207,County_40207,South Carolina,Rural,76.7,23.3,28.62,23.0,43.89,39.69,5.34
4097,County_4097,Arkansas,Rural,65.44,34.56,42.15,35.22,33.23,43.01,5.12
3417,County_3417,Arizona,Rural,88.11,11.89,13.19,11.71,49.71,17.58,5.75
51629,County_51629,Other,Urban,82.4,17.6,21.66,18.16,34.7,26.05,5.09
33019,County_33019,North Carolina,Urban,70.67,29.33,35.04,28.71,38.5,53.55,6.27
34105,County_34105,North Dakota,Suburban/Small City,75.68,24.32,,24.76,27.15,40.57,5.09
39165,County_39165,Rhode Island,Rural,85.25,14.75,16.78,14.59,42.77,25.98,5.55
35495,County_35495,Ohio,Urban,66.29,33.71,40.06,33.99,24.17,51.46,5.99
7639,County_7639,Connecticut,Urban,72.72,27.28,32.9,27.07,25.87,36.67,5.78
32711,County_32711,New York,Urban,79.51,20.49,24.86,20.99,42.24,40.0,7.55
11571,County_11571,Hawaii,Rural,85.91,14.09,16.79,14.18,42.83,24.87,5.63
6465,County_6465,Colorado,Urban,88.16,11.84,13.72,11.53,50.31,15.66,8.51
49955,County_49955,Wisconsin,Urban,88.26,11.74,14.68,,50.2,27.82,8.27
38251,County_38251,Pennsylvania,Urban,74.7,,30.25,25.54,,41.57,4.37
34105,County_34105,North Dakota,Rural,90.86,9.14,10.81,8.62,45.79,18.29,3.84
13495,County_13495,Illinois,Urban,76.67,,27.45,23.84,28.24,42.53,3.72
23375,County_23375,Minnesota,Urban,,20.82,25.13,21.4,47.43,28.15,5.14
17885,County_17885,Kentucky,Urban,77.4,22.6,26.88,22.29,36.23,26.74,6.02
6083,County_6083,Colorado,Rural,79.3,20.7,24.2,19.86,43.72,41.63,7.33
36861,County_36861,Oklahoma,Urban,86.57,13.43,16.46,13.06,38.87,22.37,2.33
8843,County_8843,Delaware,Urban,83.41,16.59,20.33,16.96,46.31,19.29,5.33
50889,County_50889,Wyoming,Rural,,8.01,8.72,8.9,52.68,24.96,4.65
19971,County_19971,Maine,Urban,64.16,35.84,42.84,36.1,26.94,48.52,7.96
53901,County_53901,Other,Rural,68.94,31.06,37.4,31.67,32.38,39.62,8.11
37221,County_37221,Oregon,Suburban/Small City,88.44,11.56,14.56,12.18,37.96,,
35291,County_35291,Ohio,Rural,72.57,27.43,33.62,26.73,40.36,38.16,5.99
9251,County_9251,Florida,Rural,87.61,12.39,15.32,12.44,50.76,23.53,4.04
50781,County_50781,Wyoming,Urban,86.3,13.7,17.01,14.37,47.56,25.41,6.37
18917,County_18917,Louisiana,Rural,73.73,26.27,,25.76,38.05,38.64,2.96
1491,County_1491,Alabama,Rural,75.21,24.79,28.75,25.32,44.04,32.05,6.91
9473,County_9473,Florida,Rural,89.92,10.08,11.65,10.95,46.88,21.97,3.49
38877,County_38877,Pennsylvania,Urban,82.93,17.07,19.79,17.58,46.88,30.59,8.53
34619,County_34619,North Dakota,Suburban/Small City,77.31,22.69,27.7,23.23,42.46,23.94,5.01
46715,County_46715,Virginia,Urban,69.36,30.64,36.26,30.36,32.73,42.76,7.86
27921,County_27921,Nebraska,Rural,69.69,30.31,36.85,30.8,25.45,46.78,5.85
16159,County_16159,Kansas,Urban,79.74,20.26,24.38,20.37,49.01,29.34,
36661,County_36661,Oklahoma,Urban,85.31,14.69,17.62,15.01,42.9,25.39,6.82
40095,County_40095,South Carolina,Rural,81.95,18.05,22.2,17.53,43.75,39.08,5.68
22655,County_22655,Michigan,Suburban/Small City,62.96,37.04,44.99,37.43,25.01,52.67,6.66
20935,County_20935,Maryland,Urban,77.57,22.43,27.69,22.17,46.95,32.82,5.72
47411,County_47411,Washington,Urban,77.81,22.19,26.69,21.44,,37.62,5.71
49053,County_49053,Wisconsin,Rural,68.67,31.33,36.83,30.67,35.09,41.04,5.3
11917,County_11917,Hawaii,Urban,77.15,22.85,27.57,22.6,40.21,21.69,3.94
52111,County_52111,Other,Urban,89.61,10.39,13.26,10.34,45.67,21.19,3.87
31145,County_31145,New Mexico,Suburban/Small City,77.87,22.13,26.23,22.46,37.42,48.85,
15919,County_15919,Iowa,Urban,96.11,3.89,3.86,3.34,54.46,,5.24
38405,County_38405,Pennsylvania,Rural,87.04,12.96,16.02,12.75,52.85,25.07,4.81
11743,County_11743,Hawaii,Rural,75.99,24.01,28.57,24.12,36.06,35.21,
43317,County_43317,Texas,Rural,90.6,9.4,11.77,9.49,48.76,19.37,6.48
41563,County_41563,South Dakota,Rural,72.03,27.97,33.65,27.85,26.83,41.2,4.96
21007,County_21007,Massachusetts,Urban,84.64,15.36,17.67,15.63,42.46,26.3,6.63
39093,County_39093,Rhode Island,Urban,92.15,7.85,8.74,8.56,53.27,21.76,7.66
30803,County_30803,New Jersey,Rural,87.88,12.12,13.91,12.36,47.23,28.56,6.13
2041,County_2041,Alaska,Urban,79.84,20.16,24.99,20.55,47.78,25.76,7.2
30155,County_30155,New Jersey,Urban,72.39,27.61,32.68,27.16,27.63,42.28,5.73
23289,County_23289,Minnesota,Rural,83.97,16.03,18.65,15.41,41.86,24.36,8.58
17221,County_17221,Kentucky,Rural,88.47,,13.56,11.09,43.2,20.79,7.78
9895,County_9895,Florida,Rural,93.61,6.39,7.21,6.64,45.5,12.95,8.93
42191,County_42191,Tennessee,Urban,92.98,7.02,8.47,5.92,40.7,15.26,7.33
45367,County_45367,Vermont,Rural,74.51,25.49,30.11,25.98,37.01,42.97,4.36
19223,County_19223,Maine,Rural,69.97,30.03,35.44,29.65,34.06,45.31,6.4
26905,County_26905,Montana,Rural,71.36,28.64,34.5,28.59,37.96,40.47,4.72
29275,County_29275,New Hampshire,Rural,78.18,21.82,26.49,22.47,41.75,40.11,6.66
2021,County_2021,Alaska,Rural,83.51,16.49,20.22,17.0,41.73,24.1,4.67
45151,County_45151,Vermont,Rural,66.13,33.87,40.77,34.38,39.62,42.46,4.06
33213,County_33213,North Carolina,Suburban/Small City,74.41,25.59,31.71,,42.22,41.79,7.65
37639,County_37639,Oregon,Urban,,21.2,25.39,21.29,47.68,31.43,4.96
7359,County_7359,Connecticut,Rural,90.27,9.73,10.91,10.7,55.16,12.97,8.1
7147,County_7147,Connecticut,Rural,,20.73,25.04,21.16,37.79,40.77,4.89
17989,County_17989,Kentucky,Urban,84.01,15.99,18.98,16.48,49.75,26.3,7.39
37483,County_37483,Oregon,Rural,68.87,31.13,37.26,,39.97,49.56,2.57
23253,County_23253,Minnesota,Rural,69.83,30.17,37.23,30.4,26.85,41.35,4.9
1701,County_1701,Alabama,Urban,71.85,28.15,33.83,27.77,39.18,48.13,5.05
50651,County_50651,Wyoming,Suburban/Small City,80.86,19.14,22.64,19.63,47.51,27.99,5.74
44831,County_44831,Utah,Rural,77.4,22.6,28.1,23.27,41.91,36.28,3.74
16157,County_16157,Kansas,Rural,74.1,25.9,30.98,26.5,34.87,36.31,7.6
4199,County_4199,Arkansas,Urban,71.14,28.86,34.45,28.45,29.88,43.97,5.44
8163,County_8163,Delaware,Suburban/Small City,87.86,12.14,14.55,12.18,45.66,31.97,4.99
3275,County_3275,Arizona,Rural,86.82,13.18,17.02,13.41,39.11,30.76,8.5
13627,County_13627,Illinois,Urban,78.79,21.21,25.56,20.67,38.71,40.82,4.76
21889,County_21889,Massachusetts,Suburban/Small City,74.41,25.59,30.9,26.18,39.8,37.59,
51935,County_51935,Other,Rural,77.92,22.08,25.87,23.08,41.4,36.26,7.13
47749,County_47749,Washington,Urban,84.95,,17.91,14.64,51.72,33.59,6.82
29653,County_29653,New Hampshire,Rural,74.83,25.17,30.52,25.43,30.27,40.93,5.24
10481,County_10481,Georgia,Urban,73.92,26.08,31.75,26.69,30.77,44.32,5.3
53733,County_53733,Other,Suburban/Small City,70.19,29.81,35.93,29.4,32.63,30.48,7.25
39667,County_39667,Rhode Island,Rural,78.98,21.02,24.47,22.0,39.17,39.81,6.43
14583,County_14583,Indiana,Urban,67.48,32.52,38.46,32.7,30.99,45.77,6.35
23919,County_23919,Minnesota,Rural,70.52,29.48,34.03,29.43,38.52,49.34,7.61
43657,County_43657,Texas,Urban,81.26,18.74,21.93,19.23,36.69,27.51,6.47
53115,County_53115,Other,Rural,83.88,16.12,19.3,16.15,47.97,,6.63
36777,County_36777,Oklahoma,Rural,,24.3,29.11,24.24,31.44,45.55,6.41
35487,County_35487,Ohio,Rural,82.01,17.99,21.28,18.67,36.89,33.17,6.91
26543,County_26543,Montana,Suburban/Small City,85.06,14.94,18.38,15.15,33.76,29.38,8.09
27161,County_27161,Nebraska,Urban,72.93,27.07,32.32,27.22,24.82,37.78,7.75
22769,County_22769,Michigan,Rural,83.89,16.11,18.82,16.84,46.28,21.92,3.81
20361,County_20361,Maryland,Urban,80.49,19.51,24.06,20.14,37.37,35.87,4.33
23703,County_23703,Minnesota,Urban,67.87,32.13,38.33,32.32,33.13,41.59,3.42
33749,County_33749,North Carolina,Rural,80.33,19.67,23.41,,33.59,36.03,4.09
18767,County_18767,Louisiana,Urban,77.85,22.15,26.31,22.43,31.17,37.16,3.8
21785,County_21785,Massachusetts,Suburban/Small City,67.36,32.64,39.14,33.83,,48.24,6.45
35133,County_35133,Ohio,Rural,91.18,8.82,10.81,9.36,47.5,21.94,9.84
15763,County_15763,Iowa,Rural,83.6,16.4,19.67,15.6,45.78,29.88,7.71
53917,County_53917,Other,Rural,88.03,11.97,15.38,12.52,52.24,32.81,5.95
32239,County_32239,New York,Rural,70.14,29.86,36.3,30.11,36.76,44.97,6.4
35359,County_35359,Ohio,Urban,73.32,26.68,31.37,27.24,32.54,32.94,6.94
11803,County_11803,Hawaii,Urban,86.21,13.79,15.88,14.17,47.91,22.79,
4371,County_4371,Arkansas,Rural,76.56,23.44,27.81,23.39,38.9,37.99,6.53
41745,County_41745,South Dakota,Urban,80.43,19.57,23.61,20.44,43.99,36.56,5.27
7167,County_7167,Connecticut,Rural,64.15,35.85,43.37,36.68,29.35,51.03,5.05
54403,County_54403,Other,Rural,78.03,21.97,25.73,21.49,28.05,34.8,4.54
45903,County_45903,Vermont,Urban,74.02,25.98,31.83,24.82,36.18,42.25,1.68
7667,County_7667,Connecticut,Rural,81.61,18.39,23.45,18.46,36.48,27.52,5.57
7455,County_7455,Connecticut,Urban,88.58,11.42,14.47,12.29,46.61,23.13,4.53
7589,County_7589,Connecticut,Rural,87.58,12.42,14.59,11.67,,22.78,6.68
51839,County_51839,Other,Suburban/Small City,69.23,30.77,36.87,30.88,28.15,47.32,6.22
13221,County_13221,Illinois,Urban,74.44,25.56,30.69,26.2,,37.01,3.19
16051,County_16051,Kansas,Rural,70.63,29.37,35.06,29.93,27.9,46.53,5.39
42089,County_42089,Tennessee,Rural,67.66,32.34,39.6,33.26,,34.82,
52163,County_52163,Other,Rural,82.6,17.4,20.95,17.14,37.38,32.36,3.79
35305,County_35305,Ohio,Rural,91.77,8.23,9.73,8.65,48.55,30.23,6.75
8285,County_8285,Delaware,Rural,73.81,26.19,31.03,26.07,32.99,46.11,7.15
11431,County_11431,Hawaii,Rural,87.69,12.31,14.7,13.03,44.14,26.13,8.95
21245,County_21245,Massachusetts,Rural,70.0,30.0,36.34,29.9,36.98,45.74,2.98
14707,County_14707,Indiana,Rural,80.95,19.05,23.33,18.63,44.13,30.08,6.92
13281,County_13281,Illinois,Rural,78.9,21.1,25.5,21.96,37.63,39.49,4.23
53403,County_53403,Other,Suburban/Small City,79.95,20.05,24.87,21.05,51.71,36.14,3.31
38453,County_38453,Pennsylvania,Rural,82.55,17.45,21.7,17.55,47.56,28.01,
44133,County_44133,Utah,Rural,75.78,24.22,29.77,24.45,32.76,40.57,5.43
22537,County_22537,Michigan,Urban,83.75,16.25,18.95,16.75,49.9,35.85,8.25
41763,County_41763,South Dakota,Urban,78.97,21.03,24.76,20.61,40.71,33.84,5.8
30415,County_30415,New Jersey,Rural,65.54,34.46,40.89,35.18,27.54,48.36,5.05
22481,County_22481,Michigan,Rural,80.55,19.45,24.04,19.75,36.84,26.53,5.72
31873,County_31873,New Mexico,Rural,81.25,18.75,,19.31,43.76,25.88,4.34
8279,County_8279,Delaware,Urban,92.46,7.54,9.15,7.46,52.84,20.87,5.34
41885,County_41885,South Dakota,Rural,75.62,24.38,28.06,24.37,32.35,39.2,5.38
14781,County_14781,Indiana,Rural,73.28,26.72,31.93,26.74,45.0,35.95,7.48
4487,County_4487,Arkansas,Rural,68.2,31.8,38.88,33.06,38.93,32.55,7.31
10437,County_10437,Georgia,Rural,74.7,25.3,30.19,25.84,29.58,44.84,7.7
21133,County_21133,Massachusetts,Urban,62.29,37.71,44.72,38.73,29.14,,6.12
5663,County_5663,California,Rural,76.18,23.82,28.29,23.71,43.94,40.71,6.1
16615,County_16615,Kansas,Rural,68.58,31.42,38.15,,32.58,47.25,5.01
45609,County_45609,Vermont,Suburban/Small City,72.02,27.98,33.81,28.83,35.4,34.86,3.14
14883,County_14883,Indiana,Rural,72.02,27.98,34.33,27.93,42.69,35.16,6.36
6921,County_6921,Colorado,Suburban/Small City,70.15,29.85,35.65,29.31,34.48,36.96,6.64
51261,County_51261,Other,Rural,,14.64,17.84,14.49,45.9,21.55,7.16
14279,County_14279,Indiana,Urban,73.4,26.6,,26.67,36.01,39.38,7.95
1389,County_1389,Alabama,Urban,82.93,17.07,19.96,18.55,40.95,22.09,5.85
32177,County_32177,New York,Urban,75.48,24.52,29.51,,31.96,42.18,5.92
47757,County_47757,Washington,Suburban/Small City,72.17,27.83,33.54,28.18,40.71,40.14,5.81
28425,County_28425,Nevada,Suburban/Small City,65.65,34.35,40.76,33.54,26.38,37.94,8.06
27979,County_27979,Nebraska,Rural,76.31,23.69,28.04,24.31,43.69,39.15,
7921,County_7921,Connecticut,Urban,81.69,18.31,21.96,18.74,40.67,34.09,5.34
16987,County_16987,Kansas,Rural,76.77,23.23,28.66,23.29,34.02,31.81,6.73
48883,County_48883,West Virginia,Urban,78.84,21.16,25.74,21.53,37.5,38.25,3.66
22901,County_22901,Michigan,Rural,75.32,24.68,29.95,24.86,37.47,52.15,8.28
49549,County_49549,Wisconsin,Rural,71.77,28.23,34.13,28.16,44.14,30.96,5.18
33913,County_33913,North Carolina,Rural,83.98,16.02,18.34,15.6,40.58,29.58,8.11
22085,County_22085,Michigan,Rural,74.37,25.63,30.65,26.37,29.33,44.52,5.37
45499,County_45499,Vermont,Rural,70.07,29.93,35.95,29.47,24.15,45.59,5.79
4925,County_4925,Arkansas,Rural,79.28,20.72,24.93,20.98,52.58,25.84,5.1
34003,County_34003,North Dakota,Urban,69.29,30.71,37.63,30.9,33.9,45.99,6.88
26273,County_26273,Montana,Suburban/Small City,77.36,22.64,27.01,22.48,38.94,30.09,7.36
28799,County_28799,Nevada,Rural,77.09,22.91,27.58,22.55,40.38,40.63,5.31
55417,County_55417,Other,Rural,70.31,29.69,35.68,30.41,39.07,34.72,6.57
29597,County_29597,New Hampshire,Urban,85.57,14.43,17.57,15.22,50.16,27.28,6.81
39125,County_39125,Rhode Island,Rural,82.74,17.26,21.08,17.27,39.12,,7.27
2309,County_2309,Alaska,Rural,80.05,19.95,25.17,19.43,40.68,34.35,6.88
50919,County_50919,Wyoming,Urban,76.24,23.76,28.33,,42.5,32.13,
53733,County_53733,Other,Urban,89.14,10.86,11.94,12.29,52.38,29.85,5.98
2671,County_2671,Alaska,Rural,76.92,23.08,27.07,21.94,37.25,31.41,4.29
6011,County_6011,Colorado,Rural,86.84,13.16,16.29,13.52,50.79,19.19,
27765,County_27765,Nebraska,Urban,88.71,11.29,13.48,10.85,48.03,16.1,7.14
39437,County_39437,Rhode Island,Suburban/Small City,75.28,24.72,29.48,25.54,17.94,37.94,6.66
10629,County_10629,Georgia,Rural,85.63,,17.34,14.87,47.82,31.66,10.06
47859,County_47859,Washington,Rural,68.97,31.03,38.37,30.67,36.65,47.82,6.03
1277,County_1277,Alabama,Suburban/Small City,68.56,31.44,37.29,32.3,40.83,39.86,
51375,County_51375,Other,Rural,74.53,,31.04,25.44,21.25,37.37,5.05
48699,County_48699,West Virginia,Rural,72.1,27.9,33.9,27.87,43.12,39.85,7.31
38737,County_38737,Pennsylvania,Rural,72.53,27.47,33.04,28.22,47.18,36.53,7.41
32109,County_32109,New York,Rural,71.18,28.82,34.47,28.77,31.31,38.74,5.75
34121,County_34121,North Dakota,Rural,93.52,6.48,8.21,5.8,43.85,17.02,8.13
16521,County_16521,Kansas,Rural,81.89,18.11,21.94,17.77,47.73,29.49,7.68
36155,County_36155,Oklahoma,Urban,91.78,8.22,10.55,8.5,49.34,15.16,7.87
5297,County_5297,California,Urban,69.47,30.53,37.18,31.18,32.66,42.64,5.13
7713,County_7713,Connecticut,Rural,64.75,35.25,41.46,34.88,26.41,50.39,6.07
3783,County_3783,Arizona,Urban,88.71,11.29,12.86,12.15,47.54,17.57,6.43
29941,County_29941,New Hampshire,Suburban/Small City,81.38,18.62,21.95,18.81,37.26,35.02,8.92
14505,County_14505,Indiana,Rural,71.36,28.64,34.58,28.72,34.94,50.33,6.64
9163,County_9163,Florida,Urban,80.52,19.48,23.47,19.44,33.21,38.94,8.65
34189,County_34189,North Dakota,Rural,83.41,16.59,19.58,,45.72,36.11,7.21
34643,County_34643,North Dakota,Rural,69.34,30.66,37.03,30.93,,44.59,6.27
43713,County_43713,Texas,Rural,91.56,8.44,9.55,7.99,49.25,24.48,4.55
34751,County_34751,North Dakota,Suburban/Small City,75.24,24.76,30.83,24.45,37.18,37.56,5.53
37151,County_37151,Oregon,Rural,74.08,25.92,31.64,25.31,35.27,28.57,3.05
27349,County_27349,Nebraska,Rural,80.18,19.82,22.26,19.58,37.08,31.53,5.45
31591,County_31591,New Mexico,Suburban/Small City,82.64,17.36,20.79,16.7,39.57,26.95,6.83
25193,County_25193,Missouri,Suburban/Small City,76.84,23.16,28.6,22.97,39.93,46.87,3.64
31391,County_31391,New Mexico,Urban,68.1,31.9,38.29,32.5,28.79,43.45,5.67
25481,County_25481,Missouri,Urban,74.14,25.86,31.12,27.01,31.09,46.83,6.24
32491,County_32491,New York,Urban,71.01,28.99,35.36,29.08,31.1,39.47,4.05
37457,County_37457,Oregon,Rural,77.41,22.59,27.16,23.49,42.17,33.12,6.91
18117,County_18117,Louisiana,Rural,76.59,23.41,27.42,23.47,33.16,39.86,6.39
10147,County_10147,Georgia,Urban,,34.22,41.73,33.97,24.99,48.03,7.03
7683,County_7683,Connecticut,Urban,72.19,27.81,32.53,27.53,33.44,48.97,6.53
51985,County_51985,Other,Rural,68.61,31.39,37.26,32.4,31.48,46.14,7.88
22231,County_22231,Michigan,Urban,85.41,14.59,17.48,14.71,44.72,30.33,8.67
18777,County_18777,Louisiana,Rural,77.31,22.69,28.47,22.79,32.17,39.64,7.72
19011,County_19011,Maine,Rural,79.24,20.76,24.18,21.25,36.58,40.13,5.48
45023,County_45023,Vermont,Urban,89.58,10.42,11.57,11.12,50.96,15.32,5.51
48067,County_48067,West Virginia,Urban,,16.8,19.56,16.04,45.04,30.02,4.99
44889,County_44889,Utah,Rural,76.07,23.93,28.13,23.1,29.0,40.49,7.45
40029,County_40029,South Carolina,Rural,73.42,26.58,32.02,26.92,34.06,40.61,5.41
31911,County_31911,New Mexico,Suburban/Small City,66.06,33.94,40.66,34.21,30.25,55.97,5.54
47415,County_47415,Washington,Rural,59.51,40.49,48.54,40.9,34.95,57.29,2.48
12863,County_12863,Idaho,Rural,63.08,36.92,44.4,37.17,24.54,49.82,7.44
36613,County_36613,Oklahoma,Urban,65.04,34.96,42.48,35.53,33.02,49.08,4.0
35307,County_35307,Ohio,Rural,69.58,30.42,36.12,30.0,31.8,41.97,5.85
39313,County_39313,Rhode Island,Rural,85.24,14.76,18.49,15.03,45.36,21.42,6.06
55321,County_55321,Other,Urban,87.21,12.79,15.11,13.0,39.71,25.17,4.45
4479,County_4479,Arkansas,Suburban/Small City,82.17,17.83,21.31,18.0,46.84,26.12,8.77
25507,County_25507,Missouri,Urban,83.1,16.9,20.64,16.55,45.7,38.04,7.2
31955,County_31955,New Mexico,Rural,83.15,16.85,20.68,16.72,40.52,27.18,6.63
10087,County_10087,Georgia,Rural,77.77,22.23,26.33,22.65,39.78,39.42,5.56
52321,County_52321,Other,Urban,77.18,22.82,27.08,23.35,34.9,39.75,6.57
2761,County_2761,Alaska,Suburban/Small City,78.65,21.35,,22.41,35.2,41.13,4.63
2151,County_2151,Alaska,Rural,76.88,23.12,28.12,23.76,36.26,33.78,6.52
35131,County_35131,Ohio,Rural,77.37,22.63,27.98,22.38,38.87,30.06,4.57
31135,County_31135,New Mexico,Rural,67.5,32.5,39.06,32.91,30.49,48.46,5.48
19361,County_19361,Maine,Urban,81.02,18.98,22.48,19.03,35.74,31.68,6.07
18641,County_18641,Louisiana,Rural,83.87,16.13,19.49,16.78,39.28,30.89,8.49
42569,County_42569,Tennessee,Urban,74.1,25.9,31.55,26.02,,41.11,7.24
51679,County_51679,Other,Rural,95.31,4.69,5.78,4.41,54.11,10.57,8.02
22313,County_22313,Michigan,Rural,94.73,5.27,6.46,6.15,51.45,23.2,4.53
13831,County_13831,Illinois,Rural,91.88,8.12,9.38,8.03,51.66,19.76,6.37
13173,County_13173,Illinois,Rural,80.26,19.74,23.83,19.71,36.24,28.86,6.81
29171,County_29171,New Hampshire,Rural,74.92,25.08,30.88,24.99,39.52,32.02,5.06
28927,County_28927,Nevada,Rural,78.71,21.29,25.2,21.8,34.66,25.86,9.22
41519,County_41519,South Dakota,Rural,,26.56,,26.91,28.93,34.88,4.33
10057,County_10057,Georgia,Rural,89.29,10.71,13.02,11.23,47.56,15.96,7.63
10915,County_10915,Georgia,Rural,76.49,23.51,28.03,23.63,36.35,23.3,5.99
37189,County_37189,Oregon,Rural,70.68,29.32,35.43,29.15,28.42,39.2,6.57
12069,County_12069,Idaho,Urban,71.71,28.29,34.89,29.44,32.51,50.1,5.54
20131,County_20131,Maryland,Rural,63.9,36.1,43.07,36.25,31.06,40.59,6.58
25847,County_25847,Missouri,Rural,69.62,30.38,36.62,31.09,36.05,43.81,5.22
48893,County_48893,West Virginia,Rural,76.02,23.98,,23.29,41.02,37.53,5.74
38167,County_38167,Pennsylvania,Rural,80.19,19.81,24.26,,45.93,31.8,8.54
3083,County_3083,Arizona,Urban,87.62,12.38,15.29,13.11,58.12,23.75,7.08
25249,County_25249,Missouri,Urban,87.15,12.85,15.81,12.67,50.9,34.03,5.01
37317,County_37317,Oregon,Urban,87.33,12.67,15.56,13.38,48.62,25.6,6.06
17645,County_17645,Kentucky,Rural,74.31,25.69,30.6,25.16,41.38,39.13,6.01
11767,County_11767,Hawaii,Urban,88.57,11.43,12.82,11.48,44.83,19.0,9.35
34583,County_34583,North Dakota,Rural,80.97,19.03,23.49,19.06,42.91,,4.35
18495,County_18495,Louisiana,Urban,65.96,34.04,40.35,34.28,38.37,45.98,5.47
34135,County_34135,North Dakota,Rural,68.91,31.09,38.21,30.82,27.17,45.58,6.48
41725,County_41725,South Dakota,Urban,91.81,8.19,9.38,7.51,48.56,27.64,
3153,County_3153,Arizona,Suburban/Small City,68.8,31.2,38.11,31.15,36.99,46.06,4.14
37251,County_37251,Oregon,Rural,71.89,28.11,33.25,28.47,31.68,48.37,6.1
8117,County_8117,Delaware,Rural,92.74,7.26,8.75,7.26,55.97,14.66,9.13
44073,County_44073,Utah,Rural,79.84,20.16,24.48,19.8,39.05,28.41,4.84
45233,County_45233,Vermont,Urban,63.15,36.85,44.17,36.74,28.69,49.54,3.43
13425,County_13425,Illinois,Rural,87.26,12.74,15.87,12.64,50.97,26.66,6.85
38363,County_38363,Pennsylvania,Rural,67.55,32.45,39.42,32.26,,46.55,8.22
29183,County_29183,New Hampshire,Urban,67.0,33.0,39.81,33.4,28.55,47.62,3.65
55563,County_55563,Other,Rural,87.1,12.9,,13.02,42.54,26.99,4.21
31363,County_31363,New Mexico,Rural,,28.16,33.7,27.34,39.83,40.33,5.83
56613,County_56613,Other,Rural,84.08,15.92,18.97,16.58,52.39,24.26,5.36
21545,County_21545,Massachusetts,Rural,84.19,15.81,18.51,16.34,45.84,25.16,
15467,County_15467,Iowa,Urban,86.59,13.41,16.13,14.1,46.02,23.07,5.33
49565,County_49565,Wisconsin,Rural,73.65,26.35,31.52,25.84,34.59,41.15,3.71
53515,County_53515,Other,Rural,73.41,26.59,32.37,26.56,40.1,34.61,6.01
18981,County_18981,Louisiana,Suburban/Small City,68.2,31.8,38.69,31.97,32.46,40.83,7.3
17213,County_17213,Kentucky,Urban,80.65,19.35,23.92,19.34,47.79,28.99,5.73
4459,County_4459,Arkansas,Rural,95.22,4.78,6.12,4.51,49.42,12.79,6.16
18987,County_18987,Louisiana,Suburban/Small City,71.99,28.01,34.46,27.75,35.13,51.72,7.79
43525,County_43525,Texas,Urban,83.65,16.35,20.22,16.64,41.57,28.0,6.81
45767,County_45767,Vermont,Rural,86.02,13.98,16.81,13.84,51.63,27.44,6.46
37643,County_37643,Oregon,Rural,82.29,17.71,20.57,17.79,50.64,26.96,4.83
35903,County_35903,Ohio,Rural,76.87,,26.92,23.97,41.34,39.24,4.55
20071,County_20071,Maryland,Rural,78.39,21.61,26.74,21.76,43.18,39.8,6.63
13763,County_13763,Illinois,Rural,81.45,18.55,22.16,,43.65,23.92,3.61
35843,County_35843,Ohio,Rural,74.0,26.0,30.68,25.72,35.83,38.57,5.84
17099,County_17099,Kentucky,Rural,91.24,8.76,10.51,9.16,50.47,28.54,6.94
4431,County_4431,Arkansas,Rural,82.94,17.06,21.12,16.65,40.95,,8.82
2917,County_2917,Alaska,Rural,65.87,34.13,41.13,34.19,33.74,44.91,5.8
27071,County_27071,Nebraska,Rural,77.23,22.77,27.46,,37.67,38.36,7.3
37317,County_37317,Oregon,Urban,77.63,22.37,26.96,21.62,35.98,35.22,5.51
45253,County_45253,Vermont,Rural,69.21,30.79,37.43,30.2,39.17,49.65,4.43
10587,County_10587,Georgia,Urban,87.6,12.4,14.42,12.27,,23.28,4.91
55165,County_55165,Other,Urban,80.27,19.73,23.29,19.96,43.62,30.7,7.87
55735,County_55735,Other,Rural,65.99,34.01,41.35,34.55,23.9,51.68,5.63
37789,County_37789,Oregon,Suburban/Small City,73.43,26.57,32.24,26.23,36.26,36.49,5.88
41303,County_41303,South Dakota,Suburban/Small City,,18.74,22.9,18.29,38.0,37.87,6.44
38731,County_38731,Pennsylvania,Rural,90.93,9.07,10.34,9.25,46.46,13.03,6.22
31549,County_31549,New Mexico,Rural,88.94,11.06,13.53,10.26,39.75,17.83,5.62
15481,County_15481,Iowa,Rural,79.52,20.48,24.24,20.52,36.9,23.84,4.57
23205,County_23205,Minnesota,Urban,80.37,19.63,24.05,20.18,37.0,30.15,4.35
17487,County_17487,Kentucky,Rural,72.66,27.34,32.83,28.56,43.26,34.13,3.07
36147,County_36147,Oklahoma,Rural,80.84,19.16,21.44,19.59,42.53,24.88,5.73
45547,County_45547,Vermont,Rural,87.75,12.25,14.49,12.61,47.88,29.8,6.16
38361,County_38361,Pennsylvania,Rural,60.55,39.45,47.96,39.34,31.01,49.18,4.75
38451,County_38451,Pennsylvania,Rural,81.59,18.41,21.5,18.55,38.96,23.76,8.04
43989,County_43989,Texas,Rural,74.3,25.7,30.58,25.76,34.96,36.47,6.81
35987,County_35987,Ohio,Urban,80.06,19.94,24.14,20.0,35.13,,6.27
36327,County_36327,Oklahoma,Rural,85.07,14.93,17.71,14.85,56.25,16.48,5.06
31667,County_31667,New Mexico,Suburban/Small City,85.19,14.81,18.48,15.26,54.42,27.06,6.79
11923,County_11923,Hawaii,Rural,81.47,,21.16,18.95,36.35,34.19,6.28
4903,County_4903,Arkansas,Rural,77.2,22.8,26.92,23.86,44.79,34.59,8.45
36667,County_36667,Oklahoma,Urban,74.19,25.81,31.7,26.17,36.55,37.41,4.68
43713,County_43713,Texas,Suburban/Small City,84.77,15.23,17.7,15.28,44.31,25.08,2.96
56627,County_56627,Other,Urban,63.64,36.36,44.03,36.9,26.9,53.99,2.55
6233,County_6233,Colorado,Urban,68.38,31.62,37.75,31.75,26.52,43.76,5.43
42103,County_42103,Tennessee,Rural,62.6,37.4,44.95,37.12,28.67,49.98,8.16
52483,County_52483,Other,Rural,68.71,31.29,36.59,31.03,33.15,40.1,5.02
3647,County_3647,Arizona,Rural,74.98,,30.45,24.82,35.17,42.39,5.33
54089,County_54089,Other,Rural,80.28,19.72,24.44,19.43,38.5,31.91,6.79
53595,County_53595,Other,Rural,83.15,16.85,20.5,17.44,48.19,27.93,4.72
17515,County_17515,Kentucky,Urban,80.73,19.27,22.76,19.36,30.52,24.78,5.6
12775,County_12775,Idaho,Rural,88.94,11.06,,10.93,51.82,27.0,6.73
52947,County_52947,Other,Rural,68.66,31.34,38.11,32.47,35.7,44.47,7.41
39911,County_39911,Rhode Island,Urban,87.45,12.55,15.21,12.3,41.86,27.3,5.46
45241,County_45241,Vermont,Suburban/Small City,81.67,18.33,21.17,18.86,45.85,26.67,5.79
23341,County_23341,Minnesota,Suburban/Small City,74.29,25.71,30.95,25.49,38.85,33.22,6.78
53177,County_53177,Other,Rural,76.7,23.3,27.71,22.56,45.93,37.01,8.02
36607,County_36607,Oklahoma,Rural,74.27,25.73,30.51,26.96,34.85,31.02,5.48
41731,County_41731,South Dakota,Suburban/Small City,75.17,24.83,29.7,25.88,33.85,44.26,4.25
11657,County_11657,Hawaii,Urban,75.24,24.76,30.06,25.15,47.49,39.39,4.81
4805,County_4805,Arkansas,Urban,,35.6,42.21,35.75,28.86,44.37,4.3
37567,County_37567,Oregon,Rural,90.25,9.75,11.55,9.34,59.53,18.93,6.09
25343,County_25343,Missouri,Rural,76.33,23.67,29.52,23.95,34.82,31.81,4.62
34927,County_34927,North Dakota,Rural,78.97,21.03,26.24,21.01,,27.38,2.58
45239,County_45239,Vermont,Urban,70.22,29.78,35.57,30.66,38.92,50.01,4.03
4299,County_4299,Arkansas,Urban,81.97,18.03,21.29,18.72,42.93,27.07,5.53
41009,County_41009,South Dakota,Rural,75.65,24.35,28.47,24.35,42.18,38.99,4.95
25305,County_25305,Missouri,Rural,79.19,20.81,25.0,21.45,42.29,31.79,
3179,County_3179,Arizona,Suburban/Small City,77.99,22.01,25.65,,36.55,34.06,6.85
31209,County_31209,New Mexico,Rural,85.23,14.77,17.52,14.84,39.0,35.07,7.44
7131,County_7131,Connecticut,Rural,69.07,30.93,36.32,31.58,26.19,36.53,4.16
54443,County_54443,Other,Urban,67.14,32.86,39.66,34.35,28.76,44.25,5.01
26947,County_26947,Montana,Urban,73.3,26.7,31.52,27.19,36.66,38.05,5.25
35745,County_35745,Ohio,Rural,81.78,18.22,22.55,17.28,41.65,23.29,8.23
33831,County_33831,North Carolina,Rural,74.65,25.35,30.48,26.17,37.72,39.58,4.65
11055,County_11055,Hawaii,Rural,67.41,32.59,39.08,32.74,34.39,37.72,7.36
46001,County_46001,Virginia,Suburban/Small City,81.34,18.66,22.83,19.92,39.27,33.73,4.32
17491,County_17491,Kentucky,Suburban/Small City,76.84,23.16,27.04,23.64,54.94,34.07,5.25
38773,County_38773,Pennsylvania,Urban,93.68,6.32,7.44,5.49,43.17,28.66,
23347,County_23347,Minnesota,Rural,78.21,21.79,25.57,22.24,34.11,39.32,4.63
5945,County_5945,California,Urban,77.95,22.05,26.42,21.34,41.38,28.19,6.81
38579,County_38579,Pennsylvania,Rural,80.13,19.87,23.78,19.94,37.78,28.29,8.79
30947,County_30947,New Jersey,Rural,74.15,25.85,31.89,26.08,37.36,41.38,5.65
49045,County_49045,Wisconsin,Urban,78.86,,25.02,22.16,45.33,33.04,6.03
14279,County_14279,Indiana,Rural,76.79,23.21,27.47,23.45,35.45,26.02,5.98
50919,County_50919,Wyoming,Rural,76.85,23.15,27.88,23.64,32.17,33.64,6.53
34971,County_34971,North Dakota,Urban,80.86,19.14,22.3,19.44,39.9,31.93,5.12
27647,County_27647,Nebraska,Rural,71.12,28.88,35.01,28.94,37.23,45.34,7.15
10109,County_10109,Georgia,Urban,75.0,25.0,29.52,25.11,44.12,41.49,6.23
56933,County_56933,Other,Suburban/Small City,74.66,25.34,30.56,26.31,32.82,26.48,5.65
35261,County_35261,Ohio,Urban,69.12,30.88,37.27,,36.62,36.97,9.11
24725,County_24725,Mississippi,Rural,85.23,14.77,17.99,16.24,41.15,26.0,7.01
40475,County_40475,South Carolina,Rural,73.96,26.04,31.07,26.66,32.68,,6.12
17957,County_17957,Kentucky,Rural,73.45,26.55,31.05,26.62,28.76,38.91,3.86
23953,County_23953,Minnesota,Urban,,25.59,30.79,26.0,40.55,38.34,4.83
44883,County_44883,Utah,Rural,79.93,20.07,24.81,20.12,33.85,29.12,7.94
54183,County_54183,Other,Suburban/Small City,79.2,20.8,25.31,20.66,40.91,36.96,7.75
7815,County_7815,Connecticut,Suburban/Small City,76.57,23.43,28.66,23.0,39.67,31.54,5.8
45023,County_45023,Vermont,Rural,76.12,23.88,,24.64,32.46,39.02,7.43
32453,County_32453,New York,Rural,78.93,21.07,25.26,21.32,38.29,33.76,5.92
52245,County_52245,Other,Rural,,11.01,12.75,10.63,,22.19,5.3
44853,County_44853,Utah,Rural,78.27,21.73,26.25,22.73,46.01,39.72,6.81
7165,County_7165,Connecticut,Urban,68.62,31.38,37.53,31.25,26.63,50.31,2.62
5857,County_5857,California,Urban,74.72,25.28,30.1,24.07,32.0,35.78,4.56
29181,County_29181,New Hampshire,Urban,76.89,23.11,27.35,23.68,41.11,39.92,6.68
53887,County_53887,Other,Suburban/Small City,80.62,,23.46,19.67,44.07,31.11,5.36
4323,County_4323,Arkansas,Suburban/Small City,87.21,12.79,15.61,13.01,49.23,21.7,6.85
3795,County_3795,Arizona,Rural,80.14,19.86,23.76,20.2,48.03,33.95,7.51
50501,County_50501,Wyoming,Rural,86.18,13.82,17.02,14.78,56.83,19.33,7.62
39943,County_39943,Rhode Island,Rural,71.92,28.08,33.94,28.37,36.4,41.59,5.15
51525,County_51525,Other,Urban,80.48,19.52,23.35,19.98,40.22,29.91,8.84
25865,County_25865,Missouri,Urban,76.04,23.96,28.55,24.21,31.46,35.57,4.23
48797,County_48797,West Virginia,Rural,68.99,31.01,36.37,30.87,31.21,38.31,
20809,County_20809,Maryland,Rural,68.8,31.2,37.34,31.81,36.56,49.26,4.31
16953,County_16953,Kansas,Suburban/Small City,80.35,19.65,22.93,20.63,40.97,32.89,7.51
19155,County_19155,Maine,Urban,83.99,16.01,18.98,15.97,33.59,24.27,8.31
23871,County_23871,Minnesota,Urban,84.46,,19.49,15.27,45.74,36.13,3.74
33465,County_33465,North Carolina,Urban,84.58,15.42,18.81,15.73,47.62,33.44,5.03
4063,County_4063,Arkansas,Rural,79.81,20.19,23.55,19.5,47.09,25.8,7.78
53211,County_53211,Other,Rural,65.41,34.59,41.86,34.46,26.12,48.62,4.98
29353,County_29353,New Hampshire,Urban,84.81,,19.22,15.59,54.96,30.08,
43629,County_43629,Texas,Rural,85.98,14.02,16.63,14.12,54.24,26.58,4.72
13599,County_13599,Illinois,Suburban/Small City,85.91,14.09,16.9,14.48,52.0,,6.3
24957,County_24957,Mississippi,Suburban/Small City,77.33,22.67,27.5,23.11,36.41,35.75,5.87
8483,County_8483,Delaware,Rural,66.44,33.56,39.87,34.64,36.37,48.6,3.78
25053,County_25053,Missouri,Rural,84.43,15.57,19.58,16.34,59.3,25.77,7.56
41291,County_41291,South Dakota,Suburban/Small City,90.0,10.0,11.34,9.92,45.36,17.55,5.02
10047,County_10047,Georgia,Suburban/Small City,89.16,10.84,12.72,11.79,48.43,21.69,7.42
42347,County_42347,Tennessee,Rural,86.25,13.75,15.89,13.85,50.97,23.9,3.87
18215,County_18215,Louisiana,Urban,71.11,28.89,33.5,28.94,39.89,40.48,5.65
33295,County_33295,North Carolina,Rural,76.97,23.03,27.69,23.94,31.05,40.37,6.58
46873,County_46873,Virginia,Suburban/Small City,75.36,24.64,29.43,24.74,28.18,37.03,6.24
11873,County_11873,Hawaii,Rural,64.69,35.31,42.54,34.72,24.82,56.79,7.34
4311,County_4311,Arkansas,Rural,84.87,15.13,18.03,15.6,45.76,25.35,7.3
33759,County_33759,North Carolina,Suburban/Small City,92.26,7.74,10.34,7.64,46.15,15.82,5.82
11969,County_11969,Hawaii,Rural,86.47,13.53,15.79,13.07,42.57,25.0,4.89
40817,County_40817,South Carolina,Rural,74.37,25.63,30.7,25.01,37.19,35.89,2.43
12189,County_12189,Idaho,Rural,83.39,16.61,19.23,18.09,38.52,29.38,7.24
19759,County_19759,Maine,Rural,71.26,28.74,,29.46,28.98,44.63,6.1
15965,County_15965,Iowa,Rural,87.76,12.24,14.88,12.86,52.52,32.29,6.08
8357,County_8357,Delaware,Rural,71.58,28.42,35.0,28.3,25.45,41.96,4.46
31143,County_31143,New Mexico,Rural,93.26,6.74,8.12,6.1,62.63,15.14,5.85
55407,County_55407,Other,Urban,84.95,15.05,17.95,15.53,47.95,,3.52
28125,County_28125,Nevada,Rural,92.26,7.74,9.66,7.73,45.94,,5.36
49425,County_49425,Wisconsin,Urban,73.36,26.64,32.11,26.51,37.44,,4.82
34143,County_34143,North Dakota,Urban,79.39,20.61,23.48,20.48,45.86,28.46,
44123,County_44123,Utah,Rural,90.46,9.54,12.07,10.45,60.07,26.19,5.7
11263,County_11263,Hawaii,Urban,78.73,21.27,26.02,20.4,52.6,30.02,4.55
13147,County_13147,Illinois,Urban,81.17,18.83,22.04,18.54,47.9,28.68,4.03
39595,County_39595,Rhode Island,Urban,89.58,10.42,12.48,10.78,43.92,17.93,6.87
1425,County_1425,Alabama,Suburban/Small City,69.02,30.98,37.17,30.76,39.16,39.45,4.63
18131,County_18131,Louisiana,Urban,70.65,29.35,34.34,29.22,35.57,45.76,7.8
37819,County_37819,Oregon,Urban,88.72,11.28,13.04,11.43,46.59,24.82,5.27
56951,County_56951,Other,Rural,83.38,16.62,19.6,,42.54,23.19,5.01
35885,County_35885,Ohio,Rural,72.26,27.74,34.33,27.57,34.99,43.88,6.97
22845,County_22845,Michigan,Rural,73.26,26.74,31.46,26.68,36.65,38.0,4.0
38171,County_38171,Pennsylvania,Suburban/Small City,79.41,20.59,23.4,20.62,40.44,30.22,6.04
49671,County_49671,Wisconsin,Urban,68.26,31.74,37.86,32.6,36.9,42.37,5.37
9361,County_9361,Florida,Urban,69.05,30.95,37.1,31.39,32.11,46.6,7.02
55947,County_55947,Other,Rural,77.88,22.12,,21.57,36.35,31.14,7.23
43955,County_43955,Texas,Urban,87.11,12.89,15.51,12.51,42.79,23.96,3.99
48551,County_48551,West Virginia,Urban,89.22,10.78,12.59,10.71,56.03,26.12,6.96
17473,County_17473,Kentucky,Rural,89.36,,13.27,10.99,39.81,18.85,6.78
2921,County_2921,Alaska,Rural,77.57,22.43,26.84,22.13,30.09,39.35,6.62
45891,County_45891,Vermont,Urban,63.73,36.27,43.02,36.24,16.25,,3.83
21815,County_21815,Massachusetts,Rural,67.47,32.53,39.44,32.49,32.15,42.16,6.35
9117,County_9117,Florida,Suburban/Small City,69.04,30.96,37.42,31.08,,45.29,7.23
15631,County_15631,Iowa,Urban,66.63,33.37,40.16,34.35,31.27,53.13,8.0
39153,County_39153,Rhode Island,Rural,66.38,33.62,40.22,33.7,29.01,41.86,4.64
35853,County_35853,Ohio,Rural,83.24,16.76,20.25,16.56,40.92,25.8,7.46
55657,County_55657,Other,Urban,86.23,13.77,16.59,14.36,45.83,26.82,4.6
12215,County_12215,Idaho,Urban,63.55,36.45,43.82,37.73,25.29,48.56,6.94
36781,County_36781,Oklahoma,Rural,78.32,21.68,25.41,21.99,31.67,40.38,4.67
15973,County_15973,Iowa,Urban,87.75,12.25,14.61,12.3,44.96,25.15,5.11
38749,County_38749,Pennsylvania,Urban,71.05,28.95,34.55,29.92,,29.73,4.64
37241,County_37241,Oregon,Urban,92.67,7.33,9.18,8.01,50.97,19.05,7.29
5545,County_5545,California,Urban,70.06,29.94,35.88,29.95,32.75,43.24,7.91
13709,County_13709,Illinois,Urban,69.61,30.39,38.09,30.91,34.76,42.94,4.07
10629,County_10629,Georgia,Urban,77.07,22.93,27.46,23.17,35.47,41.49,5.32
35835,County_35835,Ohio,Rural,66.64,33.36,39.54,33.46,27.64,53.92,
42161,County_42161,Tennessee,Urban,71.75,28.25,33.9,27.74,35.52,43.88,3.92
51875,County_51875,Other,Rural,81.26,18.74,22.4,18.24,42.33,33.04,7.26
21499,County_21499,Massachusetts,Urban,83.87,16.13,19.76,16.5,44.44,34.5,9.07
50207,County_50207,Wyoming,Rural,74.63,25.37,30.78,25.11,39.28,27.5,6.98
39795,County_39795,Rhode Island,Suburban/Small City,73.99,26.01,30.81,26.7,35.05,41.61,6.27
19005,County_19005,Maine,Urban,78.99,21.01,24.57,21.58,30.22,34.94,
15283,County_15283,Iowa,Rural,80.86,19.14,22.62,19.54,48.68,33.24,6.72
31395,County_31395,New Mexico,Urban,78.94,21.06,25.43,21.39,50.02,44.35,8.05
50679,County_50679,Wyoming,Rural,68.64,31.36,37.6,31.88,27.3,46.59,
32175,County_32175,New York,Urban,,17.55,,17.69,41.65,34.6,6.82
26265,County_26265,Montana,Rural,65.84,34.16,40.93,32.74,28.13,50.21,8.2
33309,County_33309,North Carolina,Suburban/Small City,76.52,23.48,28.06,24.05,38.62,38.51,6.51
40119,County_40119,South Carolina,Rural,73.48,,32.1,26.38,37.47,38.75,5.97
37849,County_37849,Oregon,Rural,78.59,21.41,26.46,20.94,30.04,45.63,7.12
25841,County_25841,Missouri,Urban,83.5,16.5,19.5,16.22,44.97,25.47,8.84
50829,County_50829,Wyoming,Rural,74.05,25.95,31.1,26.34,22.04,37.89,8.3
8767,County_8767,Delaware,Urban,83.64,16.36,18.61,16.03,45.27,28.55,9.12
21599,County_21599,Massachusetts,Urban,77.8,22.2,26.84,22.78,40.65,37.87,5.97
29257,County_29257,New Hampshire,Rural,83.98,16.02,18.19,16.4,34.26,33.06,6.25
44305,County_44305,Utah,Urban,85.18,14.82,18.57,15.5,46.1,24.65,5.65
29933,County_29933,New Hampshire,Urban,84.96,15.04,18.08,15.13,38.4,25.9,7.83
40943,County_40943,South Carolina,Rural,79.33,20.67,24.58,20.29,44.06,29.74,6.06
26389,County_26389,Montana,Urban,76.85,23.15,28.39,23.55,38.0,40.4,
32907,County_32907,New York,Urban,71.41,28.59,33.55,28.5,35.54,41.09,4.61
17205,County_17205,Kentucky,Urban,76.27,23.73,28.24,24.09,36.13,32.25,5.59
21075,County_21075,Massachusetts,Rural,77.87,22.13,27.12,21.65,34.48,31.87,6.75
2313,County_2313,Alaska,Rural,68.31,31.69,37.62,32.37,27.66,49.08,6.23
18911,County_18911,Louisiana,Rural,80.98,19.02,23.21,19.42,40.22,23.5,5.93
54357,County_54357,Other,Rural,,28.2,34.32,27.05,36.27,33.47,6.43
19467,County_19467,Maine,Suburban/Small City,70.0,30.0,35.07,29.77,44.08,,3.72
28459,County_28459,Nevada,Rural,85.6,14.4,16.47,14.88,47.53,28.66,5.44
48801,County_48801,West Virginia,Urban,72.88,27.12,33.4,28.07,37.35,43.94,10.01
54465,County_54465,Other,Rural,76.93,23.07,29.14,22.42,33.05,35.68,5.86
29157,County_29157,New Hampshire,Suburban/Small City,66.31,33.69,40.0,34.53,17.82,55.81,7.31
12133,County_12133,Idaho,Rural,81.99,18.01,21.65,17.65,33.68,29.78,6.83
38881,County_38881,Pennsylvania,Rural,77.53,22.47,27.24,23.1,33.2,34.33,3.58
12935,County_12935,Idaho,Suburban/Small City,63.6,36.4,43.39,35.6,36.9,55.32,6.14
34995,County_34995,North Dakota,Urban,89.62,10.38,12.78,10.84,47.03,25.48,6.85
31417,County_31417,New Mexico,Rural,70.66,29.34,35.2,28.68,34.52,46.72,8.59
2895,County_2895,Alaska,Urban,70.92,29.08,34.66,29.68,36.0,38.09,4.98
22337,County_22337,Michigan,Rural,63.12,36.88,44.09,37.24,24.64,42.95,5.53
55565,County_55565,Other,Rural,78.12,21.88,26.01,21.32,47.24,24.7,3.2
12869,County_12869,Idaho,Urban,77.24,22.76,27.6,23.31,45.6,31.77,
40993,County_40993,South Carolina,Urban,93.78,6.22,7.36,6.25,54.19,26.25,7.61
49991,County_49991,Wisconsin,Urban,68.37,31.63,38.29,31.77,21.43,51.76,5.26
2573,County_2573,Alaska,Rural,85.84,14.16,16.44,14.36,41.68,22.48,5.58
12109,County_12109,Idaho,Rural,66.35,33.65,40.93,33.86,31.43,61.95,4.23
13807,County_13807,Illinois,Rural,77.71,22.29,,22.41,39.89,30.49,3.87
31979,County_31979,New Mexico,Urban,69.83,30.17,36.27,29.7,30.58,41.6,6.35
53507,County_53507,Other,Rural,65.71,34.29,41.45,34.04,18.66,41.45,7.08
2277,County_2277,Alaska,Rural,65.79,34.21,40.66,34.94,32.14,48.23,4.25
30841,County_30841,New Jersey,Rural,80.77,19.23,22.29,19.55,42.21,33.67,7.57
39731,County_39731,Rhode Island,Rural,90.97,9.03,11.02,10.3,57.63,15.97,2.68
13143,County_13143,Illinois,Urban,81.31,18.69,22.67,18.59,34.46,,6.5
35201,County_35201,Ohio,Rural,75.3,24.7,29.66,25.78,37.45,30.78,4.41
44039,County_44039,Utah,Urban,74.34,25.66,31.19,25.48,28.87,35.22,4.98
55377,County_55377,Other,Urban,82.51,17.49,22.35,19.13,33.59,36.06,5.92
13589,County_13589,Illinois,Rural,71.32,28.68,33.82,29.57,39.88,52.32,4.6
22193,County_22193,Michigan,Urban,77.62,22.38,27.38,22.24,40.85,39.26,6.14
31647,County_31647,New Mexico,Rural,84.4,15.6,19.27,15.75,45.4,23.79,5.02
45623,County_45623,Vermont,Rural,72.32,27.68,32.26,27.46,45.4,32.33,7.01
55047,County_55047,Other,Rural,81.13,18.87,22.99,,40.56,32.98,7.27
3779,County_3779,Arizona,Suburban/Small City,84.63,15.37,18.18,15.94,44.33,19.2,4.05
45499,County_45499,Vermont,Rural,86.02,13.98,16.92,14.96,45.66,26.38,7.05
22623,County_22623,Michigan,Suburban/Small City,78.91,21.09,25.4,21.42,38.84,37.31,3.5
35907,County_35907,Ohio,Rural,67.82,32.18,,31.86,28.13,40.84,6.49
41921,County_41921,South Dakota,Rural,74.17,25.83,,25.92,34.67,39.38,8.4
32559,County_32559,New York,Urban,81.05,18.95,22.51,,34.94,37.26,4.02
45521,County_45521,Vermont,Rural,78.91,21.09,25.26,21.72,33.43,39.67,7.52
36513,County_36513,Oklahoma,Rural,77.98,22.02,26.33,21.46,33.69,29.36,5.44
46175,County_46175,Virginia,Rural,69.48,30.52,37.12,31.25,45.48,47.39,3.11
46129,County_46129,Virginia,Urban,68.66,31.34,37.65,31.3,28.15,41.5,5.08
18167,County_18167,Louisiana,Rural,91.01,8.99,11.14,9.85,49.57,21.42,4.5
2179,County_2179,Alaska,Rural,77.22,22.78,27.51,22.69,,31.74,4.66
29643,County_29643,New Hampshire,Suburban/Small City,72.66,27.34,32.8,27.79,30.48,37.07,7.27
38567,County_38567,Pennsylvania,Urban,75.25,24.75,29.62,25.96,32.1,31.04,7.87
50007,County_50007,Wyoming,Urban,88.21,11.79,14.2,11.4,45.94,23.33,6.98
53117,County_53117,Other,Suburban/Small City,85.68,14.32,17.94,13.58,46.62,,9.69
47553,County_47553,Washington,Urban,66.99,33.01,39.75,32.97,34.57,39.85,6.42
1375,County_1375,Alabama,Rural,71.71,28.29,34.44,28.47,47.35,41.89,3.89
46825,County_46825,Virginia,Rural,89.11,10.89,13.82,11.17,48.43,23.25,8.57
31721,County_31721,New Mexico,Urban,83.29,16.71,19.45,17.21,52.31,30.38,5.22
41025,County_41025,South Dakota,Rural,94.36,5.64,6.28,5.58,55.93,14.42,5.09
51173,County_51173,Other,Urban,76.43,23.57,27.65,23.91,45.92,39.83,7.57
56259,County_56259,Other,Rural,66.11,33.89,40.32,33.59,,47.18,
35449,County_35449,Ohio,Rural,89.33,10.67,12.8,11.08,47.16,16.97,3.64
55715,County_55715,Other,Urban,88.19,11.81,13.39,12.0,53.24,21.72,8.29
17239,County_17239,Kentucky,Rural,89.91,10.09,12.48,10.31,48.06,29.6,7.72
3875,County_3875,Arizona,Rural,74.21,25.79,30.15,26.21,38.9,39.78,3.35
17937,County_17937,Kentucky,Rural,80.17,19.83,23.52,20.38,37.95,28.88,5.8
13669,County_13669,Illinois,Urban,77.81,22.19,26.87,22.59,43.99,40.55,5.43
14639,County_14639,Indiana,Suburban/Small City,82.03,17.97,21.96,18.13,46.74,32.24,9.91
44981,County_44981,Utah,Rural,68.07,31.93,38.31,32.15,34.27,42.86,5.43
38953,County_38953,Pennsylvania,Suburban/Small City,81.51,18.49,23.23,19.27,47.88,27.86,8.29
37263,County_37263,Oregon,Urban,66.19,33.81,40.0,34.9,32.01,42.04,6.58
49653,County_49653,Wisconsin,Rural,70.99,29.01,34.75,29.8,26.87,40.08,5.98
40971,County_40971,South Carolina,Rural,85.98,14.02,17.01,15.1,47.96,27.98,5.86
32971,County_32971,New York,Urban,69.21,30.79,36.39,31.02,28.92,41.44,3.26
35979,County_35979,Ohio,Urban,84.38,15.62,19.58,16.32,45.51,27.61,8.16
40467,County_40467,South Carolina,Rural,,23.41,28.43,23.28,45.67,32.02,5.34
43727,County_43727,Texas,Rural,,26.29,31.56,26.6,35.23,38.6,6.7
3799,County_3799,Arizona,Rural,72.24,27.76,34.29,27.5,34.71,38.34,5.23
12781,County_12781,Idaho,Urban,86.95,13.05,15.26,13.0,42.28,22.48,5.4
46395,County_46395,Virginia,Rural,74.59,25.41,30.18,26.09,40.73,31.24,4.13
45823,County_45823,Vermont,Rural,64.27,35.73,42.77,36.47,39.59,52.43,6.74
29085,County_29085,New Hampshire,Rural,81.76,18.24,22.16,17.42,43.82,29.23,4.91
39789,County_39789,Rhode Island,Urban,80.39,19.61,23.9,20.03,30.36,32.6,9.23
12701,County_12701,Idaho,Urban,91.45,8.55,11.06,8.29,49.56,23.27,8.22
5231,County_5231,California,Urban,79.5,20.5,24.19,20.64,35.87,36.72,5.91
3717,County_3717,Arizona,Rural,80.04,19.96,23.92,20.3,51.06,27.57,3.45
4141,County_4141,Arkansas,Rural,82.26,17.74,20.54,16.97,51.31,21.11,6.7
35503,County_35503,Ohio,Urban,73.65,26.35,31.94,26.91,36.24,38.29,5.84
50147,County_50147,Wyoming,Suburban/Small City,84.82,15.18,18.41,14.49,35.92,25.01,7.78
5957,County_5957,California,Rural,78.44,21.56,25.99,21.43,42.64,35.56,7.58
43307,County_43307,Texas,Urban,95.1,4.9,6.03,4.97,53.24,18.74,7.35
40623,County_40623,South Carolina,Rural,88.34,11.66,13.33,12.54,46.25,23.78,7.39
27153,County_27153,Nebraska,Rural,80.16,19.84,,19.42,37.8,29.81,5.57
52201,County_52201,Other,Suburban/Small City,90.6,9.4,10.89,9.13,48.89,19.8,3.84
51913,County_51913,Other,Suburban/Small City,74.53,25.47,30.82,25.86,36.8,42.11,7.04
5875,County_5875,California,Rural,81.77,18.23,22.77,18.6,43.51,29.33,5.49
44295,County_44295,Utah,Rural,93.89,6.11,7.03,5.95,46.23,13.83,7.22
11413,County_11413,Hawaii,Urban,72.02,27.98,33.36,27.82,28.41,40.3,5.04
21263,County_21263,Massachusetts,Rural,73.46,26.54,31.25,26.24,40.1,41.53,
38883,County_38883,Pennsylvania,Suburban/Small City,90.53,9.47,11.07,,55.97,25.55,5.19
45103,County_45103,Vermont,Urban,73.28,26.72,32.41,27.15,29.95,42.75,2.79
29381,County_29381,New Hampshire,Urban,74.01,25.99,31.06,25.72,38.7,43.94,5.36
12321,County_12321,Idaho,Urban,84.22,15.78,18.96,15.87,36.31,28.21,4.22
6569,County_6569,Colorado,Suburban/Small City,85.02,14.98,17.73,15.1,44.2,27.15,3.29
2611,County_2611,Alaska,Rural,69.88,30.12,36.52,31.12,27.06,46.83,4.46
34581,County_34581,North Dakota,Urban,68.93,31.07,37.28,31.03,39.75,50.25,5.71
45891,County_45891,Vermont,Suburban/Small City,73.6,26.4,31.82,26.7,38.54,42.44,6.51
15371,County_15371,Iowa,Rural,81.98,18.02,21.42,18.51,48.27,28.98,4.49
55141,County_55141,Other,Rural,70.22,29.78,35.24,29.17,34.05,38.39,4.97
50223,County_50223,Wyoming,Rural,83.03,16.97,20.5,17.08,41.97,26.97,
39623,County_39623,Rhode Island,Rural,79.88,20.12,23.8,20.46,48.97,21.44,9.67
40947,County_40947,South Carolina,Urban,89.23,10.77,13.06,10.85,43.55,24.49,10.0
7753,County_7753,Connecticut,Suburban/Small City,87.0,13.0,16.33,12.7,45.27,25.47,4.79
31463,County_31463,New Mexico,Rural,76.22,23.78,28.41,24.12,44.11,38.59,6.47
6101,County_6101,Colorado,Suburban/Small City,71.62,28.38,33.78,28.09,39.96,31.99,7.67
27907,County_27907,Nebraska,Urban,79.69,20.31,25.14,19.92,33.79,,8.93
35687,County_35687,Ohio,Suburban/Small City,75.13,24.87,30.2,24.79,31.37,44.12,6.73
50941,County_50941,Wyoming,Rural,86.99,13.01,15.42,12.5,53.97,30.64,4.67
56003,County_56003,Other,Urban,72.33,27.67,33.19,27.54,33.44,42.3,3.5
19991,County_19991,Maine,Rural,76.49,23.51,27.4,24.08,37.66,41.31,5.42
25933,County_25933,Missouri,Rural,89.22,10.78,13.27,10.39,35.1,21.85,6.91
51119,County_51119,Other,Suburban/Small City,71.79,28.21,33.5,28.77,40.24,50.29,5.91
45961,County_45961,Vermont,Urban,87.48,,,13.86,52.87,25.33,9.93
30811,County_30811,New Jersey,Rural,67.37,32.63,39.5,33.54,25.71,44.68,7.41
41825,County_41825,South Dakota,Suburban/Small City,70.43,29.57,35.57,29.03,,46.91,8.01
3655,County_3655,Arizona,Rural,80.63,19.37,23.7,20.04,39.88,33.56,4.76
50679,County_50679,Wyoming,Rural,81.47,18.53,21.97,19.19,43.13,31.04,6.33
7947,County_7947,Connecticut,Urban,80.52,19.48,23.87,20.12,42.26,23.42,3.4
19161,County_19161,Maine,Urban,76.25,23.75,29.18,24.22,37.83,43.22,2.61
49287,County_49287,Wisconsin,Rural,75.5,24.5,29.05,25.28,40.39,37.61,5.27
19415,County_19415,Maine,Rural,82.09,17.91,21.15,17.96,58.2,33.01,6.76
26373,County_26373,Montana,Suburban/Small City,69.56,30.44,37.13,29.64,31.43,34.35,7.31
39691,County_39691,Rhode Island,Rural,86.18,13.82,17.02,14.59,46.36,24.29,4.38
49209,County_49209,Wisconsin,Rural,87.87,12.13,15.23,11.92,46.93,25.19,6.29
51797,County_51797,Other,Urban,84.03,15.97,19.12,15.96,41.02,28.89,6.27
19121,County_19121,Maine,Suburban/Small City,75.72,24.28,29.38,24.09,28.98,39.36,5.93
24523,County_24523,Mississippi,Urban,74.0,26.0,32.17,25.63,24.92,37.98,5.08
23235,County_23235,Minnesota,Urban,90.85,9.15,11.23,9.78,,7.47,7.35
46443,County_46443,Virginia,Urban,75.56,24.44,29.79,24.21,37.82,44.78,3.47
50009,County_50009,Wyoming,Urban,79.0,21.0,25.75,22.24,41.28,31.74,4.43
19055,County_19055,Maine,Suburban/Small City,86.9,13.1,,13.87,49.18,26.8,5.92
7975,County_7975,Connecticut,Urban,77.49,,26.81,23.68,32.43,35.69,3.73
54535,County_54535,Other,Suburban/Small City,83.67,16.33,19.32,15.94,36.68,30.4,6.85
18949,County_18949,Louisiana,Rural,82.88,17.12,21.33,17.36,39.2,21.77,7.22
17431,County_17431,Kentucky,Urban,85.68,14.32,17.35,15.08,51.47,24.97,7.85
9693,County_9693,Florida,Suburban/Small City,68.56,31.44,37.64,30.82,37.41,41.98,6.57
5927,County_5927,California,Rural,62.04,37.96,45.83,38.16,25.46,58.79,7.92
24795,County_24795,Mississippi,Urban,78.3,21.7,25.88,22.49,38.02,31.72,6.37
23831,County_23831,Minnesota,Urban,75.58,24.42,29.66,24.8,34.01,44.18,5.31
19435,County_19435,Maine,Urban,71.6,28.4,33.83,,,39.96,7.32
56273,County_56273,Other,Urban,76.28,23.72,29.19,24.48,29.0,48.21,5.47
15449,County_15449,Iowa,Rural,86.11,13.89,17.53,13.74,51.71,23.8,5.7
31661,County_31661,New Mexico,Rural,85.62,14.38,17.14,15.13,45.79,25.47,4.62
42301,County_42301,Tennessee,Urban,83.59,16.41,19.53,16.48,37.54,30.91,6.54
46869,County_46869,Virginia,Urban,,17.41,21.59,17.47,41.8,39.2,7.53
44735,County_44735,Utah,Urban,66.48,33.52,39.99,33.53,33.19,50.66,7.55
45023,County_45023,Vermont,Rural,71.34,28.66,34.95,28.35,34.09,50.61,5.17
29509,County_29509,New Hampshire,Urban,80.59,19.41,23.41,19.87,34.33,27.41,
36309,County_36309,Oklahoma,Rural,80.33,19.67,24.16,19.54,40.27,38.35,5.5
10217,County_10217,Georgia,Urban,81.41,18.59,22.77,18.6,42.24,26.79,2.66
44497,County_44497,Utah,Rural,68.62,31.38,37.08,31.46,28.08,44.92,5.83
20915,County_20915,Maryland,Rural,69.08,30.92,36.76,31.18,27.73,35.04,6.3
52071,County_52071,Other,Urban,87.86,12.14,14.62,12.05,43.97,18.95,8.46
8889,County_8889,Delaware,Rural,79.41,20.59,24.59,21.29,40.25,33.76,7.17
16261,County_16261,Kansas,Rural,78.09,21.91,25.91,,43.83,33.42,5.56
30469,County_30469,New Jersey,Suburban/Small City,78.18,21.82,25.36,22.06,32.1,38.77,8.06
53585,County_53585,Other,Suburban/Small City,93.54,6.46,7.66,6.51,44.24,9.22,5.7
33701,County_33701,North Carolina,Rural,79.03,20.97,24.94,20.86,35.36,31.85,4.59
44817,County_44817,Utah,Rural,79.87,20.13,24.46,18.99,42.87,18.68,8.42
1449,County_1449,Alabama,Rural,86.62,13.38,15.95,13.62,30.7,27.02,11.38
24585,County_24585,Mississippi,Rural,86.05,13.95,16.11,13.54,45.57,34.43,
41041,County_41041,South Dakota,Rural,82.36,17.64,20.57,18.42,38.09,28.88,6.07
20013,County_20013,Maryland,Urban,76.9,23.1,27.63,22.65,46.28,39.23,7.32
49231,County_49231,Wisconsin,Rural,73.29,26.71,31.83,27.45,40.08,40.75,6.68
46127,County_46127,Virginia,Rural,69.43,30.57,36.42,31.19,29.74,42.66,6.18
20373,County_20373,Maryland,Rural,95.44,4.56,,4.18,48.32,21.14,7.79
25329,County_25329,Missouri,Rural,71.37,28.63,34.28,28.49,,45.83,4.3
20341,County_20341,Maryland,Urban,78.34,21.66,25.7,21.43,42.59,29.46,5.06
5327,County_5327,California,Rural,89.23,,12.56,11.02,49.97,18.83,6.11
5471,County_5471,California,Rural,77.83,22.17,26.35,21.9,37.65,25.55,8.33
29547,County_29547,New Hampshire,Rural,66.19,33.81,40.92,34.17,35.71,47.16,7.0
22529,County_22529,Michigan,Urban,83.74,16.26,20.1,16.57,48.27,30.6,7.0
31569,County_31569,New Mexico,Urban,91.59,8.41,9.9,8.94,54.6,19.58,8.1
27453,County_27453,Nebraska,Urban,70.13,29.87,36.09,30.91,19.12,47.11,8.01
34761,County_34761,North Dakota,Rural,71.0,29.0,33.91,29.8,31.0,40.12,
2463,County_2463,Alaska,Rural,74.99,25.01,30.38,25.08,34.83,38.79,5.57
19227,County_19227,Maine,Rural,70.67,29.33,35.51,29.79,31.98,45.42,5.77
7295,County_7295,Connecticut,Rural,66.72,33.28,39.8,33.16,31.09,48.14,7.21
28763,County_28763,Nevada,Urban,,24.23,30.04,23.73,,32.76,8.28
12615,County_12615,Idaho,Rural,71.84,28.16,34.34,28.47,39.63,44.01,6.24
13379,County_13379,Illinois,Urban,69.92,30.08,34.99,30.96,36.23,39.88,8.16
30453,County_30453,New Jersey,Rural,,27.64,,28.29,36.84,36.75,4.68
38861,County_38861,Pennsylvania,Urban,69.33,30.67,35.79,30.6,38.03,32.5,3.88
27559,County_27559,Nebraska,Rural,71.89,28.11,33.47,28.48,37.14,40.62,4.95
3491,County_3491,Arizona,Rural,62.37,37.63,45.7,38.3,35.86,53.93,5.37
44069,County_44069,Utah,Rural,75.52,24.48,30.04,24.47,33.95,36.59,8.73
28515,County_28515,Nevada,Urban,80.58,19.42,23.59,19.85,39.1,34.41,5.2
20901,County_20901,Maryland,Rural,,23.55,28.68,24.2,28.94,34.93,6.72
12375,County_12375,Idaho,Urban,70.81,29.19,35.0,29.68,32.82,50.45,5.85
37049,County_37049,Oregon,Rural,77.24,22.76,27.17,23.18,40.17,45.05,7.51
33561,County_33561,North Carolina,Suburban/Small City,73.81,26.19,31.04,26.17,33.46,41.77,
28557,County_28557,Nevada,Urban,70.97,29.03,34.74,28.74,31.91,44.17,5.59
12687,County_12687,Idaho,Rural,81.94,18.06,21.49,17.72,48.99,27.24,6.97
27513,County_27513,Nebraska,Suburban/Small City,77.7,22.3,26.93,22.17,41.4,31.63,3.67
26631,County_26631,Montana,Rural,69.62,30.38,,31.45,40.92,44.57,6.32
34353,County_34353,North Dakota,Rural,64.91,35.09,42.54,35.44,23.81,50.19,3.66
6343,County_6343,Colorado,Urban,82.71,17.29,21.68,17.63,48.86,37.25,7.27
31557,County_31557,New Mexico,Rural,76.55,23.45,28.24,23.02,41.53,43.69,5.72
3257,County_3257,Arizona,Suburban/Small City,85.32,14.68,,15.62,37.75,25.49,6.84
42285,County_42285,Tennessee,Suburban/Small City,66.45,33.55,39.9,33.92,21.2,52.04,3.82
3797,County_3797,Arizona,Rural,86.42,13.58,16.72,13.31,46.49,31.18,5.68
42147,County_42147,Tennessee,Suburban/Small City,87.76,12.24,14.85,12.61,52.26,21.72,6.13
2217,County_2217,Alaska,Suburban/Small City,67.78,32.22,39.05,32.22,36.1,49.63,4.58
8465,County_8465,Delaware,Rural,83.62,16.38,19.3,16.16,52.78,28.94,5.98
43449,County_43449,Texas,Rural,71.65,28.35,35.19,28.06,36.23,39.7,6.84
10231,County_10231,Georgia,Rural,87.31,12.69,15.41,12.12,58.19,,6.57
50139,County_50139,Wyoming,Urban,84.14,15.86,18.77,16.58,47.97,25.34,6.95
34017,County_34017,North Dakota,Rural,77.49,22.51,27.11,22.11,44.83,42.46,6.03
25771,County_25771,Missouri,Rural,85.73,14.27,17.49,14.11,49.14,22.26,7.26
37679,County_37679,Oregon,Rural,73.69,26.31,32.0,26.81,33.84,38.1,5.99
55665,County_55665,Other,Rural,,10.42,12.26,10.82,49.39,24.0,6.85
13139,County_13139,Illinois,Rural,59.51,40.49,49.04,40.72,34.74,48.61,5.18
27743,County_27743,Nebraska,Urban,68.5,31.5,37.37,31.91,40.48,43.46,6.77
28699,County_28699,Nevada,Rural,77.52,22.48,27.13,21.52,41.47,37.99,7.13
30215,County_30215,New Jersey,Suburban/Small City,62.89,37.11,44.56,36.83,24.9,49.34,6.98
20461,County_20461,Maryland,Rural,86.2,13.8,15.58,14.19,52.78,29.96,4.42
26155,County_26155,Montana,Rural,81.94,18.06,22.04,17.63,44.56,32.45,8.09
33751,County_33751,North Carolina,Rural,87.04,12.96,16.05,12.6,45.72,25.38,
53373,County_53373,Other,Urban,78.17,21.83,26.3,21.56,41.2,41.92,6.25
11429,County_11429,Hawaii,Rural,73.5,26.5,31.43,26.81,37.84,39.1,6.25
50287,County_50287,Wyoming,Urban,67.28,32.72,39.63,32.32,30.52,47.98,5.35
24743,County_24743,Mississippi,Urban,87.65,12.35,15.63,12.85,57.67,20.05,6.54
48621,County_48621,West Virginia,Rural,73.37,26.63,31.99,27.45,47.53,36.2,3.74
40335,County_40335,South Carolina,Rural,82.79,17.21,,17.42,42.09,25.99,4.43
38925,County_38925,Pennsylvania,Rural,81.8,18.2,22.76,18.26,43.96,33.0,7.08
47101,County_47101,Washington,Rural,92.73,7.27,8.22,7.72,56.74,12.57,5.51
18503,County_18503,Louisiana,Suburban/Small City,72.05,27.95,33.04,27.88,37.05,42.31,7.84
26569,County_26569,Montana,Urban,91.1,8.9,11.06,8.57,52.12,18.64,6.03
10513,County_10513,Georgia,Rural,90.17,9.83,11.98,9.48,37.84,13.1,5.89
26501,County_26501,Montana,Rural,72.85,27.15,31.52,26.76,42.27,38.09,4.57
16161,County_16161,Kansas,Urban,90.58,,10.87,9.29,47.3,21.12,4.68
31243,County_31243,New Mexico,Rural,68.93,31.07,37.19,31.72,30.51,40.14,5.18
51669,County_51669,Other,Rural,75.52,24.48,29.56,25.1,40.29,40.4,3.68
49541,County_49541,Wisconsin,Rural,83.6,16.4,19.83,16.84,46.55,30.41,4.38
2053,County_2053,Alaska,Rural,76.92,23.08,27.8,23.32,40.96,36.87,5.43
49935,County_49935,Wisconsin,Rural,82.41,17.59,21.84,17.45,41.29,21.51,8.35
5047,County_5047,California,Urban,91.6,8.4,10.26,8.84,55.11,22.78,5.63
40799,County_40799,South Carolina,Rural,,18.15,21.61,18.27,46.66,28.96,
17681,County_17681,Kentucky,Rural,70.88,29.12,34.55,29.36,30.0,43.4,6.54
33587,County_33587,North Carolina,Urban,65.76,34.24,41.52,34.19,35.0,42.53,5.6
36787,County_36787,Oklahoma,Rural,92.73,7.27,8.34,7.82,55.04,20.82,6.11
4111,County_4111,Arkansas,Rural,91.33,8.67,10.56,9.13,47.15,20.73,6.26
26521,County_26521,Montana,Urban,97.92,2.08,1.75,2.4,51.23,22.53,6.36
7935,County_7935,Connecticut,Urban,82.42,17.58,21.24,17.15,47.02,26.8,5.96
20313,County_20313,Maryland,Rural,73.27,26.73,,26.91,37.25,42.01,4.47
21779,County_21779,Massachusetts,Rural,78.99,21.01,24.88,20.69,41.3,32.48,9.04
31741,County_31741,New Mexico,Urban,82.73,17.27,20.55,17.76,40.43,30.8,6.35
32195,County_32195,New York,Rural,85.08,14.92,18.13,15.24,45.97,29.56,4.27
26187,County_26187,Montana,Rural,87.7,12.3,15.2,12.48,38.92,28.31,2.73
35043,County_35043,Ohio,Rural,79.99,20.01,24.38,20.07,32.18,31.65,5.52
37287,County_37287,Oregon,Rural,85.85,14.15,17.49,14.4,48.29,24.5,4.37
29537,County_29537,New Hampshire,Urban,72.18,27.82,33.19,27.72,42.38,36.41,5.6
6489,County_6489,Colorado,Rural,70.5,29.5,35.66,29.7,38.49,45.43,8.12
31253,County_31253,New Mexico,Urban,88.43,11.57,14.73,12.11,49.34,20.6,6.16
24591,County_24591,Mississippi,Rural,84.79,15.21,18.95,15.22,49.62,24.81,7.51
54219,County_54219,Other,Suburban/Small City,89.28,10.72,13.45,10.0,46.63,29.27,7.01
9931,County_9931,Florida,Urban,69.62,30.38,36.1,31.59,35.04,42.8,4.27
25381,County_25381,Missouri,Urban,85.84,14.16,17.09,13.6,47.06,30.6,9.22
7699,County_7699,Connecticut,Urban,88.66,11.34,13.52,11.61,46.19,15.22,7.28
24685,County_24685,Mississippi,Rural,89.95,10.05,12.67,10.03,43.33,14.7,6.28
14925,County_14925,Indiana,Rural,,12.0,13.92,12.09,48.91,18.32,3.38
34867,County_34867,North Dakota,Suburban/Small City,68.46,31.54,38.03,30.31,17.7,52.18,7.67
18159,County_18159,Louisiana,Rural,95.2,4.8,5.6,5.26,55.39,18.38,6.25
54235,County_54235,Other,Urban,77.71,22.29,27.28,21.84,46.27,,4.15
1759,County_1759,Alabama,Urban,82.03,17.97,20.95,17.89,44.59,30.05,7.41
44457,County_44457,Utah,Rural,73.28,26.72,32.33,27.34,49.73,39.91,3.76
16055,County_16055,Kansas,Rural,83.23,16.77,20.87,17.22,41.97,28.45,5.45
16543,County_16543,Kansas,Rural,91.39,8.61,9.73,8.19,59.89,22.07,
31947,County_31947,New Mexico,Rural,59.35,40.65,48.02,41.73,19.36,51.73,6.18
23111,County_23111,Minnesota,Rural,67.93,32.07,37.57,31.88,22.0,44.03,3.07
35239,County_35239,Ohio,Rural,73.05,26.95,32.83,,41.54,31.56,5.95
18585,County_18585,Louisiana,Rural,85.04,14.96,17.15,14.8,45.25,,6.73
53493,County_53493,Other,Rural,88.29,11.71,14.43,11.18,49.95,29.42,7.48
23559,County_23559,Minnesota,Urban,95.72,4.28,4.79,4.05,44.26,22.25,8.46
36915,County_36915,Oklahoma,Suburban/Small City,87.16,12.84,15.28,12.37,47.17,20.32,4.06
47305,County_47305,Washington,Rural,90.01,9.99,11.96,8.94,53.35,26.99,6.85
2257,County_2257,Alaska,Urban,92.06,7.94,10.02,8.29,49.77,24.29,5.14
8481,County_8481,Delaware,Rural,81.32,18.68,22.31,19.57,45.03,22.72,7.89
52859,County_52859,Other,Urban,,6.96,8.09,7.39,50.09,12.87,6.02
16009,County_16009,Kansas,Rural,74.82,25.18,30.1,24.8,29.97,44.48,8.63
47531,County_47531,Washington,Urban,91.24,8.76,10.36,9.82,51.65,25.74,5.91
49685,County_49685,Wisconsin,Rural,71.88,28.12,34.63,28.65,35.82,40.41,6.73
43737,County_43737,Texas,Urban,80.12,19.88,23.61,19.1,41.61,37.5,6.13
34207,County_34207,North Dakota,Suburban/Small City,74.1,25.9,31.26,26.48,30.68,36.15,1.68
19331,County_19331,Maine,Urban,90.3,9.7,10.9,10.53,59.03,22.11,7.41
16147,County_16147,Kansas,Rural,65.27,34.73,41.45,34.98,26.47,57.06,7.89
15367,County_15367,Iowa,Rural,76.87,23.13,27.94,22.13,41.42,27.2,7.22
51539,County_51539,Other,Rural,73.78,26.22,31.26,26.51,25.91,40.7,5.36
4705,County_4705,Arkansas,Urban,79.96,20.04,24.2,20.01,34.31,35.55,7.23
19687,County_19687,Maine,Urban,63.3,36.7,43.79,36.87,25.45,49.47,5.99
23193,County_23193,Minnesota,Rural,81.32,18.68,,19.18,,26.25,6.18
44011,County_44011,Utah,Rural,82.56,17.44,20.8,17.33,35.18,28.23,5.51
40651,County_40651,South Carolina,Rural,75.08,24.92,29.63,24.92,34.11,31.16,7.94
50567,County_50567,Wyoming,Urban,84.05,15.95,19.75,16.21,45.86,29.75,6.5
30475,County_30475,New Jersey,Suburban/Small City,83.09,,21.04,17.89,42.89,28.05,5.32
6233,County_6233,Colorado,Urban,71.5,28.5,33.5,28.26,36.56,41.05,7.17
34345,County_34345,North Dakota,Rural,88.71,11.29,14.02,10.81,38.73,19.57,5.65
45587,County_45587,Vermont,Rural,75.28,24.72,28.69,24.5,28.37,34.89,4.28
48733,County_48733,West Virginia,Rural,63.41,36.59,43.78,36.88,27.68,45.97,5.19
44907,County_44907,Utah,Urban,68.28,31.72,38.3,,24.59,42.21,5.75
44845,County_44845,Utah,Rural,73.2,26.8,33.12,26.13,42.94,35.0,6.58
47931,County_47931,Washington,Rural,73.59,26.41,31.96,27.0,33.14,37.39,4.78
37335,County_37335,Oregon,Rural,71.7,28.3,33.73,,27.62,39.29,5.42
22443,County_22443,Michigan,Urban,83.95,16.05,19.62,15.24,44.9,18.73,4.8
17387,County_17387,Kentucky,Rural,78.03,21.97,26.5,22.87,44.09,34.0,9.15
46945,County_46945,Virginia,Rural,80.9,19.1,23.52,19.38,36.01,32.12,5.21
5649,County_5649,California,Rural,,19.66,23.94,18.24,41.15,32.78,4.95
14125,County_14125,Indiana,Urban,86.7,13.3,16.21,13.99,45.69,31.08,6.65
27389,County_27389,Nebraska,Suburban/Small City,69.34,30.66,36.68,29.88,27.41,45.55,7.06
36743,County_36743,Oklahoma,Suburban/Small City,85.99,14.01,16.86,14.51,45.1,21.05,9.84
39715,County_39715,Rhode Island,Rural,88.69,11.31,13.5,11.08,54.58,24.22,6.23
31093,County_31093,New Mexico,Rural,79.29,20.71,,20.58,39.07,38.28,4.65
13793,County_13793,Illinois,Rural,88.86,11.14,12.55,11.65,49.09,20.84,4.55
30035,County_30035,New Jersey,Urban,70.35,29.65,35.19,29.25,37.95,45.9,6.17
44589,County_44589,Utah,Urban,67.35,,38.45,32.93,27.11,48.96,3.42
47123,County_47123,Washington,Suburban/Small City,83.21,16.79,20.75,17.49,37.04,30.13,6.45
53321,County_53321,Other,Rural,80.11,19.89,23.68,20.67,33.91,30.08,4.34
52295,County_52295,Other,Rural,81.41,18.59,21.83,19.04,39.91,36.83,6.5
14599,County_14599,Indiana,Urban,85.72,14.28,17.28,14.64,45.51,21.51,6.22
36257,County_36257,Oklahoma,Rural,88.67,11.33,12.28,12.24,52.64,20.28,6.35
46433,County_46433,Virginia,Rural,80.42,19.58,23.91,20.07,46.13,23.32,3.7
2493,County_2493,Alaska,Rural,93.95,6.05,7.32,6.39,46.05,22.95,6.63
26797,County_26797,Montana,Rural,65.87,34.13,39.52,34.13,28.57,46.61,4.87
56977,County_56977,Other,Rural,90.95,9.05,10.57,9.23,47.14,,8.1
47149,County_47149,Washington,Rural,88.17,11.83,14.09,11.14,51.83,18.15,4.99
9517,County_9517,Florida,Rural,90.38,9.62,11.46,10.14,60.74,23.81,3.95
15937,County_15937,Iowa,Rural,88.42,11.58,13.35,11.88,42.3,32.9,6.94
5819,County_5819,California,Urban,82.81,17.19,19.7,17.12,42.91,25.71,4.94
44389,County_44389,Utah,Urban,76.4,23.6,28.56,24.11,44.36,35.11,6.55
51267,County_51267,Other,Rural,78.66,21.34,24.68,21.43,41.46,36.59,6.17
28991,County_28991,Nevada,Suburban/Small City,72.59,27.41,33.52,27.92,43.46,39.88,2.78
27053,County_27053,Nebraska,Urban,79.46,20.54,,22.63,47.9,31.15,7.59
34757,County_34757,North Dakota,Rural,63.19,,44.64,35.93,30.41,46.53,5.03
25135,County_25135,Missouri,Urban,82.63,17.37,20.87,17.69,47.0,24.56,3.94
42433,County_42433,Tennessee,Rural,91.87,8.13,10.05,8.2,49.13,25.6,4.28
29375,County_29375,New Hampshire,Urban,71.09,28.91,34.08,29.56,33.54,45.14,3.18
10419,County_10419,Georgia,Rural,82.9,17.1,20.65,17.85,42.18,27.53,5.94
13063,County_13063,Illinois,Urban,73.06,26.94,31.9,27.29,38.57,38.56,4.4
34939,County_34939,North Dakota,Suburban/Small City,79.86,20.14,24.84,21.28,41.58,31.83,7.04
36423,County_36423,Oklahoma,Urban,78.51,21.49,24.58,22.91,37.82,30.48,6.75
41733,County_41733,South Dakota,Rural,74.56,25.44,30.76,25.65,39.74,35.11,7.29
48489,County_48489,West Virginia,Rural,84.32,15.68,18.47,15.83,48.9,20.46,6.32
9143,County_9143,Florida,Urban,89.75,10.25,12.88,10.5,52.18,31.02,7.39
16527,County_16527,Kansas,Rural,83.39,16.61,19.69,16.5,48.25,26.82,5.51
40491,County_40491,South Carolina,Suburban/Small City,89.51,10.49,12.71,10.94,50.2,14.0,5.75
32197,County_32197,New York,Urban,82.02,17.98,22.14,17.6,47.17,36.91,5.88
20341,County_20341,Maryland,Rural,76.49,23.51,28.25,23.55,38.97,34.12,5.57
22207,County_22207,Michigan,Suburban/Small City,74.49,25.51,31.1,26.64,34.51,39.39,
28543,County_28543,Nevada,Rural,83.56,16.44,19.06,15.86,43.79,32.17,6.96
30525,County_30525,New Jersey,Rural,93.13,6.87,8.21,6.89,52.99,16.87,5.76
4047,County_4047,Arkansas,Rural,74.73,25.27,29.58,25.3,29.56,44.81,5.7
55421,County_55421,Other,Urban,68.81,31.19,37.87,31.07,35.97,46.03,6.02
16091,County_16091,Kansas,Rural,74.96,25.04,31.11,24.62,43.12,37.07,4.05
56963,County_56963,Other,Rural,68.83,31.17,37.23,31.24,28.13,44.45,5.77
22533,County_22533,Michigan,Rural,76.99,23.01,28.33,23.3,40.9,41.33,6.32
3505,County_3505,Arizona,Suburban/Small City,74.14,25.86,30.18,25.7,34.74,40.84,4.97
16321,County_16321,Kansas,Urban,69.99,30.01,35.61,30.55,39.51,42.57,6.29
1537,County_1537,Alabama,Suburban/Small City,69.51,30.49,37.24,30.57,21.95,37.66,7.64
35411,County_35411,Ohio,Rural,66.01,33.99,40.29,34.44,27.68,47.69,6.1
3691,County_3691,Arizona,Urban,71.12,28.88,35.23,29.14,27.44,40.64,6.47
22437,County_22437,Michigan,Urban,87.81,12.19,14.0,11.47,48.84,24.79,
42177,County_42177,Tennessee,Urban,89.51,10.49,12.31,10.4,46.92,20.12,7.81
19689,County_19689,Maine,Urban,86.12,13.88,16.98,13.98,42.25,26.82,5.38
29133,County_29133,New Hampshire,Urban,66.25,33.75,40.48,33.68,18.83,55.68,3.84
30689,County_30689,New Jersey,Rural,86.91,13.09,15.26,14.16,45.91,29.81,3.86
21489,County_21489,Massachusetts,Rural,80.66,19.34,22.96,19.45,47.82,30.41,6.84
13773,County_13773,Illinois,Rural,91.74,8.26,9.56,8.78,56.96,24.72,8.66
4473,County_4473,Arkansas,Urban,77.72,22.28,26.66,22.77,36.99,33.6,8.15
31159,County_31159,New Mexico,Rural,75.11,24.89,30.63,24.34,29.79,37.99,6.27
8989,County_8989,Delaware,Rural,85.39,14.61,17.65,14.55,,20.85,6.9
4907,County_4907,Arkansas,Urban,83.04,16.96,20.4,16.87,47.97,26.87,4.63
56533,County_56533,Other,Rural,86.6,13.4,16.63,14.4,51.95,25.97,5.03
47979,County_47979,Washington,Urban,68.19,31.81,38.26,32.21,31.3,40.22,6.63
40417,County_40417,South Carolina,Rural,90.55,9.45,11.65,9.5,50.67,20.04,7.29
15273,County_15273,Iowa,Urban,75.31,24.69,29.6,24.3,44.35,34.87,5.04
18589,County_18589,Louisiana,Urban,84.09,15.91,19.58,15.97,43.96,31.84,6.74
17589,County_17589,Kentucky,Rural,83.48,16.52,19.44,16.82,53.09,28.44,8.29
28047,County_28047,Nevada,Urban,82.6,17.4,20.59,17.47,44.25,34.57,7.22
3785,County_3785,Arizona,Rural,76.65,23.35,,24.34,34.0,40.28,6.18
25241,County_25241,Missouri,Urban,87.29,12.71,14.84,12.67,45.79,24.11,5.84
49121,County_49121,Wisconsin,Rural,88.79,11.21,14.02,11.61,54.97,21.17,5.95
16355,County_16355,Kansas,Rural,80.67,19.33,23.61,20.03,44.83,28.32,5.86
44665,County_44665,Utah,Rural,67.84,32.16,38.58,32.77,34.03,47.47,2.97
7811,County_7811,Connecticut,Urban,81.96,18.04,21.51,19.02,44.94,20.11,9.25
10229,County_10229,Georgia,Rural,76.55,23.45,28.61,23.41,26.23,41.54,5.51
46749,County_46749,Virginia,Rural,69.63,30.37,36.45,30.19,30.47,44.32,6.87
41873,County_41873,South Dakota,Rural,90.26,9.74,12.33,10.45,50.54,21.76,9.26
47667,County_47667,Washington,Rural,80.28,19.72,24.07,19.43,46.47,40.1,7.84
18661,County_18661,Louisiana,Urban,78.31,21.69,26.44,22.43,36.87,40.52,
20095,County_20095,Maryland,Suburban/Small City,71.38,28.62,34.05,29.17,34.14,38.93,5.15
16075,County_16075,Kansas,Rural,79.75,20.25,25.61,20.15,37.16,37.97,7.07
52241,County_52241,Other,Urban,73.48,26.52,32.67,27.38,34.32,45.26,4.48
18735,County_18735,Louisiana,Urban,81.28,18.72,22.1,18.95,48.15,35.66,4.4
46183,County_46183,Virginia,Rural,89.09,10.91,12.45,11.5,51.52,21.28,5.27
22505,County_22505,Michigan,Urban,87.65,12.35,14.18,12.14,49.35,19.4,5.63
45137,County_45137,Vermont,Rural,67.21,32.79,,33.27,29.86,49.13,7.36
49531,County_49531,Wisconsin,Rural,,10.2,12.18,11.13,41.25,22.91,4.9
32535,County_32535,New York,Suburban/Small City,63.75,36.25,44.31,36.42,26.1,50.3,3.1
7491,County_7491,Connecticut,Rural,78.08,21.92,,22.99,42.57,33.42,6.51
44491,County_44491,Utah,Urban,73.78,26.22,30.62,26.53,46.56,41.24,5.93
37001,County_37001,Oregon,Rural,68.37,31.63,38.38,32.15,33.6,47.96,6.93
37393,County_37393,Oregon,Rural,90.19,9.81,11.75,10.46,55.47,22.28,5.01
48141,County_48141,West Virginia,Rural,62.68,37.32,45.56,37.66,31.67,47.35,5.15
43827,County_43827,Texas,Suburban/Small City,85.44,14.56,17.19,14.78,43.18,33.06,6.35
24291,County_24291,Mississippi,Urban,79.68,20.32,,20.3,38.35,29.28,6.14
27231,County_27231,Nebraska,Rural,80.09,19.91,23.34,20.97,43.25,,4.22
45153,County_45153,Vermont,Urban,91.61,8.39,11.19,8.78,49.46,17.87,7.76
2307,County_2307,Alaska,Urban,94.78,5.22,5.79,4.91,48.41,17.51,6.73
52097,County_52097,Other,Suburban/Small City,63.27,36.73,44.79,35.75,35.04,53.67,3.57
18945,County_18945,Louisiana,Rural,64.55,35.45,42.26,35.67,32.37,44.63,3.81
40675,County_40675,South Carolina,Urban,64.98,35.02,43.66,34.98,29.34,54.13,5.32
43483,County_43483,Texas,Urban,84.62,15.38,18.67,14.72,51.26,28.34,6.05
28725,County_28725,Nevada,Suburban/Small City,79.02,20.98,25.54,21.36,36.78,33.5,6.53
29629,County_29629,New Hampshire,Urban,75.44,24.56,28.37,,34.52,46.5,4.86
2529,County_2529,Alaska,Suburban/Small City,81.29,18.71,22.13,18.61,50.77,,7.54
37691,County_37691,Oregon,Rural,74.24,,30.52,26.01,41.6,39.57,7.12
25873,County_25873,Missouri,Rural,93.03,6.97,8.07,7.28,44.99,24.15,7.03
48115,County_48115,West Virginia,Suburban/Small City,73.78,26.22,31.23,26.18,27.86,46.28,6.38
14009,County_14009,Indiana,Urban,70.57,29.43,35.05,29.15,40.68,44.43,4.57
41223,County_41223,South Dakota,Rural,69.0,31.0,37.03,31.04,31.33,43.91,7.14
6441,County_6441,Colorado,Urban,69.48,30.52,36.84,31.71,26.25,40.52,5.32
44445,County_44445,Utah,Suburban/Small City,67.09,32.91,39.53,32.56,26.14,48.43,4.3
22541,County_22541,Michigan,Rural,87.7,12.3,15.39,12.2,52.79,27.91,4.91
1355,County_1355,Alabama,Rural,95.53,4.47,5.19,5.1,47.71,21.91,7.8
10857,County_10857,Georgia,Rural,81.32,18.68,22.14,19.43,33.51,32.61,7.59
44315,County_44315,Utah,Suburban/Small City,68.19,31.81,38.38,31.6,37.82,35.14,5.21
21063,County_21063,Massachusetts,Suburban/Small City,74.41,25.59,30.83,26.09,33.56,46.22,5.07
46521,County_46521,Virginia,Urban,72.13,27.87,33.2,27.79,33.58,39.86,5.53
5143,County_5143,California,Rural,80.64,19.36,22.8,19.52,37.81,42.19,6.21
32513,County_32513,New York,Suburban/Small City,92.55,7.45,8.7,7.45,54.48,22.58,5.49
23715,County_23715,Minnesota,Rural,85.18,14.82,16.95,16.02,48.15,29.52,7.73
45791,County_45791,Vermont,Urban,81.32,18.68,22.21,18.15,41.72,32.34,2.17
48809,County_48809,West Virginia,Urban,87.54,12.46,14.35,12.69,53.11,24.35,
20623,County_20623,Maryland,Rural,84.06,15.94,19.12,15.53,49.89,27.19,7.12
30621,County_30621,New Jersey,Suburban/Small City,78.81,21.19,25.55,21.41,41.63,31.0,5.52
41447,County_41447,South Dakota,Rural,78.07,21.93,27.24,22.33,38.43,39.14,6.62
4835,County_4835,Arkansas,Urban,87.17,12.83,15.09,12.4,53.82,19.81,6.19
5789,County_5789,California,Rural,82.58,17.42,21.3,17.25,34.15,28.43,5.69
50829,County_50829,Wyoming,Rural,93.33,6.67,8.35,6.26,44.53,27.87,8.28
18915,County_18915,Louisiana,Rural,92.78,7.22,8.71,7.49,54.57,22.29,6.49
9271,County_9271,Florida,Urban,90.25,9.75,11.75,10.41,53.52,19.0,5.15
53931,County_53931,Other,Rural,81.4,18.6,22.57,18.73,32.54,36.63,6.19
48049,County_48049,West Virginia,Urban,84.51,15.49,18.45,15.53,47.5,32.83,3.88
34477,County_34477,North Dakota,Urban,85.02,14.98,16.92,15.53,41.12,28.51,10.23
51067,County_51067,Other,Urban,79.89,20.11,24.41,20.52,40.68,32.72,
49703,County_49703,Wisconsin,Rural,60.94,39.06,47.21,38.96,31.7,46.26,5.27
56615,County_56615,Other,Rural,93.65,6.35,7.49,6.17,53.55,9.35,6.34
51593,County_51593,Other,Rural,76.7,23.3,27.62,23.04,32.68,41.59,5.72
52687,County_52687,Other,Suburban/Small City,84.04,15.96,18.94,17.25,45.62,22.08,5.93
8665,County_8665,Delaware,Rural,85.49,14.51,17.37,14.58,44.17,26.22,9.08
23013,County_23013,Minnesota,Suburban/Small City,86.95,13.05,15.82,12.94,52.18,27.0,5.03
2493,County_2493,Alaska,Urban,82.26,17.74,20.93,18.22,49.85,27.71,7.76
20155,County_20155,Maryland,Suburban/Small City,,35.61,42.81,35.43,33.11,47.73,1.99
50513,County_50513,Wyoming,Suburban/Small City,85.14,14.86,17.19,15.47,37.35,20.79,3.66
2985,County_2985,Alaska,Urban,88.06,11.94,14.33,12.75,49.4,20.06,7.65
56311,County_56311,Other,Urban,66.15,33.85,40.49,34.11,26.0,47.61,3.95
42541,County_42541,Tennessee,Suburban/Small City,86.97,13.03,15.43,13.17,47.02,26.09,4.72
42969,County_42969,Tennessee,Suburban/Small City,84.41,15.59,18.06,16.01,43.54,21.88,6.55
40427,County_40427,South Carolina,Rural,73.51,26.49,31.64,26.08,36.69,45.52,5.59
32135,County_32135,New York,Rural,80.48,19.52,22.7,19.48,47.49,31.16,5.48
32617,County_32617,New York,Rural,73.47,26.53,31.81,26.49,30.03,39.82,9.17
44655,County_44655,Utah,Rural,73.71,26.29,31.15,26.94,42.1,44.36,5.74
41961,County_41961,South Dakota,Rural,79.68,20.32,24.71,20.51,34.91,30.34,4.1
29093,County_29093,New Hampshire,Rural,90.26,9.74,11.52,9.44,51.4,23.6,4.43
56579,County_56579,Other,Rural,78.86,21.14,,21.67,35.53,34.29,5.63
25275,County_25275,Missouri,Suburban/Small City,81.78,18.22,22.16,18.61,45.73,28.47,7.62
8087,County_8087,Delaware,Urban,66.59,33.41,40.67,34.44,35.18,45.85,7.97
33637,County_33637,North Carolina,Rural,73.37,26.63,31.84,27.1,42.41,41.24,6.33
7407,County_7407,Connecticut,Urban,77.55,22.45,27.44,21.6,43.1,36.57,4.27
55573,County_55573,Other,Rural,78.17,21.83,25.94,22.88,41.79,38.32,3.58
21287,County_21287,Massachusetts,Urban,73.97,26.03,31.91,26.42,35.09,39.62,9.29
28643,County_28643,Nevada,Rural,78.95,21.05,25.51,21.6,38.27,43.82,5.55
3781,County_3781,Arizona,Suburban/Small City,81.46,18.54,21.71,18.18,44.09,23.97,5.11
12827,County_12827,Idaho,Rural,76.23,23.77,27.96,24.73,39.58,40.72,7.39
42807,County_42807,Tennessee,Rural,,24.5,29.28,25.04,32.49,38.56,5.78
10107,County_10107,Georgia,Suburban/Small City,85.38,14.62,17.48,14.25,48.91,30.67,4.59
46577,County_46577,Virginia,Rural,89.02,10.98,13.8,10.91,45.56,25.42,4.41
28755,County_28755,Nevada,Rural,82.29,17.71,22.16,17.24,34.77,32.22,6.38
15751,County_15751,Iowa,Suburban/Small City,74.34,25.66,31.48,25.44,35.77,42.09,5.27
53955,County_53955,Other,Urban,86.65,13.35,15.89,13.87,39.36,32.5,7.47
15169,County_15169,Iowa,Rural,87.61,12.39,14.78,12.86,37.59,25.05,8.69
9365,County_9365,Florida,Urban,89.2,10.8,13.14,11.21,52.3,25.63,
53919,County_53919,Other,Rural,81.04,18.96,23.08,18.49,36.38,37.69,3.03
44687,County_44687,Utah,Rural,80.75,19.25,24.0,20.17,43.23,32.96,6.54
37387,County_37387,Oregon,Rural,70.08,29.92,35.46,30.24,32.94,40.19,5.98
18409,County_18409,Louisiana,Rural,84.3,15.7,19.48,15.86,45.74,24.24,8.77
37725,County_37725,Oregon,Rural,81.66,18.34,21.98,18.38,43.31,33.09,7.19
34015,County_34015,North Dakota,Urban,80.91,,22.75,19.67,38.17,29.13,8.46
32221,County_32221,New York,Rural,76.57,23.43,28.59,24.57,29.39,43.9,7.58
2343,County_2343,Alaska,Rural,72.16,27.84,34.03,27.82,37.6,44.16,7.79
12589,County_12589,Idaho,Rural,71.08,28.92,34.86,,25.76,40.85,4.25
20871,County_20871,Maryland,Urban,81.51,18.49,22.33,17.95,40.61,35.71,5.6
13995,County_13995,Illinois,Suburban/Small City,76.86,23.14,28.08,23.5,36.27,28.18,5.78
34345,County_34345,North Dakota,Urban,67.45,32.55,39.31,32.71,25.62,49.82,4.16
30139,County_30139,New Jersey,Suburban/Small City,89.38,10.62,12.53,10.72,50.81,21.33,6.43
15863,County_15863,Iowa,Rural,88.4,11.6,13.54,12.02,46.55,22.83,5.8
20843,County_20843,Maryland,Suburban/Small City,87.13,12.87,15.64,13.5,49.14,,7.85
23373,County_23373,Minnesota,Rural,63.9,36.1,43.05,36.37,21.19,59.89,2.92
45259,County_45259,Vermont,Urban,79.67,20.33,24.46,21.13,40.02,33.4,5.93
52035,County_52035,Other,Urban,89.95,10.05,12.18,10.25,47.37,24.83,10.52
34601,County_34601,North Dakota,Rural,77.24,22.76,26.38,23.88,41.89,32.56,5.16
52265,County_52265,Other,Rural,73.98,26.02,31.42,26.89,28.93,43.33,
14211,County_14211,Indiana,Rural,72.96,27.04,32.91,27.32,40.96,37.6,6.88
13875,County_13875,Illinois,Rural,89.57,10.43,,10.31,51.88,24.12,6.7
42339,County_42339,Tennessee,Rural,73.14,26.86,31.73,26.75,27.83,35.24,7.22
22657,County_22657,Michigan,Rural,86.79,13.21,15.35,14.33,56.54,20.72,5.01
43211,County_43211,Texas,Rural,76.31,23.69,29.15,,33.52,34.69,6.27
34825,County_34825,North Dakota,Rural,86.01,13.99,16.07,13.63,42.48,15.67,6.39
39559,County_39559,Rhode Island,Rural,93.73,6.27,7.4,6.19,47.72,20.53,7.32
42879,County_42879,Tennessee,Urban,69.49,30.51,36.61,30.89,30.29,40.54,6.47
29653,County_29653,New Hampshire,Rural,76.13,23.87,28.45,24.07,38.45,41.12,5.93
49601,County_49601,Wisconsin,Rural,73.51,26.49,33.15,27.0,31.68,49.99,5.8
22033,County_22033,Michigan,Rural,93.81,6.19,7.6,6.49,67.02,18.46,5.71
12115,County_12115,Idaho,Urban,76.18,23.82,29.28,23.84,35.3,35.62,7.86
5005,County_5005,California,Rural,82.02,17.98,21.62,17.57,49.02,32.96,7.72
16799,County_16799,Kansas,Urban,89.62,10.38,12.25,10.32,50.78,22.64,6.65
45241,County_45241,Vermont,Suburban/Small City,83.32,16.68,19.48,,41.89,26.32,4.48
19175,County_19175,Maine,Rural,77.21,22.79,28.87,22.81,37.15,27.37,5.91
56519,County_56519,Other,Rural,72.22,27.78,33.44,28.89,33.37,31.41,6.03
2969,County_2969,Alaska,Rural,92.69,7.31,8.77,6.89,57.58,21.05,7.32
35049,County_35049,Ohio,Urban,88.45,11.55,14.3,12.38,41.67,20.55,8.16
2981,County_2981,Alaska,Urban,81.0,19.0,23.58,19.48,47.72,30.4,4.51
13383,County_13383,Illinois,Rural,69.94,30.06,34.77,30.32,43.31,41.62,5.94
41035,County_41035,South Dakota,Urban,76.34,23.66,27.88,24.26,31.88,38.03,4.37
43335,County_43335,Texas,Rural,72.13,27.87,33.47,26.96,39.51,49.37,6.09
55849,County_55849,Other,Rural,70.52,29.48,34.93,29.58,36.01,37.67,
20011,County_20011,Maryland,Rural,72.04,27.96,33.89,27.31,27.94,47.88,4.98
9443,County_9443,Florida,Urban,87.42,12.58,15.43,12.62,45.02,18.41,6.1
47895,County_47895,Washington,Suburban/Small City,,22.09,26.91,22.14,43.14,36.52,4.47
6647,County_6647,Colorado,Urban,80.27,19.73,23.55,19.3,39.96,35.53,5.58
55015,County_55015,Other,Rural,93.32,6.68,7.77,6.59,44.91,21.68,7.19
53839,County_53839,Other,Suburban/Small City,63.05,36.95,44.02,37.32,24.94,42.64,7.82
36705,County_36705,Oklahoma,Rural,66.77,33.23,40.47,33.05,35.36,47.69,5.48
40835,County_40835,South Carolina,Rural,86.77,13.23,16.09,12.92,46.62,27.65,7.82
17345,County_17345,Kentucky,Urban,71.92,28.08,33.47,28.44,32.02,49.83,6.05
56517,County_56517,Other,Urban,71.23,28.77,35.94,28.6,31.81,34.3,
21769,County_21769,Massachusetts,Rural,76.95,,27.56,23.14,30.06,34.12,5.94
6503,County_6503,Colorado,Urban,72.41,27.59,32.9,,37.82,44.28,5.85
35905,County_35905,Ohio,Urban,76.24,23.76,29.16,24.15,34.9,38.3,8.95
42451,County_42451,Tennessee,Rural,85.01,14.99,17.74,15.09,50.14,32.4,3.76
17811,County_17811,Kentucky,Urban,67.38,32.62,39.16,33.43,30.61,46.57,4.43
20037,County_20037,Maryland,Rural,75.32,,29.06,25.14,36.51,32.23,9.02
44357,County_44357,Utah,Urban,71.53,28.47,34.82,28.62,29.27,45.4,4.39
21487,County_21487,Massachusetts,Rural,76.93,23.07,27.21,23.42,40.15,,6.73
51481,County_51481,Other,Urban,91.03,8.97,10.48,9.78,50.4,27.52,3.77
49717,County_49717,Wisconsin,Suburban/Small City,85.93,14.07,16.13,13.7,37.43,26.05,5.41
18955,County_18955,Louisiana,Rural,73.85,26.15,31.5,25.98,22.68,41.7,4.54
35615,County_35615,Ohio,Rural,72.5,27.5,33.49,27.84,42.68,45.72,5.37
33133,County_33133,North Carolina,Rural,68.45,31.55,38.17,32.5,29.25,43.94,5.83
21909,County_21909,Massachusetts,Rural,79.31,20.69,25.38,21.76,38.15,35.84,3.91
33983,County_33983,North Carolina,Rural,65.98,34.02,40.08,33.74,27.92,52.31,5.15
23299,County_23299,Minnesota,Rural,87.68,12.32,14.58,12.09,47.84,16.25,2.57
13729,County_13729,Illinois,Rural,92.55,7.45,9.48,8.03,47.15,14.42,3.48
34733,County_34733,North Dakota,Urban,68.15,31.85,37.83,31.34,31.68,38.11,9.29
33221,County_33221,North Carolina,Urban,80.84,19.16,,19.52,47.81,35.47,6.34
13183,County_13183,Illinois,Urban,,33.07,38.99,32.94,,50.6,5.64
51327,County_51327,Other,Rural,84.55,15.45,18.56,15.18,31.69,26.96,
46525,County_46525,Virginia,Urban,94.22,5.78,6.87,6.03,52.58,19.35,6.81
36235,County_36235,Oklahoma,Urban,70.21,29.79,35.62,30.47,30.08,43.57,5.92
16427,County_16427,Kansas,Urban,88.72,11.28,14.12,10.87,49.79,20.73,6.61
45731,County_45731,Vermont,Rural,81.41,18.59,23.0,19.0,46.5,33.22,5.21
13877,County_13877,Illinois,Rural,67.49,32.51,39.44,32.8,33.16,48.13,5.91
8527,County_8527,Delaware,Urban,86.11,13.89,16.78,13.7,35.77,18.95,8.69
36213,County_36213,Oklahoma,Rural,77.23,22.77,27.6,22.75,47.49,32.93,8.09
41851,County_41851,South Dakota,Suburban/Small City,80.05,19.95,24.91,20.25,43.41,26.4,7.22
4621,County_4621,Arkansas,Urban,74.59,,30.3,25.81,26.95,46.52,2.9
6867,County_6867,Colorado,Urban,87.46,12.54,15.58,12.46,48.5,20.01,7.4
9961,County_9961,Florida,Rural,69.73,30.27,36.44,30.81,37.89,,6.57
9359,County_9359,Florida,Urban,68.88,31.12,38.14,30.52,19.96,45.59,3.61
45087,County_45087,Vermont,Rural,75.66,24.34,29.12,24.16,30.39,39.55,6.36
4343,County_4343,Arkansas,Suburban/Small City,72.57,27.43,33.53,27.97,38.8,33.71,5.57
7673,County_7673,Connecticut,Rural,85.46,14.54,17.77,14.31,44.83,30.21,6.29
17931,County_17931,Kentucky,Urban,79.39,20.61,25.4,21.34,39.05,34.2,4.67
27923,County_27923,Nebraska,Rural,70.16,29.84,34.96,29.75,30.88,45.51,4.39
9795,County_9795,Florida,Suburban/Small City,85.77,14.23,17.35,15.26,44.76,28.37,6.49
34541,County_34541,North Dakota,Urban,84.7,15.3,18.41,15.84,40.55,20.56,6.83
43663,County_43663,Texas,Urban,78.78,21.22,24.87,21.97,42.08,31.79,4.68
48355,County_48355,West Virginia,Urban,75.34,24.66,29.91,24.77,30.22,35.6,5.94
50835,County_50835,Wyoming,Rural,79.06,20.94,24.01,21.3,42.61,37.73,5.36
54255,County_54255,Other,Rural,88.41,11.59,14.57,12.15,51.33,22.85,5.49
1829,County_1829,Alabama,Urban,84.86,15.14,18.42,14.93,51.99,26.06,8.57
48707,County_48707,West Virginia,Rural,74.61,25.39,30.77,26.04,42.01,,5.93
8429,County_8429,Delaware,Urban,75.54,24.46,29.15,24.91,30.67,34.2,
37523,County_37523,Oregon,Urban,89.44,10.56,12.62,11.94,47.36,18.69,7.06
25891,County_25891,Missouri,Rural,69.95,,35.63,30.42,38.78,41.51,6.17
21989,County_21989,Massachusetts,Urban,85.08,14.92,18.38,14.88,49.98,,6.04
37677,County_37677,Oregon,Urban,73.72,,30.77,26.86,29.71,35.42,4.19
27923,County_27923,Nebraska,Urban,78.21,21.79,26.4,20.95,43.42,31.46,8.27
7797,County_7797,Connecticut,Urban,73.72,26.28,32.32,26.41,35.83,42.07,8.03
28703,County_28703,Nevada,Urban,71.18,28.82,34.45,28.89,29.08,45.75,6.66
30241,County_30241,New Jersey,Urban,62.38,37.62,45.5,37.97,,48.78,5.74
12351,County_12351,Idaho,Rural,81.02,18.98,22.09,19.28,34.42,34.5,6.05
28063,County_28063,Nevada,Rural,71.61,28.39,34.08,28.71,28.49,44.42,
31359,County_31359,New Mexico,Rural,88.04,11.96,14.16,11.54,42.99,12.54,5.28
44469,County_44469,Utah,Rural,74.11,25.89,31.18,26.19,32.3,35.1,6.13
35273,County_35273,Ohio,Rural,71.88,28.12,34.06,29.13,35.29,44.03,8.42
18861,County_18861,Louisiana,Rural,74.21,25.79,31.27,26.48,32.85,34.96,4.04
20391,County_20391,Maryland,Rural,89.73,10.27,11.75,10.91,43.56,22.93,4.0
23289,County_23289,Minnesota,Rural,84.84,15.16,18.12,14.22,42.69,26.72,5.01
17899,County_17899,Kentucky,Rural,66.25,33.75,42.03,33.27,38.55,40.22,7.27
27085,County_27085,Nebraska,Urban,81.16,18.84,23.02,19.59,43.49,31.16,4.79
2601,County_2601,Alaska,Urban,66.14,33.86,40.6,34.25,37.48,47.23,7.59
16097,County_16097,Kansas,Rural,78.03,21.97,26.92,21.05,39.84,34.46,6.01
15431,County_15431,Iowa,Urban,74.86,25.14,29.88,25.67,36.85,41.73,6.24
36719,County_36719,Oklahoma,Rural,83.49,16.51,19.42,16.74,47.11,30.31,
33991,County_33991,North Carolina,Rural,74.41,25.59,30.22,25.67,35.92,34.31,6.63
46131,County_46131,Virginia,Rural,82.01,17.99,21.85,19.14,42.28,20.48,5.11
50841,County_50841,Wyoming,Rural,76.28,23.72,29.63,23.65,37.04,36.72,6.29
37851,County_37851,Oregon,Rural,71.49,28.51,34.42,29.32,30.26,39.13,3.49
44597,County_44597,Utah,Suburban/Small City,81.68,18.32,22.32,18.57,39.83,34.37,5.46
1559,County_1559,Alabama,Suburban/Small City,81.47,18.53,21.21,18.81,31.05,30.98,8.59
13939,County_13939,Illinois,Rural,81.43,18.57,22.78,18.2,50.06,26.57,5.91
12151,County_12151,Idaho,Rural,89.47,10.53,12.08,10.65,48.63,18.24,6.11
4627,County_4627,Arkansas,Rural,68.83,31.17,37.61,32.11,35.18,41.96,7.1
12503,County_12503,Idaho,Rural,67.22,32.78,38.3,33.35,27.42,42.68,5.87
21395,County_21395,Massachusetts,Urban,84.29,15.71,18.89,16.09,46.08,22.19,8.98
50427,County_50427,Wyoming,Urban,88.26,11.74,14.2,11.51,44.37,31.34,5.36
33667,County_33667,North Carolina,Rural,80.0,20.0,23.71,21.46,46.89,32.56,
27279,County_27279,Nebraska,Rural,,8.71,10.71,8.7,48.38,17.78,7.47
4141,County_4141,Arkansas,Urban,65.96,34.04,,34.03,24.47,44.08,6.61
21913,County_21913,Massachusetts,Urban,81.29,18.71,22.7,18.75,44.28,35.87,6.64
50549,County_50549,Wyoming,Urban,79.87,20.13,24.09,20.62,39.17,34.73,8.52
25429,County_25429,Missouri,Urban,69.28,30.72,36.35,30.58,,46.22,4.27
40925,County_40925,South Carolina,Rural,75.16,24.84,30.3,24.3,38.86,42.32,5.11
22517,County_22517,Michigan,Rural,72.08,27.92,33.95,27.2,37.78,46.41,8.13
54293,County_54293,Other,Rural,75.13,24.87,29.92,25.77,35.09,,4.23
11151,County_11151,Hawaii,Rural,72.82,27.18,33.11,27.71,41.52,39.79,4.99
15313,County_15313,Iowa,Suburban/Small City,82.32,17.68,21.1,17.77,37.18,38.47,
46263,County_46263,Virginia,Suburban/Small City,88.1,11.9,14.91,12.21,53.03,31.22,5.94
27259,County_27259,Nebraska,Rural,70.92,29.08,35.36,28.46,32.04,45.14,2.87
45623,County_45623,Vermont,Rural,82.41,17.59,20.28,18.98,40.7,27.26,8.11
36525,County_36525,Oklahoma,Rural,75.83,24.17,28.21,24.04,36.51,27.26,
54379,County_54379,Other,Rural,93.27,6.73,7.72,6.47,,12.9,4.52
52271,County_52271,Other,Rural,86.89,,15.76,13.0,46.44,21.81,4.87
46719,County_46719,Virginia,Rural,89.64,10.36,12.63,10.87,48.9,21.43,4.05
53663,County_53663,Other,Urban,64.51,35.49,42.31,35.46,27.55,49.9,5.98
26365,County_26365,Montana,Urban,88.33,11.67,13.93,12.54,59.91,27.9,5.89
18687,County_18687,Louisiana,Suburban/Small City,88.42,,14.24,12.46,40.8,26.43,7.13
38385,County_38385,Pennsylvania,Urban,81.45,18.55,22.39,17.35,45.98,27.25,5.4
17631,County_17631,Kentucky,Urban,84.08,15.92,18.47,15.7,,19.38,4.81
38271,County_38271,Pennsylvania,Rural,82.26,17.74,21.44,18.92,40.75,29.64,6.58
4263,County_4263,Arkansas,Urban,91.12,8.88,10.59,8.67,48.34,13.5,3.63
31201,County_31201,New Mexico,Urban,86.54,13.46,16.37,13.3,43.26,18.26,5.4
1131,County_1131,Alabama,Rural,72.25,27.75,33.18,27.86,31.34,40.58,6.07
9741,County_9741,Florida,Urban,80.37,19.63,,20.09,41.62,28.37,9.2
46917,County_46917,Virginia,Urban,66.58,33.42,40.39,33.5,33.23,40.58,4.74
54951,County_54951,Other,Urban,95.0,5.0,5.98,5.26,43.96,20.25,8.21
9773,County_9773,Florida,Urban,68.64,31.36,37.61,,29.99,48.96,6.88
34393,County_34393,North Dakota,Rural,87.55,12.45,14.7,12.64,46.96,16.48,5.97
8639,County_8639,Delaware,Suburban/Small City,59.48,40.52,48.68,40.49,28.96,51.87,5.58
23597,County_23597,Minnesota,Urban,72.11,27.89,33.97,29.1,32.51,41.12,7.31
33149,County_33149,North Carolina,Urban,79.98,20.02,24.67,20.48,42.55,26.66,6.55
12171,County_12171,Idaho,Rural,70.33,29.67,,30.52,35.19,45.01,5.97
14161,County_14161,Indiana,Urban,88.1,11.9,14.02,12.01,58.58,17.24,5.4
45379,County_45379,Vermont,Rural,82.98,17.02,20.69,17.4,45.03,22.9,5.26
40759,County_40759,South Carolina,Rural,62.57,37.43,44.27,37.54,,43.99,7.18
47601,County_47601,Washington,Rural,88.36,11.64,13.71,12.18,54.31,21.66,5.97
22139,County_22139,Michigan,Urban,77.41,22.59,26.86,22.6,35.17,29.99,8.26
7993,County_7993,Connecticut,Suburban/Small City,79.07,20.93,25.6,21.81,47.81,33.76,7.45
18997,County_18997,Louisiana,Urban,83.7,16.3,19.14,16.64,50.04,26.84,5.74
3205,County_3205,Arizona,Rural,75.07,24.93,29.33,25.78,43.19,37.28,5.92
11901,County_11901,Hawaii,Rural,79.87,,24.22,19.75,45.49,34.66,3.64
38095,County_38095,Pennsylvania,Rural,74.47,25.53,30.81,26.47,38.43,30.64,5.23
47729,County_47729,Washington,Urban,65.24,34.76,41.51,34.52,26.52,47.31,3.28
22347,County_22347,Michigan,Rural,84.31,15.69,18.39,16.37,47.4,25.16,6.79
18269,County_18269,Louisiana,Rural,75.57,24.43,29.31,25.34,41.31,33.35,5.48
56571,County_56571,Other,Suburban/Small City,71.29,28.71,35.07,27.88,34.2,41.53,5.67
38471,County_38471,Pennsylvania,Urban,86.51,13.49,15.63,13.28,50.39,22.21,9.64
35685,County_35685,Ohio,Urban,76.53,23.47,28.94,23.9,34.7,41.77,6.12
41619,County_41619,South Dakota,Suburban/Small City,78.91,,25.44,20.93,46.05,37.72,5.4
51701,County_51701,Other,Suburban/Small City,86.97,13.03,15.61,13.86,57.62,,6.32
49571,County_49571,Wisconsin,Rural,84.12,15.88,19.01,16.71,50.83,22.72,2.66
6531,County_6531,Colorado,Urban,74.43,25.57,30.37,26.21,43.51,36.06,4.75
1561,County_1561,Alabama,Urban,78.27,21.73,25.89,22.16,39.26,35.82,5.26
49089,County_49089,Wisconsin,Rural,87.09,12.91,14.62,13.06,54.74,25.33,6.4
15269,County_15269,Iowa,Urban,86.78,13.22,16.17,12.71,49.05,26.79,5.01
49493,County_49493,Wisconsin,Urban,74.13,25.87,31.49,25.94,41.66,35.87,6.87
8873,County_8873,Delaware,Rural,69.38,30.62,36.7,31.09,34.48,41.86,5.02
29907,County_29907,New Hampshire,Urban,85.79,14.21,16.82,14.52,45.14,28.09,7.27
29531,County_29531,New Hampshire,Urban,72.47,27.53,33.56,27.84,25.66,33.94,4.92
18877,County_18877,Louisiana,Rural,70.95,29.05,34.51,29.83,31.17,48.55,6.89
33499,County_33499,North Carolina,Urban,80.8,19.2,22.91,19.95,46.93,28.78,6.91
46953,County_46953,Virginia,Suburban/Small City,88.1,11.9,14.18,12.66,43.47,25.57,7.95
9011,County_9011,Florida,Urban,81.92,18.08,22.17,19.09,35.68,28.36,7.69
56781,County_56781,Other,Suburban/Small City,77.12,22.88,27.29,23.37,41.53,31.51,8.85
55825,County_55825,Other,Rural,82.27,17.73,21.74,17.4,43.91,25.99,8.57
20615,County_20615,Maryland,Rural,73.19,26.81,31.75,,31.09,,6.24
2551,County_2551,Alaska,Rural,79.65,20.35,23.94,20.66,41.48,32.21,5.97
29929,County_29929,New Hampshire,Rural,64.89,35.11,41.83,36.12,31.37,46.27,3.81
56995,County_56995,Other,Urban,85.5,14.5,17.57,14.1,44.32,22.88,6.46
50217,County_50217,Wyoming,Rural,73.98,26.02,30.85,25.91,21.31,35.4,4.89
2049,County_2049,Alaska,Urban,82.03,17.97,21.79,18.26,46.89,31.95,6.45
13967,County_13967,Illinois,Suburban/Small City,85.68,14.32,17.9,14.91,47.29,27.22,6.94
6541,County_6541,Colorado,Rural,73.83,26.17,32.04,26.31,39.25,41.89,6.06
23835,County_23835,Minnesota,Urban,69.71,30.29,35.53,30.27,27.41,39.8,5.52
55285,County_55285,Other,Rural,69.03,30.97,37.53,31.46,35.35,44.66,6.46
34827,County_34827,North Dakota,Urban,67.9,32.1,37.6,31.2,39.24,,6.12
10707,County_10707,Georgia,Urban,73.13,26.87,32.1,25.73,36.98,41.11,3.72
17169,County_17169,Kentucky,Suburban/Small City,76.25,23.75,28.5,24.32,38.36,36.06,6.68
52865,County_52865,Other,Urban,83.28,16.72,19.91,16.4,44.12,28.47,3.78
39351,County_39351,Rhode Island,Rural,75.51,24.49,30.22,24.89,31.95,38.48,6.01
18303,County_18303,Louisiana,Rural,89.27,10.73,12.97,11.9,44.34,18.18,7.24
17295,County_17295,Kentucky,Rural,77.55,22.45,28.11,22.77,34.98,35.1,6.47
10093,County_10093,Georgia,Suburban/Small City,87.8,12.2,14.57,11.78,45.54,31.64,6.7
56065,County_56065,Other,Rural,70.45,29.55,35.14,29.97,33.46,40.18,6.07
38423,County_38423,Pennsylvania,Urban,66.72,33.28,40.23,34.08,33.17,,3.47
24583,County_24583,Mississippi,Rural,,11.92,13.64,11.98,54.92,20.43,9.58
2943,County_2943,Alaska,Rural,77.57,22.43,26.89,22.6,36.51,38.2,7.11
45781,County_45781,Vermont,Rural,80.09,19.91,23.0,19.09,34.9,27.88,6.82
46647,County_46647,Virginia,Urban,80.01,19.99,23.96,19.95,37.61,36.01,3.44
6839,County_6839,Colorado,Rural,96.93,3.07,3.63,3.53,57.76,24.32,6.37
33359,County_33359,North Carolina,Rural,87.82,12.18,14.88,12.98,43.96,26.4,5.28
28353,County_28353,Nevada,Rural,90.02,9.98,11.61,10.06,51.52,14.88,7.77
49025,County_49025,Wisconsin,Rural,71.61,28.39,34.05,28.78,32.3,43.5,5.51
42555,County_42555,Tennessee,Suburban/Small City,85.2,14.8,18.0,15.34,41.85,28.82,6.7
11317,County_11317,Hawaii,Rural,69.35,30.65,36.5,31.39,38.27,43.84,3.92
43205,County_43205,Texas,Rural,72.13,27.87,,27.76,36.52,44.36,7.12
35537,County_35537,Ohio,Urban,79.78,20.22,23.43,20.1,51.28,36.33,4.37
41551,County_41551,South Dakota,Rural,84.4,15.6,18.74,15.93,45.33,38.84,3.49
12651,County_12651,Idaho,Rural,95.09,4.91,5.79,4.5,,24.12,3.99
44365,County_44365,Utah,Rural,73.06,26.94,32.57,27.46,36.32,36.34,6.97
11667,County_11667,Hawaii,Rural,81.33,18.67,22.23,18.6,44.09,28.52,5.88
56307,County_56307,Other,Suburban/Small City,77.74,22.26,27.1,22.47,31.4,31.6,6.42
30635,County_30635,New Jersey,Rural,89.7,10.3,12.76,9.8,51.02,26.81,6.69
24449,County_24449,Mississippi,Urban,74.76,25.24,31.34,25.65,35.11,38.97,5.46
40255,County_40255,South Carolina,Urban,77.29,22.71,28.47,22.96,35.62,34.14,8.62
10859,County_10859,Georgia,Urban,68.95,31.05,37.08,31.44,38.78,33.64,6.4
19317,County_19317,Maine,Urban,60.37,39.63,47.65,40.31,22.14,54.48,7.32
15237,County_15237,Iowa,Urban,73.78,26.22,32.35,26.87,23.39,39.78,6.83
8505,County_8505,Delaware,Rural,88.39,11.61,14.0,12.11,44.59,16.38,6.51
52177,County_52177,Other,Urban,69.98,30.02,36.83,,31.77,43.45,8.56
10423,County_10423,Georgia,Urban,69.98,30.02,35.66,30.29,29.89,45.73,4.27
22967,County_22967,Michigan,Rural,78.6,21.4,25.05,22.24,47.19,29.49,7.95
45125,County_45125,Vermont,Rural,74.35,25.65,31.07,26.72,38.43,38.82,5.81
1783,County_1783,Alabama,Urban,76.1,23.9,28.63,24.24,44.19,35.2,7.9
53437,County_53437,Other,Suburban/Small City,86.22,13.78,17.2,14.01,,23.82,6.84
33677,County_33677,North Carolina,Rural,66.27,33.73,40.16,34.58,,50.55,6.66
54303,County_54303,Other,Suburban/Small City,86.99,13.01,,13.66,49.08,18.19,7.69
42309,County_42309,Tennessee,Suburban/Small City,67.89,32.11,39.38,32.4,35.75,40.46,7.26
32475,County_32475,New York,Urban,82.77,17.23,20.22,17.24,46.23,31.7,5.89
33347,County_33347,North Carolina,Urban,66.32,33.68,40.06,33.86,29.85,41.39,5.21
38153,County_38153,Pennsylvania,Rural,85.72,14.28,16.44,15.25,,33.05,5.19
45423,County_45423,Vermont,Rural,76.15,23.85,29.24,24.15,32.23,,5.09
20853,County_20853,Maryland,Rural,76.92,23.08,27.3,23.84,41.94,30.5,
39991,County_39991,Rhode Island,Rural,68.86,31.14,37.33,31.57,30.96,44.81,3.37
26867,County_26867,Montana,Suburban/Small City,75.94,24.06,29.46,24.17,33.67,33.25,6.75
23037,County_23037,Minnesota,Urban,69.61,30.39,36.5,31.07,32.33,43.06,7.74
41955,County_41955,South Dakota,Rural,80.5,19.5,22.85,19.87,34.86,43.41,7.67
15547,County_15547,Iowa,Urban,74.24,25.76,31.97,25.87,40.5,30.43,5.65
48663,County_48663,West Virginia,Rural,88.17,11.83,13.65,12.87,45.21,18.64,5.41
7699,County_7699,Connecticut,Rural,67.27,32.73,38.79,32.64,25.74,42.07,4.24
35047,County_35047,Ohio,Rural,70.28,,35.91,30.28,35.28,41.78,6.4
53167,County_53167,Other,Urban,,39.38,47.13,40.66,22.96,54.3,5.49
24501,County_24501,Mississippi,Rural,74.86,25.14,30.12,25.55,30.34,43.17,
16445,County_16445,Kansas,Urban,77.98,22.02,26.58,20.97,46.25,30.31,5.7
17235,County_17235,Kentucky,Urban,71.22,28.78,34.02,29.58,39.71,43.03,5.59
26127,County_26127,Montana,Urban,75.14,24.86,30.21,25.65,35.03,44.76,10.47
32745,County_32745,New York,Rural,71.95,28.05,33.1,27.43,37.05,35.3,4.92
50803,County_50803,Wyoming,Urban,73.03,26.97,32.56,27.3,40.28,47.15,6.12
27155,County_27155,Nebraska,Urban,70.19,29.81,36.4,30.87,30.4,51.87,5.26
32067,County_32067,New York,Urban,80.17,19.83,23.68,19.85,42.7,32.89,8.42
27651,County_27651,Nebraska,Rural,74.28,25.72,31.33,25.87,31.7,46.28,7.19
13815,County_13815,Illinois,Suburban/Small City,94.09,5.91,7.1,5.57,47.72,14.44,7.92
35163,County_35163,Ohio,Suburban/Small City,86.6,13.4,16.02,13.52,46.24,29.27,4.5
38629,County_38629,Pennsylvania,Rural,87.65,12.35,14.63,12.59,53.7,15.59,4.86
28299,County_28299,Nevada,Urban,69.59,30.41,37.54,30.29,28.86,48.84,8.37
40329,County_40329,South Carolina,Suburban/Small City,77.37,22.63,27.22,23.24,35.77,30.5,5.78
43701,County_43701,Texas,Urban,83.48,16.52,18.67,17.6,53.66,30.76,3.38
36125,County_36125,Oklahoma,Rural,70.4,29.6,36.0,29.8,45.42,41.75,6.32
22019,County_22019,Michigan,Rural,87.34,12.66,15.0,12.32,44.02,29.69,4.83
48577,County_48577,West Virginia,Rural,84.89,15.11,18.15,15.37,49.73,27.29,5.98
5617,County_5617,California,Rural,84.02,15.98,18.66,16.01,33.05,29.17,7.31
38271,County_38271,Pennsylvania,Rural,75.42,24.58,28.73,24.53,,37.81,2.36
31881,County_31881,New Mexico,Urban,86.6,13.4,16.7,13.73,52.1,24.61,7.27
18631,County_18631,Louisiana,Urban,81.69,18.31,21.64,19.29,44.11,27.76,4.89
14543,County_14543,Indiana,Rural,88.61,11.39,13.63,,46.62,24.9,3.05
8915,County_8915,Delaware,Urban,92.15,7.85,9.71,8.38,48.3,16.69,7.53
51941,County_51941,Other,Urban,84.39,15.61,18.17,15.56,43.2,32.73,3.57
48691,County_48691,West Virginia,Rural,75.78,24.22,28.28,24.35,44.17,35.86,5.63
14385,County_14385,Indiana,Suburban/Small City,70.08,29.92,36.23,31.32,27.07,44.12,3.96
54871,County_54871,Other,Urban,86.07,13.93,16.65,13.86,44.45,16.46,4.94
39763,County_39763,Rhode Island,Urban,86.16,13.84,16.86,13.17,53.14,18.4,4.04
40371,County_40371,South Carolina,Rural,84.35,15.65,18.14,15.29,46.12,30.45,7.85
42949,County_42949,Tennessee,Urban,85.32,14.68,17.46,14.76,32.17,32.68,3.9
29891,County_29891,New Hampshire,Urban,87.16,12.84,14.74,13.77,51.95,,7.51
16039,County_16039,Kansas,Rural,81.12,18.88,22.09,19.39,49.16,29.23,6.4
3487,County_3487,Arizona,Rural,69.66,30.34,36.39,30.39,31.26,47.78,6.54
2029,County_2029,Alaska,Urban,80.07,19.93,24.57,20.06,41.35,30.32,7.46
35267,County_35267,Ohio,Rural,80.24,19.76,23.58,19.9,47.9,34.47,6.66
29041,County_29041,New Hampshire,Rural,85.27,14.73,18.14,14.34,47.98,28.75,5.12
28715,County_28715,Nevada,Rural,87.63,12.37,15.04,12.0,54.74,24.82,6.17
22767,County_22767,Michigan,Rural,81.26,18.74,21.75,19.4,35.51,42.17,6.63
39533,County_39533,Rhode Island,Urban,80.22,19.78,23.44,20.34,37.65,30.01,5.49
31395,County_31395,New Mexico,Rural,70.86,29.14,35.19,28.82,37.13,35.07,5.05
28973,County_28973,Nevada,Suburban/Small City,78.82,21.18,25.52,21.62,44.26,21.81,
55255,County_55255,Other,Urban,76.85,23.15,28.11,23.52,33.64,43.48,4.69
34915,County_34915,North Dakota,Rural,85.76,14.24,17.15,14.76,34.83,30.12,7.4
13557,County_13557,Illinois,Urban,85.69,14.31,17.23,14.48,42.7,20.89,7.11
41843,County_41843,South Dakota,Urban,90.67,9.33,11.41,9.73,56.15,26.4,7.38
45923,County_45923,Vermont,Urban,70.63,29.37,35.86,29.29,32.68,49.16,7.09
9143,County_9143,Florida,Suburban/Small City,79.67,20.33,23.75,20.54,46.74,33.75,9.59
10457,County_10457,Georgia,Rural,83.85,16.15,19.03,16.17,44.71,32.44,5.36
46513,County_46513,Virginia,Urban,71.7,28.3,33.77,28.62,,41.31,4.63
36771,County_36771,Oklahoma,Rural,89.22,10.78,13.07,11.02,43.16,16.89,6.31
27855,County_27855,Nebraska,Urban,78.08,21.92,26.33,22.1,39.06,35.49,6.71
39621,County_39621,Rhode Island,Urban,65.04,34.96,42.62,34.36,31.36,54.7,5.09
27479,County_27479,Nebraska,Suburban/Small City,77.45,22.55,27.39,23.4,42.37,31.71,3.84
33447,County_33447,North Carolina,Urban,89.16,,13.7,11.13,44.49,15.53,7.73
34237,County_34237,North Dakota,Rural,69.32,30.68,36.05,30.5,29.51,44.01,5.97
31989,County_31989,New Mexico,Rural,78.82,21.18,25.36,21.4,36.95,,7.12
11105,County_11105,Hawaii,Rural,65.61,34.39,41.65,34.85,35.45,41.27,6.96
33497,County_33497,North Carolina,Rural,,24.44,29.09,24.58,31.84,40.01,4.04
40275,County_40275,South Carolina,Rural,64.76,35.24,42.58,34.71,22.1,50.22,3.91
47919,County_47919,Washington,Suburban/Small City,70.45,29.55,34.82,30.93,34.07,47.41,6.11
43711,County_43711,Texas,Suburban/Small City,73.6,26.4,31.45,27.22,25.77,42.28,6.34
3577,County_3577,Arizona,Rural,68.51,31.49,37.22,31.61,29.92,54.34,7.16
24971,County_24971,Mississippi,Rural,84.02,15.98,18.64,16.49,,20.04,6.43
40065,County_40065,South Carolina,Urban,76.11,23.89,,24.01,31.84,40.57,4.97
18239,County_18239,Louisiana,Rural,86.86,13.14,16.51,12.83,49.35,17.46,6.06
29107,County_29107,New Hampshire,Urban,66.35,33.65,40.12,34.34,24.4,47.45,5.36
27159,County_27159,Nebraska,Urban,94.12,5.88,7.17,5.77,59.56,13.41,6.82
24789,County_24789,Mississippi,Rural,76.42,23.58,28.37,22.74,42.35,28.36,2.84
5263,County_5263,California,Rural,72.83,27.17,32.29,27.71,33.02,46.3,
15039,County_15039,Iowa,Rural,66.13,33.87,40.2,34.33,28.64,43.12,4.03
3057,County_3057,Arizona,Rural,92.31,7.69,9.18,7.81,54.56,21.47,7.29
33405,County_33405,North Carolina,Rural,74.89,25.11,30.72,25.79,42.15,45.67,4.67
45341,County_45341,Vermont,Urban,85.04,14.96,18.33,15.03,44.17,33.68,2.51
51799,County_51799,Other,Urban,80.28,19.72,23.75,19.63,43.74,21.1,5.2
52863,County_52863,Other,Urban,84.87,15.13,18.14,16.11,46.26,27.34,4.2
12887,County_12887,Idaho,Suburban/Small City,85.38,14.62,16.89,14.78,49.12,22.93,5.86
9197,County_9197,Florida,Rural,73.32,26.68,31.94,26.71,35.72,36.54,6.35
18243,County_18243,Louisiana,Rural,79.46,20.54,25.01,20.26,39.15,29.91,4.87
36461,County_36461,Oklahoma,Rural,89.06,10.94,12.95,12.13,39.4,24.95,7.15
2793,County_2793,Alaska,Rural,84.45,15.55,19.2,15.67,39.06,34.53,6.65
6177,County_6177,Colorado,Urban,80.62,19.38,23.4,19.56,43.24,36.61,7.33
48373,County_48373,West Virginia,Urban,,30.93,36.8,30.6,27.98,47.87,2.78
33817,County_33817,North Carolina,Urban,84.39,15.61,18.7,16.21,45.74,24.3,7.07
4411,County_4411,Arkansas,Rural,79.46,20.54,24.22,20.95,41.45,36.93,2.68
40505,County_40505,South Carolina,Urban,73.72,26.28,31.47,26.56,36.97,37.06,5.77
21583,County_21583,Massachusetts,Urban,,14.86,17.56,15.31,44.95,18.81,6.3
17549,County_17549,Kentucky,Rural,84.77,15.23,17.89,14.63,48.16,24.07,4.17
1343,County_1343,Alabama,Rural,90.38,9.62,12.2,9.85,64.83,23.92,8.53
33681,County_33681,North Carolina,Urban,79.62,20.38,24.85,20.07,39.13,38.72,4.6
22147,County_22147,Michigan,Rural,90.25,9.75,,9.34,59.78,17.82,4.75
38871,County_38871,Pennsylvania,Urban,80.6,19.4,22.62,19.9,41.48,32.86,5.74
22577,County_22577,Michigan,Rural,81.18,18.82,22.27,18.82,54.34,32.55,6.03
17503,County_17503,Kentucky,Rural,77.4,22.6,27.59,22.98,37.0,31.31,5.85
19283,County_19283,Maine,Suburban/Small City,75.05,24.95,31.0,25.39,38.8,35.37,6.46
45415,County_45415,Vermont,Rural,80.9,19.1,22.77,18.89,50.94,33.41,6.38
18589,County_18589,Louisiana,Suburban/Small City,72.11,27.89,33.24,27.57,35.56,45.84,5.14
40107,County_40107,South Carolina,Rural,90.73,9.27,11.56,9.21,46.68,13.3,2.85
21561,County_21561,Massachusetts,Urban,91.92,8.08,9.64,8.59,64.0,19.81,5.99
49213,County_49213,Wisconsin,Rural,75.58,24.42,29.1,23.55,43.0,35.99,5.24
31087,County_31087,New Mexico,Rural,82.06,17.94,21.73,18.46,39.8,30.62,7.2
22311,County_22311,Michigan,Rural,78.55,21.45,24.76,21.68,42.6,37.83,4.89
19215,County_19215,Maine,Urban,72.66,27.34,32.07,27.83,29.49,33.16,6.44
28095,County_28095,Nevada,Rural,82.85,17.15,20.91,17.48,41.18,22.32,6.95
12853,County_12853,Idaho,Rural,84.14,15.86,19.88,16.12,49.06,24.82,6.23
18867,County_18867,Louisiana,Rural,85.68,14.32,16.58,14.86,44.1,30.39,6.16
26747,County_26747,Montana,Urban,64.89,35.11,41.45,36.43,37.62,45.93,4.82
29005,County_29005,New Hampshire,Rural,67.56,32.44,40.55,32.3,32.47,,4.55
3053,County_3053,Arizona,Rural,83.54,16.46,18.32,16.91,40.97,31.76,4.85
34185,County_34185,North Dakota,Rural,74.71,,31.19,24.59,29.29,34.78,6.6
10191,County_10191,Georgia,Urban,85.7,14.3,17.19,14.7,52.93,22.47,
47545,County_47545,Washington,Suburban/Small City,74.06,25.94,30.77,27.05,40.19,40.42,6.08
21563,County_21563,Massachusetts,Rural,78.5,21.5,25.69,21.23,35.25,32.93,5.9
50609,County_50609,Wyoming,Rural,86.78,13.22,16.22,12.95,41.44,29.83,5.36
22037,County_22037,Michigan,Suburban/Small City,75.36,24.64,30.22,25.08,39.55,40.77,5.81
30899,County_30899,New Jersey,Urban,91.51,8.49,9.82,8.74,49.71,13.4,5.06
8977,County_8977,Delaware,Rural,88.41,11.59,14.32,11.3,43.87,18.09,7.52
5027,County_5027,California,Suburban/Small City,74.79,25.21,30.44,25.7,47.04,37.32,5.39
19353,County_19353,Maine,Rural,74.51,25.49,30.76,25.49,45.16,43.21,6.91
32753,County_32753,New York,Rural,73.4,26.6,32.35,26.36,39.95,39.58,3.05
42347,County_42347,Tennessee,Rural,70.69,29.31,35.81,29.29,33.65,38.72,4.28
31281,County_31281,New Mexico,Rural,70.87,29.13,35.4,28.06,32.42,49.4,6.0
35415,County_35415,Ohio,Rural,82.28,17.72,20.75,17.43,51.02,26.07,6.83
27849,County_27849,Nebraska,Rural,69.58,30.42,36.04,30.45,30.62,43.37,5.35
19517,County_19517,Maine,Suburban/Small City,96.82,3.18,3.27,2.93,58.24,15.27,7.8
4739,County_4739,Arkansas,Rural,77.78,,27.19,21.57,40.45,32.73,4.38
52227,County_52227,Other,Urban,73.69,26.31,32.03,26.14,32.24,42.03,6.94
12797,County_12797,Idaho,Urban,78.0,22.0,25.29,22.78,37.77,25.62,
10683,County_10683,Georgia,Urban,89.98,10.02,11.19,10.15,46.47,25.44,6.53
26859,County_26859,Montana,Suburban/Small City,75.07,24.93,29.82,25.16,40.37,40.19,3.76
23671,County_23671,Minnesota,Urban,74.05,25.95,31.14,27.12,40.83,49.13,2.68
33023,County_33023,North Carolina,Rural,78.03,21.97,26.2,,41.14,38.31,5.15
15953,County_15953,Iowa,Urban,84.52,15.48,18.79,15.73,46.76,19.3,5.94
5857,County_5857,California,Rural,86.89,13.11,16.45,13.62,39.11,24.26,6.03
1273,County_1273,Alabama,Rural,75.7,,30.43,24.14,39.41,39.5,5.38
15115,County_15115,Iowa,Urban,63.51,36.49,44.13,36.06,25.96,55.05,3.05
4045,County_4045,Arkansas,Rural,86.44,,16.23,13.58,47.82,22.77,5.72
42779,County_42779,Tennessee,Urban,74.55,25.45,31.03,24.86,27.78,44.05,8.17
2563,County_2563,Alaska,Urban,73.75,26.25,32.21,26.76,32.97,41.25,6.39
26607,County_26607,Montana,Rural,91.83,8.17,9.37,8.41,42.77,21.91,6.09
19537,County_19537,Maine,Urban,71.99,28.01,33.32,26.99,36.73,42.62,7.6
33315,County_33315,North Carolina,Suburban/Small City,72.55,27.45,33.05,28.11,37.24,38.11,6.05
35629,County_35629,Ohio,Rural,,31.15,37.26,31.34,25.85,48.71,4.76
51861,County_51861,Other,Urban,72.96,27.04,32.41,27.22,42.7,37.53,5.13
37731,County_37731,Oregon,Rural,92.2,7.8,9.1,7.7,58.51,18.98,7.2
2245,County_2245,Alaska,Rural,90.05,9.95,12.39,10.22,44.03,18.59,6.19
56633,County_56633,Other,Suburban/Small City,75.04,24.96,30.17,24.9,34.75,38.47,8.97
32857,County_32857,New York,Urban,78.22,21.78,25.91,22.12,37.79,37.17,6.56
23385,County_23385,Minnesota,Urban,61.22,38.78,45.19,38.67,30.28,54.09,4.91
36263,County_36263,Oklahoma,Suburban/Small City,82.38,17.62,20.79,18.1,44.86,27.22,6.78
27393,County_27393,Nebraska,Rural,90.71,9.29,11.19,9.51,45.98,19.93,6.01
9931,County_9931,Florida,Suburban/Small City,80.96,19.04,22.61,19.8,42.85,24.15,8.14
9015,County_9015,Florida,Urban,70.49,29.51,35.92,29.91,31.86,51.39,8.07
47291,County_47291,Washington,Suburban/Small City,79.99,20.01,24.48,19.76,43.46,37.31,6.45
1775,County_1775,Alabama,Rural,75.93,24.07,28.17,24.15,37.42,40.8,4.74
2383,County_2383,Alaska,Urban,68.96,31.04,37.7,31.07,,45.02,5.01
15893,County_15893,Iowa,Rural,83.48,16.52,20.7,17.65,44.45,27.37,4.67
29425,County_29425,New Hampshire,Rural,76.1,23.9,28.29,23.58,38.24,34.36,5.16
37407,County_37407,Oregon,Urban,80.8,19.2,23.56,19.84,39.04,26.0,4.92
6947,County_6947,Colorado,Rural,76.39,,28.64,24.24,44.42,31.52,6.94
48447,County_48447,West Virginia,Rural,92.3,7.7,9.73,7.18,51.73,23.63,4.48
11207,County_11207,Hawaii,Urban,83.18,16.82,19.92,16.43,43.14,25.63,6.67
42827,County_42827,Tennessee,Urban,85.43,14.57,17.79,14.61,50.77,24.69,4.78
45521,County_45521,Vermont,Urban,75.04,24.96,29.64,24.75,37.97,32.55,8.33
26529,County_26529,Montana,Suburban/Small City,83.73,16.27,20.2,16.78,42.54,27.09,8.35
28565,County_28565,Nevada,Rural,82.63,17.37,21.32,17.95,34.8,29.81,6.76
37325,County_37325,Oregon,Suburban/Small City,75.0,25.0,30.08,25.26,38.89,28.62,7.85
24367,County_24367,Mississippi,Suburban/Small City,78.83,21.17,25.05,21.81,35.42,37.33,6.92
9985,County_9985,Florida,Urban,64.01,35.99,43.14,35.52,26.53,55.67,4.69
9461,County_9461,Florida,Rural,74.47,25.53,30.42,25.28,46.24,34.71,6.24
50549,County_50549,Wyoming,Suburban/Small City,74.33,25.67,30.75,25.28,42.0,34.75,6.66
38229,County_38229,Pennsylvania,Urban,69.88,30.12,36.42,30.79,34.02,45.79,5.53
36715,County_36715,Oklahoma,Rural,72.5,27.5,33.11,28.33,28.38,43.05,5.15
43133,County_43133,Texas,Rural,79.67,20.33,24.05,20.65,38.65,34.75,5.12
56937,County_56937,Other,Suburban/Small City,94.97,5.03,6.55,4.51,51.85,26.3,3.59
56265,County_56265,Other,Urban,80.9,19.1,22.68,19.59,39.0,30.15,8.03
2205,County_2205,Alaska,Urban,71.41,28.59,34.25,28.58,38.71,38.19,5.63
34117,County_34117,North Dakota,Urban,74.54,25.46,30.22,24.62,31.15,45.78,6.61
54743,County_54743,Other,Rural,75.04,24.96,29.39,25.3,29.25,36.73,5.43
29063,County_29063,New Hampshire,Urban,68.62,31.38,37.14,31.76,37.59,,7.49
49559,County_49559,Wisconsin,Suburban/Small City,72.93,27.07,32.15,26.79,35.95,35.28,4.52
46109,County_46109,Virginia,Rural,90.47,9.53,11.81,9.72,48.4,19.44,7.06
53795,County_53795,Other,Rural,89.29,10.71,13.72,11.4,50.4,22.01,6.88
8271,County_8271,Delaware,Urban,71.96,28.04,33.71,28.98,35.0,46.05,7.62
52063,County_52063,Other,Rural,87.07,12.93,15.67,13.23,47.29,30.16,4.68
28041,County_28041,Nevada,Rural,80.61,19.39,23.2,19.88,41.51,32.63,4.86
43681,County_43681,Texas,Urban,73.9,26.1,31.39,26.47,32.25,43.22,6.48
45315,County_45315,Vermont,Urban,72.92,27.08,32.57,26.98,26.79,49.09,5.23
52631,County_52631,Other,Urban,70.77,29.23,34.71,29.68,30.59,36.21,3.22
43665,County_43665,Texas,Urban,68.87,31.13,36.89,32.19,25.86,47.17,5.08
54469,County_54469,Other,Rural,75.36,24.64,29.78,25.48,32.6,40.35,6.6
56745,County_56745,Other,Urban,81.79,18.21,21.04,17.55,33.02,40.97,7.24
11253,County_11253,Hawaii,Urban,68.0,32.0,39.07,31.29,35.88,37.12,5.63
17845,County_17845,Kentucky,Rural,94.16,5.84,7.59,6.07,57.48,12.47,7.26
26905,County_26905,Montana,Urban,80.57,19.43,23.08,18.94,49.63,27.9,6.12
12535,County_12535,Idaho,Rural,79.8,20.2,24.55,20.75,38.85,30.01,4.3
30951,County_30951,New Jersey,Rural,81.82,18.18,22.19,18.21,44.56,35.36,5.89
45159,County_45159,Vermont,Rural,68.37,31.63,37.92,32.37,24.36,46.29,6.28
12061,County_12061,Idaho,Rural,83.35,16.65,19.6,16.77,44.79,29.63,7.2
11275,County_11275,Hawaii,Rural,63.43,36.57,43.94,36.62,35.73,48.13,7.29
52483,County_52483,Other,Rural,65.36,34.64,41.33,34.73,25.9,46.79,4.8
49411,County_49411,Wisconsin,Rural,64.31,35.69,42.4,35.31,32.27,46.69,4.49
53113,County_53113,Other,Rural,67.56,32.44,38.9,32.27,21.84,52.02,7.13
1537,County_1537,Alabama,Urban,90.62,9.38,11.05,9.74,51.76,22.18,3.39
47349,County_47349,Washington,Urban,81.79,18.21,21.99,17.32,44.68,30.74,5.16
26339,County_26339,Montana,Rural,71.65,28.35,33.87,28.44,38.37,43.36,4.81
24543,County_24543,Mississippi,Rural,81.61,18.39,21.72,18.37,46.91,27.65,5.05
34335,County_34335,North Dakota,Rural,65.63,34.37,41.05,35.1,27.87,44.62,5.73
1573,County_1573,Alabama,Rural,77.94,22.06,26.17,21.74,42.03,30.0,4.51
37333,County_37333,Oregon,Urban,86.84,13.16,16.09,13.42,51.75,21.32,8.58
46175,County_46175,Virginia,Rural,80.52,19.48,23.46,19.77,46.33,26.24,7.49
46461,County_46461,Virginia,Urban,83.66,16.34,19.87,16.69,57.93,25.05,3.14
15123,County_15123,Iowa,Rural,87.2,12.8,15.68,13.31,48.96,21.29,6.89
43745,County_43745,Texas,Rural,92.48,7.52,9.71,7.24,46.94,18.71,6.1
16347,County_16347,Kansas,Urban,69.77,30.23,35.76,29.69,37.58,45.29,5.87
38389,County_38389,Pennsylvania,Urban,79.5,20.5,24.32,20.42,41.0,24.5,6.54
11721,County_11721,Hawaii,Rural,93.08,6.92,7.96,8.1,47.98,21.61,5.5
34371,County_34371,North Dakota,Rural,75.9,24.1,28.93,24.8,24.97,46.81,4.68
41417,County_41417,South Dakota,Suburban/Small City,84.03,15.97,19.44,16.05,48.61,30.11,5.47
54919,County_54919,Other,Urban,91.87,8.13,9.67,8.74,55.02,17.46,5.54
8723,County_8723,Delaware,Rural,78.61,21.39,26.18,22.46,43.96,27.66,8.14
28345,County_28345,Nevada,Rural,82.27,17.73,21.87,17.86,48.02,31.15,3.78
4901,County_4901,Arkansas,Rural,73.25,26.75,31.47,26.72,,36.86,7.17
12407,County_12407,Idaho,Rural,70.41,29.59,34.96,30.52,29.95,43.04,6.2
45997,County_45997,Vermont,Rural,86.51,13.49,15.91,13.85,37.68,30.1,5.27
42801,County_42801,Tennessee,Urban,76.45,23.55,28.23,23.6,41.12,40.21,
52251,County_52251,Other,Rural,77.08,22.92,28.26,23.15,36.28,34.97,3.07
46017,County_46017,Virginia,Rural,84.11,15.89,18.84,,44.29,27.82,6.6
51153,County_51153,Other,Urban,72.63,27.37,32.81,27.47,45.38,43.54,5.76
28365,County_28365,Nevada,Rural,92.81,7.19,8.04,7.36,51.67,20.51,6.44
48967,County_48967,West Virginia,Suburban/Small City,65.06,34.94,41.39,35.27,22.31,47.29,2.14
33825,County_33825,North Carolina,Rural,66.93,33.07,39.67,33.57,33.53,43.88,8.08
18593,County_18593,Louisiana,Rural,79.06,20.94,24.56,21.54,39.36,30.54,5.4
48545,County_48545,West Virginia,Urban,60.51,39.49,46.77,39.12,21.81,50.98,6.94
16371,County_16371,Kansas,Urban,73.69,26.31,31.75,26.58,42.93,32.11,4.45
49101,County_49101,Wisconsin,Suburban/Small City,89.36,10.64,12.76,11.71,50.13,14.0,4.27
19017,County_19017,Maine,Urban,77.85,22.15,25.67,22.44,41.56,29.24,7.49
31991,County_31991,New Mexico,Rural,75.07,24.93,29.68,25.28,32.93,38.09,
46505,County_46505,Virginia,Urban,71.24,28.76,35.76,28.59,31.35,39.79,6.12
48679,County_48679,West Virginia,Rural,87.45,12.55,15.09,12.51,58.67,17.84,8.08
8215,County_8215,Delaware,Urban,65.17,34.83,41.53,,21.76,48.94,5.49
51935,County_51935,Other,Rural,62.3,37.7,45.03,37.55,25.93,51.0,6.68
38045,County_38045,Pennsylvania,Rural,66.09,33.91,40.21,34.47,27.72,50.9,6.99
20073,County_20073,Maryland,Urban,82.71,17.29,20.38,18.0,46.6,31.51,6.45
31271,County_31271,New Mexico,Urban,95.87,4.13,5.33,3.49,56.09,13.57,8.33
23217,County_23217,Minnesota,Rural,87.51,12.49,15.42,11.76,44.09,23.74,7.27
22095,County_22095,Michigan,Suburban/Small City,76.36,23.64,28.33,23.78,41.15,37.48,5.92
30965,County_30965,New Jersey,Rural,73.21,26.79,32.05,27.56,33.71,45.09,7.09
1739,County_1739,Alabama,Urban,80.69,19.31,22.89,19.82,41.42,27.15,7.59
5381,County_5381,California,Rural,81.75,18.25,21.41,18.59,35.04,25.89,8.99
20423,County_20423,Maryland,Rural,,,26.5,22.88,46.58,37.95,6.84
18937,County_18937,Louisiana,Rural,72.09,27.91,33.31,27.83,26.31,43.57,6.43
22291,County_22291,Michigan,Urban,77.97,22.03,26.41,21.12,40.77,38.86,5.1
32277,County_32277,New York,Urban,66.0,34.0,39.97,34.33,30.3,49.0,3.38
46531,County_46531,Virginia,Rural,62.51,37.49,45.17,38.41,26.88,52.67,5.53
35273,County_35273,Ohio,Rural,,35.55,42.46,36.3,24.15,52.93,3.87
20429,County_20429,Maryland,Rural,68.4,31.6,38.54,31.25,38.72,39.31,6.19
37343,County_37343,Oregon,Urban,71.79,28.21,33.61,28.85,41.28,39.71,6.74
33023,County_33023,North Carolina,Suburban/Small City,68.67,31.33,38.2,32.67,21.46,40.06,5.18
33281,County_33281,North Carolina,Rural,77.49,22.51,25.6,23.14,36.21,29.77,3.46
56407,County_56407,Other,Rural,79.8,20.2,24.1,20.32,37.64,35.02,7.57
1947,County_1947,Alabama,Rural,61.22,38.78,46.25,38.46,37.02,48.99,3.01
22995,County_22995,Michigan,Rural,79.72,20.28,23.55,20.93,48.23,41.55,
43901,County_43901,Texas,Rural,66.91,33.09,39.89,32.93,36.25,43.94,5.1
56251,County_56251,Other,Urban,75.31,24.69,,25.12,38.72,33.12,6.56
51809,County_51809,Other,Urban,70.04,29.96,36.3,30.93,30.14,40.86,6.85
45151,County_45151,Vermont,Rural,86.3,13.7,17.7,,45.72,22.87,5.61
55955,County_55955,Other,Rural,66.66,33.34,40.8,,43.0,47.0,5.16
46403,County_46403,Virginia,Urban,79.1,20.9,25.41,21.78,31.04,39.57,6.93
11313,County_11313,Hawaii,Urban,81.3,18.7,23.28,18.6,40.13,31.51,6.64
15545,County_15545,Iowa,Rural,68.97,31.03,37.6,30.75,32.21,36.0,3.33
21817,County_21817,Massachusetts,Urban,83.65,16.35,,15.9,41.42,28.9,5.4
12787,County_12787,Idaho,Rural,73.85,26.15,31.7,27.08,53.83,34.4,7.23
6417,County_6417,Colorado,Rural,88.18,11.82,14.2,12.28,49.88,14.52,4.15
37295,County_37295,Oregon,Rural,77.34,22.66,26.25,21.17,33.6,36.92,6.49
54817,County_54817,Other,Rural,78.73,21.27,25.4,21.53,42.16,42.29,8.36
20495,County_20495,Maryland,Urban,89.55,10.45,12.55,11.66,46.36,13.5,6.1
24217,County_24217,Mississippi,Rural,78.12,21.88,26.81,22.77,36.93,29.7,7.84
33587,County_33587,North Carolina,Rural,85.63,14.37,16.72,14.38,42.09,23.83,5.26
55727,County_55727,Other,Urban,92.73,7.27,8.68,7.25,61.56,17.42,3.98
45541,County_45541,Vermont,Urban,80.37,19.63,23.59,19.99,36.83,33.21,3.32
16487,County_16487,Kansas,Rural,77.15,22.85,27.64,22.3,44.25,34.05,4.07
6379,County_6379,Colorado,Suburban/Small City,82.92,17.08,20.87,17.6,45.12,30.46,8.24
9821,County_9821,Florida,Urban,64.81,35.19,41.74,35.61,36.8,43.94,1.94
36395,County_36395,Oklahoma,Rural,64.93,35.07,42.44,34.95,29.42,53.09,6.48
36651,County_36651,Oklahoma,Urban,74.58,25.42,31.78,25.95,29.46,39.22,6.15
41493,County_41493,South Dakota,Urban,83.25,16.75,20.95,16.82,44.31,30.74,8.4
41335,County_41335,South Dakota,Rural,74.63,25.37,30.87,25.46,30.21,42.09,4.5
48335,County_48335,West Virginia,Urban,76.66,23.34,27.8,24.15,39.57,39.84,6.08
51779,County_51779,Other,Rural,89.82,10.18,11.62,10.39,50.36,22.01,6.02
26637,County_26637,Montana,Urban,87.01,,16.65,13.64,43.46,28.64,7.59
14829,County_14829,Indiana,Rural,81.25,18.75,22.5,19.51,43.02,29.45,5.97
12795,County_12795,Idaho,Urban,81.29,18.71,22.46,19.21,33.55,28.91,8.04
41731,County_41731,South Dakota,Urban,77.76,22.24,27.34,22.27,37.13,35.14,7.63
19653,County_19653,Maine,Rural,75.73,24.27,28.99,25.15,42.11,41.0,5.81
14605,County_14605,Indiana,Rural,82.5,17.5,21.1,18.17,51.63,31.0,7.29
40219,County_40219,South Carolina,Rural,72.03,27.97,34.22,28.95,33.47,40.36,3.52
43505,County_43505,Texas,Rural,79.06,20.94,24.98,22.03,41.16,32.12,7.59
16249,County_16249,Kansas,Urban,78.34,21.66,26.51,21.42,36.96,34.53,5.3
10697,County_10697,Georgia,Suburban/Small City,69.57,30.43,36.96,29.6,27.14,41.33,4.54
36203,County_36203,Oklahoma,Suburban/Small City,74.03,25.97,30.3,26.07,39.2,33.34,5.24
52287,County_52287,Other,Rural,94.28,5.72,7.3,6.35,49.31,20.47,7.65
9211,County_9211,Florida,Rural,79.21,20.79,25.2,20.28,44.76,39.37,5.17
56419,County_56419,Other,Suburban/Small City,67.97,32.03,39.24,31.97,34.81,40.75,5.96
29057,County_29057,New Hampshire,Suburban/Small City,81.34,18.66,22.81,18.25,44.43,26.88,8.27
5517,County_5517,California,Rural,71.59,28.41,34.47,28.5,40.15,42.58,6.36
20851,County_20851,Maryland,Rural,87.47,12.53,14.28,12.39,48.56,16.7,8.42
11655,County_11655,Hawaii,Urban,80.45,19.55,22.91,20.38,35.61,37.95,7.37
17579,County_17579,Kentucky,Rural,68.92,31.08,38.2,31.8,25.95,35.05,3.65
11401,County_11401,Hawaii,Suburban/Small City,87.44,12.56,15.78,13.08,55.0,30.28,5.99
5719,County_5719,California,Suburban/Small City,91.08,8.92,10.12,9.59,44.2,15.93,3.74
48187,County_48187,West Virginia,Rural,77.45,22.55,27.51,22.75,32.24,37.87,5.26
30787,County_30787,New Jersey,Urban,80.58,19.42,23.18,19.29,44.77,37.27,5.45
26877,County_26877,Montana,Urban,63.28,36.72,44.7,37.57,31.14,45.62,6.14
17249,County_17249,Kentucky,Rural,69.78,30.22,36.41,29.95,29.57,47.09,6.75
5357,County_5357,California,Suburban/Small City,,11.4,13.18,11.56,44.32,30.33,7.6
30585,County_30585,New Jersey,Rural,70.92,29.08,35.3,28.65,39.09,35.74,4.76
18197,County_18197,Louisiana,Rural,74.25,25.75,31.28,,35.98,40.64,5.29
30419,County_30419,New Jersey,Urban,71.26,28.74,35.67,28.93,38.35,46.71,6.52
16383,County_16383,Kansas,Urban,80.64,19.36,23.57,19.68,51.5,35.73,5.12
43531,County_43531,Texas,Rural,94.28,5.72,6.33,5.19,47.48,23.49,5.1
54717,County_54717,Other,Rural,67.15,32.85,39.43,33.58,26.39,51.43,7.27
21923,County_21923,Massachusetts,Rural,82.81,17.19,20.81,16.89,46.44,30.36,5.84
31557,County_31557,New Mexico,Rural,90.72,9.28,11.12,9.22,42.11,24.24,6.56
13947,County_13947,Illinois,Rural,74.86,25.14,29.48,25.95,31.13,32.05,3.71
50715,County_50715,Wyoming,Rural,71.93,28.07,33.73,28.45,30.16,34.35,6.34
16421,County_16421,Kansas,Suburban/Small City,83.9,16.1,19.24,16.99,34.85,28.6,
54317,County_54317,Other,Rural,60.98,39.02,,39.12,35.83,58.96,6.44
11763,County_11763,Hawaii,Rural,85.63,14.37,18.1,14.34,46.68,22.12,7.64
50233,County_50233,Wyoming,Urban,83.08,16.92,20.02,17.04,45.79,32.25,4.31
56849,County_56849,Other,Urban,69.02,30.98,36.78,31.85,26.0,45.54,5.05
38561,County_38561,Pennsylvania,Urban,88.18,11.82,13.63,11.8,60.32,17.0,
9543,County_9543,Florida,Suburban/Small City,77.46,22.54,27.39,22.33,36.61,31.52,4.06
13387,County_13387,Illinois,Urban,80.96,19.04,23.54,19.41,37.95,27.68,5.09
44031,County_44031,Utah,Urban,68.8,31.2,37.12,31.73,34.42,42.97,4.72
22515,County_22515,Michigan,Rural,85.73,14.27,17.79,13.03,,27.14,5.43
5895,County_5895,California,Urban,65.99,34.01,40.9,34.32,31.5,42.65,7.59
47723,County_47723,Washington,Urban,85.31,14.69,,15.38,48.5,31.09,5.49
16511,County_16511,Kansas,Suburban/Small City,93.17,6.83,8.79,6.69,44.48,21.88,8.51
52281,County_52281,Other,Urban,72.21,27.79,32.74,27.67,26.92,42.63,7.8
5149,County_5149,California,Urban,79.66,20.34,25.03,20.18,38.5,29.44,6.02
14179,County_14179,Indiana,Rural,86.72,13.28,16.36,13.1,47.68,27.33,5.62
19697,County_19697,Maine,Rural,,19.35,22.85,18.76,36.32,37.89,5.52
54093,County_54093,Other,Rural,74.95,25.05,28.43,24.76,42.81,39.32,5.19
25199,County_25199,Missouri,Urban,79.75,20.25,24.27,21.61,49.92,27.41,5.39
19179,County_19179,Maine,Suburban/Small City,74.09,25.91,31.23,26.02,35.65,47.42,5.62
4653,County_4653,Arkansas,Rural,78.85,21.15,25.87,20.49,44.84,27.84,6.39
50273,County_50273,Wyoming,Urban,70.97,29.03,35.23,28.81,25.86,48.14,6.36
24739,County_24739,Mississippi,Suburban/Small City,72.82,27.18,33.14,27.61,36.47,47.31,5.12
27649,County_27649,Nebraska,Urban,91.21,8.79,10.33,9.6,55.13,18.41,6.95
16201,County_16201,Kansas,Urban,83.03,16.97,19.97,16.47,40.14,,4.92
40373,County_40373,South Carolina,Rural,69.19,30.81,37.78,31.03,34.25,45.64,6.87
54629,County_54629,Other,Urban,81.35,18.65,23.19,19.26,44.2,40.25,4.37
35535,County_35535,Ohio,Rural,74.32,25.68,31.23,26.48,40.89,34.32,5.33
28739,County_28739,Nevada,Suburban/Small City,65.5,34.5,41.56,,37.68,43.0,4.44
31913,County_31913,New Mexico,Rural,85.12,14.88,17.85,15.93,45.72,28.39,5.78
35009,County_35009,Ohio,Urban,70.87,29.13,34.71,30.19,23.68,47.07,4.86
47593,County_47593,Washington,Rural,93.05,6.95,8.61,7.88,49.89,20.24,1.68
12129,County_12129,Idaho,Rural,83.02,16.98,21.43,16.43,38.17,25.06,6.1
19885,County_19885,Maine,Urban,81.26,18.74,21.81,18.12,50.21,31.61,2.98
5575,County_5575,California,Rural,63.57,36.43,,36.85,22.49,51.42,5.93
54701,County_54701,Other,Rural,89.22,10.78,12.33,11.09,48.04,15.4,4.05
40549,County_40549,South Carolina,Urban,69.22,,37.27,31.34,34.14,44.43,8.08
2631,County_2631,Alaska,Rural,93.57,6.43,7.47,6.42,49.13,23.65,3.01
25529,County_25529,Missouri,Urban,81.01,18.99,22.35,19.13,40.51,36.98,5.72
37101,County_37101,Oregon,Rural,62.9,37.1,43.5,36.55,25.3,44.56,3.93
50967,County_50967,Wyoming,Rural,82.8,17.2,21.44,16.89,43.18,31.54,6.73
25241,County_25241,Missouri,Rural,83.84,16.16,20.09,16.46,40.57,29.04,7.61
20011,County_20011,Maryland,Urban,83.31,16.69,19.4,16.44,43.69,25.91,6.95
23655,County_23655,Minnesota,Rural,89.78,10.22,13.5,10.78,54.32,20.78,4.28
15363,County_15363,Iowa,Rural,83.53,16.47,20.01,15.84,40.29,27.87,6.33
27933,County_27933,Nebraska,Rural,64.74,35.26,42.76,35.64,32.38,55.97,6.99
21529,County_21529,Massachusetts,Urban,84.3,15.7,19.43,,47.41,27.13,
21039,County_21039,Massachusetts,Urban,94.77,5.23,5.79,5.41,51.97,16.0,4.93
13735,County_13735,Illinois,Rural,77.39,22.61,27.1,23.46,40.58,,5.78
9969,County_9969,Florida,Urban,86.91,13.09,,14.16,52.16,24.47,5.01
51597,County_51597,Other,Urban,79.82,20.18,24.17,19.56,36.96,35.07,6.44
15511,County_15511,Iowa,Suburban/Small City,69.31,30.69,37.32,31.34,32.22,39.1,8.01
8363,County_8363,Delaware,Rural,89.27,10.73,13.62,10.51,33.5,28.22,
28939,County_28939,Nevada,Urban,70.93,29.07,34.8,28.7,44.05,34.39,4.76
39775,County_39775,Rhode Island,Rural,,17.28,20.87,17.22,41.37,34.81,6.05
17621,County_17621,Kentucky,Rural,66.62,33.38,40.21,33.74,29.85,55.48,5.53
56423,County_56423,Other,Rural,68.42,31.58,37.39,30.97,27.72,47.9,5.03
46609,County_46609,Virginia,Rural,64.49,35.51,42.8,36.41,32.75,45.45,3.33
32561,County_32561,New York,Rural,86.16,13.84,16.79,14.88,45.24,28.08,5.36
9063,County_9063,Florida,Suburban/Small City,90.99,9.01,10.56,9.91,51.17,,7.33
8535,County_8535,Delaware,Urban,,9.24,11.53,9.56,49.12,,6.4
44557,County_44557,Utah,Rural,,23.51,28.29,24.56,40.39,40.79,7.2
56235,County_56235,Other,Urban,75.44,24.56,29.48,25.17,29.22,36.97,5.97
30947,County_30947,New Jersey,Rural,69.18,30.82,36.68,30.8,33.72,44.19,4.32
8671,County_8671,Delaware,Rural,83.87,16.13,19.13,16.39,46.81,18.25,4.87
11413,County_11413,Hawaii,Rural,74.77,25.23,29.68,24.53,41.68,33.76,3.89
3455,County_3455,Arizona,Rural,68.91,31.09,36.93,32.07,37.22,46.96,
3857,County_3857,Arizona,Urban,70.36,29.64,35.77,29.57,29.63,57.28,5.68
12025,County_12025,Idaho,Rural,83.64,16.36,,16.66,42.97,32.03,3.87
32651,County_32651,New York,Rural,76.63,23.37,27.24,23.63,45.96,41.92,5.06
20901,County_20901,Maryland,Suburban/Small City,88.25,11.75,14.47,12.72,40.77,21.48,5.31
6379,County_6379,Colorado,Urban,89.83,10.17,12.34,9.69,48.36,12.46,4.02
43467,County_43467,Texas,Rural,67.84,32.16,39.01,32.26,39.09,50.84,4.2
41793,County_41793,South Dakota,Rural,81.53,18.47,22.51,18.94,40.11,33.89,5.92
42693,County_42693,Tennessee,Urban,77.84,22.16,26.02,22.59,39.35,35.58,7.44
11265,County_11265,Hawaii,Rural,88.83,11.17,13.74,11.88,39.94,24.61,6.59
37609,County_37609,Oregon,Rural,85.36,14.64,17.39,14.91,48.9,23.33,3.14
19197,County_19197,Maine,Suburban/Small City,74.27,25.73,30.93,25.88,32.72,47.17,8.45
5681,County_5681,California,Rural,67.41,32.59,38.41,33.12,34.11,,8.48
37265,County_37265,Oregon,Rural,80.93,19.07,22.87,19.01,36.0,35.93,1.8
27973,County_27973,Nebraska,Urban,82.33,17.67,22.04,18.01,40.48,29.67,5.01
56683,County_56683,Other,Rural,97.11,2.89,2.68,3.0,53.3,11.68,6.71
10131,County_10131,Georgia,Urban,74.21,25.79,30.98,25.61,33.5,40.32,4.96
26251,County_26251,Montana,Urban,71.14,28.86,34.04,28.67,29.49,43.41,4.68
18541,County_18541,Louisiana,Urban,87.5,12.5,15.47,12.7,50.13,16.84,5.94
23121,County_23121,Minnesota,Rural,80.94,19.06,23.07,19.68,38.9,35.06,8.29
8279,County_8279,Delaware,Rural,88.25,11.75,14.57,11.37,50.05,20.79,7.28
5401,County_5401,California,Urban,75.2,24.8,28.94,25.29,47.52,34.27,4.87
52347,County_52347,Other,Rural,80.42,19.58,23.02,19.73,45.2,29.9,4.99
17125,County_17125,Kentucky,Suburban/Small City,65.41,34.59,42.15,35.2,20.28,53.04,5.41
42929,County_42929,Tennessee,Suburban/Small City,79.98,20.02,23.23,19.95,39.53,34.15,8.92
16871,County_16871,Kansas,Urban,92.65,7.35,8.57,6.72,,13.3,5.43
48417,County_48417,West Virginia,Suburban/Small City,91.71,8.29,10.15,8.33,45.13,18.35,6.71
7463,County_7463,Connecticut,Rural,78.61,21.39,25.21,21.48,47.62,37.46,6.42
36717,County_36717,Oklahoma,Urban,76.83,23.17,27.71,22.71,,40.3,8.28
43411,County_43411,Texas,Rural,91.84,8.16,9.94,8.17,56.91,26.41,4.11
9517,County_9517,Florida,Rural,71.77,28.23,33.36,27.76,44.05,38.27,7.99
38809,County_38809,Pennsylvania,Urban,79.11,20.89,24.41,20.51,50.87,37.99,6.71
48439,County_48439,West Virginia,Rural,90.21,9.79,11.46,9.85,49.97,26.06,5.58
35007,County_35007,Ohio,Rural,74.44,25.56,30.27,26.27,40.77,42.97,6.09
53415,County_53415,Other,Rural,85.55,,17.34,14.5,48.93,23.75,1.77
44497,County_44497,Utah,Suburban/Small City,72.93,27.07,32.97,27.18,40.32,43.21,6.88
50147,County_50147,Wyoming,Suburban/Small City,66.98,33.02,39.8,33.83,39.81,43.52,9.02
14145,County_14145,Indiana,Urban,95.24,4.76,5.79,4.64,56.57,16.43,5.58
22187,County_22187,Michigan,Rural,77.36,22.64,27.51,22.7,42.93,34.78,6.04
28605,County_28605,Nevada,Urban,88.53,11.47,13.08,11.72,38.57,26.67,4.98
40275,County_40275,South Carolina,Rural,91.99,8.01,9.68,8.01,50.87,22.55,7.97
48305,County_48305,West Virginia,Suburban/Small City,76.75,23.25,28.5,22.92,37.33,29.76,6.43
38939,County_38939,Pennsylvania,Rural,68.07,31.93,37.4,32.19,24.78,43.89,7.97
31765,County_31765,New Mexico,Rural,90.4,,11.74,9.16,51.5,19.68,6.45
39775,County_39775,Rhode Island,Rural,78.82,21.18,26.25,22.39,48.1,29.12,7.21
34861,County_34861,North Dakota,Urban,75.73,24.27,29.07,24.54,33.73,33.77,5.13
50969,County_50969,Wyoming,Urban,84.51,15.49,18.77,15.22,35.15,23.91,7.61
48753,County_48753,West Virginia,Rural,64.02,35.98,,36.85,31.41,56.58,3.55
4673,County_4673,Arkansas,Rural,67.99,32.01,37.95,31.94,33.14,48.44,6.75
25423,County_25423,Missouri,Suburban/Small City,72.96,27.04,32.5,26.82,31.47,43.45,5.39
55809,County_55809,Other,Rural,84.25,15.75,19.35,15.54,51.38,24.2,5.75
52057,County_52057,Other,Rural,78.98,,24.27,21.48,49.67,32.65,5.92
14777,County_14777,Indiana,Rural,74.94,25.06,31.27,25.24,37.37,40.95,8.7
33617,County_33617,North Carolina,Urban,67.72,32.28,39.49,32.08,43.82,43.26,4.31
3255,County_3255,Arizona,Urban,59.49,40.51,49.02,40.66,32.4,48.45,5.51
50971,County_50971,Wyoming,Suburban/Small City,85.37,14.63,,14.68,45.54,25.28,8.27
28683,County_28683,Nevada,Urban,81.76,18.24,21.34,18.2,45.92,33.32,5.55
34675,County_34675,North Dakota,Rural,88.43,11.57,13.73,12.12,41.14,24.99,6.34
37153,County_37153,Oregon,Rural,60.59,39.41,46.32,39.61,27.07,49.87,7.64
27497,County_27497,Nebraska,Rural,84.92,15.08,18.35,15.4,44.7,31.66,5.75
40623,County_40623,South Carolina,Rural,90.57,9.43,11.2,10.1,57.4,22.6,5.84
6829,County_6829,Colorado,Suburban/Small City,76.76,23.24,28.39,23.44,34.59,32.55,5.3
49647,County_49647,Wisconsin,Urban,83.26,16.74,20.0,17.16,41.63,21.06,7.67
24611,County_24611,Mississippi,Urban,76.61,23.39,28.44,23.0,43.11,36.8,7.85
17671,County_17671,Kentucky,Rural,88.42,11.58,14.12,10.77,36.46,37.63,7.63
25629,County_25629,Missouri,Urban,88.23,11.77,14.56,11.86,47.85,25.2,5.15
39483,County_39483,Rhode Island,Suburban/Small City,81.55,18.45,21.51,17.46,39.84,34.23,7.56
12259,County_12259,Idaho,Urban,90.93,9.07,10.41,8.58,40.03,22.02,7.14
6725,County_6725,Colorado,Rural,87.26,12.74,15.1,13.79,46.76,18.1,6.86
3177,County_3177,Arizona,Rural,85.46,14.54,18.13,14.03,44.93,30.18,3.55
25827,County_25827,Missouri,Rural,68.46,31.54,37.65,31.75,29.32,44.54,4.12
44123,County_44123,Utah,Suburban/Small City,77.49,22.51,26.41,22.47,48.07,29.61,5.74
28753,County_28753,Nevada,Rural,87.33,12.67,14.87,13.31,42.22,23.34,5.13
34943,County_34943,North Dakota,Urban,78.09,21.91,25.72,21.7,39.91,45.23,5.76
20057,County_20057,Maryland,Rural,71.45,28.55,34.44,29.04,35.36,38.94,
54393,County_54393,Other,Rural,80.11,19.89,23.11,19.72,30.53,32.27,4.0
55315,County_55315,Other,Rural,76.63,23.37,28.14,23.93,29.04,46.16,5.58
53271,County_53271,Other,Rural,76.98,23.02,28.13,22.82,32.95,37.83,6.37
18827,County_18827,Louisiana,Urban,81.36,18.64,22.7,18.17,45.72,37.86,7.56
14099,County_14099,Indiana,Rural,83.86,16.14,19.25,16.95,44.0,34.06,6.04
13085,County_13085,Illinois,Suburban/Small City,95.39,4.61,5.01,4.03,49.19,15.6,9.09
40845,County_40845,South Carolina,Rural,74.96,25.04,29.36,25.69,30.54,41.92,5.56
1853,County_1853,Alabama,Urban,83.59,16.41,19.69,17.07,47.64,33.59,8.27
39249,County_39249,Rhode Island,Rural,67.28,32.72,38.61,32.9,28.87,40.54,5.8
49747,County_49747,Wisconsin,Urban,80.89,19.11,23.27,19.74,43.91,34.09,4.74
16669,County_16669,Kansas,Rural,86.15,13.85,16.6,,49.53,23.47,5.92
53273,County_53273,Other,Urban,74.53,25.47,30.36,25.73,44.35,37.69,2.93
54503,County_54503,Other,Rural,73.49,26.51,31.0,26.79,43.65,47.96,7.32
21713,County_21713,Massachusetts,Rural,72.53,27.47,32.6,27.33,23.01,46.14,3.96
32157,County_32157,New York,Rural,92.56,7.44,9.33,7.47,55.22,21.09,8.43
41043,County_41043,South Dakota,Suburban/Small City,82.6,17.4,21.0,18.07,39.61,25.7,3.6
15569,County_15569,Iowa,Rural,73.26,26.74,30.92,27.91,31.94,41.89,5.69
33431,County_33431,North Carolina,Rural,79.76,20.24,23.85,20.04,37.91,30.43,7.92
23297,County_23297,Minnesota,Urban,,17.36,19.62,18.29,46.09,,3.34
19125,County_19125,Maine,Rural,69.14,30.86,36.77,30.83,29.84,45.98,6.8
20273,County_20273,Maryland,Rural,79.01,20.99,25.28,21.78,39.23,29.65,5.04
14697,County_14697,Indiana,Rural,81.48,18.52,22.7,18.34,54.18,21.18,7.17
18625,County_18625,Louisiana,Urban,83.58,16.42,18.76,15.59,47.4,29.26,3.63
21507,County_21507,Massachusetts,Urban,80.0,20.0,24.45,20.37,,35.73,6.35
1235,County_1235,Alabama,Rural,93.42,6.58,6.82,7.98,51.24,17.63,6.88
21993,County_21993,Massachusetts,Rural,79.4,20.6,24.83,20.31,43.64,33.21,6.84
24581,County_24581,Mississippi,Rural,84.82,15.18,18.92,15.53,50.89,27.83,7.91
42315,County_42315,Tennessee,Rural,,,3.88,4.02,59.01,16.48,4.94
54525,County_54525,Other,Rural,83.98,16.02,19.57,15.33,47.24,23.87,5.17
13825,County_13825,Illinois,Rural,70.39,29.61,35.94,29.5,36.49,36.24,5.54
40317,County_40317,South Carolina,Urban,67.48,32.52,38.35,32.59,27.61,45.79,6.34
25325,County_25325,Missouri,Rural,79.72,20.28,24.48,20.12,40.62,32.74,5.86
53911,County_53911,Other,Suburban/Small City,82.75,17.25,,17.94,33.21,31.64,6.38
19133,County_19133,Maine,Suburban/Small City,88.71,11.29,14.59,10.96,43.28,19.52,8.28
43571,County_43571,Texas,Urban,68.23,31.77,38.71,32.47,28.75,51.37,5.24
30259,County_30259,New Jersey,Urban,94.13,5.87,6.37,6.15,53.43,13.82,5.69
20063,County_20063,Maryland,Urban,73.33,26.67,32.53,26.92,34.22,37.58,2.4
33319,County_33319,North Carolina,Suburban/Small City,86.26,13.74,15.6,13.17,36.09,27.14,4.89
15327,County_15327,Iowa,Urban,90.01,,12.41,10.76,51.02,24.59,8.02
35861,County_35861,Ohio,Rural,81.4,18.6,22.56,18.89,41.65,32.54,5.78
46465,County_46465,Virginia,Urban,70.44,29.56,35.06,30.24,38.17,37.1,3.71
5497,County_5497,California,Rural,,33.27,39.57,33.58,28.07,46.99,7.79
37455,County_37455,Oregon,Rural,90.97,9.03,10.57,9.75,53.41,17.53,6.71
7223,County_7223,Connecticut,Urban,74.55,25.45,30.86,24.94,42.42,34.82,8.76
24321,County_24321,Mississippi,Rural,74.3,25.7,30.48,26.24,40.26,43.03,4.95
21713,County_21713,Massachusetts,Rural,84.66,15.34,17.56,16.41,47.71,26.93,2.09
37081,County_37081,Oregon,Rural,82.09,17.91,21.38,17.27,41.45,30.27,5.16
6615,County_6615,Colorado,Rural,84.73,15.27,18.85,15.57,44.21,18.82,7.31
23993,County_23993,Minnesota,Rural,76.27,23.73,27.99,23.27,37.52,35.39,4.51
25639,County_25639,Missouri,Urban,72.23,27.77,32.99,27.1,37.58,46.17,6.82
39727,County_39727,Rhode Island,Urban,88.28,11.72,13.96,12.11,46.13,17.89,5.09
56835,County_56835,Other,Urban,80.65,19.35,23.24,18.62,,35.99,6.05
31311,County_31311,New Mexico,Rural,83.16,16.84,19.28,17.48,50.74,27.79,6.56
18331,County_18331,Louisiana,Urban,91.52,8.48,9.95,8.43,58.14,22.03,4.92
16975,County_16975,Kansas,Urban,66.89,33.11,39.12,33.77,24.4,45.05,6.75
10035,County_10035,Georgia,Rural,87.34,12.66,14.9,12.98,50.1,30.04,6.22
5541,County_5541,California,Rural,88.07,11.93,14.19,12.11,47.32,,5.35
16985,County_16985,Kansas,Rural,76.38,23.62,27.1,24.52,38.14,36.33,3.61
53211,County_53211,Other,Urban,90.56,9.44,11.08,10.16,57.59,20.12,7.76
10593,County_10593,Georgia,Rural,73.89,26.11,31.46,27.0,27.86,39.08,7.41
11311,County_11311,Hawaii,Rural,85.93,14.07,16.56,14.24,46.62,22.54,6.04
21095,County_21095,Massachusetts,Suburban/Small City,70.07,29.93,35.98,30.78,20.15,45.58,7.5
56411,County_56411,Other,Rural,81.45,18.55,21.72,18.4,43.41,28.47,6.82
43541,County_43541,Texas,Rural,67.69,32.31,39.21,,29.64,52.07,5.69
13531,County_13531,Illinois,Rural,95.49,4.51,5.58,4.78,52.35,15.03,8.35
40305,County_40305,South Carolina,Rural,74.78,25.22,29.72,25.01,34.24,41.75,6.23
33917,County_33917,North Carolina,Suburban/Small City,93.23,6.77,7.32,7.12,51.36,19.11,6.66
49763,County_49763,Wisconsin,Urban,85.1,14.9,18.12,14.72,45.59,24.01,6.48
33021,County_33021,North Carolina,Rural,92.85,7.15,9.02,7.27,,16.69,8.71
52367,County_52367,Other,Rural,82.45,17.55,20.88,17.7,31.32,32.81,3.18
56521,County_56521,Other,Rural,74.99,25.01,30.07,25.86,38.44,42.04,2.24
45849,County_45849,Vermont,Rural,64.21,35.79,42.21,,33.86,47.12,4.0
49377,County_49377,Wisconsin,Rural,71.3,28.7,34.61,28.91,24.7,43.29,7.65
21601,County_21601,Massachusetts,Rural,75.1,24.9,30.28,25.26,34.71,31.51,5.97
28161,County_28161,Nevada,Rural,70.11,29.89,36.55,30.52,36.32,39.37,6.2
31153,County_31153,New Mexico,Rural,63.4,36.6,44.11,36.47,25.52,48.21,5.98
11975,County_11975,Hawaii,Urban,75.71,24.29,29.47,25.04,37.08,37.89,6.0
34929,County_34929,North Dakota,Suburban/Small City,76.27,23.73,28.26,24.45,43.05,39.61,5.59
31631,County_31631,New Mexico,Urban,80.88,19.12,22.6,18.66,39.32,34.07,7.1
53453,County_53453,Other,Urban,71.87,28.13,33.69,28.54,33.98,43.85,8.76
39191,County_39191,Rhode Island,Rural,68.67,31.33,38.33,31.73,30.96,39.19,5.18
48883,County_48883,West Virginia,Rural,80.96,19.04,23.36,19.32,36.3,33.07,5.94
36751,County_36751,Oklahoma,Urban,76.24,,28.91,23.75,32.01,36.91,6.8
13837,County_13837,Illinois,Urban,79.51,20.49,23.73,20.34,34.65,35.29,6.37
52927,County_52927,Other,Urban,90.96,9.04,10.66,11.02,55.35,17.52,6.37
7539,County_7539,Connecticut,Rural,89.97,10.03,12.07,9.22,66.5,24.6,4.45
14969,County_14969,Indiana,Urban,73.09,26.91,32.69,27.84,44.1,38.31,3.35
11895,County_11895,Hawaii,Urban,86.39,13.61,16.58,13.67,33.27,24.85,5.9
15973,County_15973,Iowa,Urban,72.11,27.89,33.24,28.36,30.33,44.14,
56123,County_56123,Other,Rural,79.87,20.13,24.44,20.15,42.39,27.14,2.9
15909,County_15909,Iowa,Urban,71.31,28.69,34.05,29.41,33.14,47.02,5.57
20703,County_20703,Maryland,Rural,85.91,14.09,16.23,14.52,52.44,21.15,4.37
32763,County_32763,New York,Urban,67.71,32.29,39.39,32.33,29.11,49.45,3.79
28723,County_28723,Nevada,Rural,71.5,28.5,34.91,28.04,33.92,53.25,9.19
25309,County_25309,Missouri,Rural,71.86,28.14,33.19,28.43,26.47,41.46,4.58
49675,County_49675,Wisconsin,Urban,82.58,17.42,20.64,17.89,49.39,20.22,7.18
23917,County_23917,Minnesota,Rural,78.6,21.4,25.44,22.02,34.1,32.96,5.66
20985,County_20985,Maryland,Urban,92.53,7.47,9.07,8.32,52.67,18.47,7.86
49783,County_49783,Wisconsin,Rural,82.36,17.64,20.99,17.44,47.21,27.26,8.78
18083,County_18083,Louisiana,Suburban/Small City,67.07,32.93,39.29,33.02,33.24,51.78,3.23
36915,County_36915,Oklahoma,Suburban/Small City,78.48,21.52,25.92,22.14,33.06,33.97,6.03
29725,County_29725,New Hampshire,Urban,87.4,12.6,14.99,12.69,45.31,12.85,6.28
5597,County_5597,California,Urban,85.05,14.95,17.27,15.86,49.46,22.28,7.16
1331,County_1331,Alabama,Urban,71.04,28.96,35.03,29.07,28.84,45.04,6.43
36823,County_36823,Oklahoma,Urban,81.49,18.51,22.15,18.27,33.92,33.7,4.7
54451,County_54451,Other,Rural,78.83,21.17,,21.82,44.44,34.16,5.57
12409,County_12409,Idaho,Suburban/Small City,,31.18,36.96,31.77,31.76,44.71,6.4
46839,County_46839,Virginia,Urban,91.91,8.09,10.27,8.77,47.99,,7.43
18775,County_18775,Louisiana,Rural,84.09,15.91,18.52,15.94,34.11,34.5,5.11
4093,County_4093,Arkansas,Rural,84.08,15.92,18.78,16.33,38.55,25.89,4.89
54529,County_54529,Other,Rural,71.87,28.13,33.9,28.27,38.51,42.25,4.05
35005,County_35005,Ohio,Urban,80.19,19.81,23.29,19.54,35.59,37.57,4.43
55159,County_55159,Other,Rural,88.52,11.48,13.16,11.66,57.43,20.46,6.56
9149,County_9149,Florida,Suburban/Small City,97.93,2.07,1.78,2.44,53.97,11.73,5.06
19659,County_19659,Maine,Rural,87.04,12.96,14.5,12.69,44.81,28.85,6.48
21609,County_21609,Massachusetts,Rural,94.16,5.84,7.78,5.92,50.1,17.97,5.94
11633,County_11633,Hawaii,Suburban/Small City,,22.01,26.12,21.78,44.63,42.13,3.75
48869,County_48869,West Virginia,Rural,87.7,12.3,15.36,12.89,43.77,22.29,5.48
15563,County_15563,Iowa,Suburban/Small City,68.65,31.35,37.84,31.27,31.98,46.16,4.82
56957,County_56957,Other,Rural,66.0,34.0,41.18,34.33,26.72,56.54,3.62
2793,County_2793,Alaska,Urban,94.81,5.19,5.97,5.47,50.39,16.6,5.69
20735,County_20735,Maryland,Rural,69.12,30.88,36.54,30.73,28.38,43.41,5.08
30021,County_30021,New Jersey,Rural,82.59,17.41,21.27,18.51,46.58,33.0,8.26
39377,County_39377,Rhode Island,Rural,88.36,11.64,14.01,12.26,44.82,18.05,6.7
20785,County_20785,Maryland,Rural,68.65,31.35,37.64,32.13,,46.78,5.42
29181,County_29181,New Hampshire,Rural,95.88,4.12,4.61,4.71,51.23,12.23,3.24
35053,County_35053,Ohio,Rural,77.95,22.05,25.7,21.77,40.44,34.65,8.08
37749,County_37749,Oregon,Rural,66.21,33.79,40.83,33.07,15.0,48.4,5.71
4063,County_4063,Arkansas,Rural,75.55,24.45,29.08,24.91,40.66,35.58,4.87
25163,County_25163,Missouri,Rural,87.57,12.43,14.73,12.89,42.92,27.37,8.06
9123,County_9123,Florida,Rural,78.97,21.03,25.39,21.2,43.55,31.45,7.04
43597,County_43597,Texas,Rural,89.04,10.96,13.76,11.51,48.14,22.61,8.26
50277,County_50277,Wyoming,Urban,84.43,15.57,18.41,15.69,44.14,31.4,5.48
52541,County_52541,Other,Rural,74.83,25.17,28.62,24.61,34.9,32.58,5.3
1867,County_1867,Alabama,Urban,76.02,23.98,28.91,24.98,43.76,38.4,8.67
24679,County_24679,Mississippi,Rural,,8.6,10.53,9.34,49.42,17.09,7.07
4553,County_4553,Arkansas,Rural,65.17,34.83,42.07,35.7,26.55,52.12,5.79
56271,County_56271,Other,Rural,69.88,30.12,35.75,30.05,38.37,41.85,5.85
52917,County_52917,Other,Rural,82.9,17.1,20.44,17.19,48.18,24.02,6.42
41123,County_41123,South Dakota,Rural,72.23,27.77,33.06,28.69,34.14,39.16,7.16
22429,County_22429,Michigan,Rural,80.5,19.5,22.85,19.1,40.89,27.13,6.81
34353,County_34353,North Dakota,Urban,80.07,19.93,22.75,19.95,35.78,35.8,6.78
37389,County_37389,Oregon,Rural,90.54,9.46,11.83,9.54,50.79,18.04,6.13
11601,County_11601,Hawaii,Urban,69.58,30.42,36.52,29.68,32.2,44.69,7.3
13727,County_13727,Illinois,Suburban/Small City,72.35,27.65,33.49,28.69,28.8,42.75,5.56
36165,County_36165,Oklahoma,Rural,75.36,24.64,30.3,25.09,41.26,26.5,5.31
22283,County_22283,Michigan,Suburban/Small City,71.43,28.57,34.33,28.73,21.67,40.29,4.35
9483,County_9483,Florida,Urban,85.67,14.33,17.56,14.61,48.28,31.66,6.03
34361,County_34361,North Dakota,Rural,74.89,25.11,30.38,25.67,42.3,40.18,7.54
25111,County_25111,Missouri,Rural,74.06,25.94,31.72,27.26,37.74,39.57,4.35
48475,County_48475,West Virginia,Suburban/Small City,92.67,7.33,8.14,8.64,,15.45,6.62
56073,County_56073,Other,Urban,69.09,30.91,37.69,31.42,34.53,39.68,5.95
30369,County_30369,New Jersey,Rural,78.4,21.6,25.57,21.06,42.77,38.67,5.73
49251,County_49251,Wisconsin,Urban,74.91,,29.78,25.23,49.15,27.37,6.33
38855,County_38855,Pennsylvania,Rural,68.57,31.43,37.66,31.0,35.86,46.49,
49607,County_49607,Wisconsin,Rural,79.45,20.55,24.46,21.02,49.49,27.86,4.67
45401,County_45401,Vermont,Rural,86.54,13.46,15.84,13.44,41.38,30.47,5.57
40205,County_40205,South Carolina,Rural,73.37,26.63,31.69,27.69,30.19,42.66,7.07
16449,County_16449,Kansas,Urban,79.29,20.71,25.61,20.92,38.27,31.52,6.06
28471,County_28471,Nevada,Urban,78.04,21.96,25.92,21.51,38.98,41.57,5.31
10817,County_10817,Georgia,Urban,83.56,16.44,19.65,17.8,,26.89,5.03
33473,County_33473,North Carolina,Rural,77.14,22.86,27.8,23.75,40.69,,6.45
7225,County_7225,Connecticut,Rural,70.09,29.91,35.67,30.49,33.8,38.03,6.39
53713,County_53713,Other,Rural,91.92,8.08,9.6,8.53,57.56,15.14,6.65
41211,County_41211,South Dakota,Urban,72.76,27.24,32.86,27.81,43.72,35.77,5.32
33959,County_33959,North Carolina,Rural,72.3,27.7,33.32,27.32,44.85,35.75,7.6
7405,County_7405,Connecticut,Rural,68.78,31.22,36.97,31.86,28.86,42.34,6.37
18633,County_18633,Louisiana,Rural,71.13,28.87,35.19,29.13,39.28,47.85,4.24
20033,County_20033,Maryland,Urban,89.01,10.99,12.67,11.49,43.93,29.59,8.55
25851,County_25851,Missouri,Urban,84.52,15.48,18.45,15.63,50.44,23.96,4.54
11779,County_11779,Hawaii,Suburban/Small City,70.85,29.15,34.76,28.15,44.1,40.9,9.08
11149,County_11149,Hawaii,Rural,71.54,28.46,34.3,28.57,28.08,42.62,5.87
5599,County_5599,California,Urban,89.81,10.19,12.85,9.86,48.81,23.52,7.02
42031,County_42031,Tennessee,Urban,70.32,29.68,36.41,29.97,27.6,41.83,2.88
52409,County_52409,Other,Urban,85.27,14.73,18.21,14.67,53.76,21.07,5.38
31981,County_31981,New Mexico,Rural,72.16,27.84,33.63,28.36,26.23,34.46,5.56
10129,County_10129,Georgia,Urban,76.24,23.76,28.5,24.3,34.74,38.13,
40855,County_40855,South Carolina,Suburban/Small City,69.39,30.61,36.03,,34.13,40.74,5.85
54385,County_54385,Other,Urban,77.43,22.57,26.75,,39.07,34.85,11.2
52637,County_52637,Other,Rural,69.97,30.03,36.12,31.01,37.28,44.24,5.52
43001,County_43001,Texas,Urban,89.13,10.87,12.83,12.07,55.2,13.15,3.8
46573,County_46573,Virginia,Rural,90.77,9.23,10.4,10.58,48.69,19.98,5.09
4813,County_4813,Arkansas,Rural,91.42,8.58,10.77,8.9,42.9,20.77,6.51
51309,County_51309,Other,Urban,64.58,35.42,42.69,35.5,28.23,52.82,7.13
18351,County_18351,Louisiana,Rural,71.46,28.54,33.35,28.65,39.82,42.4,4.71
52403,County_52403,Other,Rural,81.02,18.98,23.44,19.77,36.77,27.45,5.61
43439,County_43439,Texas,Rural,72.51,27.49,32.69,28.04,28.72,46.87,5.19
28113,County_28113,Nevada,Urban,,33.58,41.07,33.02,24.87,45.69,6.24
31469,County_31469,New Mexico,Urban,68.6,31.4,37.99,31.68,31.07,40.69,6.98
23479,County_23479,Minnesota,Rural,64.24,35.76,42.24,35.27,20.47,54.18,5.95
20345,County_20345,Maryland,Urban,66.09,33.91,40.79,33.73,28.76,50.31,6.09
27811,County_27811,Nebraska,Suburban/Small City,90.17,9.83,12.22,9.66,47.71,24.22,7.59
41939,County_41939,South Dakota,Rural,76.18,23.82,28.17,24.01,38.84,31.76,6.24
31255,County_31255,New Mexico,Urban,72.07,27.93,33.21,28.03,35.32,42.97,6.51
15311,County_15311,Iowa,Rural,75.34,24.66,29.68,24.92,35.02,42.57,7.85
2115,County_2115,Alaska,Urban,81.02,18.98,22.82,18.69,38.0,30.56,6.94
45483,County_45483,Vermont,Urban,94.24,5.76,6.57,5.24,56.39,21.32,8.68
11853,County_11853,Hawaii,Rural,73.82,26.18,30.85,27.32,39.62,43.71,4.87
4685,County_4685,Arkansas,Rural,70.54,29.46,35.62,29.78,26.07,45.61,4.39
15357,County_15357,Iowa,Rural,83.5,16.5,19.78,16.75,50.39,28.69,6.35
5241,County_5241,California,Rural,68.32,31.68,38.03,32.32,38.21,46.01,3.78
12863,County_12863,Idaho,Urban,87.25,12.75,15.52,12.69,47.3,21.83,5.29
12905,County_12905,Idaho,Urban,77.86,22.14,26.71,22.38,36.79,39.7,3.81
28281,County_28281,Nevada,Rural,77.27,22.73,27.5,22.57,,35.76,7.62
34969,County_34969,North Dakota,Urban,79.23,20.77,24.89,21.07,33.93,34.64,7.35
4233,County_4233,Arkansas,Suburban/Small City,79.02,20.98,24.28,22.3,47.75,41.23,4.87
52809,County_52809,Other,Urban,66.21,33.79,40.41,33.82,35.18,46.76,7.99
52737,County_52737,Other,Rural,82.19,17.81,21.9,18.16,44.96,37.69,8.52
5911,County_5911,California,Rural,71.25,28.75,,28.17,30.94,32.86,5.41
45099,County_45099,Vermont,Rural,79.57,20.43,25.15,20.7,45.88,32.44,7.51
8477,County_8477,Delaware,Rural,77.66,22.34,27.11,22.25,36.08,35.62,
39805,County_39805,Rhode Island,Urban,80.58,19.42,23.6,19.07,38.85,27.34,3.61
17541,County_17541,Kentucky,Rural,67.15,,38.86,32.97,39.48,43.47,6.26
53275,County_53275,Other,Rural,77.77,22.23,27.21,22.32,31.22,31.94,6.82
13485,County_13485,Illinois,Urban,85.68,14.32,16.94,13.74,39.05,27.66,5.49
16541,County_16541,Kansas,Rural,91.07,8.93,10.75,9.75,49.27,15.78,5.75
19907,County_19907,Maine,Rural,89.16,10.84,12.91,10.6,56.93,18.87,5.47
56521,County_56521,Other,Urban,84.44,15.56,18.37,15.22,46.43,23.41,5.02
38507,County_38507,Pennsylvania,Rural,74.47,25.53,31.16,25.73,43.66,41.26,6.6
11357,County_11357,Hawaii,Rural,86.65,,15.51,12.73,37.78,19.33,6.39
48291,County_48291,West Virginia,Urban,85.56,14.44,17.65,14.91,57.6,26.62,6.11
24249,County_24249,Mississippi,Rural,,29.23,34.35,29.11,40.9,38.73,6.34
51923,County_51923,Other,Rural,72.52,27.48,32.46,27.21,34.18,44.95,
34563,County_34563,North Dakota,Rural,78.24,21.76,26.24,,42.09,,3.92
8587,County_8587,Delaware,Urban,86.87,13.13,15.42,14.03,51.35,24.07,5.85
44045,County_44045,Utah,Rural,83.81,16.19,19.05,16.4,36.48,27.71,5.67
45515,County_45515,Vermont,Urban,69.34,30.66,36.91,30.63,25.06,45.32,6.79
16219,County_16219,Kansas,Rural,77.89,22.11,26.02,22.71,42.82,30.82,5.45
40715,County_40715,South Carolina,Suburban/Small City,,25.19,30.15,24.44,45.65,39.77,5.18
3537,County_3537,Arizona,Urban,89.88,10.12,13.07,11.01,48.9,34.02,4.44
35467,County_35467,Ohio,Rural,79.18,20.82,25.44,22.46,38.56,35.6,3.36
42503,County_42503,Tennessee,Rural,79.03,20.97,25.34,21.42,31.03,33.19,5.6
47369,County_47369,Washington,Urban,81.13,18.87,23.64,18.68,44.45,33.48,6.75
45367,County_45367,Vermont,Urban,93.88,6.12,6.59,,49.61,14.81,6.2
13483,County_13483,Illinois,Urban,79.78,20.22,22.16,20.58,38.85,30.91,4.26
50613,County_50613,Wyoming,Rural,81.86,18.14,21.04,17.76,37.72,25.84,6.01
17269,County_17269,Kentucky,Rural,82.86,17.14,20.98,16.9,36.65,29.56,5.69
30549,County_30549,New Jersey,Rural,75.78,24.22,28.63,24.56,,35.16,5.11
43417,County_43417,Texas,Rural,,26.32,31.94,26.76,,39.19,6.13
13553,County_13553,Illinois,Rural,72.64,27.36,33.0,28.38,39.21,39.08,8.6
14087,County_14087,Indiana,Urban,73.57,26.43,31.51,26.66,33.65,35.77,6.84
44237,County_44237,Utah,Suburban/Small City,81.16,18.84,22.79,18.45,,24.96,4.59
17419,County_17419,Kentucky,Rural,89.28,10.72,13.69,10.47,55.66,22.65,6.7
42837,County_42837,Tennessee,Rural,82.9,17.1,21.43,17.69,44.3,29.27,4.23
11687,County_11687,Hawaii,Urban,82.69,17.31,20.66,17.06,41.96,27.79,4.1
22397,County_22397,Michigan,Rural,90.48,9.52,12.37,9.47,43.45,,4.97
8879,County_8879,Delaware,Urban,83.78,16.22,19.49,16.4,31.06,26.12,3.06
17585,County_17585,Kentucky,Urban,84.29,15.71,19.46,15.88,40.28,,3.36
28313,County_28313,Nevada,Rural,66.69,33.31,40.14,34.39,32.44,52.77,5.73
19443,County_19443,Maine,Rural,80.96,19.04,22.84,19.23,40.0,27.66,5.59
18601,County_18601,Louisiana,Urban,90.28,9.72,12.25,9.89,55.31,28.55,7.48
9961,County_9961,Florida,Rural,72.86,27.14,32.56,27.47,41.95,43.97,6.37
7911,County_7911,Connecticut,Rural,88.86,11.14,13.61,10.9,45.66,19.77,3.19
34825,County_34825,North Dakota,Urban,83.98,16.02,19.4,17.15,50.77,35.07,6.29
56233,County_56233,Other,Urban,81.05,18.95,22.85,19.51,44.07,32.54,4.22
31295,County_31295,New Mexico,Rural,83.31,16.69,19.67,17.11,42.66,23.78,4.57
11623,County_11623,Hawaii,Rural,70.66,29.34,35.41,29.82,35.17,43.89,6.82
35657,County_35657,Ohio,Rural,75.84,24.16,28.59,24.62,36.35,29.73,5.91
6351,County_6351,Colorado,Suburban/Small City,71.04,28.96,34.75,28.4,39.03,37.7,4.4
27065,County_27065,Nebraska,Rural,78.3,21.7,26.37,22.04,36.35,31.36,3.72
26317,County_26317,Montana,Rural,83.93,16.07,19.13,16.15,41.39,25.12,
53155,County_53155,Other,Rural,78.22,21.78,25.86,21.6,38.13,31.7,4.81
27091,County_27091,Nebraska,Urban,65.64,34.36,40.46,34.81,27.6,51.79,6.67
4737,County_4737,Arkansas,Rural,73.3,26.7,31.36,26.33,45.62,36.05,4.62
47873,County_47873,Washington,Rural,75.89,24.11,29.79,23.31,36.15,32.8,4.43
9675,County_9675,Florida,Rural,68.09,31.91,38.51,31.59,24.87,46.76,4.13
43657,County_43657,Texas,Rural,88.06,11.94,14.44,11.86,47.05,26.73,6.9
50723,County_50723,Wyoming,Rural,90.74,9.26,11.03,9.54,40.78,18.67,8.6
54755,County_54755,Other,Urban,73.31,26.69,32.5,26.8,32.08,34.35,5.03
13671,County_13671,Illinois,Suburban/Small City,63.64,36.36,43.86,36.09,22.36,58.38,3.09
12505,County_12505,Idaho,Rural,68.12,31.88,38.22,32.05,35.67,42.5,5.85
18517,County_18517,Louisiana,Rural,84.87,15.13,17.86,15.78,47.56,30.55,6.33
53881,County_53881,Other,Urban,86.61,,16.45,13.22,51.08,21.28,6.64
43815,County_43815,Texas,Rural,91.08,8.92,10.59,9.56,51.62,20.74,2.52
36431,County_36431,Oklahoma,Rural,82.32,17.68,21.58,17.92,39.36,30.52,4.43
34131,County_34131,North Dakota,Urban,75.22,24.78,29.79,25.8,40.77,38.07,5.94
52567,County_52567,Other,Rural,69.0,31.0,37.3,31.43,35.49,,6.53
44097,County_44097,Utah,Rural,65.03,34.97,42.14,35.44,24.65,46.45,6.31
4551,County_4551,Arkansas,Urban,80.27,19.73,23.39,19.99,48.1,28.68,5.56
18619,County_18619,Louisiana,Urban,65.94,34.06,41.01,33.99,32.29,45.7,5.82
13309,County_13309,Illinois,Rural,84.41,15.59,18.84,15.04,,25.83,6.49
23813,County_23813,Minnesota,Rural,95.94,4.06,5.71,5.21,54.35,15.66,
13381,County_13381,Illinois,Rural,73.84,26.16,31.31,27.39,28.29,46.52,7.76
20611,County_20611,Maryland,Urban,85.58,14.42,17.3,14.99,,23.32,6.99
7099,County_7099,Connecticut,Rural,73.18,26.82,31.79,27.97,35.59,35.3,6.93
52217,County_52217,Other,Rural,66.08,33.92,41.76,32.97,29.1,45.71,
33055,County_33055,North Carolina,Suburban/Small City,76.15,23.85,28.76,23.9,33.78,47.91,4.63
24663,County_24663,Mississippi,Rural,85.07,14.93,17.37,14.42,47.39,27.59,5.18
27763,County_27763,Nebraska,Rural,80.15,19.85,24.26,20.5,31.39,30.48,8.4
24467,County_24467,Mississippi,Rural,88.0,12.0,14.18,12.3,44.91,24.82,7.14
24455,County_24455,Mississippi,Urban,84.93,15.07,17.9,15.37,44.9,25.16,6.78
49213,County_49213,Wisconsin,Rural,67.73,32.27,39.42,32.52,24.14,46.92,5.69
38153,County_38153,Pennsylvania,Rural,70.92,29.08,34.93,29.58,28.62,,
44323,County_44323,Utah,Rural,84.47,15.53,18.58,16.3,48.25,14.48,8.2
44673,County_44673,Utah,Rural,87.97,12.03,14.24,12.36,48.96,28.12,7.43
50373,County_50373,Wyoming,Urban,78.91,21.09,25.14,21.37,43.57,38.77,6.41
37059,County_37059,Oregon,Rural,79.8,20.2,23.91,20.84,43.16,,5.05
27069,County_27069,Nebraska,Rural,72.63,,33.17,27.09,31.16,45.59,6.18
51655,County_51655,Other,Rural,81.14,18.86,22.68,19.75,35.34,26.0,3.74
31433,County_31433,New Mexico,Urban,79.18,20.82,24.38,21.38,46.72,26.03,6.94
54769,County_54769,Other,Suburban/Small City,89.43,,12.3,9.77,49.37,15.18,5.89
13061,County_13061,Illinois,Urban,87.76,12.24,15.04,12.32,43.81,25.83,6.03
4829,County_4829,Arkansas,Suburban/Small City,75.69,24.31,28.94,24.45,37.94,31.03,7.27
43577,County_43577,Texas,Rural,64.28,35.72,42.91,35.46,,53.01,5.74
56181,County_56181,Other,Urban,88.34,11.66,14.48,12.0,52.97,24.06,7.36
23847,County_23847,Minnesota,Rural,64.99,35.01,41.1,,25.05,43.2,3.37
19989,County_19989,Maine,Urban,75.53,24.47,29.22,24.46,34.52,41.22,6.89
13301,County_13301,Illinois,Rural,84.03,15.97,18.81,16.39,48.53,30.35,5.19
14765,County_14765,Indiana,Urban,72.96,27.04,32.87,26.91,33.08,42.15,3.08
46279,County_46279,Virginia,Rural,86.29,13.71,17.17,13.7,48.74,21.4,3.59
55335,County_55335,Other,Rural,80.73,19.27,23.93,19.65,41.0,29.79,6.26
2337,County_2337,Alaska,Rural,77.67,22.33,26.87,,49.27,32.64,7.12
2783,County_2783,Alaska,Urban,68.8,,37.07,32.25,32.31,43.9,5.84
41109,County_41109,South Dakota,Rural,83.91,16.09,18.91,16.04,43.72,32.49,7.12
26585,County_26585,Montana,Urban,78.7,21.3,25.56,22.47,40.11,30.71,7.82
16181,County_16181,Kansas,Urban,71.12,,34.35,28.89,47.94,34.63,6.73
2567,County_2567,Alaska,Suburban/Small City,80.34,19.66,23.91,19.53,35.29,23.7,6.82
16487,County_16487,Kansas,Urban,74.6,25.4,30.76,26.49,27.93,42.06,8.26
20331,County_20331,Maryland,Urban,74.6,25.4,30.75,25.21,31.77,43.8,8.36
54981,County_54981,Other,Rural,90.38,9.62,11.54,9.67,52.51,22.78,3.75
11751,County_11751,Hawaii,Urban,,19.69,23.05,19.92,36.7,31.18,6.07
44635,County_44635,Utah,Urban,73.64,26.36,31.95,26.57,30.78,32.41,1.87
35917,County_35917,Ohio,Rural,88.71,11.29,13.05,10.61,46.97,23.04,10.18
52067,County_52067,Other,Rural,87.25,12.75,14.39,,45.85,18.81,6.58
3387,County_3387,Arizona,Rural,74.95,25.05,30.37,26.29,31.48,40.4,6.98
32903,County_32903,New York,Rural,73.58,26.42,32.41,26.87,33.13,41.74,6.53
1799,County_1799,Alabama,Urban,61.08,38.92,46.13,38.41,24.4,50.51,4.65
42679,County_42679,Tennessee,Rural,77.79,22.21,26.86,23.11,31.91,36.3,3.5
34921,County_34921,North Dakota,Urban,85.72,14.28,18.27,14.94,44.07,30.52,6.74
40953,County_40953,South Carolina,Urban,87.84,12.16,14.88,12.93,53.37,23.68,5.77
13419,County_13419,Illinois,Rural,68.27,31.73,38.77,32.16,,40.71,6.22
56439,County_56439,Other,Suburban/Small City,72.79,27.21,32.67,27.22,37.01,41.5,6.11
44441,County_44441,Utah,Urban,85.31,14.69,17.15,15.05,31.68,33.79,5.43
33473,County_33473,North Carolina,Rural,86.82,13.18,16.24,13.65,40.77,30.72,7.53
47053,County_47053,Washington,Urban,82.33,17.67,20.74,17.81,44.91,27.2,6.03
36421,County_36421,Oklahoma,Urban,90.33,9.67,11.31,9.99,48.48,22.62,7.09
27847,County_27847,Nebraska,Rural,77.75,22.25,27.63,21.93,38.46,33.67,6.24
18427,County_18427,Louisiana,Suburban/Small City,84.56,15.44,19.02,15.8,42.64,25.32,6.19
52989,County_52989,Other,Urban,69.13,30.87,37.03,32.19,34.45,,3.8
33665,County_33665,North Carolina,Suburban/Small City,90.15,9.85,11.71,9.97,53.04,24.78,3.94
55849,County_55849,Other,Rural,85.16,14.84,18.28,14.91,44.93,27.94,6.75
52205,County_52205,Other,Rural,83.43,16.57,20.51,17.11,39.81,32.69,5.82
38941,County_38941,Pennsylvania,Urban,76.0,24.0,28.91,23.89,36.04,40.56,4.51
36527,County_36527,Oklahoma,Urban,64.33,35.67,42.84,35.94,20.61,49.77,6.16
16497,County_16497,Kansas,Urban,,28.84,,29.39,35.93,35.51,3.27
48093,County_48093,West Virginia,Suburban/Small City,65.56,34.44,41.16,34.7,38.25,46.61,5.16
15887,County_15887,Iowa,Suburban/Small City,79.46,20.54,25.54,21.23,33.9,28.89,9.75
7069,County_7069,Connecticut,Urban,92.98,7.02,7.92,7.1,51.94,15.1,6.6
14183,County_14183,Indiana,Suburban/Small City,66.66,33.34,39.39,33.8,24.36,54.12,8.03
9667,County_9667,Florida,Rural,65.04,34.96,41.56,35.27,22.24,53.22,5.06
14851,County_14851,Indiana,Rural,85.11,14.89,17.81,15.04,41.96,24.48,7.62
10627,County_10627,Georgia,Suburban/Small City,90.25,9.75,11.54,9.93,,16.79,7.43
14699,County_14699,Indiana,Rural,72.04,27.96,33.44,28.53,27.31,33.24,5.1
17317,County_17317,Kentucky,Suburban/Small City,77.64,22.36,26.97,23.8,32.11,36.71,4.16
31289,County_31289,New Mexico,Urban,78.94,21.06,25.49,20.81,46.07,34.45,3.86
49737,County_49737,Wisconsin,Rural,82.68,17.32,21.0,17.3,50.5,33.13,7.12
52931,County_52931,Other,Suburban/Small City,93.01,6.99,8.41,7.58,47.85,26.35,7.72
8237,County_8237,Delaware,Rural,67.24,32.76,39.27,33.07,39.29,42.27,
11841,County_11841,Hawaii,Urban,73.76,26.24,31.24,25.86,33.52,31.45,6.93
21329,County_21329,Massachusetts,Rural,90.05,9.95,10.86,11.15,57.83,25.39,8.19
22473,County_22473,Michigan,Urban,94.21,5.79,,6.32,59.14,9.93,7.15
40401,County_40401,South Carolina,Urban,67.62,32.38,39.18,33.3,39.37,50.66,7.75
21401,County_21401,Massachusetts,Rural,75.76,24.24,28.52,24.79,37.83,40.88,6.3
47431,County_47431,Washington,Urban,82.82,17.18,20.8,17.72,42.8,25.64,6.25
39851,County_39851,Rhode Island,Suburban/Small City,66.51,33.49,39.47,33.33,28.44,46.06,7.75
16755,County_16755,Kansas,Rural,63.62,36.38,43.39,36.91,20.66,46.69,7.03
27933,County_27933,Nebraska,Suburban/Small City,74.7,25.3,30.68,25.58,32.94,42.02,7.36
42805,County_42805,Tennessee,Urban,72.51,27.49,32.2,27.72,35.41,45.4,8.03
54033,County_54033,Other,Rural,84.83,15.17,18.05,14.97,46.41,28.05,7.73
31465,County_31465,New Mexico,Suburban/Small City,87.28,12.72,15.39,13.54,47.99,28.45,5.02
23669,County_23669,Minnesota,Suburban/Small City,88.46,11.54,14.31,11.79,46.67,23.87,6.17
25097,County_25097,Missouri,Rural,63.59,36.41,43.46,35.74,29.69,49.42,5.15
20955,County_20955,Maryland,Suburban/Small City,80.15,19.85,23.22,19.75,33.89,27.97,6.51
25431,County_25431,Missouri,Urban,,25.42,30.6,25.44,,31.58,6.52
13613,County_13613,Illinois,Urban,62.21,37.79,45.94,37.61,32.5,48.47,5.18
38613,County_38613,Pennsylvania,Urban,85.09,14.91,18.24,15.14,44.35,24.61,6.99
19033,County_19033,Maine,Rural,63.28,36.72,44.06,36.11,26.4,55.78,3.69
47049,County_47049,Washington,Rural,74.68,25.32,30.16,25.58,38.71,42.9,
53369,County_53369,Other,Rural,77.88,22.12,26.29,21.34,44.25,36.55,7.13
25489,County_25489,Missouri,Rural,90.58,9.42,10.53,9.34,49.23,15.09,6.11
18767,County_18767,Louisiana,Rural,75.09,24.91,29.8,25.69,37.0,41.74,5.95
52723,County_52723,Other,Urban,86.09,13.91,16.88,13.89,38.17,30.61,6.37
30169,County_30169,New Jersey,Rural,70.56,29.44,35.6,29.66,31.99,48.51,5.07
51663,County_51663,Other,Rural,86.34,13.66,17.47,14.28,50.3,27.65,7.23
6135,County_6135,Colorado,Rural,90.56,,11.67,9.84,52.22,18.92,5.08
13833,County_13833,Illinois,Rural,61.27,38.73,45.91,38.83,30.63,55.57,5.18
23381,County_23381,Minnesota,Suburban/Small City,84.96,15.04,,15.04,41.01,29.93,8.03
18079,County_18079,Louisiana,Urban,75.85,24.15,29.6,24.7,41.61,44.25,7.1
35335,County_35335,Ohio,Rural,81.81,18.19,21.33,18.41,36.55,33.61,4.98
43105,County_43105,Texas,Rural,84.08,15.92,19.92,16.54,40.88,19.01,7.24
48969,County_48969,West Virginia,Rural,70.37,29.63,35.58,29.16,39.13,44.95,5.65
31041,County_31041,New Mexico,Urban,78.2,21.8,25.88,22.58,,44.79,2.11
10197,County_10197,Georgia,Urban,76.14,23.86,28.56,24.17,41.0,31.22,4.84
15663,County_15663,Iowa,Rural,87.09,12.91,15.86,12.27,53.65,23.51,5.75
17773,County_17773,Kentucky,Urban,81.59,18.41,23.12,18.01,42.05,31.78,7.04
12941,County_12941,Idaho,Suburban/Small City,76.7,23.3,28.52,23.98,46.69,39.62,9.19
40847,County_40847,South Carolina,Suburban/Small City,80.97,19.03,22.03,19.27,36.79,34.49,7.15
20059,County_20059,Maryland,Suburban/Small City,79.84,20.16,23.82,20.82,49.72,19.03,8.58
16071,County_16071,Kansas,Suburban/Small City,77.06,22.94,27.8,23.25,40.02,30.59,6.26
22767,County_22767,Michigan,Urban,63.78,36.22,42.92,36.55,21.99,46.1,3.16
4055,County_4055,Arkansas,Urban,65.11,34.89,41.92,35.62,32.28,41.48,6.3
28519,County_28519,Nevada,Suburban/Small City,80.92,19.08,23.18,19.45,43.65,35.39,7.23
55629,County_55629,Other,Urban,,10.9,12.79,10.63,46.35,27.73,5.95
54801,County_54801,Other,Rural,90.02,9.98,11.63,10.21,52.26,17.68,6.77
26223,County_26223,Montana,Urban,83.56,16.44,20.06,16.85,44.39,32.16,5.5
28493,County_28493,Nevada,Rural,62.42,37.58,45.46,37.53,,54.84,2.28
46881,County_46881,Virginia,Rural,64.77,35.23,41.42,35.92,35.94,43.42,4.37
20497,County_20497,Maryland,Rural,91.71,8.29,10.23,8.61,60.28,,5.28
38733,County_38733,Pennsylvania,Urban,88.63,11.37,14.31,12.47,50.1,16.16,6.93
19497,County_19497,Maine,Urban,70.37,29.63,35.69,30.29,32.28,36.86,7.11
42225,County_42225,Tennessee,Suburban/Small City,70.79,29.21,34.25,29.57,,33.86,6.75
38271,County_38271,Pennsylvania,Rural,80.98,19.02,22.8,18.33,50.94,34.74,3.45
53187,County_53187,Other,Rural,78.47,21.53,,21.41,42.19,35.94,8.87
3345,County_3345,Arizona,Rural,66.21,33.79,40.65,34.49,26.13,50.21,6.76
54983,County_54983,Other,Suburban/Small City,84.2,15.8,19.31,16.08,44.59,25.96,
36385,County_36385,Oklahoma,Rural,69.3,30.7,36.59,31.28,40.76,40.46,8.02
6983,County_6983,Colorado,Suburban/Small City,73.28,26.72,32.11,26.84,38.8,34.63,6.59
49799,County_49799,Wisconsin,Urban,66.53,33.47,41.15,33.4,33.99,47.67,6.07
5439,County_5439,California,Urban,,18.96,22.65,18.76,32.75,28.91,4.62
55503,County_55503,Other,Suburban/Small City,66.83,33.17,39.94,32.92,31.73,50.49,2.97
42723,County_42723,Tennessee,Suburban/Small City,70.13,29.87,35.46,31.2,31.69,40.73,4.49
47949,County_47949,Washington,Rural,79.56,20.44,24.91,20.46,42.8,32.79,7.55
54637,County_54637,Other,Urban,87.23,,15.81,12.55,52.22,22.46,8.89
31311,County_31311,New Mexico,Urban,65.98,34.02,41.99,34.21,34.67,44.59,6.89
21229,County_21229,Massachusetts,Rural,82.77,17.23,20.6,17.64,34.71,30.58,4.92
42033,County_42033,Tennessee,Rural,75.12,24.88,29.95,24.58,38.63,31.97,7.21
53803,County_53803,Other,Urban,68.21,31.79,37.63,31.62,24.8,45.56,5.99
12839,County_12839,Idaho,Urban,76.26,23.74,28.36,22.9,36.35,26.16,3.51
16695,County_16695,Kansas,Rural,75.98,24.02,29.1,24.35,39.77,36.76,7.78
5353,County_5353,California,Urban,82.68,17.32,20.6,17.2,46.81,,5.48
49135,County_49135,Wisconsin,Urban,89.73,10.27,12.32,10.25,55.0,13.05,7.5
45375,County_45375,Vermont,Rural,74.39,25.61,31.59,24.96,32.03,34.39,4.18
32691,County_32691,New York,Urban,,29.29,35.19,30.21,27.09,47.38,
7897,County_7897,Connecticut,Rural,76.27,23.73,27.97,24.47,35.75,34.09,2.63
14269,County_14269,Indiana,Rural,90.79,9.21,11.18,8.41,48.41,18.82,9.13
2851,County_2851,Alaska,Rural,92.08,7.92,8.31,8.81,56.53,17.1,
37753,County_37753,Oregon,Rural,73.31,26.69,31.68,27.54,37.32,32.46,8.27
10573,County_10573,Georgia,Rural,66.17,33.83,41.03,33.56,23.28,47.52,8.51
15133,County_15133,Iowa,Rural,80.94,19.06,,18.53,40.43,33.2,6.65
38515,County_38515,Pennsylvania,Suburban/Small City,80.42,19.58,23.92,19.74,42.29,26.87,5.03
48549,County_48549,West Virginia,Urban,81.09,18.91,22.69,18.3,40.68,25.69,
28139,County_28139,Nevada,Suburban/Small City,69.68,30.32,36.11,30.62,29.13,43.8,5.76
34855,County_34855,North Dakota,Suburban/Small City,70.42,29.58,35.81,30.26,41.28,36.89,8.92
20667,County_20667,Maryland,Suburban/Small City,65.43,34.57,40.9,34.29,34.0,,4.06
18971,County_18971,Louisiana,Urban,67.63,32.37,39.53,31.52,27.33,45.08,5.23
55629,County_55629,Other,Rural,76.8,23.2,27.7,23.65,41.95,34.65,9.23
31737,County_31737,New Mexico,Urban,77.86,22.14,26.29,22.21,51.28,37.97,3.59
56481,County_56481,Other,Urban,67.02,32.98,39.44,32.77,32.74,52.83,6.13
20253,County_20253,Maryland,Suburban/Small City,75.9,24.1,29.5,25.34,40.14,37.86,5.71
21735,County_21735,Massachusetts,Urban,84.36,15.64,18.03,15.32,,32.91,7.22
11473,County_11473,Hawaii,Suburban/Small City,79.98,20.02,23.83,19.58,50.88,38.98,7.73
12959,County_12959,Idaho,Urban,68.78,31.22,37.46,30.33,31.88,48.21,4.86
9833,County_9833,Florida,Suburban/Small City,73.05,26.95,32.33,26.81,36.96,42.79,8.57
4653,County_4653,Arkansas,Urban,79.07,20.93,24.85,21.47,48.55,35.79,7.1
44093,County_44093,Utah,Rural,75.79,24.21,29.21,23.75,37.28,39.1,5.67
54755,County_54755,Other,Rural,77.3,22.7,27.73,24.06,35.13,38.42,8.31
45751,County_45751,Vermont,Rural,83.48,16.52,20.11,16.63,35.19,32.26,5.4
40193,County_40193,South Carolina,Rural,79.55,20.45,25.08,20.92,37.22,28.93,8.03
55063,County_55063,Other,Suburban/Small City,65.51,34.49,41.51,35.61,29.64,51.37,4.94
32081,County_32081,New York,Rural,62.59,37.41,44.96,37.6,27.57,49.16,4.21
35015,County_35015,Ohio,Suburban/Small City,66.5,33.5,40.87,33.44,31.25,51.86,6.31
51403,County_51403,Other,Rural,88.87,11.13,13.91,,50.42,19.59,6.38
13767,County_13767,Illinois,Urban,72.56,27.44,32.27,27.77,45.42,39.98,6.8
44139,County_44139,Utah,Suburban/Small City,90.69,9.31,11.28,9.87,46.68,21.35,5.1
49175,County_49175,Wisconsin,Urban,74.87,25.13,30.97,24.86,28.86,39.81,8.38
18859,County_18859,Louisiana,Rural,81.42,18.58,21.55,19.0,40.9,34.32,6.7
46817,County_46817,Virginia,Rural,81.59,18.41,21.96,18.56,51.71,27.69,5.62
39109,County_39109,Rhode Island,Rural,77.44,22.56,27.71,22.9,41.19,41.57,4.14
25789,County_25789,Missouri,Urban,87.25,,15.46,13.39,41.35,23.58,7.43
10975,County_10975,Georgia,Suburban/Small City,89.36,10.64,13.14,11.48,45.28,18.12,5.23
53733,County_53733,Other,Rural,65.73,34.27,41.41,34.5,26.9,41.8,6.11
11091,County_11091,Hawaii,Rural,69.68,30.32,35.94,31.18,41.86,41.8,5.37
27391,County_27391,Nebraska,Suburban/Small City,93.26,6.74,8.3,6.78,,15.35,6.18
4395,County_4395,Arkansas,Rural,75.11,24.89,29.12,25.41,42.19,43.06,6.02
44687,County_44687,Utah,Suburban/Small City,69.79,30.21,37.08,29.94,33.35,47.27,6.0
37845,County_37845,Oregon,Suburban/Small City,82.64,17.36,20.25,17.38,44.47,35.15,5.68
50839,County_50839,Wyoming,Urban,73.03,26.97,32.44,27.44,32.89,39.59,4.53
5829,County_5829,California,Suburban/Small City,77.28,22.72,26.6,22.26,43.17,38.77,4.89
22797,County_22797,Michigan,Rural,84.47,15.53,18.45,,52.08,23.89,8.02
43529,County_43529,Texas,Rural,94.74,5.26,5.98,5.27,50.4,5.06,5.09
30025,County_30025,New Jersey,Urban,,27.73,33.78,28.86,29.25,42.23,6.25
51981,County_51981,Other,Rural,86.17,13.83,17.7,14.14,44.01,30.83,5.73
31341,County_31341,New Mexico,Rural,94.25,5.75,6.83,6.56,50.8,20.35,5.29
17543,County_17543,Kentucky,Suburban/Small City,86.66,13.34,16.04,13.17,42.64,21.8,6.64
47159,County_47159,Washington,Rural,88.25,11.75,14.22,12.78,52.03,25.69,5.33
22889,County_22889,Michigan,Rural,70.59,29.41,35.51,,32.23,40.53,8.81
13403,County_13403,Illinois,Rural,82.6,17.4,21.23,17.67,32.27,33.95,4.78
30695,County_30695,New Jersey,Rural,78.73,21.27,25.61,21.06,35.31,31.59,5.42
16393,County_16393,Kansas,Rural,80.5,19.5,23.31,18.59,50.44,29.18,5.37
32857,County_32857,New York,Rural,74.91,25.09,,25.23,46.8,30.47,
50431,County_50431,Wyoming,Rural,93.7,6.3,7.85,7.4,46.37,22.19,6.73
19767,County_19767,Maine,Urban,67.03,32.97,40.14,33.21,32.59,52.2,4.78
23117,County_23117,Minnesota,Urban,91.41,8.59,10.26,8.61,53.24,19.51,6.33
2549,County_2549,Alaska,Rural,89.67,10.33,12.41,10.17,50.39,12.54,7.94
37179,County_37179,Oregon,Rural,80.5,19.5,23.34,19.9,33.48,30.86,5.66
46599,County_46599,Virginia,Rural,70.13,29.87,36.49,30.3,37.73,45.68,4.45
36489,County_36489,Oklahoma,Rural,84.98,15.02,17.34,14.86,43.13,29.53,5.84
20549,County_20549,Maryland,Rural,62.7,37.3,45.39,36.24,28.18,50.18,5.1
1033,County_1033,Alabama,Rural,78.02,21.98,26.45,21.85,40.35,42.07,4.17
56471,County_56471,Other,Suburban/Small City,84.29,15.71,18.95,14.34,,,8.68
3407,County_3407,Arizona,Rural,71.34,28.66,34.6,28.57,33.51,37.08,5.0
18467,County_18467,Louisiana,Rural,64.19,35.81,43.49,35.99,31.43,51.78,3.2
15487,County_15487,Iowa,Urban,77.54,22.46,26.27,22.35,35.9,33.63,8.61
13643,County_13643,Illinois,Rural,66.29,33.71,41.08,33.94,19.47,59.6,4.11
24709,County_24709,Mississippi,Urban,,16.77,20.51,17.08,41.45,28.88,3.63
11983,County_11983,Hawaii,Rural,72.84,27.16,32.82,27.07,36.45,42.0,4.35
19805,County_19805,Maine,Rural,70.82,,34.25,28.92,28.15,49.52,4.6
39169,County_39169,Rhode Island,Rural,77.91,22.09,27.38,22.03,41.43,37.14,4.9
20315,County_20315,Maryland,Suburban/Small City,67.55,32.45,39.01,32.54,37.32,42.86,5.09
35785,County_35785,Ohio,Rural,81.57,18.43,21.81,18.0,39.23,25.76,5.25
34859,County_34859,North Dakota,Urban,73.04,26.96,31.95,27.31,31.06,40.38,6.04
14461,County_14461,Indiana,Urban,79.49,20.51,24.09,20.22,,33.67,7.71
5583,County_5583,California,Rural,80.37,19.63,23.2,19.59,33.05,27.88,1.68
11485,County_11485,Hawaii,Suburban/Small City,72.64,27.36,32.08,28.44,33.21,35.9,5.22
54463,County_54463,Other,Rural,82.95,17.05,21.0,17.03,50.64,28.89,5.21
4017,County_4017,Arkansas,Rural,90.55,9.45,11.8,10.6,49.53,23.21,5.79
43481,County_43481,Texas,Urban,68.1,31.9,38.29,31.23,28.99,38.13,4.43
28645,County_28645,Nevada,Urban,74.76,25.24,29.79,25.42,33.11,42.4,4.81
37317,County_37317,Oregon,Rural,66.12,33.88,41.61,34.13,45.8,48.87,7.5
55783,County_55783,Other,Rural,84.67,15.33,18.15,15.46,33.87,29.47,6.38
28339,County_28339,Nevada,Rural,62.94,37.06,45.14,37.5,28.91,50.88,4.96
33573,County_33573,North Carolina,Urban,77.14,22.86,26.85,23.42,34.5,31.9,5.0
22855,County_22855,Michigan,Rural,68.94,31.06,37.03,31.78,27.5,44.76,2.02
32419,County_32419,New York,Rural,77.08,22.92,28.07,23.6,29.85,43.9,5.51
16865,County_16865,Kansas,Urban,63.73,36.27,43.92,36.13,26.09,51.05,8.16
50077,County_50077,Wyoming,Rural,72.98,27.02,33.24,27.52,35.22,41.5,4.3
1775,County_1775,Alabama,Suburban/Small City,67.75,32.25,38.62,32.2,34.34,46.04,
54283,County_54283,Other,Rural,83.96,16.04,18.8,16.53,,26.57,6.15
15005,County_15005,Iowa,Rural,61.96,38.04,44.55,38.7,24.13,54.62,4.82
13337,County_13337,Illinois,Rural,,17.98,21.35,17.92,37.96,34.7,2.89
19329,County_19329,Maine,Rural,83.86,16.14,19.65,16.58,41.06,30.35,6.2
47577,County_47577,Washington,Urban,73.41,26.59,32.06,27.02,41.49,,6.69
43653,County_43653,Texas,Rural,70.94,29.06,34.47,30.0,36.2,46.11,8.42
25665,County_25665,Missouri,Suburban/Small City,69.75,30.25,36.59,30.23,42.48,38.68,6.61
35447,County_35447,Ohio,Rural,86.62,13.38,15.01,13.28,48.47,23.21,4.3
19917,County_19917,Maine,Urban,69.98,30.02,35.79,30.27,24.1,46.65,6.05
28493,County_28493,Nevada,Urban,78.89,21.11,26.1,20.83,47.46,37.41,
22795,County_22795,Michigan,Suburban/Small City,78.16,21.84,26.22,22.06,38.83,37.62,5.37
31145,County_31145,New Mexico,Urban,96.39,3.61,4.25,,55.61,17.37,6.27
55823,County_55823,Other,Rural,84.34,15.66,18.73,15.22,52.77,26.95,5.6
40207,County_40207,South Carolina,Rural,80.97,19.03,22.4,19.7,42.75,30.2,8.74
4593,County_4593,Arkansas,Rural,91.88,8.12,9.64,,52.39,30.31,5.64
50063,County_50063,Wyoming,Rural,74.11,25.89,30.47,,38.58,44.8,6.93
35607,County_35607,Ohio,Rural,87.27,12.73,14.71,13.21,46.69,24.67,5.4
5927,County_5927,California,Urban,67.26,32.74,39.23,32.89,26.25,51.39,6.37
55247,County_55247,Other,Rural,87.76,12.24,14.81,13.02,41.11,26.57,8.51
53129,County_53129,Other,Rural,88.77,11.23,12.98,12.07,47.8,20.32,6.95
10865,County_10865,Georgia,Suburban/Small City,64.16,35.84,43.63,36.51,23.7,53.21,4.53
6387,County_6387,Colorado,Rural,78.99,21.01,24.96,21.19,33.79,41.6,2.92
18201,County_18201,Louisiana,Urban,74.84,25.16,30.56,25.5,37.1,34.47,7.03
15457,County_15457,Iowa,Urban,78.51,21.49,26.2,21.47,23.98,39.45,6.47
39649,County_39649,Rhode Island,Rural,72.56,27.44,32.64,27.1,42.69,37.9,6.51
34811,County_34811,North Dakota,Urban,91.88,8.12,9.32,8.08,48.23,16.71,5.82
36973,County_36973,Oklahoma,Urban,63.97,36.03,43.92,36.06,27.39,54.64,4.07
29453,County_29453,New Hampshire,Rural,88.24,11.76,14.1,11.44,51.88,15.99,7.34
52011,County_52011,Other,Rural,81.1,18.9,23.07,19.36,45.19,27.71,6.06
8109,County_8109,Delaware,Urban,72.79,27.21,,28.18,40.97,40.3,6.08
10391,County_10391,Georgia,Rural,86.2,13.8,17.1,13.75,49.13,28.34,7.66
17071,County_17071,Kentucky,Rural,75.0,25.0,30.15,25.7,37.68,44.16,3.63
38021,County_38021,Pennsylvania,Suburban/Small City,77.64,22.36,26.16,22.2,41.94,36.41,5.95
48821,County_48821,West Virginia,Rural,80.88,19.12,22.64,19.29,48.51,30.55,2.87
49047,County_49047,Wisconsin,Rural,69.13,30.87,36.93,30.86,31.61,45.02,5.93
19313,County_19313,Maine,Urban,68.86,31.14,37.16,31.32,35.01,46.7,6.57
22881,County_22881,Michigan,Suburban/Small City,84.89,15.11,18.13,15.12,40.52,25.87,6.01
46921,County_46921,Virginia,Urban,69.23,30.77,37.01,31.09,37.12,47.46,5.12
55011,County_55011,Other,Rural,89.61,10.39,12.29,10.83,39.86,24.48,7.62
29637,County_29637,New Hampshire,Suburban/Small City,82.12,17.88,21.98,18.35,36.42,21.34,4.83
33273,County_33273,North Carolina,Rural,82.09,17.91,20.59,17.47,42.69,23.79,4.12
37741,County_37741,Oregon,Urban,70.53,29.47,35.06,29.7,31.93,42.19,2.23
49701,County_49701,Wisconsin,Urban,85.15,14.85,17.97,14.51,49.73,30.13,7.04
38671,County_38671,Pennsylvania,Urban,68.8,31.2,37.46,30.74,19.25,48.38,4.63
24555,County_24555,Mississippi,Urban,78.2,21.8,26.35,21.54,49.06,30.01,7.39
21335,County_21335,Massachusetts,Urban,68.97,31.03,37.3,30.8,,41.19,7.45
39419,County_39419,Rhode Island,Suburban/Small City,86.84,13.16,15.77,13.91,44.3,25.15,5.83
28453,County_28453,Nevada,Rural,68.91,31.09,36.79,31.21,30.22,35.84,5.17
49459,County_49459,Wisconsin,Rural,82.08,17.92,21.86,17.57,40.73,31.06,7.68
16463,County_16463,Kansas,Rural,76.81,23.19,27.84,23.04,37.56,42.73,4.87
21377,County_21377,Massachusetts,Rural,74.72,25.28,30.38,25.4,40.88,36.45,10.79
50141,County_50141,Wyoming,Suburban/Small City,78.6,21.4,25.78,21.49,44.34,39.12,3.16
7817,County_7817,Connecticut,Rural,79.12,20.88,24.79,20.44,45.17,25.97,6.15
52023,County_52023,Other,Rural,82.96,17.04,20.96,17.61,50.94,30.38,5.33
6709,County_6709,Colorado,Urban,85.64,14.36,17.61,14.69,49.67,33.22,6.85
13059,County_13059,Illinois,Suburban/Small City,87.37,12.63,14.59,12.93,47.41,21.81,6.36
32563,County_32563,New York,Rural,72.47,27.53,32.88,28.42,33.94,46.59,5.16
4007,County_4007,Arkansas,Rural,91.69,8.31,10.38,8.19,53.25,11.86,6.86
34075,County_34075,North Dakota,Rural,81.19,18.81,23.26,,35.56,34.6,6.39
14347,County_14347,Indiana,Urban,78.25,,,21.29,45.09,36.95,5.94
23311,County_23311,Minnesota,Rural,89.41,10.59,13.18,11.27,51.06,25.86,6.18
49489,County_49489,Wisconsin,Rural,68.58,31.42,,31.09,31.04,43.89,4.47
40565,County_40565,South Carolina,Urban,78.86,21.14,25.52,20.92,47.82,29.58,5.57
26829,County_26829,Montana,Rural,66.28,,41.02,34.51,25.78,50.38,4.5
34073,County_34073,North Dakota,Rural,,22.5,26.94,22.46,39.6,35.88,6.24
15029,County_15029,Iowa,Suburban/Small City,76.19,23.81,27.98,23.68,39.86,42.69,5.47
54275,County_54275,Other,Urban,64.07,35.93,43.02,35.74,18.56,52.23,6.44
33243,County_33243,North Carolina,Suburban/Small City,67.86,32.14,38.54,32.45,29.2,50.29,6.52
49599,County_49599,Wisconsin,Rural,77.91,22.09,25.6,22.32,32.54,29.7,5.8
28509,County_28509,Nevada,Urban,68.32,31.68,37.37,32.51,33.56,39.55,5.28
2687,County_2687,Alaska,Rural,85.55,14.45,16.77,14.86,55.72,25.97,6.93
41091,County_41091,South Dakota,Rural,70.03,29.97,35.94,30.12,33.28,48.95,5.05
42307,County_42307,Tennessee,Urban,85.3,14.7,17.83,14.8,47.49,26.24,5.86
25727,County_25727,Missouri,Rural,94.26,5.74,7.53,6.35,47.13,19.05,7.42
19657,County_19657,Maine,Urban,77.94,22.06,26.42,22.22,46.38,34.26,7.02
46093,County_46093,Virginia,Urban,76.16,23.84,29.05,24.43,34.56,38.8,8.04
44775,County_44775,Utah,Urban,82.3,17.7,22.04,17.78,36.17,36.29,6.04
48945,County_48945,West Virginia,Rural,82.27,17.73,21.15,18.46,40.82,29.98,5.22
22907,County_22907,Michigan,Rural,69.94,30.06,34.87,29.84,34.74,33.35,7.86
11379,County_11379,Hawaii,Urban,82.0,18.0,21.49,18.22,40.1,40.28,2.55
6789,County_6789,Colorado,Rural,69.87,30.13,36.36,31.45,34.65,46.25,5.66
27819,County_27819,Nebraska,Rural,91.95,,9.46,7.88,53.86,25.31,7.26
37973,County_37973,Oregon,Rural,90.53,9.47,11.52,10.72,55.91,17.98,
8293,County_8293,Delaware,Urban,66.45,33.55,39.85,33.88,26.86,47.67,5.2
47811,County_47811,Washington,Rural,81.13,18.87,22.46,19.37,44.02,31.14,5.82
32357,County_32357,New York,Rural,73.83,26.17,30.93,25.98,28.74,47.2,7.87
31431,County_31431,New Mexico,Rural,97.79,2.21,2.77,2.97,50.07,15.88,8.42
38863,County_38863,Pennsylvania,Suburban/Small City,85.94,14.06,17.39,15.0,47.71,30.44,5.92
13381,County_13381,Illinois,Rural,74.08,25.92,29.41,26.48,48.63,35.57,8.01
30603,County_30603,New Jersey,Rural,77.63,22.37,26.44,22.53,34.47,37.33,7.93
35987,County_35987,Ohio,Urban,85.7,14.3,16.82,14.17,46.75,35.14,4.49
52791,County_52791,Other,Rural,87.22,12.78,14.77,13.07,45.37,25.94,9.22
54691,County_54691,Other,Rural,83.27,16.73,21.01,16.62,41.7,32.41,6.8
13109,County_13109,Illinois,Urban,73.74,26.26,31.25,27.18,37.67,34.93,3.65
37315,County_37315,Oregon,Suburban/Small City,67.62,32.38,38.65,32.48,36.86,47.15,
3841,County_3841,Arizona,Urban,74.92,25.08,30.27,,32.15,37.93,5.28
36893,County_36893,Oklahoma,Urban,89.39,10.61,11.58,10.36,47.15,21.19,5.03
39579,County_39579,Rhode Island,Suburban/Small City,87.42,12.58,15.19,12.89,39.55,17.79,4.31
10405,County_10405,Georgia,Suburban/Small City,69.85,30.15,36.06,30.65,26.71,41.38,6.72
55535,County_55535,Other,Rural,90.55,9.45,11.38,10.2,57.63,25.44,3.47
27281,County_27281,Nebraska,Urban,72.66,27.34,32.6,27.85,36.58,41.46,7.05
22659,County_22659,Michigan,Rural,91.85,8.15,10.01,8.36,46.58,23.15,7.52
37083,County_37083,Oregon,Rural,67.28,32.72,39.21,33.23,40.1,44.28,3.6
55391,County_55391,Other,Rural,75.06,24.94,30.15,25.52,38.19,42.86,6.02
6221,County_6221,Colorado,Suburban/Small City,81.38,,22.5,19.18,35.48,32.79,6.04
24831,County_24831,Mississippi,Rural,82.52,17.48,20.22,17.16,47.9,26.48,6.85
42387,County_42387,Tennessee,Urban,92.73,7.27,8.59,7.76,59.24,12.33,9.87
2037,County_2037,Alaska,Rural,75.23,24.77,29.54,24.79,41.34,43.61,3.89
18393,County_18393,Louisiana,Urban,67.82,32.18,38.41,32.39,37.64,38.29,6.81
40081,County_40081,South Carolina,Rural,84.69,15.31,18.36,15.55,33.89,28.5,6.18
52237,County_52237,Other,Urban,87.65,12.35,16.0,12.98,44.84,,7.01
28485,County_28485,Nevada,Urban,72.85,27.15,32.31,26.83,40.96,37.73,7.64
22179,County_22179,Michigan,Rural,91.7,,9.98,7.95,54.53,15.13,4.66
1993,County_1993,Alabama,Rural,72.45,27.55,32.67,27.78,35.75,42.64,5.81
19447,County_19447,Maine,Rural,80.08,19.92,23.97,20.26,40.08,24.32,5.51
6231,County_6231,Colorado,Urban,74.71,25.29,29.93,25.49,40.17,39.19,5.8
55607,County_55607,Other,Urban,72.52,27.48,33.06,27.8,40.81,40.3,6.35
23165,County_23165,Minnesota,Urban,84.38,15.62,18.75,16.25,48.6,23.6,6.93
35439,County_35439,Ohio,Urban,67.14,32.86,39.83,33.47,35.4,46.46,5.46
30525,County_30525,New Jersey,Rural,85.6,14.4,17.49,14.87,48.28,28.3,7.04
40237,County_40237,South Carolina,Rural,87.42,12.58,14.8,12.89,41.55,18.25,5.44
7069,County_7069,Connecticut,Suburban/Small City,77.86,22.14,27.14,21.97,47.08,25.19,4.59
32523,County_32523,New York,Suburban/Small City,63.49,36.51,44.19,35.79,33.85,47.45,7.3
34845,County_34845,North Dakota,Urban,69.53,30.47,36.32,30.57,42.42,40.36,5.32
43575,County_43575,Texas,Rural,78.93,21.07,25.21,21.22,42.11,32.34,4.72
19225,County_19225,Maine,Rural,81.81,18.19,21.88,18.44,50.26,27.07,6.17
38085,County_38085,Pennsylvania,Urban,75.98,24.02,28.5,23.31,26.14,38.68,4.12
47253,County_47253,Washington,Rural,82.4,17.6,22.03,17.94,47.44,28.92,4.54
24873,County_24873,Mississippi,Rural,63.13,36.87,44.39,36.35,27.48,51.93,4.62
6659,County_6659,Colorado,Rural,68.26,31.74,37.65,31.82,32.3,41.03,6.73
17945,County_17945,Kentucky,Urban,70.01,29.99,36.27,30.39,31.85,52.24,4.63
20617,County_20617,Maryland,Rural,71.69,28.31,34.53,28.4,30.11,33.35,6.87
16331,County_16331,Kansas,Urban,85.64,14.36,17.21,14.65,61.86,27.66,4.3
36699,County_36699,Oklahoma,Rural,75.1,24.9,30.29,24.61,32.52,40.91,5.33
53177,County_53177,Other,Urban,88.3,11.7,13.42,11.73,51.44,22.09,6.81
16725,County_16725,Kansas,Urban,86.97,13.03,15.62,13.11,46.75,21.48,8.16
49481,County_49481,Wisconsin,Urban,85.24,14.76,17.63,15.53,43.27,25.92,6.17
40967,County_40967,South Carolina,Rural,92.71,7.29,8.71,7.89,51.25,19.13,4.61
36821,County_36821,Oklahoma,Rural,,28.61,34.54,,34.64,41.43,4.51
39549,County_39549,Rhode Island,Urban,81.02,18.98,22.93,19.36,42.42,,7.3
49071,County_49071,Wisconsin,Urban,67.53,,39.42,32.68,33.32,44.32,5.67
56017,County_56017,Other,Rural,67.42,32.58,39.17,32.89,37.75,30.34,5.3
28229,County_28229,Nevada,Rural,67.04,32.96,39.2,32.28,28.84,47.23,5.59
37171,County_37171,Oregon,Rural,78.65,21.35,26.38,20.71,43.1,29.78,
28689,County_28689,Nevada,Urban,87.3,12.7,14.41,12.79,55.72,25.38,5.38
1601,County_1601,Alabama,Urban,84.34,15.66,18.26,15.9,41.08,30.97,5.77
54119,County_54119,Other,Rural,78.9,21.1,25.78,20.73,42.84,37.58,6.18
48263,County_48263,West Virginia,Urban,84.13,15.87,19.24,16.28,38.99,35.73,5.82
4971,County_4971,Arkansas,Rural,90.91,9.09,12.01,10.45,43.2,20.86,6.01
55829,County_55829,Other,Urban,80.78,,23.76,19.22,35.47,36.84,4.73
16059,County_16059,Kansas,Rural,96.26,3.74,4.2,4.73,50.96,22.16,8.08
1923,County_1923,Alabama,Rural,68.44,31.56,37.82,31.93,35.39,33.48,
8499,County_8499,Delaware,Rural,,,32.32,27.5,34.96,40.21,7.19
17221,County_17221,Kentucky,Rural,83.63,16.37,19.78,16.62,57.04,25.75,4.8
32187,County_32187,New York,Suburban/Small City,70.83,29.17,35.61,29.79,33.4,43.71,5.41
53091,County_53091,Other,Rural,89.77,10.23,12.28,10.67,45.91,18.78,7.47
12077,County_12077,Idaho,Urban,88.49,11.51,14.18,11.51,43.15,39.84,4.41
56241,County_56241,Other,Rural,93.28,6.72,8.11,7.0,51.34,18.23,6.31
46479,County_46479,Virginia,Rural,95.16,4.84,5.07,4.28,49.4,11.95,7.93
17077,County_17077,Kentucky,Rural,76.88,23.12,27.82,22.88,42.1,38.63,4.38
42407,County_42407,Tennessee,Rural,80.58,19.42,23.91,19.25,41.99,32.76,6.55
21007,County_21007,Massachusetts,Urban,71.88,28.12,33.68,27.89,33.15,35.49,6.62
13927,County_13927,Illinois,Urban,77.09,22.91,27.55,23.1,43.55,35.5,7.15
27053,County_27053,Nebraska,Suburban/Small City,77.05,22.95,28.65,22.73,44.25,37.14,5.98
40507,County_40507,South Carolina,Rural,90.72,9.28,10.84,9.77,47.99,21.01,8.78
46515,County_46515,Virginia,Urban,78.83,21.17,25.34,20.9,44.05,34.85,7.14
17155,County_17155,Kentucky,Suburban/Small City,81.76,18.24,22.21,18.17,45.83,28.27,6.23
6051,County_6051,Colorado,Rural,78.16,21.84,25.58,22.13,,33.06,3.44
46491,County_46491,Virginia,Urban,,21.49,25.28,21.15,48.15,31.42,5.03
50037,County_50037,Wyoming,Rural,75.28,24.72,29.54,24.73,28.07,42.47,7.46
6407,County_6407,Colorado,Urban,80.34,,23.95,19.05,44.39,40.31,7.12
17339,County_17339,Kentucky,Urban,81.21,18.79,23.23,19.28,49.17,35.77,5.56
19067,County_19067,Maine,Urban,87.29,12.71,14.98,13.29,44.04,21.97,4.31
18147,County_18147,Louisiana,Rural,80.61,19.39,23.65,19.21,37.05,37.94,7.01
44821,County_44821,Utah,Rural,76.64,23.36,27.64,24.44,36.07,42.89,5.9
21099,County_21099,Massachusetts,Urban,82.57,17.43,20.59,18.19,41.64,21.12,7.24
51275,County_51275,Other,Rural,69.09,30.91,36.39,31.07,34.99,35.09,5.91
24481,County_24481,Mississippi,Urban,89.53,10.47,12.01,11.07,54.02,20.07,4.15
47681,County_47681,Washington,Rural,79.39,20.61,24.7,20.66,42.21,36.18,4.56
1339,County_1339,Alabama,Urban,72.6,27.4,33.21,27.52,32.23,38.11,5.88
20285,County_20285,Maryland,Suburban/Small City,80.28,19.72,24.1,19.64,44.93,29.63,7.85
28213,County_28213,Nevada,Suburban/Small City,69.58,30.42,36.17,30.68,29.56,36.76,7.24
56569,County_56569,Other,Urban,79.81,20.19,24.15,20.69,34.03,33.14,3.94
50957,County_50957,Wyoming,Rural,81.81,18.19,21.94,18.58,36.68,40.64,
21091,County_21091,Massachusetts,Rural,71.3,28.7,34.27,28.84,30.1,41.8,4.45
42377,County_42377,Tennessee,Rural,74.5,25.5,29.91,25.34,35.75,39.53,7.19
16741,County_16741,Kansas,Rural,67.92,32.08,38.81,32.63,38.85,47.41,6.83
31773,County_31773,New Mexico,Rural,75.64,24.36,28.59,25.19,43.21,47.79,5.11
49093,County_49093,Wisconsin,Suburban/Small City,89.41,10.59,12.64,10.82,51.92,21.56,4.88
20717,County_20717,Maryland,Rural,74.46,25.54,29.84,26.21,32.5,36.73,5.72
47859,County_47859,Washington,Rural,61.12,38.88,45.86,38.49,28.58,46.91,5.18
10299,County_10299,Georgia,Rural,63.82,36.18,43.54,36.18,,41.71,6.42
52585,County_52585,Other,Rural,76.55,23.45,27.71,23.64,42.16,39.75,4.87
18315,County_18315,Louisiana,Urban,75.96,24.04,28.99,24.46,33.76,40.35,3.88
18027,County_18027,Louisiana,Rural,77.78,22.22,26.71,22.47,,36.37,6.82
7463,County_7463,Connecticut,Rural,86.94,13.06,15.81,13.77,50.15,23.78,6.83
21935,County_21935,Massachusetts,Rural,91.97,,9.98,7.98,35.67,19.9,8.31
49085,County_49085,Wisconsin,Urban,93.32,6.68,8.11,7.1,59.15,17.76,5.63
47051,County_47051,Washington,Urban,84.3,15.7,18.6,15.24,52.65,27.95,4.56
8917,County_8917,Delaware,Rural,78.38,21.62,25.87,21.95,42.31,29.27,6.38
30901,County_30901,New Jersey,Rural,74.52,25.48,31.03,25.92,34.63,35.96,6.07
23275,County_23275,Minnesota,Urban,69.78,30.22,36.24,30.16,38.1,41.99,6.57
41895,County_41895,South Dakota,Rural,80.3,19.7,23.72,19.27,46.91,37.21,5.37
7303,County_7303,Connecticut,Suburban/Small City,,3.39,4.37,3.39,54.04,18.57,4.55
41249,County_41249,South Dakota,Urban,88.05,11.95,13.96,12.6,42.29,21.15,4.05
32057,County_32057,New York,Suburban/Small City,76.79,23.21,28.07,23.72,42.28,33.86,7.72
33947,County_33947,North Carolina,Suburban/Small City,79.83,20.17,24.06,20.05,44.67,40.53,6.9
5983,County_5983,California,Suburban/Small City,70.9,29.1,35.31,29.3,35.97,39.76,6.04
35009,County_35009,Ohio,Urban,79.97,20.03,24.33,20.56,41.07,41.38,5.44
4199,County_4199,Arkansas,Rural,89.11,,12.8,10.93,51.17,22.81,6.84
21571,County_21571,Massachusetts,Rural,82.64,17.36,20.87,17.89,45.17,33.6,7.78
36031,County_36031,Oklahoma,Urban,84.0,16.0,18.92,16.39,44.86,18.11,5.79
3963,County_3963,Arizona,Rural,75.69,24.31,28.98,24.69,34.68,44.05,4.8
10863,County_10863,Georgia,Suburban/Small City,78.58,21.42,25.71,21.84,43.11,38.14,6.53
53649,County_53649,Other,Urban,,29.65,35.13,28.82,20.96,50.18,7.13
17717,County_17717,Kentucky,Suburban/Small City,88.41,11.59,14.39,11.79,44.09,18.31,6.44
10437,County_10437,Georgia,Rural,80.13,19.87,23.6,20.34,37.49,38.64,7.57
3591,County_3591,Arizona,Rural,72.34,27.66,33.69,27.36,35.55,49.86,7.86
48499,County_48499,West Virginia,Rural,72.68,27.32,32.92,28.43,40.47,32.93,5.45
26143,County_26143,Montana,Rural,72.01,27.99,33.33,28.48,36.05,41.89,5.66
32415,County_32415,New York,Rural,93.61,6.39,8.2,6.22,52.84,19.98,4.66
55371,County_55371,Other,Urban,87.83,12.17,14.91,13.62,47.7,22.46,7.03
29783,County_29783,New Hampshire,Rural,85.34,14.66,17.15,14.83,46.61,26.55,3.58
16539,County_16539,Kansas,Suburban/Small City,73.95,26.05,31.42,25.45,32.76,48.65,7.2
7075,County_7075,Connecticut,Rural,81.26,18.74,22.14,18.78,46.21,34.59,6.66
18587,County_18587,Louisiana,Urban,70.61,29.39,34.73,29.42,32.7,37.7,4.66
12479,County_12479,Idaho,Rural,71.45,28.55,34.84,29.58,40.26,,3.91
37245,County_37245,Oregon,Rural,72.92,27.08,33.51,27.78,34.85,49.03,7.01
32309,County_32309,New York,Urban,88.05,11.95,14.03,11.41,50.72,20.99,4.1
51543,County_51543,Other,Urban,84.12,15.88,19.35,16.97,50.23,,1.68
50533,County_50533,Wyoming,Urban,74.05,25.95,31.15,26.53,37.56,46.08,6.67
47217,County_47217,Washington,Rural,89.78,10.22,12.92,10.54,45.78,33.09,6.18
39441,County_39441,Rhode Island,Urban,65.82,34.18,41.01,34.13,21.24,38.38,5.1
49261,County_49261,Wisconsin,Rural,86.09,13.91,17.05,14.24,35.59,34.12,6.18
9903,County_9903,Florida,Rural,71.85,28.15,33.5,27.7,31.09,42.88,6.02
40893,County_40893,South Carolina,Urban,78.15,21.85,25.97,,31.66,40.66,6.05
5657,County_5657,California,Rural,91.49,8.51,10.06,,48.86,24.56,9.02
6561,County_6561,Colorado,Urban,80.06,19.94,23.62,20.39,42.41,32.09,7.67
10135,County_10135,Georgia,Rural,82.07,17.93,22.13,18.07,48.53,45.31,4.77
36067,County_36067,Oklahoma,Rural,97.38,2.62,2.84,3.1,51.67,16.84,7.46
17969,County_17969,Kentucky,Rural,83.28,16.72,20.52,17.62,47.42,32.46,
11717,County_11717,Hawaii,Rural,86.36,13.64,16.75,13.59,43.6,23.75,5.19
20641,County_20641,Maryland,Rural,66.53,33.47,40.5,33.34,24.73,44.97,7.13
54629,County_54629,Other,Urban,61.56,38.44,46.69,38.9,29.37,55.61,5.98
20447,County_20447,Maryland,Urban,65.95,34.05,39.4,34.84,37.47,47.05,7.5
43583,County_43583,Texas,Urban,79.03,20.97,25.66,21.0,26.16,31.25,4.18
24845,County_24845,Mississippi,Rural,85.2,14.8,18.38,15.24,50.02,23.97,7.11
6519,County_6519,Colorado,Rural,79.79,20.21,23.89,20.08,38.88,40.84,6.79
26629,County_26629,Montana,Rural,90.6,9.4,10.97,9.79,43.17,23.92,6.38
34933,County_34933,North Dakota,Suburban/Small City,78.61,21.39,25.15,21.04,42.22,35.84,6.82
6049,County_6049,Colorado,Urban,85.18,14.82,17.71,14.79,58.61,16.72,6.31
40855,County_40855,South Carolina,Urban,80.63,19.37,22.95,19.62,51.92,28.02,7.02
39263,County_39263,Rhode Island,Rural,66.6,33.4,39.08,34.09,29.42,43.4,6.51
7965,County_7965,Connecticut,Urban,70.02,29.98,35.17,,36.51,51.11,3.1
52973,County_52973,Other,Rural,87.31,12.69,14.97,12.44,48.2,19.05,6.07
3427,County_3427,Arizona,Urban,72.29,27.71,33.51,28.39,27.52,34.43,2.64
13369,County_13369,Illinois,Urban,63.68,36.32,43.48,36.7,33.44,46.47,4.64
49557,County_49557,Wisconsin,Urban,86.11,13.89,15.97,14.23,46.08,17.55,6.0
10967,County_10967,Georgia,Rural,70.07,29.93,36.31,30.23,29.48,43.7,3.87
35749,County_35749,Ohio,Urban,76.66,23.34,26.66,23.24,28.26,43.24,8.2
52395,County_52395,Other,Urban,77.99,22.01,26.89,21.08,36.87,36.14,6.17
43875,County_43875,Texas,Urban,86.69,,16.08,12.12,40.34,31.2,5.03
7343,County_7343,Connecticut,Rural,86.89,13.11,15.82,12.61,46.79,22.17,9.1
37527,County_37527,Oregon,Rural,77.55,22.45,26.6,22.84,32.99,35.01,6.89
17889,County_17889,Kentucky,Urban,83.65,16.35,19.25,17.52,47.77,32.79,5.84
31799,County_31799,New Mexico,Rural,80.19,19.81,22.65,19.52,28.81,34.56,7.55
7597,County_7597,Connecticut,Rural,93.71,6.29,7.11,6.9,57.31,24.02,5.91
51317,County_51317,Other,Rural,69.27,30.73,,30.66,32.73,35.71,3.66
1051,County_1051,Alabama,Urban,65.0,35.0,42.25,35.44,27.44,42.25,7.0
22727,County_22727,Michigan,Urban,75.03,24.97,29.52,25.17,33.93,38.27,6.41
23039,County_23039,Minnesota,Rural,88.79,11.21,13.95,12.22,50.67,15.92,7.64
30977,County_30977,New Jersey,Urban,64.94,35.06,41.9,34.88,31.7,,5.81
1057,County_1057,Alabama,Suburban/Small City,73.5,26.5,31.24,27.22,31.36,46.33,7.1
49261,County_49261,Wisconsin,Rural,83.75,16.25,19.23,16.83,48.0,20.08,6.77
26173,County_26173,Montana,Rural,83.04,16.96,20.46,16.6,41.89,24.13,5.63
35195,County_35195,Ohio,Urban,85.73,14.27,16.42,13.78,47.02,30.37,9.16
2029,County_2029,Alaska,Rural,73.11,26.89,32.54,27.44,32.02,36.31,8.76
48741,County_48741,West Virginia,Rural,72.32,27.68,33.51,27.97,35.35,39.54,6.17
15909,County_15909,Iowa,Suburban/Small City,78.61,21.39,25.65,,33.16,35.67,5.86
10001,County_10001,Georgia,Urban,63.61,36.39,43.97,36.2,25.38,46.34,4.27
54357,County_54357,Other,Urban,74.5,25.5,30.17,25.28,37.64,34.12,7.95
39421,County_39421,Rhode Island,Rural,73.61,26.39,32.11,26.7,,40.63,3.34
48445,County_48445,West Virginia,Urban,84.84,15.16,17.71,15.26,42.32,27.05,8.33
52183,County_52183,Other,Suburban/Small City,76.56,23.44,28.33,,36.16,32.39,8.62
49603,County_49603,Wisconsin,Rural,80.97,19.03,23.42,19.58,40.36,31.97,7.55
23267,County_23267,Minnesota,Urban,65.73,34.27,41.13,,26.36,48.03,5.63
30769,County_30769,New Jersey,Suburban/Small City,86.42,13.58,16.18,13.95,62.39,27.27,2.54
42387,County_42387,Tennessee,Urban,,39.99,47.55,40.6,33.38,48.09,6.07
21531,County_21531,Massachusetts,Rural,87.62,12.38,14.78,12.1,54.61,28.92,
51047,County_51047,Other,Rural,91.96,8.04,9.75,7.99,49.57,15.15,6.69
21215,County_21215,Massachusetts,Rural,77.5,22.5,27.17,22.86,36.39,34.12,6.86
37253,County_37253,Oregon,Rural,76.69,23.31,28.11,24.1,54.17,32.49,5.74
19463,County_19463,Maine,Urban,76.36,23.64,27.47,23.49,48.49,33.36,8.27
16789,County_16789,Kansas,Rural,77.48,22.52,26.28,22.46,40.83,38.87,6.5
36873,County_36873,Oklahoma,Urban,83.45,16.55,19.54,17.03,45.52,23.55,4.93
3259,County_3259,Arizona,Rural,66.06,33.94,40.51,34.96,27.76,48.18,5.77
40383,County_40383,South Carolina,Rural,83.39,16.61,19.69,16.13,45.61,32.34,5.11
34495,County_34495,North Dakota,Rural,71.1,28.9,35.19,29.07,31.92,35.75,6.85
9037,County_9037,Florida,Rural,75.66,24.34,29.32,25.22,37.45,41.95,5.67
22197,County_22197,Michigan,Rural,65.62,34.38,40.85,,22.96,45.37,
37221,County_37221,Oregon,Suburban/Small City,88.52,11.48,14.06,12.08,48.81,17.99,4.17
45771,County_45771,Vermont,Rural,88.98,11.02,13.06,11.62,48.91,19.68,5.48
56759,County_56759,Other,Urban,87.57,12.43,14.5,12.96,44.44,29.68,8.07
29241,County_29241,New Hampshire,Urban,96.36,3.64,4.99,3.58,60.52,7.59,5.92
45777,County_45777,Vermont,Rural,66.54,33.46,40.07,33.04,29.6,46.19,4.39
31657,County_31657,New Mexico,Rural,84.92,15.08,17.72,15.15,47.21,28.33,8.4
25109,County_25109,Missouri,Rural,70.53,29.47,35.81,29.55,32.95,39.22,4.64
40705,County_40705,South Carolina,Urban,73.62,26.38,,26.79,41.01,34.97,4.7
52373,County_52373,Other,Rural,75.99,24.01,29.4,24.58,39.49,32.68,4.58
22263,County_22263,Michigan,Rural,86.11,13.89,16.63,13.49,42.94,33.2,6.43
23519,County_23519,Minnesota,Rural,78.38,21.62,25.87,21.25,48.6,37.94,5.24
13859,County_13859,Illinois,Rural,78.15,21.85,25.63,21.22,47.24,33.49,4.9
9389,County_9389,Florida,Rural,95.17,4.83,5.91,4.48,46.89,24.73,6.11
31797,County_31797,New Mexico,Rural,67.84,32.16,,31.77,25.6,44.5,6.68
31789,County_31789,New Mexico,Urban,81.84,18.16,21.62,17.91,45.31,25.1,6.97
33731,County_33731,North Carolina,Rural,75.12,24.88,29.81,25.5,34.69,48.24,
29391,County_29391,New Hampshire,Urban,76.07,23.93,28.57,23.18,46.46,33.13,4.66
4035,County_4035,Arkansas,Suburban/Small City,72.62,27.38,32.72,27.18,38.75,46.01,4.9
34289,County_34289,North Dakota,Rural,74.3,25.7,30.75,25.66,34.45,39.9,3.82
43241,County_43241,Texas,Rural,87.02,12.98,15.25,12.66,57.43,22.16,5.14
40535,County_40535,South Carolina,Suburban/Small City,71.37,28.63,34.17,28.45,30.97,,4.9
7073,County_7073,Connecticut,Urban,69.63,30.37,36.99,30.66,28.74,51.58,6.15
35241,County_35241,Ohio,Suburban/Small City,84.69,,18.47,16.08,43.9,,4.57
10403,County_10403,Georgia,Rural,71.19,28.81,34.86,30.14,39.32,36.22,7.54
1085,County_1085,Alabama,Urban,90.95,9.05,11.19,8.94,54.01,20.04,4.44
41105,County_41105,South Dakota,Urban,84.67,15.33,17.62,15.48,37.69,26.21,5.36
49081,County_49081,Wisconsin,Rural,71.36,28.64,34.32,28.91,45.29,42.53,7.16
42715,County_42715,Tennessee,Urban,74.93,25.07,30.76,25.42,38.64,37.46,
54111,County_54111,Other,Rural,79.51,20.49,24.16,21.29,45.82,36.66,7.1
55883,County_55883,Other,Rural,63.36,36.64,43.76,37.34,24.44,46.83,5.99
6325,County_6325,Colorado,Urban,87.15,12.85,15.76,13.41,47.99,25.05,8.83
6133,County_6133,Colorado,Urban,76.43,23.57,28.52,23.71,41.04,35.31,3.32
5349,County_5349,California,Suburban/Small City,75.71,24.29,29.63,24.39,44.67,33.1,6.18
12423,County_12423,Idaho,Urban,69.6,30.4,35.9,30.48,25.26,45.55,5.25
29083,County_29083,New Hampshire,Urban,81.18,18.82,22.6,19.19,43.7,30.84,7.14
18087,County_18087,Louisiana,Urban,75.76,,29.41,24.2,37.09,37.18,7.67
14339,County_14339,Indiana,Urban,94.89,5.11,5.92,5.5,46.84,19.12,7.23
13629,County_13629,Illinois,Suburban/Small City,90.47,9.53,11.15,9.45,46.61,28.02,
49709,County_49709,Wisconsin,Rural,72.42,27.58,32.04,27.61,42.13,38.69,4.49
13181,County_13181,Illinois,Rural,71.02,28.98,34.07,28.55,42.26,43.24,5.02
50285,County_50285,Wyoming,Suburban/Small City,79.96,20.04,23.98,20.61,35.75,36.65,4.34
13867,County_13867,Illinois,Urban,68.19,31.81,38.12,31.77,29.98,,5.09
2321,County_2321,Alaska,Urban,69.45,30.55,36.2,30.49,34.25,44.29,7.09
17739,County_17739,Kentucky,Rural,65.18,34.82,42.32,34.95,30.28,43.88,3.7
26425,County_26425,Montana,Urban,79.6,20.4,23.96,20.83,30.11,49.82,5.98
1893,County_1893,Alabama,Rural,92.87,7.13,8.13,8.23,50.81,13.46,6.97
36821,County_36821,Oklahoma,Rural,77.46,22.54,26.81,22.62,35.7,36.82,6.29
39439,County_39439,Rhode Island,Rural,67.07,32.93,40.02,32.74,24.03,49.82,5.31
2179,County_2179,Alaska,Rural,91.55,8.45,,8.58,46.16,23.55,5.21
42825,County_42825,Tennessee,Rural,91.0,9.0,11.15,9.87,46.8,21.23,8.52
41983,County_41983,South Dakota,Suburban/Small City,81.68,18.32,22.51,18.61,42.53,26.43,8.45
49641,County_49641,Wisconsin,Urban,62.71,37.29,44.86,38.8,28.41,47.12,5.46
1373,County_1373,Alabama,Rural,65.36,34.64,41.97,35.24,19.6,50.1,4.13
29363,County_29363,New Hampshire,Rural,66.06,33.94,40.36,33.99,24.38,53.35,5.0
3195,County_3195,Arizona,Suburban/Small City,80.83,19.17,23.09,20.0,38.81,28.92,9.15
2559,County_2559,Alaska,Urban,72.89,27.11,32.36,26.92,34.43,41.39,
40411,County_40411,South Carolina,Urban,80.3,19.7,23.97,20.14,47.39,35.14,4.1
7397,County_7397,Connecticut,Rural,82.39,17.61,20.65,17.74,40.68,23.31,5.18
13865,County_13865,Illinois,Rural,80.19,19.81,23.16,20.22,39.13,34.45,6.22
17271,County_17271,Kentucky,Suburban/Small City,79.33,20.67,24.26,21.54,49.89,35.09,3.54
7837,County_7837,Connecticut,Rural,71.52,,33.9,,35.18,45.06,8.83
3343,County_3343,Arizona,Urban,74.24,25.76,,25.95,43.18,39.6,6.56
5403,County_5403,California,Rural,78.51,21.49,25.76,21.65,31.75,32.34,4.14
31023,County_31023,New Mexico,Rural,85.03,14.97,17.25,15.58,50.16,28.73,7.83
12185,County_12185,Idaho,Rural,86.53,13.47,16.11,,48.2,20.74,6.09
33831,County_33831,North Carolina,Rural,75.1,24.9,29.37,25.66,32.58,35.57,7.43
3849,County_3849,Arizona,Suburban/Small City,92.92,7.08,7.94,7.48,39.93,13.53,5.93
14385,County_14385,Indiana,Rural,68.54,31.46,38.3,31.94,29.85,48.57,5.71
36869,County_36869,Oklahoma,Urban,88.38,11.62,14.53,11.75,45.41,20.05,5.77
16227,County_16227,Kansas,Urban,76.96,23.04,27.43,,34.35,36.6,3.54
18089,County_18089,Louisiana,Rural,75.63,24.37,28.3,24.03,38.57,31.05,4.72
29919,County_29919,New Hampshire,Rural,87.9,12.1,14.42,11.86,49.74,22.68,6.26
5971,County_5971,California,Urban,86.57,13.43,17.81,13.22,46.36,18.94,6.07
27985,County_27985,Nebraska,Urban,71.59,28.41,33.77,28.07,34.99,47.11,4.41
24823,County_24823,Mississippi,Rural,74.08,25.92,32.11,25.85,35.23,43.22,5.49
44063,County_44063,Utah,Rural,74.85,25.15,30.51,25.01,37.05,28.93,6.47
21083,County_21083,Massachusetts,Urban,65.84,34.16,41.65,34.29,32.46,48.67,6.82
23897,County_23897,Minnesota,Urban,77.01,22.99,27.93,23.08,36.4,49.5,7.75
34039,County_34039,North Dakota,Rural,91.42,8.58,,8.51,47.34,14.61,2.45
15171,County_15171,Iowa,Rural,82.19,17.81,21.26,17.41,48.77,22.87,7.67
1743,County_1743,Alabama,Rural,68.45,31.55,37.37,32.42,32.11,43.79,5.87
47319,County_47319,Washington,Rural,77.98,22.02,26.32,22.96,29.45,,5.24
18191,County_18191,Louisiana,Urban,87.68,12.32,15.88,11.93,50.11,26.1,8.41
5549,County_5549,California,Rural,70.22,29.78,34.85,30.06,28.8,47.23,7.3
37179,County_37179,Oregon,Rural,71.91,28.09,34.36,28.38,34.98,40.66,8.36
31363,County_31363,New Mexico,Urban,91.29,8.71,9.81,8.46,49.29,22.34,5.07
48411,County_48411,West Virginia,Urban,83.98,16.02,17.92,16.57,51.53,28.73,4.91
21609,County_21609,Massachusetts,Urban,90.85,9.15,10.78,9.28,43.61,25.83,3.89
31353,County_31353,New Mexico,Rural,85.05,14.95,17.35,14.63,42.74,16.4,5.07
53673,County_53673,Other,Rural,82.92,17.08,21.31,16.35,46.41,40.53,5.89
8063,County_8063,Delaware,Suburban/Small City,72.12,27.88,33.55,27.95,35.36,35.32,5.41
49597,County_49597,Wisconsin,Rural,96.63,3.37,4.59,3.95,51.9,10.6,3.73
56381,County_56381,Other,Rural,78.07,21.93,26.15,22.89,40.31,38.66,2.74
21331,County_21331,Massachusetts,Urban,66.48,33.52,40.19,34.34,15.97,43.43,6.31
10103,County_10103,Georgia,Urban,85.96,14.04,17.4,14.83,46.66,29.51,5.16
10315,County_10315,Georgia,Rural,82.01,17.99,21.25,18.12,,32.34,6.45
4509,County_4509,Arkansas,Rural,66.92,33.08,39.49,33.3,29.37,48.32,8.63
20619,County_20619,Maryland,Rural,75.54,24.46,29.32,25.7,45.19,38.27,5.04
41049,County_41049,South Dakota,Urban,66.9,33.1,40.24,32.53,31.59,42.6,5.46
14519,County_14519,Indiana,Rural,76.82,23.18,27.46,23.22,41.55,31.99,5.03
15335,County_15335,Iowa,Rural,81.26,18.74,22.41,18.72,47.08,32.72,7.67
50753,County_50753,Wyoming,Rural,83.23,16.77,20.12,17.06,53.31,26.01,6.41
7205,County_7205,Connecticut,Rural,78.2,21.8,26.69,22.01,46.68,35.59,8.52
22699,County_22699,Michigan,Urban,76.88,23.12,28.08,22.8,49.14,28.25,5.96
32583,County_32583,New York,Rural,85.38,14.62,,15.05,,,8.94
20547,County_20547,Maryland,Rural,94.17,5.83,7.1,6.08,42.19,19.22,9.24
43533,County_43533,Texas,Urban,73.54,26.46,32.73,26.9,38.24,44.76,4.6
14351,County_14351,Indiana,Rural,64.23,35.77,43.02,36.52,26.38,50.74,4.99
26783,County_26783,Montana,Suburban/Small City,80.24,19.76,23.71,20.0,38.08,36.1,6.45
12097,County_12097,Idaho,Suburban/Small City,82.69,17.31,21.06,17.76,40.67,38.28,5.53
46385,County_46385,Virginia,Rural,85.64,14.36,16.85,15.22,50.5,30.96,5.14
31211,County_31211,New Mexico,Rural,68.65,31.35,37.33,32.09,39.56,46.56,6.63
17417,County_17417,Kentucky,Suburban/Small City,88.22,11.78,13.84,11.94,48.49,31.8,5.42
9615,County_9615,Florida,Urban,85.21,14.79,18.32,15.27,46.52,25.34,3.31
31739,County_31739,New Mexico,Suburban/Small City,89.61,10.39,13.43,10.43,47.98,22.04,9.45
54571,County_54571,Other,Rural,77.36,22.64,27.02,22.73,42.73,28.03,4.78
19197,County_19197,Maine,Urban,66.81,33.19,39.7,32.56,21.68,41.02,4.93
31263,County_31263,New Mexico,Rural,65.1,34.9,41.4,34.99,25.83,57.15,3.87
42799,County_42799,Tennessee,Rural,83.51,16.49,20.29,16.56,50.68,20.04,6.79
23061,County_23061,Minnesota,Rural,79.38,20.62,23.68,20.88,34.94,39.77,6.46
5031,County_5031,California,Urban,67.98,,38.61,32.04,27.68,50.2,4.08
8359,County_8359,Delaware,Rural,68.25,31.75,37.67,32.03,33.22,45.02,5.38
20311,County_20311,Maryland,Rural,72.87,27.13,32.26,27.54,29.79,42.45,
1029,County_1029,Alabama,Rural,89.59,10.41,13.21,10.7,50.77,18.65,8.37
39951,County_39951,Rhode Island,Suburban/Small City,83.17,16.83,19.85,17.11,41.64,28.18,3.57
32721,County_32721,New York,Suburban/Small City,67.71,32.29,38.37,32.33,28.77,47.55,4.26
53895,County_53895,Other,Urban,73.17,26.83,31.68,27.1,36.37,,4.4
31405,County_31405,New Mexico,Suburban/Small City,74.91,25.09,29.87,26.11,35.35,37.8,6.2
49601,County_49601,Wisconsin,Urban,68.72,31.28,37.5,31.27,38.94,46.47,7.65
45673,County_45673,Vermont,Rural,67.43,32.57,39.69,32.48,34.79,45.35,5.61
19899,County_19899,Maine,Urban,71.77,28.23,34.24,28.15,34.75,39.43,2.57
52661,County_52661,Other,Suburban/Small City,81.58,18.42,22.81,17.44,46.27,22.03,7.91
10675,County_10675,Georgia,Suburban/Small City,68.5,31.5,38.13,31.31,30.08,44.37,3.55
41843,County_41843,South Dakota,Suburban/Small City,83.44,16.56,19.54,17.7,49.07,26.32,5.57
25139,County_25139,Missouri,Suburban/Small City,89.49,10.51,,10.69,48.76,28.38,
19567,County_19567,Maine,Rural,82.13,17.87,20.85,17.87,39.67,35.76,5.81
6603,County_6603,Colorado,Urban,81.57,18.43,22.57,18.3,48.77,22.99,5.17
16871,County_16871,Kansas,Rural,97.04,2.96,3.51,3.24,55.18,18.1,8.32
25291,County_25291,Missouri,Suburban/Small City,73.16,26.84,32.42,27.79,,36.63,5.03
56605,County_56605,Other,Suburban/Small City,74.53,25.47,29.58,25.43,31.43,40.9,3.65
37929,County_37929,Oregon,Rural,,10.27,12.44,10.17,48.66,17.22,5.94
14433,County_14433,Indiana,Rural,83.5,16.5,19.61,16.32,39.52,24.62,5.25
9197,County_9197,Florida,Rural,67.19,32.81,39.54,32.91,28.6,44.1,6.13
21767,County_21767,Massachusetts,Rural,89.99,10.01,12.4,10.53,45.04,24.47,10.0
47581,County_47581,Washington,Rural,76.82,23.18,27.27,23.04,32.85,40.5,7.57
52641,County_52641,Other,Urban,76.51,23.49,28.47,23.74,39.39,38.37,7.36
18535,County_18535,Louisiana,Rural,71.03,28.97,34.75,29.03,40.02,44.31,4.03
54817,County_54817,Other,Suburban/Small City,74.89,25.11,,25.83,44.07,32.84,9.01
11185,County_11185,Hawaii,Rural,84.87,15.13,17.45,16.33,45.89,28.37,7.21
41479,County_41479,South Dakota,Suburban/Small City,89.58,10.42,13.06,10.65,47.61,32.59,4.19
53823,County_53823,Other,Suburban/Small City,64.52,35.48,42.95,,25.12,38.08,4.71
46387,County_46387,Virginia,Rural,70.12,29.88,35.77,29.94,34.54,39.42,7.17
6251,County_6251,Colorado,Rural,87.35,12.65,15.83,13.38,46.38,36.76,5.74
9253,County_9253,Florida,Urban,76.69,23.31,28.09,23.7,47.07,39.96,5.71
19843,County_19843,Maine,Rural,80.17,19.83,24.15,20.34,37.22,38.57,8.73
16157,County_16157,Kansas,Rural,76.35,23.65,29.77,23.59,35.77,37.25,4.34
29553,County_29553,New Hampshire,Rural,75.12,24.88,30.6,25.58,46.54,30.04,8.52
54979,County_54979,Other,Urban,77.67,22.33,25.85,22.83,34.84,35.03,6.39
45691,County_45691,Vermont,Urban,67.8,32.2,39.37,32.62,30.52,40.95,8.9
48523,County_48523,West Virginia,Rural,67.04,32.96,39.57,33.22,36.45,34.04,6.17
22709,County_22709,Michigan,Urban,73.76,26.24,32.09,26.44,30.72,37.66,6.61
16643,County_16643,Kansas,Rural,70.02,29.98,36.28,31.24,37.59,49.3,8.04
12773,County_12773,Idaho,Urban,77.67,22.33,27.03,23.13,35.78,33.59,3.59
19107,County_19107,Maine,Urban,92.22,,10.18,8.06,51.35,20.46,4.55
38073,County_38073,Pennsylvania,Urban,,30.68,36.67,30.39,25.3,43.66,7.42
54309,County_54309,Other,Urban,81.93,18.07,21.62,17.58,39.55,30.12,7.71
52689,County_52689,Other,Rural,87.15,12.85,15.37,12.61,51.84,21.78,6.58
55777,County_55777,Other,Rural,70.91,29.09,35.67,30.54,39.39,47.65,4.19
14557,County_14557,Indiana,Rural,83.5,16.5,20.31,16.18,33.7,33.01,3.92
23537,County_23537,Minnesota,Rural,72.06,27.94,33.73,27.94,,48.37,7.9
41113,County_41113,South Dakota,Rural,84.71,15.29,19.09,14.54,46.96,29.14,6.38
13805,County_13805,Illinois,Suburban/Small City,73.3,26.7,32.2,26.98,44.48,36.53,4.77
26079,County_26079,Montana,Urban,89.13,10.87,13.05,10.89,48.23,24.58,4.73
52229,County_52229,Other,Urban,87.43,12.57,14.91,11.91,44.6,31.4,7.52
51921,County_51921,Other,Urban,81.72,18.28,22.05,18.63,37.43,34.24,5.04
35367,County_35367,Ohio,Urban,68.95,31.05,37.34,31.62,31.96,49.3,5.78
19819,County_19819,Maine,Suburban/Small City,69.92,30.08,35.75,29.86,35.7,47.83,6.83
51903,County_51903,Other,Rural,72.61,27.39,33.25,27.93,35.26,32.73,6.77
31481,County_31481,New Mexico,Urban,69.97,30.03,35.75,30.97,34.89,47.92,5.86
52943,County_52943,Other,Urban,80.24,19.76,24.38,20.34,38.35,26.91,7.33
56067,County_56067,Other,Rural,68.46,31.54,37.84,31.4,25.83,45.36,3.22
26609,County_26609,Montana,Suburban/Small City,90.47,9.53,11.33,9.69,53.81,20.22,7.45
44275,County_44275,Utah,Suburban/Small City,82.53,17.47,21.36,17.6,45.05,24.38,6.22
1157,County_1157,Alabama,Urban,76.6,23.4,28.57,22.91,27.62,37.69,7.18
49183,County_49183,Wisconsin,Rural,89.03,10.97,12.56,11.78,48.93,28.37,6.86
47231,County_47231,Washington,Rural,69.9,30.1,35.33,30.08,39.22,38.29,10.1
53675,County_53675,Other,Rural,84.66,15.34,18.22,15.22,43.95,29.2,5.52
47959,County_47959,Washington,Rural,66.08,33.92,41.68,34.12,28.31,41.02,6.57
20591,County_20591,Maryland,Rural,63.88,36.12,43.51,35.85,34.71,43.76,7.41
45951,County_45951,Vermont,Urban,76.36,23.64,28.84,24.43,45.58,37.35,3.16
43357,County_43357,Texas,Urban,82.23,17.77,21.16,17.88,37.67,34.49,5.12
1921,County_1921,Alabama,Rural,93.07,6.93,8.35,6.5,45.02,10.36,6.93
12945,County_12945,Idaho,Urban,76.24,23.76,28.52,23.85,39.52,32.14,8.13
13123,County_13123,Illinois,Suburban/Small City,93.09,6.91,8.48,7.25,55.24,15.72,8.56
12547,County_12547,Idaho,Urban,,23.99,28.8,24.19,35.5,34.78,5.08
56027,County_56027,Other,Rural,91.5,,10.11,7.79,47.03,14.22,3.71
15131,County_15131,Iowa,Urban,82.24,17.76,21.14,17.78,35.22,28.24,4.6
22141,County_22141,Michigan,Rural,77.97,22.03,25.8,23.02,38.69,33.38,4.88
7021,County_7021,Connecticut,Rural,78.33,21.67,25.47,21.92,36.14,28.9,5.42
44031,County_44031,Utah,Urban,71.0,29.0,34.96,29.42,30.43,,2.97
8857,County_8857,Delaware,Urban,91.69,8.31,9.25,9.33,48.07,28.23,7.88
24127,County_24127,Mississippi,Rural,70.28,29.72,35.5,29.64,32.71,38.33,7.91
13325,County_13325,Illinois,Urban,77.83,22.17,26.07,22.69,37.32,30.58,3.18
25857,County_25857,Missouri,Urban,91.39,8.61,10.23,9.74,50.74,,5.99
24541,County_24541,Mississippi,Urban,83.45,16.55,19.97,15.96,47.25,22.57,8.75
44347,County_44347,Utah,Urban,75.04,24.96,29.79,25.58,32.47,30.77,6.53
39475,County_39475,Rhode Island,Rural,78.77,21.23,25.38,21.6,,32.07,5.4
24265,County_24265,Mississippi,Rural,86.56,13.44,16.78,13.5,53.2,28.56,7.27
52277,County_52277,Other,Rural,73.15,26.85,32.41,26.84,23.45,44.07,5.7
6661,County_6661,Colorado,Urban,80.09,19.91,24.28,20.3,44.28,23.51,6.06
14603,County_14603,Indiana,Urban,74.46,25.54,30.44,26.54,32.46,31.59,6.91
55459,County_55459,Other,Rural,80.16,19.84,23.62,19.78,36.16,35.41,5.25
13447,County_13447,Illinois,Urban,,32.67,39.65,33.32,32.32,42.8,6.66
29293,County_29293,New Hampshire,Rural,86.64,13.36,16.04,13.12,38.22,28.87,6.22
18143,County_18143,Louisiana,Rural,65.86,34.14,40.41,34.44,24.01,51.03,6.6
16831,County_16831,Kansas,Suburban/Small City,85.93,14.07,17.26,14.35,44.02,28.88,4.89
14597,County_14597,Indiana,Rural,81.54,18.46,21.91,19.84,53.14,,5.39
16945,County_16945,Kansas,Rural,76.32,23.68,27.68,23.93,32.74,36.96,5.71
43369,County_43369,Texas,Urban,81.24,18.76,22.77,18.89,34.51,43.25,7.86
41337,County_41337,South Dakota,Rural,71.81,28.19,34.02,27.91,37.81,38.98,4.97
27677,County_27677,Nebraska,Urban,71.09,28.91,33.88,29.12,38.19,,7.66
37339,County_37339,Oregon,Rural,79.1,20.9,,20.77,35.18,23.18,3.59
8539,County_8539,Delaware,Rural,68.01,31.99,38.21,31.61,33.51,42.64,4.95
52559,County_52559,Other,Urban,75.41,24.59,29.13,25.32,34.46,37.23,5.73
28647,County_28647,Nevada,Urban,84.1,15.9,19.18,16.84,44.74,28.28,3.98
26595,County_26595,Montana,Rural,68.73,31.27,37.67,,31.7,48.56,6.65
17151,County_17151,Kentucky,Rural,72.13,27.87,33.31,26.47,36.85,48.35,4.92
21929,County_21929,Massachusetts,Rural,74.48,25.52,30.43,25.61,30.41,40.68,7.23
6153,County_6153,Colorado,Suburban/Small City,78.18,21.82,26.22,22.26,37.02,29.8,
25437,County_25437,Missouri,Suburban/Small City,78.42,21.58,26.1,20.94,34.11,39.3,7.82
46121,County_46121,Virginia,Rural,75.85,24.15,29.13,24.1,35.94,31.84,4.93
2523,County_2523,Alaska,Suburban/Small City,76.42,23.58,28.69,24.69,30.57,38.93,5.99
7419,County_7419,Connecticut,Urban,71.99,28.01,33.17,28.42,32.05,40.56,5.32
9691,County_9691,Florida,Rural,,,32.91,27.58,42.93,42.14,4.56
46337,County_46337,Virginia,Rural,77.86,22.14,26.59,22.64,36.95,35.45,4.29
29493,County_29493,New Hampshire,Rural,73.7,26.3,31.9,26.55,,36.03,5.83
7297,County_7297,Connecticut,Rural,79.39,20.61,25.77,19.67,39.76,39.74,9.41
55847,County_55847,Other,Rural,79.91,20.09,23.89,20.87,48.79,35.38,3.99
31707,County_31707,New Mexico,Rural,71.9,28.1,33.67,27.04,26.57,41.25,4.27
42623,County_42623,Tennessee,Rural,77.95,,26.47,21.92,52.36,36.7,7.43
41501,County_41501,South Dakota,Urban,76.16,23.84,29.08,24.16,42.51,45.09,6.24
39129,County_39129,Rhode Island,Urban,74.09,25.91,31.57,26.48,37.54,49.88,6.08
8051,County_8051,Delaware,Rural,67.52,32.48,39.19,31.81,40.04,,7.4
11991,County_11991,Hawaii,Urban,93.62,6.38,6.95,7.17,54.32,20.26,7.21
8689,County_8689,Delaware,Rural,84.11,15.89,19.26,15.73,41.52,34.31,3.62
24277,County_24277,Mississippi,Rural,78.94,21.06,24.91,21.88,35.4,29.71,6.61
10377,County_10377,Georgia,Rural,73.63,26.37,30.67,26.52,37.87,28.68,6.75
33915,County_33915,North Carolina,Urban,82.47,17.53,20.98,17.79,41.17,34.29,3.96
49225,County_49225,Wisconsin,Rural,83.5,16.5,20.22,16.78,38.24,31.68,4.55
15099,County_15099,Iowa,Urban,85.24,14.76,,15.71,48.6,14.92,5.57
5431,County_5431,California,Urban,71.35,28.65,34.64,28.42,36.44,35.7,4.46
26463,County_26463,Montana,Rural,66.9,33.1,39.44,33.54,30.58,41.52,3.69
45535,County_45535,Vermont,Urban,84.38,15.62,18.75,16.04,50.83,19.2,6.3
41365,County_41365,South Dakota,Rural,84.96,15.04,17.31,14.63,47.79,31.13,7.86
11491,County_11491,Hawaii,Rural,80.14,19.86,23.6,19.76,34.47,28.78,5.17
14647,County_14647,Indiana,Rural,86.83,13.17,16.49,12.91,,25.01,6.54
26353,County_26353,Montana,Urban,68.51,31.49,37.99,32.32,36.58,46.07,5.55
41227,County_41227,South Dakota,Rural,84.58,15.42,18.17,15.68,44.43,25.26,8.4
11375,County_11375,Hawaii,Rural,81.1,18.9,22.56,19.42,24.52,32.3,7.47
8447,County_8447,Delaware,Suburban/Small City,87.86,12.14,14.63,12.57,44.57,20.73,7.46
41583,County_41583,South Dakota,Urban,83.36,16.64,20.2,17.62,45.92,31.45,5.22
1175,County_1175,Alabama,Rural,80.5,19.5,23.53,20.09,45.54,31.9,5.27
52951,County_52951,Other,Rural,92.2,7.8,9.74,7.75,50.94,26.32,9.85
14435,County_14435,Indiana,Rural,69.37,30.63,36.37,31.02,37.0,41.27,4.9
29587,County_29587,New Hampshire,Urban,75.23,24.77,29.91,23.61,41.16,40.38,4.48
29957,County_29957,New Hampshire,Urban,77.71,22.29,25.92,23.02,41.37,32.68,5.86
47633,County_47633,Washington,Urban,79.59,20.41,24.28,21.14,45.28,27.86,5.62
1281,County_1281,Alabama,Urban,,25.05,30.08,25.38,28.83,38.78,6.69
4711,County_4711,Arkansas,Rural,87.03,12.97,15.44,13.16,45.63,28.65,4.93
35305,County_35305,Ohio,Rural,88.43,11.57,14.22,11.62,49.6,25.97,6.3
18099,County_18099,Louisiana,Rural,83.62,,20.34,,40.45,26.76,5.33
30613,County_30613,New Jersey,Suburban/Small City,90.14,9.86,11.57,10.14,43.81,22.1,7.15
40447,County_40447,South Carolina,Rural,61.73,38.27,46.18,37.95,22.54,49.85,4.88
20037,County_20037,Maryland,Urban,65.84,34.16,40.37,34.48,,51.8,7.26
4715,County_4715,Arkansas,Suburban/Small City,74.8,25.2,30.62,25.65,37.52,,4.14
18239,County_18239,Louisiana,Rural,73.12,,31.99,26.99,39.25,41.53,6.07
27059,County_27059,Nebraska,Suburban/Small City,72.72,27.28,32.86,26.96,32.02,46.58,4.37
4921,County_4921,Arkansas,Rural,75.02,24.98,29.97,24.71,35.49,36.63,5.43
24703,County_24703,Mississippi,Rural,70.43,29.57,35.68,29.24,44.01,43.21,6.91
52025,County_52025,Other,Rural,70.43,29.57,35.23,,36.0,37.66,4.04
25167,County_25167,Missouri,Urban,83.65,16.35,20.32,16.03,49.37,25.19,7.1
37415,County_37415,Oregon,Urban,80.96,19.04,22.78,19.93,41.56,29.49,3.72
24469,County_24469,Mississippi,Urban,67.88,32.12,38.13,33.06,33.51,46.21,6.99
6893,County_6893,Colorado,Urban,89.07,10.93,12.85,10.21,39.54,28.51,6.81
30175,County_30175,New Jersey,Urban,82.99,17.01,20.53,16.52,42.15,28.54,6.92
41705,County_41705,South Dakota,Rural,77.03,22.97,28.12,23.23,42.67,33.39,7.43
44595,County_44595,Utah,Rural,71.7,28.3,33.8,28.35,44.75,43.12,7.68
52161,County_52161,Other,Rural,70.71,29.29,35.49,29.28,41.12,41.13,5.04
40977,County_40977,South Carolina,Rural,84.87,15.13,18.46,15.48,38.73,24.41,7.92
2025,County_2025,Alaska,Suburban/Small City,85.33,14.67,,15.1,45.25,24.27,6.7
46007,County_46007,Virginia,Rural,89.87,10.13,12.35,10.15,47.7,21.27,4.06
21693,County_21693,Massachusetts,Urban,70.71,29.29,35.38,30.09,34.88,41.01,7.57
48735,County_48735,West Virginia,Urban,75.53,24.47,28.97,24.23,39.77,29.84,6.62
24915,County_24915,Mississippi,Urban,78.88,21.12,26.06,21.92,40.97,29.18,4.66
51911,County_51911,Other,Rural,72.4,27.6,33.35,26.92,36.78,43.99,6.63
47651,County_47651,Washington,Rural,71.27,28.73,,28.61,36.0,49.8,7.53
53507,County_53507,Other,Rural,70.6,29.4,35.07,29.41,38.12,38.97,6.24
55257,County_55257,Other,Rural,79.47,20.53,24.85,20.92,40.85,28.02,6.63
22589,County_22589,Michigan,Rural,62.89,37.11,44.51,36.41,28.81,47.35,4.33
56901,County_56901,Other,Rural,66.63,33.37,40.66,33.14,32.1,43.61,6.28
56585,County_56585,Other,Rural,72.9,27.1,33.41,27.09,29.88,38.21,7.23
28081,County_28081,Nevada,Suburban/Small City,66.85,33.15,39.34,33.03,27.72,52.92,5.94
42317,County_42317,Tennessee,Rural,92.64,7.36,8.49,7.32,42.44,21.88,6.4
41777,County_41777,South Dakota,Suburban/Small City,84.64,15.36,17.81,14.42,,29.44,6.57
44011,County_44011,Utah,Rural,79.57,20.43,24.63,21.05,38.31,32.02,5.2
41615,County_41615,South Dakota,Rural,81.51,18.49,22.15,18.46,39.74,,3.59
2505,County_2505,Alaska,Rural,85.8,14.2,17.84,14.68,,20.65,6.26
43401,County_43401,Texas,Suburban/Small City,67.81,32.19,38.57,32.65,36.65,43.25,3.66
49641,County_49641,Wisconsin,Rural,87.92,12.08,13.72,12.69,41.96,24.46,7.57
16289,County_16289,Kansas,Rural,67.58,32.42,39.85,32.42,35.1,44.73,7.06
55767,County_55767,Other,Suburban/Small City,81.67,18.33,21.43,18.62,41.38,27.37,3.58
15157,County_15157,Iowa,Rural,79.2,20.8,24.99,21.07,36.18,35.18,5.5
39793,County_39793,Rhode Island,Urban,81.51,18.49,22.59,17.82,40.52,34.09,5.66
43263,County_43263,Texas,Urban,89.09,10.91,13.62,10.17,51.64,31.28,6.99
33765,County_33765,North Carolina,Suburban/Small City,84.69,15.31,18.92,16.55,42.51,19.51,7.25
16885,County_16885,Kansas,Suburban/Small City,92.55,7.45,9.45,7.29,43.41,15.18,7.9
52747,County_52747,Other,Rural,78.49,21.51,24.5,21.64,43.95,32.19,7.21
5253,County_5253,California,Rural,89.76,10.24,12.7,10.86,46.91,20.26,4.62
48197,County_48197,West Virginia,Urban,76.84,23.16,28.38,22.94,38.04,40.57,4.3
5793,County_5793,California,Rural,73.25,26.75,32.61,27.39,35.53,38.94,8.5
47455,County_47455,Washington,Rural,67.74,32.26,38.41,31.95,,47.39,5.38
41161,County_41161,South Dakota,Urban,68.66,31.34,36.58,31.99,36.62,41.11,8.18
35585,County_35585,Ohio,Rural,82.27,17.73,21.19,17.52,42.34,33.13,4.34
30007,County_30007,New Jersey,Rural,75.42,24.58,30.06,25.56,38.39,40.69,5.3
18943,County_18943,Louisiana,Rural,72.47,27.53,32.91,29.09,39.73,37.05,4.17
13913,County_13913,Illinois,Suburban/Small City,65.15,,41.4,34.84,32.33,48.59,5.72
56855,County_56855,Other,Rural,82.12,17.88,22.03,18.0,38.42,30.3,7.47
2087,County_2087,Alaska,Urban,80.63,,23.41,20.05,43.53,33.48,5.69
45197,County_45197,Vermont,Rural,98.1,1.9,2.64,1.8,55.71,17.61,6.7
48747,County_48747,West Virginia,Rural,85.01,14.99,,15.65,,33.03,8.1
53657,County_53657,Other,Rural,66.99,33.01,39.52,33.37,27.02,52.47,5.85
1721,County_1721,Alabama,Rural,74.34,25.66,31.18,26.39,35.54,34.96,7.29
50831,County_50831,Wyoming,Rural,80.99,19.01,22.66,19.44,48.11,30.96,5.86
19941,County_19941,Maine,Urban,93.74,6.26,6.94,6.33,56.52,12.06,5.08
26233,County_26233,Montana,Rural,81.11,18.89,22.37,18.64,36.31,36.85,5.39
21073,County_21073,Massachusetts,Urban,84.03,15.97,19.65,16.71,49.29,29.84,7.23
40833,County_40833,South Carolina,Rural,72.52,27.48,32.94,27.37,30.88,37.08,5.98
55789,County_55789,Other,Urban,72.87,27.13,33.55,26.97,27.77,44.14,5.45
48233,County_48233,West Virginia,Urban,73.62,26.38,31.83,26.79,36.4,45.42,3.88
3601,County_3601,Arizona,Urban,79.28,20.72,25.26,20.73,39.9,40.13,7.5
37859,County_37859,Oregon,Urban,94.86,5.14,5.52,4.79,43.96,22.41,6.27
15313,County_15313,Iowa,Rural,90.13,9.87,11.82,9.68,47.11,32.69,7.26
26917,County_26917,Montana,Urban,81.68,,22.56,18.37,35.36,29.26,7.3
20757,County_20757,Maryland,Rural,71.5,28.5,34.6,27.98,32.23,41.93,5.48
48385,County_48385,West Virginia,Rural,73.59,,32.15,26.86,32.96,,8.05
37919,County_37919,Oregon,Urban,77.41,22.59,27.99,22.78,31.77,37.64,7.27
42791,County_42791,Tennessee,Urban,87.04,12.96,15.88,13.49,47.37,25.75,3.98
40617,County_40617,South Carolina,Rural,69.69,30.31,36.13,31.11,38.6,44.55,6.24
51663,County_51663,Other,Rural,86.53,13.47,16.37,14.47,42.78,23.42,7.2
7705,County_7705,Connecticut,Urban,69.9,30.1,36.29,29.88,33.17,43.77,4.32
28879,County_28879,Nevada,Rural,74.82,25.18,30.1,25.0,39.94,44.61,5.95
37327,County_37327,Oregon,Rural,95.55,4.45,5.3,5.24,51.45,20.03,7.0
3325,County_3325,Arizona,Rural,90.43,9.57,11.71,10.55,38.98,25.07,8.05
36975,County_36975,Oklahoma,Rural,95.42,4.58,5.11,5.0,52.75,15.63,8.3
53263,County_53263,Other,Rural,88.2,11.8,14.7,12.04,55.25,24.66,6.42
50293,County_50293,Wyoming,Urban,81.22,18.78,22.86,18.61,42.86,23.17,6.31
5743,County_5743,California,Suburban/Small City,81.87,18.13,22.35,18.91,42.48,29.42,7.1
5071,County_5071,California,Rural,78.42,21.58,25.49,22.09,30.45,30.33,8.72
23719,County_23719,Minnesota,Suburban/Small City,82.08,17.92,21.06,17.03,42.88,23.41,5.41
1215,County_1215,Alabama,Suburban/Small City,78.66,21.34,24.73,21.19,23.8,30.91,8.79
29375,County_29375,New Hampshire,Rural,92.48,7.52,,8.34,47.35,16.95,5.91
45519,County_45519,Vermont,Rural,,26.5,,26.05,34.33,41.96,8.56
46581,County_46581,Virginia,Rural,69.29,30.71,37.39,31.91,26.77,48.37,4.25
49169,County_49169,Wisconsin,Rural,78.63,21.37,26.12,21.48,42.29,25.62,6.65
26645,County_26645,Montana,Rural,80.68,19.32,22.7,18.93,40.58,34.81,6.91
33821,County_33821,North Carolina,Rural,68.93,,37.08,31.15,19.02,48.34,4.6
38207,County_38207,Pennsylvania,Rural,72.22,27.78,,27.45,40.54,38.18,7.67
54773,County_54773,Other,Rural,78.66,21.34,25.28,21.38,40.42,42.03,7.28
14613,County_14613,Indiana,Urban,77.8,22.2,26.75,22.57,33.56,36.04,5.62
10859,County_10859,Georgia,Rural,84.25,15.75,18.38,16.23,40.26,18.92,6.45
6515,County_6515,Colorado,Urban,89.97,10.03,12.03,9.97,47.94,23.61,7.15
48991,County_48991,West Virginia,Urban,75.12,24.88,28.84,24.85,36.54,32.17,6.45
29659,County_29659,New Hampshire,Rural,76.27,23.73,28.83,24.29,38.93,38.57,5.78
29745,County_29745,New Hampshire,Rural,75.1,24.9,29.66,26.46,32.74,29.57,6.8
24811,County_24811,Mississippi,Urban,83.36,16.64,19.51,16.53,44.33,32.51,4.94
32703,County_32703,New York,Rural,84.91,15.09,19.35,14.78,45.29,21.83,7.94
38337,County_38337,Pennsylvania,Urban,68.82,31.18,37.42,31.4,19.34,49.74,7.6
32653,County_32653,New York,Rural,78.67,21.33,26.0,21.5,38.63,29.44,4.37
56825,County_56825,Other,Rural,73.7,26.3,31.47,26.89,33.36,35.51,4.24
26001,County_26001,Montana,Rural,80.73,19.27,23.54,19.15,37.87,31.61,5.78
51065,County_51065,Other,Urban,86.11,13.89,16.74,13.69,51.0,23.32,6.05
46979,County_46979,Virginia,Rural,77.06,22.94,27.46,23.45,37.47,34.85,8.0
47107,County_47107,Washington,Rural,83.73,16.27,20.08,16.57,40.52,20.58,5.23
9565,County_9565,Florida,Rural,78.73,21.27,25.78,21.36,39.27,35.2,4.22
22219,County_22219,Michigan,Rural,67.39,32.61,39.67,32.77,32.79,50.16,6.52
14733,County_14733,Indiana,Urban,78.78,21.22,25.2,20.81,48.11,26.0,4.48
9585,County_9585,Florida,Urban,,19.31,23.03,19.65,40.64,24.51,6.72
41429,County_41429,South Dakota,Urban,67.34,32.66,39.72,32.68,35.45,43.51,7.68
17711,County_17711,Kentucky,Rural,88.66,11.34,13.16,11.31,56.16,23.2,
46469,County_46469,Virginia,Rural,77.46,22.54,27.13,22.92,38.26,35.73,4.28
42921,County_42921,Tennessee,Suburban/Small City,77.78,22.22,27.46,22.47,47.45,28.03,6.14
5917,County_5917,California,Rural,78.77,21.23,,21.7,41.6,35.96,7.72
40539,County_40539,South Carolina,Rural,77.11,22.89,27.21,22.96,32.63,37.98,6.8
37645,County_37645,Oregon,Suburban/Small City,79.97,,23.73,20.3,41.95,43.42,4.46
40525,County_40525,South Carolina,Rural,64.42,35.58,41.93,36.01,,46.64,4.47
45341,County_45341,Vermont,Rural,63.21,36.79,43.74,36.45,27.35,49.34,7.8
28079,County_28079,Nevada,Rural,91.91,8.09,9.27,8.26,50.25,11.67,7.78
26277,County_26277,Montana,Rural,66.82,33.18,40.03,32.83,28.27,48.51,6.75
11117,County_11117,Hawaii,Rural,79.03,20.97,25.26,21.42,27.39,36.41,6.31
17073,County_17073,Kentucky,Rural,79.94,20.06,24.11,19.73,41.05,33.2,7.78
42227,County_42227,Tennessee,Urban,69.75,30.25,36.25,30.25,29.06,36.35,7.26
2443,County_2443,Alaska,Rural,88.75,11.25,14.06,11.4,39.85,13.75,6.18
22399,County_22399,Michigan,Urban,92.18,7.82,9.4,8.09,51.84,16.36,7.21
14007,County_14007,Indiana,Rural,90.8,9.2,11.04,9.59,51.75,23.41,3.8
49217,County_49217,Wisconsin,Urban,80.33,19.67,23.73,19.69,44.05,26.21,3.91
45937,County_45937,Vermont,Rural,80.44,19.56,23.41,20.0,33.71,33.69,5.62
18515,County_18515,Louisiana,Urban,76.67,23.33,28.01,24.23,30.33,44.77,
28891,County_28891,Nevada,Urban,,33.05,38.9,33.05,26.12,43.92,7.66
14785,County_14785,Indiana,Suburban/Small City,88.0,12.0,14.71,11.76,46.17,20.91,6.11
15665,County_15665,Iowa,Rural,82.69,17.31,19.89,,46.54,29.84,2.83
33447,County_33447,North Carolina,Urban,77.27,22.73,26.81,22.5,42.41,44.84,4.17
38635,County_38635,Pennsylvania,Rural,74.69,25.31,30.09,25.98,32.3,48.67,4.92
38803,County_38803,Pennsylvania,Urban,69.11,30.89,36.73,31.06,31.65,41.81,5.35
40557,County_40557,South Carolina,Rural,91.49,8.51,10.57,8.04,51.03,21.16,4.23
17159,County_17159,Kentucky,Rural,72.49,27.51,32.59,27.33,36.31,44.61,4.57
34889,County_34889,North Dakota,Rural,65.66,34.34,41.13,34.13,29.27,45.33,4.96
8871,County_8871,Delaware,Rural,76.24,23.76,28.02,23.77,35.16,35.05,5.74
27349,County_27349,Nebraska,Suburban/Small City,94.9,5.1,6.03,5.37,51.92,18.09,6.18
52907,County_52907,Other,Urban,82.97,17.03,19.53,17.71,45.17,20.64,8.62
52523,County_52523,Other,Rural,68.85,31.15,36.5,31.05,34.9,48.21,3.91
5333,County_5333,California,Rural,65.53,34.47,41.07,34.47,24.08,46.33,3.2
22355,County_22355,Michigan,Rural,82.38,17.62,21.27,17.03,46.25,29.46,7.29
52847,County_52847,Other,Rural,66.67,33.33,39.88,33.19,36.12,44.2,5.13
19619,County_19619,Maine,Urban,82.19,17.81,21.54,17.94,45.65,32.44,6.66
52977,County_52977,Other,Urban,62.87,37.13,44.51,36.79,31.14,51.75,7.05
25819,County_25819,Missouri,Rural,69.81,30.19,35.37,30.05,20.06,,5.53
26525,County_26525,Montana,Rural,85.98,14.02,16.56,13.48,45.96,30.82,9.22
13805,County_13805,Illinois,Rural,78.15,21.85,26.78,22.66,42.09,24.93,3.59
1187,County_1187,Alabama,Rural,83.49,16.51,20.74,16.55,38.18,35.59,5.31
11949,County_11949,Hawaii,Rural,70.85,29.15,36.03,29.67,31.32,40.92,5.4
50827,County_50827,Wyoming,Rural,70.76,,34.24,28.25,29.14,45.5,5.76
7821,County_7821,Connecticut,Rural,90.81,9.19,10.52,9.74,44.08,16.25,10.21
56493,County_56493,Other,Urban,75.33,24.67,28.65,24.82,39.82,42.16,4.49
6479,County_6479,Colorado,Urban,89.51,10.49,12.11,10.97,43.71,15.98,4.93
20805,County_20805,Maryland,Rural,78.26,21.74,26.4,21.83,33.73,31.26,5.3
32785,County_32785,New York,Urban,69.0,,,31.44,23.99,51.7,5.81
48541,County_48541,West Virginia,Rural,83.37,16.63,20.63,,45.71,34.95,6.5
30333,County_30333,New Jersey,Rural,72.2,27.8,34.09,29.18,34.89,41.82,8.62
14249,County_14249,Indiana,Rural,72.53,27.47,33.39,27.46,,41.46,6.61
5997,County_5997,California,Rural,77.8,22.2,26.03,22.4,43.43,34.93,8.07
56053,County_56053,Other,Urban,73.43,26.57,32.36,28.14,32.8,49.19,4.34
11687,County_11687,Hawaii,Urban,67.16,32.84,39.85,33.4,21.7,46.39,3.31
44629,County_44629,Utah,Rural,78.39,21.61,25.77,21.86,42.63,35.65,8.93
19907,County_19907,Maine,Rural,85.55,14.45,17.08,14.61,46.99,20.88,7.41
35735,County_35735,Ohio,Rural,82.13,17.87,20.74,18.14,38.28,28.74,4.76
35135,County_35135,Ohio,Suburban/Small City,71.02,28.98,34.66,28.35,37.48,47.07,8.27
40193,County_40193,South Carolina,Rural,72.6,27.4,33.54,27.04,40.98,50.67,2.5
20841,County_20841,Maryland,Rural,78.23,21.77,26.95,22.72,35.5,40.16,7.92
44715,County_44715,Utah,Rural,81.11,18.89,22.82,18.84,43.1,29.22,6.51
30083,County_30083,New Jersey,Urban,84.06,15.94,17.93,17.05,46.99,,4.86
28359,County_28359,Nevada,Suburban/Small City,70.48,29.52,36.29,29.03,30.72,45.05,4.31
50765,County_50765,Wyoming,Rural,68.03,31.97,38.41,31.93,32.95,43.36,5.24
46071,County_46071,Virginia,Rural,63.63,36.37,43.91,36.13,24.74,52.06,5.03
6019,County_6019,Colorado,Rural,81.17,18.83,22.24,19.07,39.65,37.67,3.01
40393,County_40393,South Carolina,Rural,91.45,8.55,10.43,10.04,59.99,18.6,7.25
43589,County_43589,Texas,Rural,67.72,32.28,38.61,32.44,31.92,51.76,5.37
48121,County_48121,West Virginia,Rural,,21.42,26.25,21.73,33.38,38.17,6.07
52263,County_52263,Other,Rural,69.58,30.42,36.0,30.94,36.1,35.73,8.55
56755,County_56755,Other,Rural,88.7,11.3,13.29,10.87,37.83,29.4,4.15
51983,County_51983,Other,Urban,87.66,12.34,15.7,11.93,49.62,17.32,7.43
36807,County_36807,Oklahoma,Rural,73.74,26.26,31.3,26.23,37.56,33.47,5.56
23421,County_23421,Minnesota,Rural,78.02,21.98,26.35,22.62,34.02,36.09,4.63
38731,County_38731,Pennsylvania,Rural,66.76,33.24,40.35,33.31,30.56,53.56,3.98
35463,County_35463,Ohio,Rural,72.39,27.61,32.94,27.83,33.16,37.8,5.79
19469,County_19469,Maine,Suburban/Small City,78.6,21.4,25.54,21.62,42.51,38.65,4.89
35409,County_35409,Ohio,Urban,76.54,23.46,27.19,23.92,42.15,28.73,6.03
26545,County_26545,Montana,Rural,85.25,14.75,17.4,14.78,44.42,24.46,5.09
19869,County_19869,Maine,Rural,74.88,25.12,29.71,25.13,32.53,48.66,2.24
8467,County_8467,Delaware,Rural,92.82,7.18,9.31,6.72,46.73,11.51,6.57
43421,County_43421,Texas,Rural,79.09,20.91,25.27,21.04,43.78,26.92,8.39
51331,County_51331,Other,Urban,68.4,31.6,37.21,31.94,33.27,34.5,6.47
36919,County_36919,Oklahoma,Urban,,32.88,39.1,33.27,31.38,44.24,5.92
14295,County_14295,Indiana,Rural,65.48,34.52,41.74,34.5,26.5,50.3,5.05
12475,County_12475,Idaho,Rural,,33.72,40.59,33.89,28.17,54.89,8.07
13987,County_13987,Illinois,Urban,69.21,30.79,37.0,31.1,30.83,45.35,5.64
23427,County_23427,Minnesota,Rural,76.12,23.88,27.88,23.66,39.27,38.85,6.94
43777,County_43777,Texas,Rural,71.82,28.18,34.26,28.27,31.14,41.56,2.91
22249,County_22249,Michigan,Suburban/Small City,76.38,23.62,29.13,23.7,33.86,33.4,6.65
10591,County_10591,Georgia,Urban,71.35,28.65,33.93,29.03,35.51,45.48,5.96
40799,County_40799,South Carolina,Rural,79.17,20.83,26.07,21.34,,38.68,5.33
7967,County_7967,Connecticut,Rural,68.54,31.46,37.52,31.86,30.09,39.77,
25235,County_25235,Missouri,Rural,66.26,33.74,40.08,34.24,32.33,42.48,10.04
41867,County_41867,South Dakota,Urban,75.49,24.51,29.19,24.38,32.83,41.08,7.31
8319,County_8319,Delaware,Rural,85.19,14.81,17.58,15.32,43.65,27.0,7.46
23749,County_23749,Minnesota,Urban,83.87,16.13,19.21,16.51,52.17,29.84,8.15
54769,County_54769,Other,Rural,90.68,9.32,10.67,9.52,55.74,23.84,6.58
20475,County_20475,Maryland,Urban,71.95,28.05,33.93,27.96,39.12,49.17,6.17
24885,County_24885,Mississippi,Rural,,22.48,26.97,23.48,40.8,34.58,5.04
3879,County_3879,Arizona,Rural,77.11,22.89,27.35,22.71,44.3,35.88,5.11
21853,County_21853,Massachusetts,Suburban/Small City,86.96,13.04,16.06,13.27,46.96,28.45,6.33
13879,County_13879,Illinois,Urban,90.62,9.38,10.98,9.19,46.85,24.53,6.9
40759,County_40759,South Carolina,Rural,85.19,14.81,17.32,14.67,46.27,24.9,6.22
23517,County_23517,Minnesota,Rural,84.97,,18.0,15.45,43.86,28.01,8.56
1979,County_1979,Alabama,Rural,88.55,11.45,13.86,12.16,44.88,25.88,9.51
56163,County_56163,Other,Suburban/Small City,75.89,24.11,28.38,24.29,43.55,,4.49
33407,County_33407,North Carolina,Rural,90.97,9.03,10.83,9.54,51.46,21.8,10.66
41877,County_41877,South Dakota,Urban,80.96,19.04,22.09,19.84,41.09,29.05,5.42
32623,County_32623,New York,Urban,80.66,19.34,22.9,19.33,38.85,30.5,6.78
34743,County_34743,North Dakota,Rural,75.77,24.23,28.85,23.3,36.49,,4.52
5809,County_5809,California,Urban,74.49,25.51,30.89,26.82,44.14,31.84,4.38
17323,County_17323,Kentucky,Urban,79.69,20.31,24.26,20.93,47.82,31.56,4.64
25501,County_25501,Missouri,Urban,79.35,20.65,24.88,20.66,37.82,,2.0
10835,County_10835,Georgia,Urban,83.41,16.59,19.81,16.91,39.75,31.22,6.59
50497,County_50497,Wyoming,Rural,85.15,14.85,17.89,14.67,40.63,33.05,5.74
9447,County_9447,Florida,Suburban/Small City,77.38,22.62,27.13,23.08,,31.8,6.12
20125,County_20125,Maryland,Urban,87.54,12.46,15.12,11.96,55.54,16.4,6.9
47563,County_47563,Washington,Urban,77.68,22.32,27.11,22.49,42.34,40.67,5.22
48205,County_48205,West Virginia,Urban,88.83,11.17,13.11,11.47,51.2,20.11,5.66
56143,County_56143,Other,Rural,78.47,21.53,26.62,21.89,40.42,38.68,8.61
31751,County_31751,New Mexico,Urban,65.23,34.77,42.18,34.84,28.25,42.25,5.71
47265,County_47265,Washington,Rural,73.26,26.74,32.22,26.87,34.79,42.57,5.57
36909,County_36909,Oklahoma,Rural,72.87,,33.11,28.15,28.87,,
40227,County_40227,South Carolina,Rural,78.25,21.75,25.38,22.07,,34.94,5.26
8583,County_8583,Delaware,Rural,83.85,16.15,20.17,14.81,51.01,36.14,6.01
38065,County_38065,Pennsylvania,Rural,68.05,31.95,38.89,32.29,43.92,46.28,4.59
7337,County_7337,Connecticut,Suburban/Small City,85.19,14.81,18.59,14.39,51.04,22.6,7.41
37395,County_37395,Oregon,Rural,75.29,24.71,28.93,24.39,31.85,42.08,4.44
17013,County_17013,Kentucky,Urban,74.55,25.45,30.52,26.11,34.78,39.24,3.19
16575,County_16575,Kansas,Rural,76.79,23.21,27.89,24.31,49.3,30.95,3.36
55303,County_55303,Other,Rural,75.67,24.33,29.12,24.06,33.13,42.3,6.4
44851,County_44851,Utah,Urban,90.27,9.73,11.65,10.9,47.06,20.24,5.7
7581,County_7581,Connecticut,Urban,78.25,21.75,27.3,22.05,40.65,33.91,4.93
30553,County_30553,New Jersey,Urban,86.39,13.61,16.52,13.8,40.18,23.85,5.68
37665,County_37665,Oregon,Urban,87.74,12.26,15.1,13.39,42.08,20.26,4.92
10801,County_10801,Georgia,Urban,75.58,24.42,28.61,23.72,43.61,37.39,6.8
35135,County_35135,Ohio,Suburban/Small City,74.87,25.13,30.35,26.13,32.71,40.22,4.43
16893,County_16893,Kansas,Rural,82.49,17.51,20.62,17.86,48.46,21.45,4.1
31677,County_31677,New Mexico,Rural,75.81,24.19,29.25,24.85,34.61,35.77,5.5
14075,County_14075,Indiana,Urban,77.4,22.6,27.09,21.8,49.23,36.51,5.37
37387,County_37387,Oregon,Rural,76.26,23.74,28.5,23.56,40.34,31.26,6.9
36517,County_36517,Oklahoma,Urban,72.36,27.64,33.92,27.55,36.34,45.88,4.79
12277,County_12277,Idaho,Rural,91.57,8.43,9.7,8.28,53.28,24.75,4.34
50843,County_50843,Wyoming,Suburban/Small City,79.31,20.69,24.39,21.23,37.83,35.73,6.47
9135,County_9135,Florida,Rural,81.13,18.87,22.1,18.71,46.16,36.69,5.18
8207,County_8207,Delaware,Urban,95.41,4.59,4.75,5.82,58.13,15.9,8.24
39049,County_39049,Rhode Island,Urban,85.56,14.44,18.13,15.21,54.96,31.84,7.07
41261,County_41261,South Dakota,Urban,80.49,19.51,24.31,18.77,41.76,28.15,6.17
13139,County_13139,Illinois,Urban,85.76,14.24,17.15,14.0,53.94,23.75,6.13
20047,County_20047,Maryland,Rural,74.59,25.41,30.13,26.35,42.84,35.99,8.02
27137,County_27137,Nebraska,Rural,66.69,33.31,39.48,33.02,,46.95,6.95
47309,County_47309,Washington,Urban,68.04,31.96,38.14,32.38,33.69,44.54,7.04
49099,County_49099,Wisconsin,Urban,77.2,22.8,27.01,22.93,38.35,36.12,9.14
43795,County_43795,Texas,Rural,87.75,12.25,14.62,12.27,48.96,19.49,5.79
39211,County_39211,Rhode Island,Urban,84.48,15.52,17.8,14.66,46.97,30.14,3.11
54929,County_54929,Other,Rural,72.78,27.22,32.62,27.09,23.06,35.85,5.42
47339,County_47339,Washington,Urban,80.75,19.25,23.7,19.6,40.98,31.34,5.69
36579,County_36579,Oklahoma,Rural,72.45,27.55,33.29,28.36,41.58,38.51,5.28
23013,County_23013,Minnesota,Urban,77.49,22.51,27.1,22.94,35.12,36.18,4.67
17645,County_17645,Kentucky,Urban,77.35,22.65,27.32,22.64,46.55,32.88,6.44
29905,County_29905,New Hampshire,Urban,59.47,40.53,49.36,40.11,,49.46,2.44
49195,County_49195,Wisconsin,Urban,66.27,33.73,,33.87,32.31,50.95,7.03
15475,County_15475,Iowa,Urban,84.94,15.06,17.64,14.48,44.32,24.05,7.19
41303,County_41303,South Dakota,Urban,77.61,22.39,26.94,23.33,40.13,33.65,5.87
48069,County_48069,West Virginia,Rural,75.43,24.57,29.8,24.88,48.88,32.03,6.98
3505,County_3505,Arizona,Rural,80.55,19.45,23.78,20.68,38.3,27.83,5.83
5239,County_5239,California,Rural,,31.72,38.54,31.99,35.59,45.04,3.6
47863,County_47863,Washington,Urban,84.88,15.12,18.45,15.27,50.38,22.23,6.74
27785,County_27785,Nebraska,Urban,90.9,9.1,10.57,8.39,59.88,,6.22
52453,County_52453,Other,Rural,80.82,19.18,22.62,19.12,42.4,35.36,4.09
46507,County_46507,Virginia,Urban,79.89,20.11,25.11,,43.08,34.52,7.94
19711,County_19711,Maine,Rural,83.98,16.02,18.46,16.06,33.33,33.67,7.35
37137,County_37137,Oregon,Suburban/Small City,87.12,12.88,15.01,12.94,49.89,25.17,6.51
34685,County_34685,North Dakota,Rural,79.53,20.47,23.63,20.55,45.25,39.95,5.98
4435,County_4435,Arkansas,Rural,,17.36,20.76,18.68,51.27,25.45,8.76
31319,County_31319,New Mexico,Urban,80.72,19.28,23.16,19.54,36.37,29.24,4.55
52547,County_52547,Other,Rural,93.67,6.33,8.61,6.46,50.35,19.18,4.76
41329,County_41329,South Dakota,Rural,77.31,22.69,27.65,23.52,37.69,34.43,8.73
26821,County_26821,Montana,Urban,77.69,22.31,27.35,22.07,35.48,32.7,7.14
50687,County_50687,Wyoming,Rural,73.47,26.53,31.91,26.39,42.6,36.23,7.24
48047,County_48047,West Virginia,Rural,63.29,36.71,43.72,37.4,34.27,57.08,4.88
55911,County_55911,Other,Urban,76.91,23.09,27.64,23.59,41.13,37.4,7.67
6145,County_6145,Colorado,Rural,71.49,28.51,33.77,28.84,29.64,39.53,7.13
38629,County_38629,Pennsylvania,Rural,92.61,7.39,8.19,7.83,53.84,21.34,7.52
49157,County_49157,Wisconsin,Rural,64.57,35.43,42.82,35.48,22.26,52.43,5.09
47037,County_47037,Washington,Rural,76.75,23.25,28.44,23.42,37.85,36.87,5.71
28765,County_28765,Nevada,Rural,67.44,32.56,39.56,33.11,31.34,53.99,4.73
1445,County_1445,Alabama,Rural,84.09,15.91,19.39,15.55,43.23,30.16,5.71
9709,County_9709,Florida,Rural,76.13,23.87,29.17,23.72,43.91,42.06,
20253,County_20253,Maryland,Rural,82.84,17.16,19.67,16.96,45.83,27.92,3.78
42353,County_42353,Tennessee,Urban,78.26,21.74,26.86,20.85,40.88,27.9,1.68
29909,County_29909,New Hampshire,Rural,66.37,33.63,40.11,33.14,39.11,48.95,6.29
17195,County_17195,Kentucky,Rural,92.68,7.32,8.06,7.07,51.05,12.98,4.88
20443,County_20443,Maryland,Rural,,25.08,30.21,24.92,37.71,33.67,3.87
5351,County_5351,California,Rural,74.9,25.1,30.19,25.19,41.27,36.93,6.51
34825,County_34825,North Dakota,Rural,75.29,24.71,30.39,24.62,23.91,45.1,5.58
36553,County_36553,Oklahoma,Suburban/Small City,70.69,29.31,35.66,29.75,24.14,44.18,6.98
30291,County_30291,New Jersey,Rural,72.98,27.02,32.89,27.4,36.54,41.92,7.82
48551,County_48551,West Virginia,Rural,77.65,22.35,26.48,,51.1,27.56,6.42
30217,County_30217,New Jersey,Rural,65.01,,42.06,34.82,24.54,58.94,7.93
5405,County_5405,California,Rural,63.25,36.75,44.66,37.75,24.36,54.85,5.58
2081,County_2081,Alaska,Rural,71.74,28.26,34.22,27.91,32.22,38.91,3.95
10463,County_10463,Georgia,Urban,83.27,16.73,,16.71,42.1,25.83,4.72
29523,County_29523,New Hampshire,Urban,72.23,27.77,32.94,28.48,45.26,43.96,4.93
2883,County_2883,Alaska,Urban,64.34,35.66,43.64,35.92,29.03,45.32,7.81
32801,County_32801,New York,Urban,82.77,17.23,20.61,17.42,44.86,37.5,6.01
10417,County_10417,Georgia,Urban,85.98,14.02,17.6,14.3,44.25,18.98,5.44
18415,County_18415,Louisiana,Rural,89.55,10.45,12.4,10.66,47.0,21.12,5.42
6565,County_6565,Colorado,Rural,,17.33,21.87,17.23,41.49,24.54,6.26
32745,County_32745,New York,Suburban/Small City,78.08,21.92,25.75,21.86,35.1,33.91,8.0
10347,County_10347,Georgia,Urban,73.51,26.49,32.31,26.39,29.01,40.51,5.87
12245,County_12245,Idaho,Suburban/Small City,66.99,33.01,39.65,33.95,32.65,48.61,4.84
36981,County_36981,Oklahoma,Rural,82.05,17.95,21.17,,37.87,34.87,4.79
24051,County_24051,Mississippi,Rural,73.03,26.97,31.79,26.46,39.68,37.72,7.14
8201,County_8201,Delaware,Suburban/Small City,87.87,12.13,14.91,11.71,42.47,15.86,7.74
11983,County_11983,Hawaii,Rural,76.03,23.97,28.33,24.58,36.55,28.46,
5081,County_5081,California,Urban,81.03,18.97,22.95,18.83,54.95,25.97,8.7
16663,County_16663,Kansas,Urban,79.63,20.37,25.05,20.74,39.49,38.85,4.02
29109,County_29109,New Hampshire,Urban,81.91,18.09,21.5,18.47,43.42,30.81,6.65
13329,County_13329,Illinois,Urban,71.26,28.74,33.65,27.62,31.08,38.62,
19149,County_19149,Maine,Urban,68.57,31.43,37.4,32.12,33.62,37.94,6.05
21951,County_21951,Massachusetts,Rural,73.66,26.34,31.58,26.6,36.15,50.25,6.41
23587,County_23587,Minnesota,Rural,76.55,23.45,27.52,23.55,35.93,27.26,3.36
41581,County_41581,South Dakota,Rural,78.32,21.68,26.48,21.62,44.19,28.53,6.49
11691,County_11691,Hawaii,Urban,72.56,27.44,32.9,28.04,39.08,31.41,5.78
6523,County_6523,Colorado,Suburban/Small City,78.85,21.15,25.49,22.25,44.67,37.97,5.87
19119,County_19119,Maine,Urban,86.67,13.33,15.04,13.91,39.84,26.12,5.43
1829,County_1829,Alabama,Rural,76.72,23.28,27.44,22.53,46.45,41.57,7.04
38385,County_38385,Pennsylvania,Rural,85.91,14.09,17.3,13.98,46.59,20.82,5.96
7431,County_7431,Connecticut,Rural,90.58,9.42,10.9,9.88,52.02,27.22,3.18
5921,County_5921,California,Urban,73.75,26.25,31.3,26.73,39.17,33.41,3.11
18867,County_18867,Louisiana,Urban,83.09,16.91,19.26,16.57,37.64,29.42,3.07
41565,County_41565,South Dakota,Rural,79.1,20.9,25.19,21.03,39.64,35.17,4.99
42663,County_42663,Tennessee,Rural,81.15,18.85,22.04,19.06,36.18,33.6,4.44
51267,County_51267,Other,Urban,77.04,22.96,26.82,23.59,43.94,34.78,7.69
31033,County_31033,New Mexico,Rural,,28.17,32.92,27.87,37.9,47.93,4.34
29611,County_29611,New Hampshire,Rural,88.28,11.72,13.87,11.28,60.89,24.75,4.66
7097,County_7097,Connecticut,Urban,75.47,24.53,29.87,24.37,41.03,37.53,4.8
40087,County_40087,South Carolina,Rural,77.06,22.94,27.66,22.7,40.81,43.62,6.33
12459,County_12459,Idaho,Rural,84.28,15.72,17.98,16.38,38.39,22.7,5.79
30803,County_30803,New Jersey,Rural,76.62,23.38,28.65,24.1,44.89,39.49,6.03
20101,County_20101,Maryland,Rural,74.18,25.82,31.43,25.55,33.98,32.66,
13825,County_13825,Illinois,Urban,69.43,30.57,36.07,31.24,38.31,37.74,7.08
44367,County_44367,Utah,Rural,76.93,23.07,27.73,24.16,36.95,36.52,4.81
16429,County_16429,Kansas,Rural,70.43,29.57,34.78,28.96,36.53,40.88,6.46
15599,County_15599,Iowa,Urban,70.77,29.23,35.13,,30.74,50.18,6.66
30175,County_30175,New Jersey,Urban,80.47,19.53,23.56,19.93,45.03,32.01,3.13
9861,County_9861,Florida,Suburban/Small City,79.73,20.27,,20.4,51.92,35.14,6.29
40887,County_40887,South Carolina,Suburban/Small City,87.75,12.25,15.06,12.13,54.95,17.13,6.09
29979,County_29979,New Hampshire,Rural,78.63,21.37,25.1,21.63,41.98,37.58,5.6
15897,County_15897,Iowa,Rural,73.98,26.02,31.89,25.68,37.4,46.12,6.85
5065,County_5065,California,Rural,82.31,17.69,21.54,,36.23,29.74,6.13
37059,County_37059,Oregon,Urban,77.91,22.09,27.14,21.86,35.34,34.53,7.65
13127,County_13127,Illinois,Rural,84.52,15.48,18.69,14.7,33.8,27.56,7.08
18239,County_18239,Louisiana,Rural,62.01,37.99,45.11,37.69,26.51,48.09,1.68
28845,County_28845,Nevada,Urban,70.77,29.23,34.65,29.68,28.92,40.43,6.18
28305,County_28305,Nevada,Rural,65.85,34.15,40.21,,29.91,50.76,4.84
23549,County_23549,Minnesota,Urban,84.53,15.47,18.53,15.77,45.55,24.55,4.8
48751,County_48751,West Virginia,Rural,69.78,30.22,35.61,29.37,31.03,48.34,5.68
37607,County_37607,Oregon,Rural,74.59,25.41,29.94,24.54,34.77,29.93,7.32
52481,County_52481,Other,Rural,71.37,28.63,34.39,29.52,43.04,40.57,5.97
2505,County_2505,Alaska,Rural,86.82,13.18,16.01,12.83,44.56,,6.09
21037,County_21037,Massachusetts,Rural,86.5,13.5,15.91,14.25,39.27,20.86,6.25
37909,County_37909,Oregon,Urban,77.81,22.19,26.66,21.84,46.87,38.11,5.74
18139,County_18139,Louisiana,Rural,79.09,20.91,24.43,20.65,31.67,38.67,8.7
37701,County_37701,Oregon,Rural,80.2,19.8,23.81,19.48,46.92,40.16,4.76
34301,County_34301,North Dakota,Urban,78.08,21.92,26.0,21.45,43.63,30.1,5.72
43481,County_43481,Texas,Rural,65.46,34.54,41.22,34.56,33.28,46.97,5.23
3555,County_3555,Arizona,Rural,76.52,23.48,27.86,23.88,35.01,39.29,5.58
21637,County_21637,Massachusetts,Rural,69.83,30.17,35.5,31.2,38.74,46.11,3.65
43301,County_43301,Texas,Rural,81.8,18.2,21.52,18.25,36.45,27.22,3.06
22001,County_22001,Michigan,Rural,74.72,25.28,30.53,25.51,39.86,41.58,2.44
54449,County_54449,Other,Rural,83.26,16.74,21.06,16.8,47.31,25.72,3.79
25785,County_25785,Missouri,Suburban/Small City,81.0,19.0,22.22,20.16,42.71,29.2,5.06
49775,County_49775,Wisconsin,Urban,74.08,25.92,31.78,26.25,41.06,39.04,4.64
40487,County_40487,South Carolina,Rural,78.77,21.23,25.32,20.64,43.88,34.36,6.03
55731,County_55731,Other,Urban,81.09,18.91,22.91,19.54,35.8,33.38,4.05
8071,County_8071,Delaware,Rural,79.59,20.41,24.4,21.25,30.68,32.96,7.72
37845,County_37845,Oregon,Urban,82.82,17.18,21.87,17.81,51.97,29.91,4.38
45763,County_45763,Vermont,Urban,81.25,18.75,22.46,18.23,51.55,31.01,7.36
44585,County_44585,Utah,Urban,77.45,22.55,26.77,23.12,47.01,35.84,6.72
36441,County_36441,Oklahoma,Urban,62.95,37.05,45.15,37.47,37.78,44.68,6.84
54881,County_54881,Other,Rural,87.34,12.66,15.48,13.26,47.65,24.92,4.08
24373,County_24373,Mississippi,Rural,69.38,30.62,36.79,,29.94,50.04,5.13
26489,County_26489,Montana,Rural,88.71,11.29,,11.77,52.72,31.48,6.76
32069,County_32069,New York,Urban,75.49,24.51,30.18,24.7,34.48,42.42,6.48
14379,County_14379,Indiana,Rural,63.32,36.68,44.58,37.04,27.03,52.78,7.33
56867,County_56867,Other,Rural,86.83,13.17,15.95,13.04,47.88,24.54,5.75
19539,County_19539,Maine,Urban,68.29,31.71,38.02,31.86,37.15,44.74,5.28
17577,County_17577,Kentucky,Rural,68.12,31.88,37.92,33.16,26.6,49.73,6.6
48921,County_48921,West Virginia,Rural,82.73,17.27,21.04,17.72,49.17,21.58,8.26
17761,County_17761,Kentucky,Rural,82.1,17.9,21.37,18.31,40.5,34.71,7.57
50257,County_50257,Wyoming,Urban,70.94,29.06,34.97,29.63,31.72,42.42,5.66
34445,County_34445,North Dakota,Urban,75.44,24.56,29.67,24.61,39.89,33.7,3.72
20199,County_20199,Maryland,Rural,67.0,33.0,,33.4,33.97,49.91,5.9
24979,County_24979,Mississippi,Rural,87.91,12.09,14.83,12.24,45.55,21.74,
55949,County_55949,Other,Rural,80.57,19.43,22.93,20.55,45.53,25.99,7.16
6175,County_6175,Colorado,Rural,76.55,23.45,27.74,24.59,37.57,32.31,4.46
3131,County_3131,Arizona,Urban,83.05,16.95,20.31,17.64,50.91,28.36,7.73
37719,County_37719,Oregon,Suburban/Small City,89.88,10.12,11.65,10.51,48.35,14.07,6.6
4847,County_4847,Arkansas,Suburban/Small City,82.92,17.08,20.43,17.87,41.27,20.12,6.59
23109,County_23109,Minnesota,Rural,72.56,27.44,32.52,27.54,42.79,37.6,7.29
31809,County_31809,New Mexico,Urban,91.99,8.01,10.46,8.28,42.85,20.59,5.8
12405,County_12405,Idaho,Rural,79.71,20.29,24.15,20.39,41.64,31.44,5.09
25499,County_25499,Missouri,Suburban/Small City,69.81,30.19,36.91,29.89,41.55,42.27,9.18
19159,County_19159,Maine,Urban,84.06,15.94,18.77,16.5,42.82,25.25,4.53
39267,County_39267,Rhode Island,Urban,86.64,13.36,16.03,13.72,46.94,24.77,6.9
32811,County_32811,New York,Rural,66.25,33.75,40.68,34.45,37.64,,7.62
41525,County_41525,South Dakota,Rural,69.2,30.8,37.06,30.49,31.1,43.26,7.01
6851,County_6851,Colorado,Rural,73.65,26.35,31.39,26.26,32.13,35.53,6.6
49099,County_49099,Wisconsin,Rural,75.09,24.91,29.55,25.22,44.23,33.86,5.72
14453,County_14453,Indiana,Urban,68.19,31.81,38.77,31.65,34.36,38.92,3.65
22673,County_22673,Michigan,Rural,88.97,11.03,12.89,,48.41,24.8,5.36
52721,County_52721,Other,Urban,75.36,24.64,30.23,25.43,30.18,,6.6
47875,County_47875,Washington,Rural,83.08,16.92,20.7,16.85,47.22,34.18,6.41
44779,County_44779,Utah,Urban,73.5,26.5,32.2,26.7,28.48,49.98,7.61
44097,County_44097,Utah,Urban,83.63,16.37,20.07,16.52,48.12,26.57,5.54
24509,County_24509,Mississippi,Rural,93.92,6.08,7.64,6.75,51.07,14.95,8.47
46995,County_46995,Virginia,Rural,82.73,17.27,20.82,17.58,42.06,32.69,7.59
46611,County_46611,Virginia,Rural,72.44,27.56,34.41,27.4,35.58,40.38,5.43
15227,County_15227,Iowa,Rural,77.41,22.59,27.16,22.66,38.45,45.68,1.68
41053,County_41053,South Dakota,Rural,93.61,6.39,7.22,6.4,54.54,21.13,8.66
54657,County_54657,Other,Rural,70.38,29.62,35.3,30.07,45.51,31.24,5.0
13319,County_13319,Illinois,Urban,81.01,18.99,24.03,18.84,45.48,32.84,5.71
43249,County_43249,Texas,Rural,87.08,12.92,15.58,12.48,53.94,24.32,4.44
5965,County_5965,California,Urban,70.1,29.9,35.9,29.72,34.5,41.32,5.42
1207,County_1207,Alabama,Rural,68.26,31.74,38.43,31.91,31.0,45.27,4.17
56953,County_56953,Other,Rural,72.66,27.34,32.03,28.16,41.77,35.81,9.9
2263,County_2263,Alaska,Rural,81.64,18.36,21.08,18.98,46.75,28.48,4.69
36411,County_36411,Oklahoma,Rural,83.78,,19.93,16.49,48.0,27.7,6.56
8715,County_8715,Delaware,Urban,74.38,25.62,,25.32,41.94,40.3,8.78
41637,County_41637,South Dakota,Suburban/Small City,80.13,19.87,24.11,19.86,52.91,23.61,8.05
11065,County_11065,Hawaii,Suburban/Small City,72.59,27.41,31.84,27.36,27.83,38.28,2.59
20971,County_20971,Maryland,Rural,68.18,31.82,38.44,31.82,31.86,54.4,5.28
15923,County_15923,Iowa,Urban,63.88,36.12,42.86,36.37,31.8,43.38,6.65
18767,County_18767,Louisiana,Suburban/Small City,73.49,26.51,31.94,27.12,32.97,32.65,4.1
24717,County_24717,Mississippi,Urban,78.58,21.42,25.67,23.42,,40.78,6.71
27885,County_27885,Nebraska,Urban,91.25,8.75,10.73,8.86,53.37,19.21,2.56
2057,County_2057,Alaska,Rural,68.84,31.16,37.41,31.26,37.01,49.24,6.87
25345,County_25345,Missouri,Rural,87.61,12.39,14.2,12.99,47.07,24.48,3.48
44717,County_44717,Utah,Urban,72.39,27.61,32.6,28.28,48.64,34.24,6.3
49871,County_49871,Wisconsin,Rural,70.73,29.27,35.63,30.35,27.64,48.4,7.88
45069,County_45069,Vermont,Urban,82.88,17.12,21.21,17.84,57.38,26.57,5.81
49033,County_49033,Wisconsin,Suburban/Small City,69.17,30.83,35.52,30.71,33.51,49.2,5.51
15521,County_15521,Iowa,Rural,61.96,38.04,,38.01,34.28,47.58,5.6
51747,County_51747,Other,Urban,81.85,18.15,21.49,18.44,40.87,31.28,
19133,County_19133,Maine,Suburban/Small City,79.83,20.17,,19.49,40.54,38.45,6.8
28183,County_28183,Nevada,Rural,68.18,31.82,38.07,33.17,37.71,45.1,2.63
34257,County_34257,North Dakota,Urban,74.67,25.33,30.64,25.3,28.09,40.67,6.52
2289,County_2289,Alaska,Rural,75.84,24.16,28.2,24.23,38.37,38.43,5.87
10221,County_10221,Georgia,Rural,88.42,11.58,,11.34,44.95,13.73,6.57
54781,County_54781,Other,Suburban/Small City,80.87,19.13,22.42,19.62,43.31,30.88,5.44
17827,County_17827,Kentucky,Urban,,27.98,33.0,28.01,32.35,45.59,
11721,County_11721,Hawaii,Urban,89.05,10.95,12.69,10.66,46.0,25.02,10.44
40929,County_40929,South Carolina,Urban,69.51,30.49,36.9,30.4,33.24,41.19,6.04
39123,County_39123,Rhode Island,Rural,81.12,,23.14,18.57,45.37,37.61,5.87
21225,County_21225,Massachusetts,Rural,71.38,28.62,34.56,27.67,39.07,40.37,7.61
36241,County_36241,Oklahoma,Rural,64.07,35.93,43.46,36.58,24.6,51.54,6.03
50579,County_50579,Wyoming,Rural,70.04,29.96,36.72,30.55,27.23,48.27,6.58
18469,County_18469,Louisiana,Urban,67.44,,39.13,33.15,35.69,48.32,6.67
5371,County_5371,California,Rural,75.71,24.29,28.29,24.28,45.69,36.1,7.98
36215,County_36215,Oklahoma,Urban,88.78,11.22,13.28,10.9,48.87,20.23,5.88
44045,County_44045,Utah,Rural,81.23,18.77,22.9,19.29,32.39,35.66,5.92
4603,County_4603,Arkansas,Rural,82.48,17.52,21.77,17.38,49.04,23.83,8.33
54579,County_54579,Other,Rural,75.42,24.58,30.23,24.89,28.22,41.49,6.9
1337,County_1337,Alabama,Urban,88.16,11.84,14.27,11.51,,22.04,5.6
51289,County_51289,Other,Rural,68.29,31.71,38.65,31.44,32.76,40.24,5.49
13827,County_13827,Illinois,Suburban/Small City,79.14,20.86,25.53,20.36,47.74,35.21,8.55
22015,County_22015,Michigan,Suburban/Small City,,12.23,15.18,12.64,49.98,24.61,5.73
34827,County_34827,North Dakota,Rural,77.13,22.87,26.51,,38.68,38.85,7.42
7933,County_7933,Connecticut,Urban,77.07,22.93,27.55,23.04,49.38,29.34,4.42
10219,County_10219,Georgia,Rural,74.13,25.87,31.31,25.08,33.6,43.33,6.73
29613,County_29613,New Hampshire,Rural,82.85,17.15,21.82,17.46,35.97,23.02,8.07
26453,County_26453,Montana,Urban,78.08,21.92,25.81,22.52,37.18,29.21,6.37
13807,County_13807,Illinois,Rural,74.81,25.19,30.15,26.38,40.46,40.88,4.23
39871,County_39871,Rhode Island,Urban,70.02,29.98,36.86,29.07,37.01,41.9,8.37
47661,County_47661,Washington,Urban,81.89,18.11,22.06,18.59,42.84,29.99,4.15
9435,County_9435,Florida,Rural,79.09,20.91,24.67,21.29,38.21,29.88,5.7
28821,County_28821,Nevada,Rural,91.31,8.69,10.08,8.63,44.38,16.5,4.69
40065,County_40065,South Carolina,Rural,71.71,28.29,33.76,28.73,,32.38,7.0
8063,County_8063,Delaware,Rural,92.25,7.75,9.86,9.27,48.27,19.71,5.7
44099,County_44099,Utah,Urban,87.77,12.23,14.12,13.19,38.57,26.42,6.44
1817,County_1817,Alabama,Rural,81.62,18.38,21.91,18.97,36.52,29.09,6.64
27953,County_27953,Nebraska,Rural,82.33,17.67,21.54,17.91,42.58,31.0,6.24
47515,County_47515,Washington,Rural,77.17,22.83,27.85,23.39,39.31,32.96,7.44
52761,County_52761,Other,Suburban/Small City,75.54,24.46,29.08,24.55,40.61,34.98,3.49
41147,County_41147,South Dakota,Rural,77.58,22.42,27.05,23.96,32.69,32.14,3.57
6115,County_6115,Colorado,Urban,70.63,29.37,35.28,29.65,29.08,43.69,6.3
51319,County_51319,Other,Urban,65.76,34.24,41.2,34.46,22.53,52.06,5.54
5093,County_5093,California,Rural,79.78,20.22,,20.58,36.54,33.6,6.67
12233,County_12233,Idaho,Rural,86.03,13.97,16.88,13.71,,23.99,3.75
31055,County_31055,New Mexico,Rural,90.63,9.37,11.73,10.66,59.29,9.33,7.25
56605,County_56605,Other,Suburban/Small City,88.42,11.58,13.23,11.48,38.69,28.49,5.92
2991,County_2991,Alaska,Rural,73.34,26.66,32.21,26.71,35.91,45.27,5.47
29629,County_29629,New Hampshire,Rural,75.68,24.32,29.11,23.89,39.4,39.56,6.36
27933,County_27933,Nebraska,Urban,81.89,18.11,21.92,16.78,45.09,27.64,8.72
10583,County_10583,Georgia,Urban,89.44,,11.64,10.88,53.26,24.25,6.37
22705,County_22705,Michigan,Rural,80.43,19.57,24.25,19.68,41.79,34.24,5.82
47661,County_47661,Washington,Suburban/Small City,82.35,17.65,20.31,18.17,47.4,32.58,4.71
15457,County_15457,Iowa,Rural,64.89,,42.66,36.14,38.19,,5.43
53493,County_53493,Other,Urban,80.65,19.35,23.43,18.97,48.58,24.72,6.84
10115,County_10115,Georgia,Urban,76.37,23.63,27.87,23.32,42.47,43.2,6.02
37755,County_37755,Oregon,Urban,89.02,10.98,12.92,10.92,49.57,14.01,
19235,County_19235,Maine,Urban,87.02,12.98,,13.85,45.39,27.04,5.73
53081,County_53081,Other,Rural,79.4,20.6,24.45,21.12,39.26,30.14,5.27
16113,County_16113,Kansas,Rural,69.43,30.57,36.87,31.39,20.95,45.1,5.42
29797,County_29797,New Hampshire,Rural,67.4,32.6,39.43,32.82,29.88,46.71,5.66
44773,County_44773,Utah,Urban,68.13,31.87,38.4,31.34,36.9,47.52,6.02
16417,County_16417,Kansas,Rural,76.78,23.22,27.63,23.83,35.22,24.45,6.64
15627,County_15627,Iowa,Rural,83.42,16.58,20.83,16.69,40.64,22.31,4.74
31323,County_31323,New Mexico,Rural,83.7,16.3,20.03,16.56,42.95,26.19,8.99
49145,County_49145,Wisconsin,Urban,77.04,22.96,27.85,22.71,32.13,37.21,3.86
4511,County_4511,Arkansas,Rural,,13.27,16.26,14.23,44.41,23.39,5.22
8201,County_8201,Delaware,Urban,81.08,18.92,23.06,19.47,41.26,33.31,4.61
32679,County_32679,New York,Urban,63.84,36.16,43.26,36.15,31.72,50.18,5.62
4049,County_4049,Arkansas,Suburban/Small City,64.05,35.95,43.48,36.23,28.94,48.19,2.67
6127,County_6127,Colorado,Urban,70.77,,35.14,29.63,40.23,45.45,6.81
39823,County_39823,Rhode Island,Urban,89.29,10.71,12.43,10.73,48.12,24.03,6.72
27213,County_27213,Nebraska,Rural,87.75,12.25,14.8,11.88,52.89,21.91,7.91
24937,County_24937,Mississippi,Urban,73.15,26.85,32.57,28.21,42.45,35.46,4.57
45193,County_45193,Vermont,Rural,76.82,23.18,27.67,23.99,,44.28,5.05
2457,County_2457,Alaska,Rural,68.3,,37.83,31.67,31.52,48.25,5.74
44263,County_44263,Utah,Urban,,24.4,29.43,24.71,37.36,32.77,4.56
7597,County_7597,Connecticut,Rural,77.42,22.58,26.51,22.8,39.98,28.63,6.7
25711,County_25711,Missouri,Rural,,10.72,12.84,11.28,46.16,23.4,6.95
44561,County_44561,Utah,Urban,72.17,27.83,33.37,29.0,43.94,39.16,4.67
8811,County_8811,Delaware,Urban,78.87,21.13,24.94,20.71,35.32,35.21,3.21
18653,County_18653,Louisiana,Urban,79.58,20.42,25.47,21.22,45.63,28.68,5.88
32431,County_32431,New York,Rural,80.48,19.52,23.32,19.88,34.92,34.04,6.05
50431,County_50431,Wyoming,Urban,80.45,19.55,23.46,19.54,44.26,32.99,5.43
32477,County_32477,New York,Urban,86.46,13.54,16.09,13.11,,25.48,6.22
19813,County_19813,Maine,Rural,72.74,27.26,32.1,27.43,34.94,35.76,5.29
35437,County_35437,Ohio,Urban,74.33,25.67,31.01,25.71,28.19,35.78,5.91
50661,County_50661,Wyoming,Rural,67.24,32.76,38.22,33.32,29.53,58.55,3.37
36969,County_36969,Oklahoma,Rural,69.59,30.41,37.09,30.87,34.35,38.09,6.47
56335,County_56335,Other,Urban,94.64,5.36,7.36,5.94,45.33,17.02,6.87
31787,County_31787,New Mexico,Rural,84.45,15.55,18.15,16.11,44.43,27.15,8.72
13851,County_13851,Illinois,Suburban/Small City,85.24,14.76,17.87,14.35,43.69,31.03,7.34
41515,County_41515,South Dakota,Rural,80.78,19.22,23.05,18.91,41.72,30.93,6.54
31899,County_31899,New Mexico,Rural,79.51,20.49,25.43,20.04,43.19,34.18,6.89
46211,County_46211,Virginia,Urban,80.8,19.2,23.36,18.72,40.78,33.98,6.26
47165,County_47165,Washington,Urban,81.29,18.71,21.67,18.71,,31.78,5.9
40341,County_40341,South Carolina,Rural,69.87,30.13,35.39,30.61,28.82,44.21,6.0
10049,County_10049,Georgia,Rural,,33.66,40.42,34.34,28.34,52.02,7.46
20751,County_20751,Maryland,Rural,,33.32,39.61,33.67,34.97,42.32,6.3
41269,County_41269,South Dakota,Urban,87.33,12.67,14.92,12.6,43.87,23.46,5.43
4235,County_4235,Arkansas,Urban,72.39,27.61,32.66,27.78,31.56,44.18,3.89
24581,County_24581,Mississippi,Suburban/Small City,92.99,7.01,7.58,6.98,45.99,19.26,5.04
6549,County_6549,Colorado,Urban,92.59,7.41,8.63,6.87,51.16,17.58,5.84
43041,County_43041,Texas,Rural,92.84,7.16,7.73,8.14,49.72,25.03,2.83
54831,County_54831,Other,Rural,68.07,31.93,38.87,32.53,20.19,50.23,4.83
33657,County_33657,North Carolina,Rural,83.28,16.72,19.95,17.35,40.71,32.48,4.44
4873,County_4873,Arkansas,Urban,73.5,26.5,31.62,27.02,32.29,38.46,4.08
26811,County_26811,Montana,Rural,69.59,30.41,35.93,30.75,28.01,40.05,4.26
44401,County_44401,Utah,Rural,79.72,20.28,23.79,19.92,37.37,39.01,6.67
2631,County_2631,Alaska,Rural,83.69,16.31,19.76,16.54,39.46,20.83,7.17
19667,County_19667,Maine,Rural,65.65,34.35,41.15,34.96,24.94,41.84,3.0
14657,County_14657,Indiana,Rural,76.36,23.64,28.44,23.31,35.67,36.14,3.79
36755,County_36755,Oklahoma,Urban,82.89,17.11,19.93,16.88,48.6,20.48,8.15
33141,County_33141,North Carolina,Rural,80.74,19.26,23.33,19.01,,33.42,4.54
28969,County_28969,Nevada,Rural,75.0,25.0,29.64,25.45,35.61,38.95,6.68
45273,County_45273,Vermont,Urban,78.3,21.7,26.34,22.44,37.52,28.48,5.3
34833,County_34833,North Dakota,Urban,85.08,,17.74,14.45,47.85,25.72,7.01
30813,County_30813,New Jersey,Rural,83.91,16.09,18.48,15.78,52.2,32.29,6.68
7487,County_7487,Connecticut,Suburban/Small City,90.35,9.65,11.49,9.31,,26.02,6.38
26485,County_26485,Montana,Rural,64.58,35.42,41.95,35.87,37.27,47.72,
39747,County_39747,Rhode Island,Urban,63.55,36.45,44.13,36.25,32.03,43.57,5.01
33813,County_33813,North Carolina,Urban,69.28,30.72,37.41,31.39,25.59,41.83,5.2
22949,County_22949,Michigan,Suburban/Small City,94.05,5.95,7.39,6.28,45.63,15.11,5.31
10947,County_10947,Georgia,Urban,89.29,10.71,12.39,10.45,55.86,19.34,6.61
31051,County_31051,New Mexico,Rural,61.82,38.18,45.93,38.1,31.58,48.28,7.38
17607,County_17607,Kentucky,Urban,90.43,9.57,11.04,9.46,,14.71,5.07
10643,County_10643,Georgia,Urban,71.66,28.34,,29.48,40.69,36.18,3.03
5417,County_5417,California,Rural,84.97,15.03,18.96,15.31,44.01,,9.02
4899,County_4899,Arkansas,Rural,81.46,18.54,,18.47,53.63,33.2,5.88
44115,County_44115,Utah,Rural,71.09,28.91,34.34,29.08,30.75,42.73,7.61
53831,County_53831,Other,Urban,68.98,31.02,36.91,31.1,33.24,42.31,6.14
5063,County_5063,California,Suburban/Small City,89.02,10.98,13.27,12.08,49.67,28.52,6.91
33127,County_33127,North Carolina,Urban,64.77,35.23,43.09,35.33,33.3,50.52,7.65
22301,County_22301,Michigan,Rural,72.69,27.31,32.87,26.78,29.99,40.86,4.67
37961,County_37961,Oregon,Rural,89.71,10.29,12.07,10.63,46.12,23.33,7.56
31939,County_31939,New Mexico,Rural,74.5,25.5,30.01,25.25,43.61,33.51,4.13
16489,County_16489,Kansas,Urban,,16.78,20.05,16.37,44.1,22.42,
43567,County_43567,Texas,Rural,87.58,12.42,,12.25,41.43,30.11,2.51
51229,County_51229,Other,Rural,80.54,19.46,23.54,19.3,43.67,36.01,4.77
51073,County_51073,Other,Rural,71.71,28.29,34.21,28.79,34.46,39.05,6.35
17455,County_17455,Kentucky,Rural,79.29,20.71,24.69,20.59,38.69,36.21,6.76
16965,County_16965,Kansas,Rural,93.06,6.94,8.58,7.71,56.51,15.62,7.08
22861,County_22861,Michigan,Urban,75.19,24.81,30.13,25.39,37.59,40.03,5.39
10155,County_10155,Georgia,Rural,77.27,22.73,27.67,23.11,36.59,33.52,5.84
3251,County_3251,Arizona,Urban,80.94,19.06,23.25,20.0,41.39,26.71,8.64
1699,County_1699,Alabama,Urban,73.54,26.46,,26.38,32.61,41.86,7.14
27917,County_27917,Nebraska,Rural,76.55,23.45,27.28,23.36,38.29,34.97,6.17
27919,County_27919,Nebraska,Suburban/Small City,70.43,29.57,35.23,30.35,31.86,42.08,4.61
1795,County_1795,Alabama,Rural,80.05,19.95,23.93,20.48,48.65,34.41,4.79
4677,County_4677,Arkansas,Rural,77.44,22.56,26.79,22.3,48.96,,5.56
55119,County_55119,Other,Urban,79.61,20.39,24.2,20.95,49.67,32.99,5.78
6841,County_6841,Colorado,Urban,74.58,25.42,31.38,26.07,38.42,46.61,5.67
30147,County_30147,New Jersey,Urban,91.91,8.09,9.85,8.12,53.67,14.0,7.07
41169,County_41169,South Dakota,Rural,72.08,27.92,32.74,27.4,34.81,40.26,7.81
48827,County_48827,West Virginia,Rural,,34.83,40.59,35.07,33.0,50.42,6.87
42191,County_42191,Tennessee,Rural,75.41,24.59,29.7,25.21,34.7,42.01,4.56
12579,County_12579,Idaho,Rural,78.55,21.45,25.77,22.54,31.23,28.15,7.64
28869,County_28869,Nevada,Urban,67.62,32.38,38.16,32.47,39.68,40.63,5.61
12671,County_12671,Idaho,Urban,76.12,23.88,29.06,24.76,38.99,36.33,6.74
14901,County_14901,Indiana,Rural,75.6,24.4,28.74,24.97,40.41,43.72,6.5
49397,County_49397,Wisconsin,Rural,72.24,27.76,33.83,28.65,45.94,30.69,3.99
26443,County_26443,Montana,Rural,67.77,32.23,,32.28,37.41,45.38,9.13
12089,County_12089,Idaho,Rural,88.64,11.36,12.76,12.67,47.8,26.7,
28315,County_28315,Nevada,Urban,72.6,27.4,33.54,26.88,40.08,34.3,4.43
11429,County_11429,Hawaii,Urban,87.65,12.35,15.09,12.6,48.73,29.14,5.73
4027,County_4027,Arkansas,Urban,79.02,20.98,25.24,20.54,,28.87,8.46
2655,County_2655,Alaska,Rural,73.55,26.45,31.91,25.99,27.3,43.37,6.48
56181,County_56181,Other,Rural,69.38,30.62,36.54,30.29,33.06,40.71,7.92
18103,County_18103,Louisiana,Rural,65.21,34.79,41.92,34.37,26.37,47.92,5.56
47193,County_47193,Washington,Suburban/Small City,88.33,11.67,13.12,11.12,47.39,22.07,5.95
11505,County_11505,Hawaii,Rural,76.57,23.43,27.94,23.08,47.63,33.55,3.16
29027,County_29027,New Hampshire,Rural,70.98,29.02,33.89,28.7,35.94,40.06,6.12
43311,County_43311,Texas,Rural,85.51,14.49,16.47,15.13,41.51,21.11,4.91
56031,County_56031,Other,Rural,,,33.58,27.12,37.73,37.1,6.98
54879,County_54879,Other,Rural,85.74,14.26,17.15,14.45,37.94,31.2,7.84
35363,County_35363,Ohio,Urban,84.96,15.04,17.88,15.05,39.55,27.96,5.68
22637,County_22637,Michigan,Suburban/Small City,72.01,27.99,32.97,27.92,,43.3,9.26
26909,County_26909,Montana,Rural,90.7,9.3,11.78,9.25,51.07,25.37,4.25
20269,County_20269,Maryland,Urban,71.72,28.28,33.8,28.03,41.71,42.03,6.69
11335,County_11335,Hawaii,Rural,75.87,,29.08,24.38,47.54,38.67,6.21
15681,County_15681,Iowa,Urban,65.3,34.7,41.49,34.16,28.49,48.25,4.04
42165,County_42165,Tennessee,Rural,75.65,24.35,29.3,25.05,36.57,40.17,6.61
48335,County_48335,West Virginia,Suburban/Small City,74.31,25.69,31.08,25.57,,37.15,5.15
3143,County_3143,Arizona,Rural,90.05,9.95,11.06,10.29,47.08,23.29,6.72
41139,County_41139,South Dakota,Rural,77.86,22.14,26.51,22.3,38.48,41.25,7.64
36987,County_36987,Oklahoma,Rural,74.66,25.34,30.93,25.01,37.17,31.92,5.38
43135,County_43135,Texas,Urban,87.0,13.0,15.68,13.99,45.85,23.97,5.38
40011,County_40011,South Carolina,Rural,83.82,16.18,19.38,15.47,50.14,23.39,5.35
14785,County_14785,Indiana,Urban,67.44,32.56,39.33,32.45,32.26,43.2,5.2
15711,County_15711,Iowa,Urban,63.4,36.6,44.39,37.11,24.73,52.37,5.75
51529,County_51529,Other,Rural,81.27,18.73,21.87,18.64,49.02,32.9,6.99
3547,County_3547,Arizona,Urban,75.29,24.71,30.41,24.6,31.42,34.66,7.03
15151,County_15151,Iowa,Rural,72.14,27.86,33.06,27.95,41.95,42.51,3.96
55429,County_55429,Other,Rural,86.35,13.65,,13.51,49.54,22.31,6.25
39145,County_39145,Rhode Island,Urban,74.84,25.16,30.78,25.16,40.76,42.9,4.43
3943,County_3943,Arizona,Rural,75.75,24.25,29.65,24.37,41.18,28.08,6.35
19149,County_19149,Maine,Rural,78.27,21.73,25.18,21.27,37.65,34.87,5.59
55119,County_55119,Other,Rural,69.83,30.17,35.74,29.72,32.09,38.94,5.17
54963,County_54963,Other,Suburban/Small City,88.49,11.51,14.37,11.18,50.45,27.35,5.62
36969,County_36969,Oklahoma,Urban,75.38,,29.3,24.44,30.66,39.11,5.16
31141,County_31141,New Mexico,Urban,89.39,10.61,12.59,10.35,48.47,19.92,4.03
23647,County_23647,Minnesota,Rural,83.44,16.56,18.88,16.67,41.1,25.22,7.88
16515,County_16515,Kansas,Urban,73.65,26.35,31.83,26.42,32.09,44.26,3.97
56191,County_56191,Other,Rural,71.08,28.92,35.38,29.38,32.01,38.89,
56349,County_56349,Other,Rural,,12.68,14.83,13.49,49.2,26.42,5.22
14689,County_14689,Indiana,Rural,78.07,21.93,26.76,22.66,42.46,33.78,7.29
38827,County_38827,Pennsylvania,Suburban/Small City,75.36,24.64,29.91,25.29,33.55,41.09,6.44
39591,County_39591,Rhode Island,Urban,90.87,9.13,10.8,9.31,50.31,21.16,6.59
37471,County_37471,Oregon,Urban,69.97,30.03,36.16,30.87,34.75,40.66,4.61
43909,County_43909,Texas,Urban,75.03,24.97,30.3,25.48,34.7,36.3,5.72
53263,County_53263,Other,Rural,88.04,11.96,14.42,12.01,50.08,18.53,5.56
35183,County_35183,Ohio,Suburban/Small City,88.93,11.07,13.38,11.23,53.02,24.41,4.97
52019,County_52019,Other,Urban,85.86,14.14,17.09,15.26,47.2,24.17,4.09
29929,County_29929,New Hampshire,Rural,81.11,18.89,22.72,,48.43,31.63,6.46
38659,County_38659,Pennsylvania,Suburban/Small City,75.98,24.02,29.14,23.86,32.12,41.64,6.06
40873,County_40873,South Carolina,Suburban/Small City,79.04,20.96,25.03,21.38,38.16,39.28,4.63
23391,County_23391,Minnesota,Rural,72.85,27.15,32.51,27.25,31.83,35.35,4.82
38441,County_38441,Pennsylvania,Urban,85.87,14.13,15.82,13.46,36.36,32.6,6.87
37579,County_37579,Oregon,Urban,89.22,10.78,12.99,9.64,48.8,24.17,6.0
43275,County_43275,Texas,Rural,65.53,34.47,41.55,33.75,34.25,51.7,5.86
40119,County_40119,South Carolina,Urban,82.93,17.07,20.58,17.08,50.42,21.65,4.53
22351,County_22351,Michigan,Rural,,33.59,40.39,33.8,33.93,41.91,5.2
22911,County_22911,Michigan,Rural,80.11,19.89,23.96,20.51,36.2,30.65,6.11
1843,County_1843,Alabama,Rural,84.39,15.61,19.17,15.56,52.79,31.5,5.34
40623,County_40623,South Carolina,Rural,90.61,9.39,10.98,9.62,48.36,22.77,5.56
11597,County_11597,Hawaii,Rural,85.04,14.96,17.92,15.23,36.23,33.95,5.09
24745,County_24745,Mississippi,Rural,86.51,13.49,16.8,13.5,42.73,15.46,7.32
2555,County_2555,Alaska,Rural,92.24,7.76,9.9,7.94,48.78,14.22,8.3
12041,County_12041,Idaho,Rural,,23.57,28.9,24.12,41.34,37.39,5.6
29673,County_29673,New Hampshire,Urban,68.54,31.46,38.35,31.53,34.09,35.17,3.82
54899,County_54899,Other,Urban,72.99,27.01,32.64,27.67,31.5,47.28,7.56
45325,County_45325,Vermont,Rural,74.62,25.38,29.94,25.74,33.5,52.98,5.92
31121,County_31121,New Mexico,Rural,80.82,19.18,22.4,19.31,37.91,30.4,
16947,County_16947,Kansas,Urban,86.87,13.13,15.49,12.74,45.94,17.02,6.47
15975,County_15975,Iowa,Urban,89.5,10.5,13.24,10.44,46.2,13.82,2.85
55911,County_55911,Other,Rural,65.5,34.5,41.15,34.69,23.9,42.59,7.07
21601,County_21601,Massachusetts,Rural,78.79,21.21,24.89,21.61,34.72,33.98,4.34
33579,County_33579,North Carolina,Rural,89.62,10.38,13.22,10.77,41.83,26.23,6.49
15039,County_15039,Iowa,Suburban/Small City,77.73,,26.57,21.93,39.27,41.01,5.41
28015,County_28015,Nevada,Rural,78.61,21.39,25.32,22.19,32.25,35.41,5.28
39643,County_39643,Rhode Island,Suburban/Small City,71.85,28.15,35.03,28.1,35.18,48.34,4.45
36817,County_36817,Oklahoma,Rural,75.89,24.11,,24.53,42.39,37.95,1.75
13489,County_13489,Illinois,Urban,89.64,10.36,12.29,10.39,51.25,15.04,4.09
46343,County_46343,Virginia,Rural,74.68,25.32,29.42,26.24,50.97,,6.28
53577,County_53577,Other,Urban,75.61,24.39,29.49,24.6,41.73,40.09,6.55
33913,County_33913,North Carolina,Rural,81.25,18.75,23.13,18.88,43.54,32.13,5.22
30059,County_30059,New Jersey,Rural,88.76,11.24,13.24,12.04,48.63,21.99,5.75
24283,County_24283,Mississippi,Rural,80.23,19.77,22.94,19.65,42.07,41.71,4.27
53073,County_53073,Other,Urban,81.64,18.36,22.57,18.64,39.28,32.01,5.32
35383,County_35383,Ohio,Urban,81.17,18.83,22.1,19.35,48.78,33.67,7.44
35899,County_35899,Ohio,Rural,92.27,7.73,9.08,8.14,48.99,28.95,7.5
14181,County_14181,Indiana,Rural,85.58,14.42,17.38,14.71,46.26,25.0,5.8
24403,County_24403,Mississippi,Urban,83.16,16.84,19.72,16.53,39.71,37.29,7.65
45775,County_45775,Vermont,Urban,68.91,31.09,37.1,31.3,18.51,49.88,4.94
34853,County_34853,North Dakota,Urban,79.01,,24.4,21.39,39.68,32.34,4.47
39169,County_39169,Rhode Island,Rural,63.69,36.31,43.14,36.0,29.28,54.7,8.17
12153,County_12153,Idaho,Rural,90.95,,11.01,,43.98,21.66,6.82
44963,County_44963,Utah,Urban,80.28,19.72,24.46,20.52,48.86,32.63,3.36
30015,County_30015,New Jersey,Urban,81.38,18.62,22.96,18.52,41.25,34.98,5.06
15441,County_15441,Iowa,Suburban/Small City,83.97,16.03,19.23,16.52,,39.7,6.2
35697,County_35697,Ohio,Rural,71.15,28.85,34.65,29.02,33.54,44.45,6.92
21041,County_21041,Massachusetts,Rural,81.41,18.59,22.29,,38.16,39.16,6.01
20997,County_20997,Maryland,Urban,83.53,16.47,20.53,15.9,36.59,31.31,7.48
23727,County_23727,Minnesota,Rural,73.25,26.75,30.89,26.9,,45.53,4.84
1131,County_1131,Alabama,Rural,77.68,22.32,26.21,22.84,38.58,31.58,3.56
15291,County_15291,Iowa,Rural,75.9,24.1,28.88,,44.26,36.41,6.44
1121,County_1121,Alabama,Suburban/Small City,84.82,15.18,18.6,15.77,43.42,28.12,6.0
16419,County_16419,Kansas,Urban,83.86,16.14,19.34,16.99,48.01,28.92,4.56
9137,County_9137,Florida,Rural,84.49,15.51,19.0,16.02,41.84,32.28,8.69
47513,County_47513,Washington,Rural,70.97,29.03,34.99,,38.01,34.58,8.85
34943,County_34943,North Dakota,Rural,68.93,31.07,37.19,31.75,33.39,45.9,7.61
7063,County_7063,Connecticut,Urban,72.82,27.18,32.42,27.89,36.69,42.16,6.37
2543,County_2543,Alaska,Rural,86.3,13.7,16.93,13.52,46.42,25.06,7.27
37875,County_37875,Oregon,Rural,68.87,31.13,37.33,30.42,40.06,35.35,6.14
22517,County_22517,Michigan,Rural,85.8,14.2,16.34,14.96,47.02,25.5,8.44
17989,County_17989,Kentucky,Rural,78.86,21.14,25.01,21.25,35.56,35.45,8.31
51105,County_51105,Other,Rural,85.43,14.57,17.34,14.18,51.61,18.13,4.98
55799,County_55799,Other,Rural,86.63,13.37,16.05,14.1,43.0,19.37,7.3
55567,County_55567,Other,Rural,92.97,7.03,8.01,7.96,48.42,18.45,5.2
1865,County_1865,Alabama,Urban,81.33,18.67,21.67,18.55,39.13,36.48,7.11
44407,County_44407,Utah,Rural,66.33,33.67,40.24,34.45,35.68,36.36,7.41
43115,County_43115,Texas,Suburban/Small City,71.83,28.17,33.98,28.24,29.49,45.73,5.65
17057,County_17057,Kentucky,Urban,85.23,14.77,18.01,13.9,41.72,27.0,6.33
7873,County_7873,Connecticut,Urban,68.96,31.04,37.75,31.48,29.72,41.27,4.8
10921,County_10921,Georgia,Rural,86.43,13.57,16.33,13.13,47.79,24.58,6.98
50697,County_50697,Wyoming,Urban,80.37,19.63,23.01,19.27,36.06,26.28,5.45
18015,County_18015,Louisiana,Rural,64.64,35.36,42.28,36.59,33.93,46.09,5.09
4583,County_4583,Arkansas,Urban,,,30.8,25.17,28.9,46.04,5.1
5729,County_5729,California,Rural,76.31,23.69,28.1,24.13,41.54,29.59,
41363,County_41363,South Dakota,Rural,82.15,17.85,21.23,18.37,52.21,38.92,4.51
18279,County_18279,Louisiana,Rural,68.64,31.36,37.93,31.23,39.61,52.15,6.55
29389,County_29389,New Hampshire,Rural,70.05,29.95,36.85,30.62,35.54,49.51,8.88
39737,County_39737,Rhode Island,Rural,87.81,12.19,14.78,12.11,51.31,25.92,6.79
27021,County_27021,Nebraska,Rural,78.49,21.51,26.09,21.56,35.74,38.29,9.57
39175,County_39175,Rhode Island,Rural,85.43,14.57,18.04,14.35,47.97,25.91,3.55
46547,County_46547,Virginia,Rural,64.48,35.52,41.88,36.34,33.54,44.62,3.2
24901,County_24901,Mississippi,Rural,70.28,29.72,35.46,29.33,26.66,52.95,7.68
26067,County_26067,Montana,Urban,,21.51,26.37,21.65,41.39,30.99,6.45
6119,County_6119,Colorado,Rural,75.56,24.44,29.26,25.39,44.09,39.42,7.2
56561,County_56561,Other,Rural,78.03,21.97,25.96,22.1,45.21,32.24,7.25
45301,County_45301,Vermont,Rural,74.1,25.9,31.67,26.31,,37.45,4.08
42373,County_42373,Tennessee,Rural,81.11,18.89,22.36,19.2,45.98,25.35,3.85
31237,County_31237,New Mexico,Urban,67.9,32.1,39.6,32.15,27.11,48.09,5.62
54791,County_54791,Other,Rural,75.19,24.81,29.67,25.26,47.14,35.95,6.86
39169,County_39169,Rhode Island,Urban,83.14,16.86,19.92,16.94,47.05,28.42,8.71
33989,County_33989,North Carolina,Rural,74.37,25.63,31.22,25.67,35.31,31.11,6.01
27889,County_27889,Nebraska,Urban,76.07,23.93,29.12,24.04,38.44,31.92,6.5
17591,County_17591,Kentucky,Rural,84.92,15.08,17.69,14.63,41.09,22.39,7.39
28805,County_28805,Nevada,Rural,79.96,20.04,24.24,20.97,50.11,26.38,5.06
26547,County_26547,Montana,Urban,74.24,25.76,30.56,26.54,38.59,44.49,5.76
50509,County_50509,Wyoming,Rural,93.34,6.66,8.06,7.38,49.64,19.42,6.96
17925,County_17925,Kentucky,Urban,83.71,16.29,19.25,16.25,44.44,37.94,5.73
31143,County_31143,New Mexico,Urban,66.56,33.44,40.28,33.62,27.83,51.87,7.09
22465,County_22465,Michigan,Rural,80.56,19.44,23.66,18.52,44.72,33.39,3.56
46315,County_46315,Virginia,Urban,88.96,11.04,13.2,10.95,49.94,35.04,4.66
53895,County_53895,Other,Rural,60.02,39.98,48.68,40.81,31.18,44.27,7.34
46045,County_46045,Virginia,Rural,84.54,15.46,18.29,15.4,44.84,24.28,5.91
28101,County_28101,Nevada,Rural,68.09,31.91,39.53,31.98,32.03,41.07,4.64
50817,County_50817,Wyoming,Urban,73.7,26.3,31.72,26.28,38.55,42.12,6.75
36995,County_36995,Oklahoma,Rural,86.07,13.93,16.29,13.97,42.43,18.49,7.1
49429,County_49429,Wisconsin,Rural,94.9,5.1,5.71,4.33,53.36,18.04,
51279,County_51279,Other,Rural,72.08,27.92,33.18,,31.41,42.0,8.54
21575,County_21575,Massachusetts,Urban,79.26,20.74,24.11,21.36,43.61,31.79,4.86
42957,County_42957,Tennessee,Rural,92.63,7.37,8.82,7.02,49.11,20.7,8.85
9619,County_9619,Florida,Rural,88.79,11.21,13.74,12.31,57.4,19.92,4.2
2139,County_2139,Alaska,Urban,76.69,23.31,28.3,,31.89,39.63,3.17
1719,County_1719,Alabama,Urban,76.81,23.19,28.41,23.22,45.42,41.1,5.68
36373,County_36373,Oklahoma,Rural,86.51,13.49,16.82,13.13,35.89,35.0,7.05
42897,County_42897,Tennessee,Urban,87.7,12.3,15.23,12.65,46.56,28.49,6.26
55695,County_55695,Other,Rural,70.81,29.19,34.03,29.15,27.41,44.96,8.18
46769,County_46769,Virginia,Rural,68.66,31.34,37.7,31.86,39.82,40.88,6.84
15639,County_15639,Iowa,Rural,73.78,26.22,32.62,26.06,27.91,41.85,5.52
4975,County_4975,Arkansas,Rural,78.99,21.01,24.25,21.67,48.42,34.28,6.76
13137,County_13137,Illinois,Urban,91.98,8.02,8.98,9.42,55.41,22.65,6.88
40525,County_40525,South Carolina,Urban,67.29,32.71,39.82,33.14,34.07,45.53,5.87
41323,County_41323,South Dakota,Rural,93.52,6.48,7.23,7.58,50.88,25.04,7.66
50191,County_50191,Wyoming,Urban,92.82,7.18,8.3,8.09,50.03,17.5,6.93
3557,County_3557,Arizona,Rural,83.56,16.44,20.13,16.84,36.81,30.82,5.05
21963,County_21963,Massachusetts,Rural,63.12,36.88,43.42,36.0,24.62,52.74,4.22
12421,County_12421,Idaho,Rural,76.58,23.42,27.65,23.99,39.46,31.55,6.6
15171,County_15171,Iowa,Rural,73.5,26.5,31.49,25.95,28.07,35.72,5.49
19773,County_19773,Maine,Suburban/Small City,72.53,27.47,32.74,28.96,35.05,47.22,7.5
46105,County_46105,Virginia,Rural,84.67,15.33,18.41,16.3,53.92,23.84,4.63
1145,County_1145,Alabama,Suburban/Small City,70.99,29.01,34.23,29.61,31.75,46.84,8.12
47197,County_47197,Washington,Urban,72.29,27.71,33.82,27.54,45.56,35.76,6.2
53055,County_53055,Other,Urban,72.37,27.63,33.13,27.93,41.99,42.55,6.49
41759,County_41759,South Dakota,Urban,73.51,26.49,32.24,27.78,29.72,47.19,5.03
35149,County_35149,Ohio,Rural,78.12,21.88,26.51,22.48,,39.17,6.68
53793,County_53793,Other,Rural,84.72,15.28,18.21,15.66,45.99,22.51,6.09
43405,County_43405,Texas,Rural,70.92,29.08,35.06,29.23,32.11,36.19,4.77
29193,County_29193,New Hampshire,Rural,94.17,5.83,6.8,5.36,58.62,15.89,8.68
14447,County_14447,Indiana,Rural,,12.23,14.2,12.49,55.57,26.44,6.9
42299,County_42299,Tennessee,Rural,79.83,20.17,24.12,20.9,43.64,36.46,6.01
13801,County_13801,Illinois,Rural,90.55,9.45,11.48,9.91,47.85,15.48,6.33
27265,County_27265,Nebraska,Rural,95.12,4.88,5.72,4.66,49.24,17.49,6.87
42241,County_42241,Tennessee,Rural,95.0,5.0,6.13,5.76,57.7,18.02,7.72
28209,County_28209,Nevada,Suburban/Small City,75.52,24.48,30.18,24.84,37.16,38.23,7.01
36561,County_36561,Oklahoma,Rural,78.03,21.97,27.57,22.02,53.62,34.37,6.12
45853,County_45853,Vermont,Rural,79.13,20.87,25.29,20.38,39.29,40.72,5.83
15233,County_15233,Iowa,Urban,76.6,23.4,27.63,22.72,38.8,35.44,3.94
16363,County_16363,Kansas,Suburban/Small City,90.42,9.58,11.4,10.25,55.39,19.47,6.88
25941,County_25941,Missouri,Urban,80.38,19.62,23.24,20.21,47.27,29.92,6.81
21507,County_21507,Massachusetts,Suburban/Small City,65.99,34.01,41.67,34.78,25.02,40.74,5.44
1835,County_1835,Alabama,Suburban/Small City,94.54,5.46,6.89,5.72,54.78,15.61,6.86
38865,County_38865,Pennsylvania,Urban,86.2,13.8,17.2,13.62,51.05,16.03,4.59
38437,County_38437,Pennsylvania,Rural,62.43,37.57,45.13,38.38,26.69,42.38,4.95
5659,County_5659,California,Urban,81.41,18.59,21.49,19.5,38.35,29.56,8.37
1703,County_1703,Alabama,Rural,82.07,17.93,22.43,18.75,38.01,32.74,7.19
24321,County_24321,Mississippi,Urban,73.92,26.08,31.44,26.21,29.23,37.71,5.18
30891,County_30891,New Jersey,Rural,75.53,24.47,29.08,24.5,42.94,37.68,6.94
13537,County_13537,Illinois,Rural,80.94,19.06,22.97,19.41,40.15,39.59,3.95
45027,County_45027,Vermont,Rural,85.89,14.11,17.03,15.6,49.11,19.98,5.47
52519,County_52519,Other,Rural,74.87,25.13,29.78,25.01,33.53,40.26,5.34
15869,County_15869,Iowa,Urban,73.23,26.77,32.63,27.58,38.51,34.57,5.01
17773,County_17773,Kentucky,Urban,76.78,23.22,27.74,,47.76,29.75,4.16
17805,County_17805,Kentucky,Rural,61.79,38.21,45.76,38.99,33.31,49.6,5.37
7179,County_7179,Connecticut,Rural,,37.18,44.96,37.24,30.16,46.22,4.05
40027,County_40027,South Carolina,Urban,74.26,25.74,30.59,25.66,43.44,36.65,8.77
54997,County_54997,Other,Rural,78.93,21.07,,20.08,35.4,33.22,6.27
49239,County_49239,Wisconsin,Urban,65.56,34.44,41.91,34.78,36.18,46.45,6.38
28119,County_28119,Nevada,Rural,65.64,34.36,41.1,33.3,27.56,49.19,3.98
51203,County_51203,Other,Urban,,34.09,39.91,34.5,32.72,53.62,3.79
24381,County_24381,Mississippi,Urban,80.07,19.93,23.9,20.29,42.7,24.72,5.69
42489,County_42489,Tennessee,Urban,69.16,30.84,36.51,30.7,32.33,54.85,3.13
9529,County_9529,Florida,Rural,81.36,18.64,22.24,17.94,43.02,31.72,6.79
23395,County_23395,Minnesota,Urban,90.55,9.45,10.99,9.92,46.84,25.28,7.66
1111,County_1111,Alabama,Urban,72.94,27.06,32.48,27.41,35.82,44.87,7.31
41461,County_41461,South Dakota,Suburban/Small City,86.69,13.31,15.87,13.54,47.66,23.73,5.5
24997,County_24997,Mississippi,Rural,65.46,34.54,41.35,33.74,28.71,45.75,7.59
22501,County_22501,Michigan,Rural,85.92,14.08,16.65,,49.29,25.49,3.2
55043,County_55043,Other,Rural,76.03,23.97,30.0,23.28,39.93,33.5,
24475,County_24475,Mississippi,Rural,70.38,29.62,35.73,29.77,34.5,37.09,7.52
5673,County_5673,California,Rural,86.75,13.25,15.43,13.25,42.3,30.36,5.87
29989,County_29989,New Hampshire,Rural,74.07,25.93,30.85,26.22,38.61,37.88,7.28
5363,County_5363,California,Suburban/Small City,79.5,20.5,24.14,20.36,30.66,42.44,
35135,County_35135,Ohio,Urban,72.25,27.75,33.81,27.85,36.01,42.94,5.92
10067,County_10067,Georgia,Urban,87.8,12.2,14.7,13.31,50.27,,5.92
3251,County_3251,Arizona,Suburban/Small City,76.98,23.02,27.93,23.11,32.09,38.71,7.56
39727,County_39727,Rhode Island,Urban,79.24,20.76,25.44,20.6,44.23,30.31,6.26
5835,County_5835,California,Rural,78.07,21.93,25.56,22.14,35.37,30.9,1.68
28127,County_28127,Nevada,Suburban/Small City,81.73,18.27,21.68,18.22,42.6,29.91,5.51
8401,County_8401,Delaware,Rural,72.03,,33.9,27.44,31.23,40.68,7.51
47725,County_47725,Washington,Urban,83.41,16.59,19.99,16.51,45.97,23.28,5.93
45739,County_45739,Vermont,Urban,88.28,11.72,13.82,11.26,41.89,24.28,6.31
16769,County_16769,Kansas,Urban,88.28,11.72,13.21,11.77,53.63,25.92,8.12
21205,County_21205,Massachusetts,Urban,67.65,32.35,38.29,33.04,46.87,42.49,
16631,County_16631,Kansas,Rural,78.64,21.36,25.75,21.99,34.24,23.23,3.57
47885,County_47885,Washington,Suburban/Small City,91.28,8.72,10.54,9.21,51.22,19.75,5.3
41863,County_41863,South Dakota,Urban,69.21,30.79,37.7,31.63,31.82,51.44,7.04
37455,County_37455,Oregon,Rural,83.68,16.32,19.03,17.67,47.34,22.95,6.18
16425,County_16425,Kansas,Rural,71.19,,34.65,29.8,31.68,38.4,7.64
4423,County_4423,Arkansas,Urban,79.56,20.44,23.77,20.65,47.24,30.75,7.17
56553,County_56553,Other,Rural,87.01,12.99,15.61,12.62,57.71,26.11,2.56
21875,County_21875,Massachusetts,Urban,70.94,29.06,34.73,29.37,36.48,43.85,3.5
24957,County_24957,Mississippi,Suburban/Small City,84.81,15.19,18.02,15.19,48.17,28.74,
18781,County_18781,Louisiana,Rural,90.99,9.01,10.74,9.43,58.6,27.55,
11217,County_11217,Hawaii,Suburban/Small City,70.15,29.85,36.14,,30.35,46.58,6.2
22695,County_22695,Michigan,Rural,87.33,12.67,15.5,13.1,39.91,27.64,5.7
