COUNTYFIPS,COUNTY,STATE,community_type,poverty_rate_pct,poverty_rate_children_pct,pct_below_50pct_poverty_line,pct_hh_on_food_stamps
9261,County_9261,Florida,Rural,21.39,27.3,9.27,27.77
33417,County_33417,North Carolina,Rural,29.03,37.2,15.44,31.77
1695,County_1695,Alabama,Rural,34.82,,13.78,48.71
28741,County_28741,Nevada,Suburban/Small City,25.97,35.49,10.58,29.88
37117,County_37117,Oregon,Rural,19.51,22.65,12.48,16.86
56427,County_56427,Other,Urban,14.75,19.39,4.43,16.64
42739,County_42739,Tennessee,Rural,15.31,20.26,6.08,4.61
2843,County_2843,Alaska,Urban,14.0,19.44,5.27,16.65
36055,County_36055,Oklahoma,Urban,36.26,46.57,16.62,45.98
11739,County_11739,Hawaii,Rural,26.72,34.67,9.41,25.78
3197,County_3197,Arizona,Rural,39.49,49.5,21.38,54.72
33939,County_33939,North Carolina,Urban,25.88,33.85,11.46,27.04
38811,County_38811,Pennsylvania,Rural,25.41,29.95,10.27,30.96
50149,County_50149,Wyoming,Rural,23.66,32.27,11.21,22.88
31755,County_31755,New Mexico,Suburban/Small City,32.94,41.93,12.23,36.59
48027,County_48027,West Virginia,Urban,37.7,,20.06,49.43
56975,County_56975,Other,Urban,35.31,45.5,17.75,43.04
11023,County_11023,Hawaii,Rural,23.86,30.57,9.84,28.07
47603,County_47603,Washington,Urban,22.49,26.22,10.44,27.47
32545,County_32545,New York,Rural,35.89,48.9,16.33,49.66
48951,County_48951,West Virginia,Urban,16.52,20.72,5.73,22.89
12941,County_12941,Idaho,Rural,32.82,44.06,14.39,43.2
29835,County_29835,New Hampshire,Rural,18.48,24.32,7.81,21.38
28877,County_28877,Nevada,Rural,25.25,34.56,14.14,37.7
40139,County_40139,South Carolina,Rural,22.92,32.66,9.47,20.4
55031,County_55031,Other,Rural,23.06,33.25,12.37,28.44
51729,County_51729,Other,Rural,20.39,27.53,8.28,19.12
56219,County_56219,Other,Urban,22.02,27.58,9.11,28.8
10217,County_10217,Georgia,Urban,,17.83,5.48,6.67
39397,County_39397,Rhode Island,Rural,26.88,35.15,9.31,27.47
27187,County_27187,Nebraska,Rural,32.46,42.12,13.5,32.47
53441,County_53441,Other,Rural,22.86,29.18,10.28,25.98
43713,County_43713,Texas,Urban,32.32,40.17,13.13,41.38
32867,County_32867,New York,Rural,,22.73,8.95,16.06
34531,County_34531,North Dakota,Rural,9.67,10.5,5.17,3.13
23543,County_23543,Minnesota,Suburban/Small City,30.53,38.69,15.33,38.47
28911,County_28911,Nevada,Urban,34.6,45.9,15.05,45.82
23923,County_23923,Minnesota,Rural,19.33,25.0,9.08,25.83
56329,County_56329,Other,Urban,23.78,29.95,11.59,23.74
6253,County_6253,Colorado,Urban,24.0,31.34,11.73,36.7
30691,County_30691,New Jersey,Urban,20.26,26.93,10.74,26.83
52325,County_52325,Other,Rural,10.14,15.67,3.66,7.63
55517,County_55517,Other,Rural,30.16,36.55,16.65,34.71
5805,County_5805,California,Urban,27.15,36.89,12.58,37.43
23243,County_23243,Minnesota,Rural,20.68,26.72,9.81,20.52
55125,County_55125,Other,Rural,14.12,17.54,4.18,11.46
21441,County_21441,Massachusetts,Urban,10.09,14.54,2.35,10.49
9001,County_9001,Florida,Rural,29.54,39.17,13.3,36.56
19807,County_19807,Maine,Rural,15.67,19.66,7.23,15.55
34247,County_34247,North Dakota,Urban,32.62,41.88,12.81,40.42
27585,County_27585,Nebraska,Urban,29.45,37.75,11.7,39.65
11447,County_11447,Hawaii,Urban,28.21,33.61,13.67,45.41
8341,County_8341,Delaware,Rural,19.68,24.66,9.06,17.14
49733,County_49733,Wisconsin,Urban,38.63,51.29,16.98,52.62
41359,County_41359,South Dakota,Urban,16.21,22.96,5.3,17.32
54961,County_54961,Other,Urban,26.91,32.31,13.88,30.01
31503,County_31503,New Mexico,Rural,37.3,47.44,19.08,49.04
14791,County_14791,Indiana,Rural,42.56,57.68,,54.24
33477,County_33477,North Carolina,Rural,30.09,38.02,13.25,36.81
56141,County_56141,Other,Urban,24.45,30.1,12.5,30.12
1363,County_1363,Alabama,Rural,37.68,48.82,15.82,47.79
44571,County_44571,Utah,Urban,13.09,,6.04,8.78
14255,County_14255,Indiana,Rural,28.86,38.39,16.22,42.52
56709,County_56709,Other,Rural,16.06,20.74,9.41,18.99
23171,County_23171,Minnesota,Suburban/Small City,31.38,40.11,13.22,45.3
39457,County_39457,Rhode Island,Rural,21.04,25.4,8.19,31.64
12197,County_12197,Idaho,Rural,29.57,34.9,12.34,40.05
49845,County_49845,Wisconsin,Rural,15.36,,6.68,13.39
48381,County_48381,West Virginia,Rural,,30.15,10.31,25.01
39709,County_39709,Rhode Island,Suburban/Small City,24.42,34.03,11.03,26.48
40223,County_40223,South Carolina,Rural,17.23,22.95,9.46,16.82
9441,County_9441,Florida,Urban,11.91,14.34,2.58,12.79
14423,County_14423,Indiana,Rural,11.86,17.79,3.75,10.86
30565,County_30565,New Jersey,Urban,12.76,15.96,6.19,5.49
23479,County_23479,Minnesota,Urban,22.04,27.81,8.95,16.43
49315,County_49315,Wisconsin,Urban,23.13,29.57,11.44,35.4
41105,County_41105,South Dakota,Urban,25.94,33.16,10.22,34.85
46793,County_46793,Virginia,Rural,30.99,36.81,14.29,36.51
44109,County_44109,Utah,Urban,27.93,36.94,9.66,37.39
2933,County_2933,Alaska,Rural,33.91,47.57,,48.94
9957,County_9957,Florida,Urban,24.88,31.79,13.2,21.01
2787,County_2787,Alaska,Rural,38.95,48.57,20.55,52.64
34335,County_34335,North Dakota,Urban,17.49,23.16,8.55,25.5
54463,County_54463,Other,Rural,25.1,32.73,13.11,
46583,County_46583,Virginia,Urban,19.42,25.09,9.16,22.57
1573,County_1573,Alabama,Urban,38.43,49.19,,51.93
13057,County_13057,Illinois,Rural,25.49,33.65,9.8,23.72
54617,County_54617,Other,Rural,10.32,11.5,5.6,13.88
8265,County_8265,Delaware,Rural,31.65,38.73,13.66,37.17
51595,County_51595,Other,Rural,27.82,35.06,11.94,35.31
12079,County_12079,Idaho,Rural,30.98,38.43,16.58,41.17
51677,County_51677,Other,Rural,36.91,46.83,16.45,53.62
28493,County_28493,Nevada,Rural,33.39,42.68,17.88,40.71
14961,County_14961,Indiana,Suburban/Small City,8.03,10.7,1.25,12.36
3159,County_3159,Arizona,Urban,12.42,15.69,7.2,15.31
55607,County_55607,Other,Rural,17.66,21.63,8.94,24.55
24679,County_24679,Mississippi,Urban,33.72,41.78,14.59,50.23
21725,County_21725,Massachusetts,Urban,12.25,17.85,7.55,11.0
42897,County_42897,Tennessee,Rural,36.44,45.83,15.17,49.25
41827,County_41827,South Dakota,Suburban/Small City,26.69,35.46,12.43,29.88
30667,County_30667,New Jersey,Urban,31.73,40.2,15.95,39.39
53823,County_53823,Other,Suburban/Small City,21.7,27.54,10.45,25.55
23893,County_23893,Minnesota,Suburban/Small City,31.81,40.09,13.9,42.93
24639,County_24639,Mississippi,Urban,36.11,45.17,14.82,49.12
4315,County_4315,Arkansas,Rural,40.86,53.81,19.31,47.59
4071,County_4071,Arkansas,Urban,14.72,15.15,5.8,13.73
43065,County_43065,Texas,Urban,25.79,37.49,9.11,36.08
12669,County_12669,Idaho,Suburban/Small City,32.48,46.4,13.96,35.55
48991,County_48991,West Virginia,Rural,,45.22,16.37,45.01
21949,County_21949,Massachusetts,Suburban/Small City,8.78,7.96,4.38,4.23
27501,County_27501,Nebraska,Rural,14.48,16.96,6.91,13.66
6159,County_6159,Colorado,Rural,,28.47,8.53,23.41
49449,County_49449,Wisconsin,Rural,18.89,21.67,8.27,19.62
39353,County_39353,Rhode Island,Rural,34.88,46.88,15.71,47.44
52567,County_52567,Other,Rural,37.19,50.79,16.73,47.96
2535,County_2535,Alaska,Urban,22.81,27.29,12.43,30.63
48527,County_48527,West Virginia,Urban,21.36,29.14,10.2,23.48
26307,County_26307,Montana,Suburban/Small City,35.92,48.72,16.73,46.93
33007,County_33007,North Carolina,Rural,17.53,23.96,9.63,12.95
55595,County_55595,Other,Urban,30.12,38.44,10.63,34.02
20833,County_20833,Maryland,Suburban/Small City,21.23,25.81,12.05,25.99
52685,County_52685,Other,Urban,32.48,42.22,14.89,40.47
10445,County_10445,Georgia,Urban,23.63,30.04,13.03,24.02
53153,County_53153,Other,Urban,30.6,38.58,12.18,38.41
29449,County_29449,New Hampshire,Suburban/Small City,18.7,24.61,6.65,20.27
43179,County_43179,Texas,Rural,22.04,29.8,8.8,23.98
39339,County_39339,Rhode Island,Rural,22.03,29.67,9.93,28.41
43705,County_43705,Texas,Urban,23.86,34.37,11.71,29.15
33745,County_33745,North Carolina,Rural,19.56,27.79,10.12,19.29
12335,County_12335,Idaho,Urban,18.56,26.27,6.94,19.34
23573,County_23573,Minnesota,Urban,31.09,39.64,13.9,35.8
46635,County_46635,Virginia,Rural,28.29,33.44,11.6,38.52
7151,County_7151,Connecticut,Suburban/Small City,31.53,42.72,,40.78
8681,County_8681,Delaware,Suburban/Small City,17.96,24.97,7.12,21.29
29903,County_29903,New Hampshire,Urban,27.98,37.59,12.02,30.17
32979,County_32979,New York,Suburban/Small City,34.66,43.43,15.51,49.49
48115,County_48115,West Virginia,Urban,27.92,39.29,11.29,37.91
13469,County_13469,Illinois,Rural,20.51,26.7,7.51,30.24
14375,County_14375,Indiana,Rural,31.71,42.95,15.61,37.55
17185,County_17185,Kentucky,Urban,20.03,27.8,,
25895,County_25895,Missouri,Urban,27.14,37.88,13.67,37.1
11583,County_11583,Hawaii,Rural,40.02,53.96,16.68,46.88
24151,County_24151,Mississippi,Rural,19.63,26.82,9.5,25.5
24391,County_24391,Mississippi,Suburban/Small City,30.46,42.57,10.72,34.02
11237,County_11237,Hawaii,Rural,14.56,19.91,5.04,8.76
12221,County_12221,Idaho,Rural,25.44,35.14,11.96,34.56
20417,County_20417,Maryland,Rural,32.38,40.96,15.09,44.58
19595,County_19595,Maine,Rural,18.13,20.61,10.37,10.6
30269,County_30269,New Jersey,Rural,23.66,26.67,10.33,25.91
32165,County_32165,New York,Suburban/Small City,,51.93,17.26,51.62
1353,County_1353,Alabama,Urban,18.18,24.75,10.14,23.14
33153,County_33153,North Carolina,Suburban/Small City,36.41,44.71,15.62,47.11
52779,County_52779,Other,Urban,35.79,46.91,14.53,36.18
38755,County_38755,Pennsylvania,Urban,9.59,11.01,3.87,8.14
36617,County_36617,Oklahoma,Rural,16.65,20.28,6.97,16.18
53817,County_53817,Other,Rural,18.67,20.6,8.4,13.9
48115,County_48115,West Virginia,Urban,39.35,51.28,15.82,55.36
21251,County_21251,Massachusetts,Rural,9.39,14.89,1.73,10.2
15251,County_15251,Iowa,Rural,22.55,30.42,12.33,28.44
6907,County_6907,Colorado,Rural,26.83,33.57,12.92,42.39
53943,County_53943,Other,Suburban/Small City,35.71,,14.46,50.11
5307,County_5307,California,Rural,16.5,21.24,8.3,17.3
43061,County_43061,Texas,Rural,8.53,11.8,4.8,6.45
52065,County_52065,Other,Rural,26.81,37.76,9.32,34.57
8375,County_8375,Delaware,Urban,27.6,33.52,16.16,35.87
55531,County_55531,Other,Rural,16.06,20.83,5.18,22.18
5365,County_5365,California,Urban,24.2,30.8,10.95,31.53
26115,County_26115,Montana,Urban,32.57,40.34,16.51,42.74
24727,County_24727,Mississippi,Rural,26.71,35.92,12.1,40.71
26491,County_26491,Montana,Rural,26.05,32.18,10.56,38.21
19915,County_19915,Maine,Urban,34.67,47.11,17.73,43.79
29697,County_29697,New Hampshire,Urban,12.42,13.99,7.63,9.03
55325,County_55325,Other,Urban,20.44,,11.1,26.71
7127,County_7127,Connecticut,Urban,32.6,44.52,12.44,40.57
24341,County_24341,Mississippi,Rural,37.64,48.07,17.26,51.73
18005,County_18005,Louisiana,Urban,32.23,44.01,16.09,39.54
14049,County_14049,Indiana,Rural,21.31,24.22,9.25,24.8
53751,County_53751,Other,Urban,28.71,,13.76,35.33
28643,County_28643,Nevada,Rural,7.97,7.04,2.41,
6209,County_6209,Colorado,Rural,27.1,36.26,14.2,32.29
25399,County_25399,Missouri,Urban,18.3,22.27,10.93,14.25
33039,County_33039,North Carolina,Urban,39.92,53.86,,58.62
27849,County_27849,Nebraska,Urban,25.96,34.26,11.89,21.69
14337,County_14337,Indiana,Suburban/Small City,37.16,46.25,17.67,41.98
19525,County_19525,Maine,Urban,20.81,23.04,11.17,15.54
8951,County_8951,Delaware,Rural,37.04,49.34,15.47,46.18
28703,County_28703,Nevada,Urban,42.29,53.15,19.74,58.3
51357,County_51357,Other,Urban,35.54,49.43,14.89,50.78
35709,County_35709,Ohio,Suburban/Small City,39.4,53.11,13.84,53.95
24493,County_24493,Mississippi,Rural,26.49,32.5,13.18,27.27
33987,County_33987,North Carolina,Rural,27.97,37.78,10.65,34.39
41199,County_41199,South Dakota,Urban,20.0,23.9,10.73,
30835,County_30835,New Jersey,Urban,30.9,37.27,15.11,39.83
25167,County_25167,Missouri,Rural,28.0,31.23,11.87,35.63
11275,County_11275,Hawaii,Rural,21.82,28.03,11.65,26.48
3323,County_3323,Arizona,Urban,17.87,23.71,9.62,27.11
50229,County_50229,Wyoming,Urban,26.85,33.57,12.64,34.21
9817,County_9817,Florida,Urban,36.88,47.83,16.62,47.17
26671,County_26671,Montana,Urban,12.97,17.3,6.21,9.51
20607,County_20607,Maryland,Suburban/Small City,12.79,19.24,5.94,17.81
31589,County_31589,New Mexico,Rural,35.42,42.91,19.33,49.86
35953,County_35953,Ohio,Urban,23.04,25.96,9.89,29.54
55987,County_55987,Other,Rural,11.6,14.99,8.22,12.21
50577,County_50577,Wyoming,Urban,39.24,54.4,15.43,47.62
1753,County_1753,Alabama,Rural,24.89,31.35,11.86,25.37
28261,County_28261,Nevada,Rural,23.44,29.61,9.98,32.73
4503,County_4503,Arkansas,Urban,18.41,24.14,9.32,13.57
33907,County_33907,North Carolina,Urban,25.39,,9.57,32.93
26753,County_26753,Montana,Urban,16.95,21.42,7.49,19.43
16723,County_16723,Kansas,Rural,20.04,25.87,12.45,28.72
20193,County_20193,Maryland,Rural,38.6,50.05,17.06,51.76
11037,County_11037,Hawaii,Rural,23.21,28.68,12.38,36.64
40635,County_40635,South Carolina,Urban,,10.26,5.78,11.89
56937,County_56937,Other,Rural,15.05,23.28,6.0,10.36
44259,County_44259,Utah,Rural,34.56,43.85,12.74,46.34
42033,County_42033,Tennessee,Urban,25.51,31.72,13.21,32.18
38923,County_38923,Pennsylvania,Suburban/Small City,31.8,40.84,11.87,31.35
53381,County_53381,Other,Rural,24.93,35.02,10.17,31.4
20163,County_20163,Maryland,Urban,20.83,27.59,9.6,32.04
39633,County_39633,Rhode Island,Rural,26.25,35.76,11.35,
34199,County_34199,North Dakota,Rural,25.75,37.56,11.26,34.45
9779,County_9779,Florida,Rural,21.55,28.87,9.31,29.13
32717,County_32717,New York,Suburban/Small City,18.37,21.74,9.79,27.61
26177,County_26177,Montana,Urban,20.49,26.15,4.28,21.58
8439,County_8439,Delaware,Rural,30.97,40.72,11.52,46.52
16225,County_16225,Kansas,Rural,36.67,49.3,18.57,46.67
42089,County_42089,Tennessee,Urban,25.94,36.42,10.27,34.84
38241,County_38241,Pennsylvania,Rural,37.2,46.42,17.51,46.99
45443,County_45443,Vermont,Urban,40.32,49.4,18.06,52.5
21521,County_21521,Massachusetts,Urban,27.14,35.69,11.8,37.01
8477,County_8477,Delaware,Suburban/Small City,36.68,46.74,17.06,42.5
26983,County_26983,Montana,Suburban/Small City,24.41,33.16,12.82,27.61
24629,County_24629,Mississippi,Rural,21.27,30.84,11.12,18.93
27743,County_27743,Nebraska,Rural,32.83,42.81,13.54,49.76
3123,County_3123,Arizona,Suburban/Small City,34.17,43.19,16.79,45.22
19091,County_19091,Maine,Rural,24.81,32.43,11.7,22.07
23951,County_23951,Minnesota,Rural,38.35,54.68,17.39,46.61
49109,County_49109,Wisconsin,Suburban/Small City,12.32,20.39,7.62,11.1
50695,County_50695,Wyoming,Rural,19.04,27.0,8.47,20.45
13401,County_13401,Illinois,Rural,25.93,36.63,11.63,30.11
45595,County_45595,Vermont,Urban,36.12,45.35,15.44,52.51
30955,County_30955,New Jersey,Rural,35.54,42.69,16.81,47.84
48429,County_48429,West Virginia,Urban,24.41,33.33,14.47,26.8
20207,County_20207,Maryland,Urban,23.32,29.49,11.51,24.08
56785,County_56785,Other,Urban,16.27,21.89,8.59,20.77
39239,County_39239,Rhode Island,Rural,43.08,57.29,21.75,52.4
15915,County_15915,Iowa,Urban,24.05,30.33,10.7,27.43
4913,County_4913,Arkansas,Rural,36.2,47.76,14.93,53.37
24409,County_24409,Mississippi,Rural,35.29,48.22,16.34,45.54
34181,County_34181,North Dakota,Rural,14.6,20.94,6.43,13.3
49791,County_49791,Wisconsin,Rural,36.28,47.18,12.87,46.43
14837,County_14837,Indiana,Rural,35.38,47.04,13.53,42.63
25271,County_25271,Missouri,Urban,23.02,32.17,8.61,24.76
38503,County_38503,Pennsylvania,Rural,21.98,26.3,10.95,23.51
53553,County_53553,Other,Suburban/Small City,30.22,44.01,13.8,44.68
24483,County_24483,Mississippi,Rural,24.56,28.76,10.6,27.92
4953,County_4953,Arkansas,Urban,,37.66,12.37,
42177,County_42177,Tennessee,Rural,17.31,21.16,9.05,13.44
21779,County_21779,Massachusetts,Rural,11.55,12.15,5.51,14.56
51985,County_51985,Other,Rural,25.05,32.86,12.69,30.67
40433,County_40433,South Carolina,Urban,21.04,25.45,10.22,16.83
48283,County_48283,West Virginia,Urban,28.91,34.85,13.73,29.7
22547,County_22547,Michigan,Urban,28.59,40.27,13.5,40.58
13699,County_13699,Illinois,Urban,33.27,39.31,11.07,41.94
20887,County_20887,Maryland,Urban,28.06,38.38,12.17,38.6
2661,County_2661,Alaska,Suburban/Small City,42.47,55.04,18.84,58.56
26439,County_26439,Montana,Urban,15.17,22.2,6.43,11.45
37169,County_37169,Oregon,Rural,21.64,28.55,13.78,
20729,County_20729,Maryland,Urban,19.48,22.59,12.3,21.35
8675,County_8675,Delaware,Rural,28.57,37.67,12.72,34.28
19995,County_19995,Maine,Suburban/Small City,27.01,35.93,10.47,33.08
17163,County_17163,Kentucky,Rural,12.8,16.43,7.42,7.31
14673,County_14673,Indiana,Urban,29.09,38.36,15.57,37.85
27507,County_27507,Nebraska,Rural,17.52,21.35,8.87,19.51
35353,County_35353,Ohio,Rural,28.37,38.2,12.68,38.82
23199,County_23199,Minnesota,Urban,28.22,36.88,12.14,29.34
6777,County_6777,Colorado,Rural,29.23,39.11,12.07,31.6
22207,County_22207,Michigan,Rural,26.13,34.98,12.35,28.95
19631,County_19631,Maine,Suburban/Small City,34.55,49.09,,54.2
51037,County_51037,Other,Urban,19.62,26.58,9.58,22.05
10237,County_10237,Georgia,Rural,40.02,51.07,13.64,51.25
6883,County_6883,Colorado,Urban,22.64,33.84,9.97,28.89
10297,County_10297,Georgia,Rural,21.51,24.65,11.41,17.65
43169,County_43169,Texas,Rural,36.71,49.2,17.12,52.1
12317,County_12317,Idaho,Rural,14.06,22.46,4.22,17.09
49107,County_49107,Wisconsin,Urban,15.19,20.34,7.9,16.82
30077,County_30077,New Jersey,Rural,27.04,34.64,12.91,33.01
21009,County_21009,Massachusetts,Urban,24.78,31.56,10.88,23.18
39777,County_39777,Rhode Island,Urban,,33.1,9.66,19.94
49677,County_49677,Wisconsin,Rural,31.1,40.64,14.08,43.67
26687,County_26687,Montana,Urban,14.06,16.41,4.81,22.25
20455,County_20455,Maryland,Urban,17.55,19.4,10.61,13.2
36631,County_36631,Oklahoma,Urban,29.35,37.31,12.16,36.09
19923,County_19923,Maine,Suburban/Small City,25.65,33.96,9.65,36.08
56401,County_56401,Other,Urban,39.33,53.47,15.97,45.48
8289,County_8289,Delaware,Rural,37.44,48.64,15.74,48.35
9661,County_9661,Florida,Suburban/Small City,36.73,53.11,16.35,43.72
38257,County_38257,Pennsylvania,Urban,18.65,25.26,7.2,23.39
18633,County_18633,Louisiana,Rural,30.07,36.24,13.03,
33343,County_33343,North Carolina,Rural,30.62,39.2,10.46,39.36
42303,County_42303,Tennessee,Rural,20.16,26.51,9.33,20.97
54305,County_54305,Other,Suburban/Small City,29.08,37.78,12.04,40.42
20161,County_20161,Maryland,Urban,12.12,11.67,4.38,8.86
21675,County_21675,Massachusetts,Suburban/Small City,14.43,15.56,7.4,7.53
46697,County_46697,Virginia,Rural,13.08,18.77,5.84,11.4
11979,County_11979,Hawaii,Urban,33.27,41.35,13.44,39.13
54005,County_54005,Other,Rural,25.34,32.62,11.55,33.71
15169,County_15169,Iowa,Rural,32.08,45.22,13.42,24.33
39507,County_39507,Rhode Island,Rural,33.1,41.75,16.82,37.77
28721,County_28721,Nevada,Urban,33.48,44.53,15.36,43.54
33077,County_33077,North Carolina,Urban,13.6,21.1,4.28,10.39
53843,County_53843,Other,Urban,26.76,35.16,10.7,24.64
54743,County_54743,Other,Urban,24.53,31.07,10.33,31.08
42463,County_42463,Tennessee,Rural,18.75,22.03,7.86,22.73
50921,County_50921,Wyoming,Urban,15.61,21.44,7.77,10.63
44779,County_44779,Utah,Urban,30.82,41.02,14.65,40.35
30805,County_30805,New Jersey,Rural,10.29,9.93,3.63,7.35
55679,County_55679,Other,Rural,,56.49,18.61,50.07
16113,County_16113,Kansas,Suburban/Small City,26.32,31.15,14.05,26.96
43217,County_43217,Texas,Urban,16.0,20.87,8.31,13.21
32849,County_32849,New York,Urban,20.99,24.3,6.82,26.04
45827,County_45827,Vermont,Urban,27.75,39.12,14.43,39.24
37909,County_37909,Oregon,Rural,33.92,37.72,12.35,44.07
17399,County_17399,Kentucky,Urban,39.06,50.68,17.57,55.35
38595,County_38595,Pennsylvania,Rural,36.33,50.09,16.75,45.23
18085,County_18085,Louisiana,Rural,32.96,41.1,13.76,44.29
23215,County_23215,Minnesota,Urban,10.31,13.57,4.94,10.11
44921,County_44921,Utah,Rural,18.7,23.97,8.69,17.5
42815,County_42815,Tennessee,Suburban/Small City,17.82,24.87,8.35,23.82
8035,County_8035,Delaware,Urban,8.42,14.1,,6.97
13951,County_13951,Illinois,Rural,12.54,11.43,4.5,14.26
44193,County_44193,Utah,Rural,27.33,35.6,14.64,36.52
13213,County_13213,Illinois,Urban,30.19,42.41,12.62,44.51
26079,County_26079,Montana,Urban,23.71,34.9,10.11,29.22
40851,County_40851,South Carolina,Rural,,33.86,13.46,33.16
38077,County_38077,Pennsylvania,Rural,30.5,39.82,,36.0
31161,County_31161,New Mexico,Suburban/Small City,19.85,23.97,10.63,21.41
8135,County_8135,Delaware,Rural,24.66,32.87,9.82,23.98
29047,County_29047,New Hampshire,Suburban/Small City,19.83,28.35,10.59,21.54
15909,County_15909,Iowa,Rural,29.96,39.3,14.3,42.0
2319,County_2319,Alaska,Urban,,28.79,10.8,29.06
46267,County_46267,Virginia,Urban,35.45,45.98,13.32,41.73
55631,County_55631,Other,Urban,33.04,39.22,16.44,34.75
28553,County_28553,Nevada,Suburban/Small City,15.35,17.84,,
12941,County_12941,Idaho,Rural,31.7,44.81,14.82,28.78
11591,County_11591,Hawaii,Urban,13.52,18.51,5.09,14.13
52257,County_52257,Other,Urban,22.63,31.94,9.76,30.78
33251,County_33251,North Carolina,Rural,12.45,12.7,7.13,13.25
3725,County_3725,Arizona,Urban,26.27,34.18,11.21,33.19
31417,County_31417,New Mexico,Rural,31.24,43.64,13.34,35.47
13149,County_13149,Illinois,Rural,35.33,47.82,15.76,42.51
40725,County_40725,South Carolina,Rural,27.42,35.32,14.05,37.35
56063,County_56063,Other,Urban,14.48,20.79,9.17,11.68
24317,County_24317,Mississippi,Urban,20.12,29.4,11.07,21.56
18341,County_18341,Louisiana,Urban,39.87,48.5,17.8,50.01
15601,County_15601,Iowa,Rural,25.55,36.23,9.31,32.97
2943,County_2943,Alaska,Urban,,5.96,3.36,5.56
10949,County_10949,Georgia,Rural,21.79,27.49,7.73,16.53
1041,County_1041,Alabama,Rural,33.84,43.21,14.91,46.6
9777,County_9777,Florida,Rural,29.99,39.35,12.19,39.62
27263,County_27263,Nebraska,Rural,21.02,27.47,5.25,23.4
1701,County_1701,Alabama,Urban,16.37,23.38,5.06,18.38
41389,County_41389,South Dakota,Rural,27.88,35.79,12.01,
18099,County_18099,Louisiana,Urban,19.4,27.99,8.78,20.34
33977,County_33977,North Carolina,Suburban/Small City,20.55,24.38,,
32383,County_32383,New York,Rural,36.79,50.39,19.44,48.02
48105,County_48105,West Virginia,Suburban/Small City,24.73,35.61,9.33,29.61
5719,County_5719,California,Rural,10.13,13.33,5.69,9.54
21621,County_21621,Massachusetts,Rural,26.2,37.94,11.59,35.12
21237,County_21237,Massachusetts,Rural,,,16.14,37.23
51665,County_51665,Other,Urban,19.93,23.92,9.84,26.13
26887,County_26887,Montana,Rural,16.15,19.8,9.02,13.96
7849,County_7849,Connecticut,Rural,16.36,22.62,6.88,21.03
46889,County_46889,Virginia,Urban,13.87,18.1,7.76,21.12
16355,County_16355,Kansas,Urban,21.19,32.96,8.67,22.99
17175,County_17175,Kentucky,Rural,15.99,21.18,5.99,21.4
56707,County_56707,Other,Rural,33.26,41.54,13.6,45.12
21071,County_21071,Massachusetts,Rural,21.05,28.27,8.78,17.64
34825,County_34825,North Dakota,Rural,31.32,37.89,13.52,35.94
38521,County_38521,Pennsylvania,Urban,23.55,31.65,9.17,22.63
55273,County_55273,Other,Rural,35.43,45.7,16.93,43.95
25471,County_25471,Missouri,Suburban/Small City,16.47,21.2,7.98,14.62
23357,County_23357,Minnesota,Urban,37.94,47.48,,42.15
8215,County_8215,Delaware,Rural,37.86,47.61,17.43,
26945,County_26945,Montana,Rural,10.68,10.9,5.54,7.52
43269,County_43269,Texas,Rural,28.72,40.98,13.43,32.31
5749,County_5749,California,Rural,38.35,50.34,17.1,50.15
34923,County_34923,North Dakota,Urban,30.54,38.92,13.53,35.29
21557,County_21557,Massachusetts,Rural,21.13,24.71,4.32,24.96
52597,County_52597,Other,Rural,35.91,48.35,16.35,50.83
27993,County_27993,Nebraska,Urban,40.99,53.01,19.22,47.48
40159,County_40159,South Carolina,Rural,27.0,32.56,12.28,25.77
28781,County_28781,Nevada,Rural,32.77,41.59,15.81,42.97
45099,County_45099,Vermont,Rural,8.25,10.85,2.73,10.48
17679,County_17679,Kentucky,Suburban/Small City,25.65,36.95,10.34,23.41
53289,County_53289,Other,Rural,25.13,35.66,13.31,22.25
44211,County_44211,Utah,Rural,19.38,25.84,9.54,19.88
30561,County_30561,New Jersey,Urban,26.84,34.45,11.05,36.73
20501,County_20501,Maryland,Rural,22.41,28.76,7.12,19.49
51407,County_51407,Other,Rural,13.97,16.45,3.67,14.95
27011,County_27011,Nebraska,Rural,,36.76,15.81,44.73
38923,County_38923,Pennsylvania,Suburban/Small City,24.94,30.43,12.61,30.82
21681,County_21681,Massachusetts,Rural,31.06,40.22,12.48,47.27
8899,County_8899,Delaware,Suburban/Small City,26.94,35.96,9.1,34.85
14069,County_14069,Indiana,Urban,23.58,28.3,10.12,31.97
4615,County_4615,Arkansas,Urban,31.34,42.0,13.73,38.69
35427,County_35427,Ohio,Rural,29.58,42.12,11.83,42.53
2549,County_2549,Alaska,Suburban/Small City,28.71,34.65,12.41,35.37
26209,County_26209,Montana,Rural,37.08,48.13,14.86,43.56
43117,County_43117,Texas,Rural,24.23,32.18,8.43,35.53
34889,County_34889,North Dakota,Rural,27.87,35.39,12.87,35.6
9819,County_9819,Florida,Rural,31.9,44.22,13.25,39.13
31887,County_31887,New Mexico,Rural,27.82,37.52,11.69,27.52
48807,County_48807,West Virginia,Rural,41.69,54.12,19.42,51.54
27447,County_27447,Nebraska,Rural,31.76,41.1,15.35,38.69
18273,County_18273,Louisiana,Urban,24.24,33.82,8.96,28.64
34399,County_34399,North Dakota,Urban,14.18,17.82,4.67,
17981,County_17981,Kentucky,Urban,35.85,49.47,16.38,43.11
8393,County_8393,Delaware,Rural,32.59,38.42,14.16,43.99
22439,County_22439,Michigan,Urban,33.58,42.25,16.05,47.74
31785,County_31785,New Mexico,Rural,30.54,41.33,13.92,36.57
6853,County_6853,Colorado,Urban,35.25,44.43,20.38,40.8
16195,County_16195,Kansas,Suburban/Small City,20.89,27.12,12.6,23.48
16181,County_16181,Kansas,Suburban/Small City,25.69,33.21,11.19,32.73
8141,County_8141,Delaware,Rural,14.36,16.26,8.55,11.1
27479,County_27479,Nebraska,Rural,28.51,38.91,15.99,34.84
6177,County_6177,Colorado,Urban,24.04,28.92,10.73,20.36
17721,County_17721,Kentucky,Rural,39.05,50.52,17.68,49.17
1901,County_1901,Alabama,Urban,14.44,20.67,7.21,9.01
41619,County_41619,South Dakota,Rural,33.63,41.18,,37.33
47163,County_47163,Washington,Urban,9.62,8.58,4.16,12.36
33181,County_33181,North Carolina,Urban,14.25,16.69,4.03,12.55
33085,County_33085,North Carolina,Rural,23.07,,11.17,23.07
53981,County_53981,Other,Rural,24.42,30.74,11.96,21.22
28213,County_28213,Nevada,Rural,30.8,38.98,13.3,39.09
12067,County_12067,Idaho,Rural,21.7,27.92,7.93,32.05
5343,County_5343,California,Rural,22.15,29.03,11.05,26.35
46755,County_46755,Virginia,Rural,40.62,51.79,18.24,49.81
7325,County_7325,Connecticut,Rural,22.39,31.8,10.65,25.44
49117,County_49117,Wisconsin,Urban,17.37,24.5,9.15,12.13
48533,County_48533,West Virginia,Urban,21.37,,12.14,28.12
16777,County_16777,Kansas,Rural,27.55,35.69,9.62,34.69
37595,County_37595,Oregon,Urban,19.27,24.28,10.6,17.63
22493,County_22493,Michigan,Rural,15.04,18.91,5.43,14.83
2275,County_2275,Alaska,Rural,37.4,48.22,,
4643,County_4643,Arkansas,Rural,21.09,31.92,10.09,20.21
38739,County_38739,Pennsylvania,Rural,31.3,43.76,11.96,33.73
55373,County_55373,Other,Rural,16.54,20.5,6.16,20.84
54673,County_54673,Other,Rural,20.4,28.02,8.96,28.68
31063,County_31063,New Mexico,Rural,9.12,10.56,2.75,10.01
13589,County_13589,Illinois,Urban,32.67,42.19,13.65,46.95
5983,County_5983,California,Rural,26.51,35.39,11.6,30.09
11007,County_11007,Hawaii,Rural,13.18,18.98,4.91,15.64
28815,County_28815,Nevada,Urban,10.77,14.04,5.46,11.74
37719,County_37719,Oregon,Urban,22.3,28.44,10.98,28.3
8743,County_8743,Delaware,Suburban/Small City,22.33,33.92,9.49,27.01
45629,County_45629,Vermont,Rural,34.18,43.02,14.04,42.25
26301,County_26301,Montana,Rural,32.38,42.42,12.9,44.29
35927,County_35927,Ohio,Urban,12.13,17.25,4.48,9.57
21201,County_21201,Massachusetts,Rural,33.08,44.16,16.47,39.6
35409,County_35409,Ohio,Urban,25.95,30.99,8.27,39.42
16947,County_16947,Kansas,Urban,28.91,37.66,10.97,32.44
22519,County_22519,Michigan,Rural,22.68,31.36,8.44,25.84
38649,County_38649,Pennsylvania,Rural,11.99,14.84,6.89,10.83
17017,County_17017,Kentucky,Rural,35.99,48.67,17.25,40.97
41105,County_41105,South Dakota,Rural,20.26,25.68,6.85,20.29
16715,County_16715,Kansas,Rural,30.81,39.27,15.07,38.69
34483,County_34483,North Dakota,Rural,21.64,27.72,,27.05
25785,County_25785,Missouri,Rural,40.63,50.47,18.24,52.77
8217,County_8217,Delaware,Rural,12.86,15.54,4.95,14.05
34571,County_34571,North Dakota,Rural,20.4,32.08,9.36,23.28
5757,County_5757,California,Urban,36.08,48.37,15.14,41.98
9769,County_9769,Florida,Rural,32.41,40.86,13.01,45.96
33615,County_33615,North Carolina,Rural,29.34,33.77,13.22,35.3
19369,County_19369,Maine,Urban,38.64,48.92,19.49,49.53
32239,County_32239,New York,Urban,34.06,42.52,15.07,44.17
19115,County_19115,Maine,Urban,13.99,19.52,7.63,12.3
4513,County_4513,Arkansas,Suburban/Small City,12.93,18.07,7.59,11.85
32147,County_32147,New York,Rural,31.42,43.41,14.36,42.37
4835,County_4835,Arkansas,Suburban/Small City,23.37,29.08,12.48,29.38
1763,County_1763,Alabama,Rural,16.87,21.87,6.52,14.73
4621,County_4621,Arkansas,Rural,22.36,29.05,8.2,28.61
34387,County_34387,North Dakota,Rural,40.01,54.79,19.34,51.76
28045,County_28045,Nevada,Rural,30.38,41.73,11.82,41.42
16741,County_16741,Kansas,Urban,22.76,26.89,7.16,28.26
23947,County_23947,Minnesota,Rural,7.32,9.6,2.58,7.28
43879,County_43879,Texas,Rural,33.16,43.33,16.62,42.39
55623,County_55623,Other,Rural,33.32,46.39,15.17,37.92
21777,County_21777,Massachusetts,Urban,35.67,47.64,12.43,47.75
32479,County_32479,New York,Urban,22.22,27.23,9.37,24.58
10963,County_10963,Georgia,Urban,18.14,21.03,4.79,24.01
50101,County_50101,Wyoming,Suburban/Small City,18.09,,8.98,12.01
25989,County_25989,Missouri,Rural,34.59,45.02,16.82,52.08
35811,County_35811,Ohio,Rural,32.71,45.34,,44.31
26961,County_26961,Montana,Rural,31.93,41.78,14.36,38.59
20293,County_20293,Maryland,Suburban/Small City,13.45,16.96,8.05,10.0
30541,County_30541,New Jersey,Urban,11.9,13.24,6.32,7.25
50211,County_50211,Wyoming,Rural,13.76,16.09,4.41,14.68
27959,County_27959,Nebraska,Rural,13.31,14.87,7.25,20.12
36565,County_36565,Oklahoma,Rural,21.31,27.95,7.71,19.2
38017,County_38017,Pennsylvania,Rural,16.32,18.3,7.92,7.54
15083,County_15083,Iowa,Urban,37.97,45.87,18.43,43.77
50475,County_50475,Wyoming,Rural,14.11,16.74,8.22,13.17
40989,County_40989,South Carolina,Urban,38.27,,14.45,56.2
48239,County_48239,West Virginia,Urban,26.77,34.98,13.22,29.89
21353,County_21353,Massachusetts,Suburban/Small City,21.53,27.54,11.58,22.62
19479,County_19479,Maine,Rural,24.53,27.88,9.93,17.32
3869,County_3869,Arizona,Rural,21.56,28.92,10.29,27.3
12621,County_12621,Idaho,Rural,35.48,45.63,16.42,41.45
49409,County_49409,Wisconsin,Suburban/Small City,36.54,50.96,15.42,46.08
35815,County_35815,Ohio,Rural,26.32,34.52,12.69,26.3
4051,County_4051,Arkansas,Rural,34.39,45.63,16.13,42.14
49391,County_49391,Wisconsin,Rural,21.52,26.17,13.15,13.78
32555,County_32555,New York,Urban,11.36,15.4,2.69,5.37
11049,County_11049,Hawaii,Rural,39.96,50.0,18.69,59.98
25671,County_25671,Missouri,Urban,19.7,25.08,7.8,18.87
4005,County_4005,Arkansas,Urban,35.23,44.3,15.87,45.11
19525,County_19525,Maine,Rural,25.81,32.88,10.24,28.65
51331,County_51331,Other,Rural,42.8,58.97,20.15,58.13
53087,County_53087,Other,Rural,24.18,32.3,9.0,24.24
46225,County_46225,Virginia,Rural,29.27,35.92,13.49,39.42
37775,County_37775,Oregon,Rural,24.45,32.21,10.4,31.38
16679,County_16679,Kansas,Rural,28.43,40.01,12.79,33.83
4861,County_4861,Arkansas,Urban,23.89,31.7,12.25,21.78
35051,County_35051,Ohio,Suburban/Small City,27.7,35.34,12.31,35.85
9843,County_9843,Florida,Rural,11.15,12.81,4.25,10.65
41835,County_41835,South Dakota,Rural,30.56,41.87,12.83,40.04
48451,County_48451,West Virginia,Urban,18.19,21.35,7.21,17.76
47645,County_47645,Washington,Urban,30.52,38.58,12.3,35.32
37163,County_37163,Oregon,Urban,38.44,53.56,17.53,61.07
12135,County_12135,Idaho,Urban,19.27,28.24,7.45,19.54
35863,County_35863,Ohio,Rural,32.15,38.69,13.88,41.16
30837,County_30837,New Jersey,Urban,15.05,18.34,7.22,16.84
55151,County_55151,Other,Suburban/Small City,32.35,41.92,14.19,42.11
55711,County_55711,Other,Urban,21.56,28.57,11.02,32.17
7357,County_7357,Connecticut,Rural,32.45,44.99,14.64,40.89
48647,County_48647,West Virginia,Urban,31.3,42.72,15.07,39.85
12593,County_12593,Idaho,Rural,19.83,23.05,6.11,20.74
10219,County_10219,Georgia,Urban,34.26,43.68,17.42,41.7
34497,County_34497,North Dakota,Suburban/Small City,13.95,13.13,6.84,19.17
47103,County_47103,Washington,Rural,14.07,12.36,6.97,14.88
3673,County_3673,Arizona,Urban,32.84,43.65,17.74,36.52
13497,County_13497,Illinois,Rural,32.12,42.72,12.89,36.23
30677,County_30677,New Jersey,Suburban/Small City,30.71,36.45,13.26,37.04
48957,County_48957,West Virginia,Rural,20.53,26.11,7.9,23.06
31057,County_31057,New Mexico,Rural,39.43,54.69,18.17,56.4
31967,County_31967,New Mexico,Urban,26.66,31.43,11.68,36.91
31833,County_31833,New Mexico,Rural,19.13,28.4,7.33,19.53
1081,County_1081,Alabama,Rural,33.83,44.49,11.64,42.9
46943,County_46943,Virginia,Rural,27.58,41.26,11.51,20.61
46499,County_46499,Virginia,Urban,36.59,47.09,18.07,42.5
3865,County_3865,Arizona,Rural,34.68,42.5,14.15,52.02
44827,County_44827,Utah,Urban,25.65,33.52,13.09,27.13
37873,County_37873,Oregon,Urban,27.33,32.44,11.54,29.98
24731,County_24731,Mississippi,Urban,23.83,31.96,6.89,26.29
21825,County_21825,Massachusetts,Rural,21.33,30.74,7.39,24.52
12333,County_12333,Idaho,Urban,30.98,42.55,13.94,
12809,County_12809,Idaho,Rural,14.6,20.79,6.94,13.11
17021,County_17021,Kentucky,Rural,10.47,13.12,4.07,6.69
24073,County_24073,Mississippi,Rural,32.22,41.52,16.36,33.36
38357,County_38357,Pennsylvania,Urban,36.51,46.52,16.31,44.11
40299,County_40299,South Carolina,Urban,22.19,26.92,9.87,25.35
53927,County_53927,Other,Rural,25.25,32.16,10.75,31.3
17087,County_17087,Kentucky,Urban,18.48,25.79,11.34,17.35
36709,County_36709,Oklahoma,Rural,26.09,32.85,13.35,33.26
10703,County_10703,Georgia,Rural,29.44,41.47,14.53,28.36
52791,County_52791,Other,Rural,17.01,18.61,8.46,11.49
17091,County_17091,Kentucky,Urban,32.41,42.27,12.43,42.75
21779,County_21779,Massachusetts,Rural,27.51,36.09,11.53,27.95
32621,County_32621,New York,Urban,16.47,23.14,10.66,12.68
32297,County_32297,New York,Rural,20.11,23.5,6.71,19.38
37625,County_37625,Oregon,Rural,33.83,49.63,14.29,45.0
53727,County_53727,Other,Urban,28.18,36.8,14.02,29.01
27155,County_27155,Nebraska,Rural,30.59,38.66,12.97,41.54
35809,County_35809,Ohio,Rural,30.06,34.62,12.06,47.72
10247,County_10247,Georgia,Rural,31.57,43.96,14.22,33.15
1837,County_1837,Alabama,Urban,15.33,21.51,7.08,2.81
12475,County_12475,Idaho,Suburban/Small City,32.24,40.72,14.11,40.8
10891,County_10891,Georgia,Urban,15.18,23.17,5.52,21.02
55203,County_55203,Other,Rural,28.05,36.15,10.43,38.08
15319,County_15319,Iowa,Rural,18.89,27.46,8.61,19.9
10239,County_10239,Georgia,Rural,28.99,39.78,12.45,28.9
32241,County_32241,New York,Urban,11.64,16.29,6.65,12.1
29309,County_29309,New Hampshire,Urban,19.69,22.62,,17.78
41475,County_41475,South Dakota,Urban,22.3,26.51,10.93,27.05
10011,County_10011,Georgia,Urban,25.79,31.48,10.65,29.63
31093,County_31093,New Mexico,Rural,18.13,23.67,8.81,19.96
11647,County_11647,Hawaii,Rural,42.16,56.87,16.39,53.9
10937,County_10937,Georgia,Urban,28.86,36.4,13.24,36.26
12887,County_12887,Idaho,Rural,15.53,20.52,7.25,15.85
32425,County_32425,New York,Rural,32.18,40.95,15.31,44.37
40289,County_40289,South Carolina,Rural,12.17,15.84,6.12,9.97
36665,County_36665,Oklahoma,Rural,25.94,,11.72,26.4
26749,County_26749,Montana,Urban,28.57,34.68,13.77,34.74
7819,County_7819,Connecticut,Suburban/Small City,33.99,43.71,15.14,43.24
53177,County_53177,Other,Rural,39.32,52.63,17.71,48.53
10767,County_10767,Georgia,Urban,32.69,45.61,,45.23
22835,County_22835,Michigan,Suburban/Small City,23.18,32.54,10.52,30.27
32163,County_32163,New York,Rural,,27.44,10.65,28.95
19269,County_19269,Maine,Rural,20.62,24.58,8.79,17.4
2123,County_2123,Alaska,Rural,24.84,32.74,12.28,25.5
29937,County_29937,New Hampshire,Suburban/Small City,36.25,48.68,15.63,47.12
10815,County_10815,Georgia,Rural,23.53,28.7,10.1,31.1
33019,County_33019,North Carolina,Rural,23.12,29.71,8.08,19.01
15327,County_15327,Iowa,Rural,15.7,21.01,8.61,23.94
46801,County_46801,Virginia,Urban,27.05,33.9,13.14,33.71
51133,County_51133,Other,Rural,25.5,36.35,13.79,34.46
14721,County_14721,Indiana,Urban,40.55,54.3,20.91,48.11
45655,County_45655,Vermont,Rural,32.95,41.82,15.96,34.67
51701,County_51701,Other,Urban,23.74,28.07,13.68,23.87
46841,County_46841,Virginia,Rural,38.48,55.36,17.93,50.43
40299,County_40299,South Carolina,Suburban/Small City,16.27,22.06,6.54,21.32
47393,County_47393,Washington,Urban,14.4,18.31,7.71,12.0
34169,County_34169,North Dakota,Urban,39.66,50.14,17.74,50.61
41369,County_41369,South Dakota,Urban,22.39,30.13,11.23,28.28
22989,County_22989,Michigan,Suburban/Small City,,54.9,19.36,
34371,County_34371,North Dakota,Rural,22.99,30.68,10.46,24.55
54523,County_54523,Other,Urban,24.17,33.25,8.6,33.3
44201,County_44201,Utah,Rural,29.57,35.72,13.29,39.92
1323,County_1323,Alabama,Suburban/Small City,33.25,44.03,15.88,35.57
11891,County_11891,Hawaii,Urban,16.92,21.95,3.9,
31675,County_31675,New Mexico,Rural,22.77,30.01,,
43583,County_43583,Texas,Urban,11.14,15.47,3.92,9.7
13363,County_13363,Illinois,Urban,40.78,55.42,18.12,50.65
47701,County_47701,Washington,Suburban/Small City,27.08,34.66,,31.24
29539,County_29539,New Hampshire,Rural,33.36,43.44,15.9,39.84
12365,County_12365,Idaho,Rural,35.49,47.79,15.24,49.61
25657,County_25657,Missouri,Urban,16.23,21.93,6.78,16.92
12355,County_12355,Idaho,Rural,16.09,21.29,5.37,15.14
30697,County_30697,New Jersey,Urban,30.73,37.86,15.98,34.88
52033,County_52033,Other,Suburban/Small City,24.63,33.47,11.93,26.89
27727,County_27727,Nebraska,Rural,26.25,34.16,12.71,29.33
5111,County_5111,California,Urban,21.98,25.43,7.98,26.66
45655,County_45655,Vermont,Suburban/Small City,29.55,35.94,14.13,37.61
42623,County_42623,Tennessee,Urban,23.32,30.45,9.06,27.31
49209,County_49209,Wisconsin,Rural,14.07,16.25,8.15,18.23
52889,County_52889,Other,Rural,32.31,42.51,15.86,42.01
20331,County_20331,Maryland,Urban,28.33,34.34,12.61,40.86
17097,County_17097,Kentucky,Rural,35.3,43.68,15.41,47.83
18987,County_18987,Louisiana,Suburban/Small City,18.78,21.78,7.95,20.64
24187,County_24187,Mississippi,Urban,9.37,12.02,4.95,3.92
17429,County_17429,Kentucky,Rural,18.44,25.27,7.16,20.02
37293,County_37293,Oregon,Urban,28.69,36.6,12.33,30.95
19925,County_19925,Maine,Urban,32.94,41.58,13.27,43.99
15485,County_15485,Iowa,Rural,23.52,32.91,8.66,25.52
37561,County_37561,Oregon,Rural,34.16,,17.81,42.26
43087,County_43087,Texas,Rural,21.41,29.38,7.48,22.15
2239,County_2239,Alaska,Rural,34.28,45.25,15.31,39.19
1917,County_1917,Alabama,Rural,12.07,18.54,5.48,10.63
18911,County_18911,Louisiana,Urban,28.32,34.55,13.44,34.4
50885,County_50885,Wyoming,Rural,22.88,30.61,8.39,25.38
3329,County_3329,Arizona,Rural,29.18,41.78,12.72,40.96
29063,County_29063,New Hampshire,Rural,27.73,40.76,11.34,31.6
54587,County_54587,Other,Rural,20.69,25.5,8.69,25.37
27957,County_27957,Nebraska,Urban,19.54,26.91,6.06,22.27
33603,County_33603,North Carolina,Rural,11.47,12.91,6.39,12.46
33835,County_33835,North Carolina,Rural,32.61,43.75,13.51,43.15
47533,County_47533,Washington,Rural,11.57,12.04,4.95,11.61
19949,County_19949,Maine,Suburban/Small City,21.06,22.54,6.32,26.32
40249,County_40249,South Carolina,Urban,26.1,36.39,12.59,33.83
17341,County_17341,Kentucky,Urban,22.2,30.62,7.28,22.62
12187,County_12187,Idaho,Rural,31.98,38.93,11.49,34.6
30095,County_30095,New Jersey,Suburban/Small City,22.61,30.68,9.14,23.93
11943,County_11943,Hawaii,Suburban/Small City,16.71,21.14,6.13,17.54
31733,County_31733,New Mexico,Suburban/Small City,6.77,7.89,2.35,3.43
8337,County_8337,Delaware,Urban,13.96,16.21,6.19,1.44
12293,County_12293,Idaho,Suburban/Small City,35.26,45.82,15.22,48.24
43809,County_43809,Texas,Rural,38.3,51.38,17.0,41.11
53515,County_53515,Other,Rural,33.37,42.4,16.85,40.04
51199,County_51199,Other,Rural,35.11,45.53,,44.09
21357,County_21357,Massachusetts,Rural,9.76,12.12,4.64,6.38
55273,County_55273,Other,Urban,34.54,46.27,17.5,49.12
1187,County_1187,Alabama,Rural,17.19,20.0,6.96,21.16
22523,County_22523,Michigan,Urban,29.87,38.68,14.15,40.02
43391,County_43391,Texas,Rural,9.52,11.36,6.54,4.08
28897,County_28897,Nevada,Rural,22.06,30.73,10.03,24.13
35929,County_35929,Ohio,Urban,19.38,24.92,7.7,20.95
45193,County_45193,Vermont,Urban,33.47,44.8,15.1,48.58
34829,County_34829,North Dakota,Urban,14.62,14.77,8.95,19.93
27413,County_27413,Nebraska,Rural,13.91,22.34,4.88,10.65
51773,County_51773,Other,Urban,24.79,35.94,9.91,35.48
46055,County_46055,Virginia,Urban,10.88,14.95,5.51,6.79
10661,County_10661,Georgia,Urban,22.95,28.19,9.63,31.33
8877,County_8877,Delaware,Urban,17.67,27.94,7.21,22.21
5499,County_5499,California,Rural,41.44,54.02,,51.49
25283,County_25283,Missouri,Rural,12.52,17.99,7.65,14.7
7175,County_7175,Connecticut,Rural,19.19,25.6,9.33,20.02
31585,County_31585,New Mexico,Urban,19.63,29.32,6.53,21.9
30833,County_30833,New Jersey,Rural,17.01,21.63,7.41,13.37
48387,County_48387,West Virginia,Rural,14.16,20.55,3.1,10.11
1633,County_1633,Alabama,Rural,28.72,39.04,12.49,42.32
48523,County_48523,West Virginia,Suburban/Small City,24.54,31.12,12.54,26.2
26101,County_26101,Montana,Rural,38.28,48.77,16.87,51.5
22667,County_22667,Michigan,Rural,22.05,27.79,8.96,34.05
10581,County_10581,Georgia,Urban,14.6,19.85,7.71,16.33
29307,County_29307,New Hampshire,Rural,43.77,54.85,19.91,55.3
27675,County_27675,Nebraska,Urban,31.22,39.21,13.75,42.98
38713,County_38713,Pennsylvania,Urban,29.93,39.08,15.85,35.55
13147,County_13147,Illinois,Urban,22.44,28.55,8.71,24.55
6701,County_6701,Colorado,Urban,33.16,45.09,15.23,45.93
3743,County_3743,Arizona,Rural,18.07,24.58,8.41,18.28
31565,County_31565,New Mexico,Suburban/Small City,23.48,33.52,,28.31
51337,County_51337,Other,Rural,25.24,37.06,12.09,24.85
4223,County_4223,Arkansas,Rural,33.95,43.39,15.45,43.48
20689,County_20689,Maryland,Rural,33.37,43.07,11.47,41.53
40837,County_40837,South Carolina,Rural,17.58,25.44,6.49,13.65
46159,County_46159,Virginia,Suburban/Small City,20.08,24.14,5.69,
18923,County_18923,Louisiana,Urban,25.8,32.53,13.16,37.52
10249,County_10249,Georgia,Urban,17.49,20.13,8.04,14.26
10867,County_10867,Georgia,Rural,12.3,13.97,3.14,10.58
19621,County_19621,Maine,Suburban/Small City,34.16,43.29,17.18,47.55
11731,County_11731,Hawaii,Rural,22.7,30.39,10.36,25.84
4475,County_4475,Arkansas,Rural,36.59,48.55,17.43,43.99
22349,County_22349,Michigan,Rural,26.67,,15.08,36.43
42309,County_42309,Tennessee,Rural,27.31,36.6,11.92,34.31
48725,County_48725,West Virginia,Urban,32.84,42.3,13.15,44.77
19161,County_19161,Maine,Urban,24.01,32.76,8.11,28.8
13497,County_13497,Illinois,Suburban/Small City,27.48,36.94,10.25,36.37
43159,County_43159,Texas,Rural,33.0,44.17,15.82,42.6
26725,County_26725,Montana,Urban,34.52,44.77,16.38,43.09
35403,County_35403,Ohio,Suburban/Small City,22.65,26.21,11.94,21.94
14217,County_14217,Indiana,Urban,21.29,27.32,5.43,28.87
8231,County_8231,Delaware,Rural,24.5,,11.24,27.55
32647,County_32647,New York,Urban,32.98,44.78,15.69,50.88
49209,County_49209,Wisconsin,Rural,32.0,45.49,14.36,34.55
5707,County_5707,California,Rural,21.55,31.66,11.07,28.36
51201,County_51201,Other,Suburban/Small City,22.29,30.13,10.2,25.43
42651,County_42651,Tennessee,Rural,18.28,24.18,6.88,14.23
38501,County_38501,Pennsylvania,Rural,32.75,41.32,13.74,47.7
10967,County_10967,Georgia,Urban,33.29,41.19,13.49,41.27
54217,County_54217,Other,Urban,39.09,54.72,16.44,45.06
10983,County_10983,Georgia,Rural,17.41,21.44,7.86,21.26
44767,County_44767,Utah,Urban,,41.56,14.95,41.98
42193,County_42193,Tennessee,Rural,29.15,37.51,11.75,38.99
42955,County_42955,Tennessee,Suburban/Small City,23.36,29.7,11.15,23.09
54203,County_54203,Other,Rural,19.46,24.33,10.04,19.2
5953,County_5953,California,Suburban/Small City,40.35,53.15,20.91,56.79
50367,County_50367,Wyoming,Urban,30.89,40.42,13.49,42.47
4499,County_4499,Arkansas,Suburban/Small City,34.6,50.61,15.47,52.34
5595,County_5595,California,Urban,12.8,16.31,5.42,13.59
9497,County_9497,Florida,Suburban/Small City,36.88,46.53,19.67,
21217,County_21217,Massachusetts,Rural,25.12,32.75,11.6,35.55
8601,County_8601,Delaware,Urban,29.78,37.08,11.48,34.6
32683,County_32683,New York,Urban,29.38,36.91,12.67,34.46
18715,County_18715,Louisiana,Rural,26.25,31.66,8.25,31.08
38359,County_38359,Pennsylvania,Rural,33.93,46.13,14.11,34.35
6341,County_6341,Colorado,Urban,31.01,40.65,,42.21
31223,County_31223,New Mexico,Urban,38.29,49.18,14.48,55.53
56733,County_56733,Other,Suburban/Small City,14.86,21.84,5.85,15.39
8777,County_8777,Delaware,Urban,25.92,33.26,12.93,31.76
55927,County_55927,Other,Rural,14.65,19.0,6.83,14.58
12381,County_12381,Idaho,Urban,25.66,30.58,13.27,24.58
54779,County_54779,Other,Rural,39.0,51.65,18.51,43.88
12115,County_12115,Idaho,Rural,27.32,38.42,11.95,33.45
42219,County_42219,Tennessee,Rural,12.88,14.25,5.01,19.58
29893,County_29893,New Hampshire,Rural,27.34,32.88,12.42,30.4
30039,County_30039,New Jersey,Rural,13.9,15.31,9.0,13.35
31829,County_31829,New Mexico,Rural,33.8,44.53,16.17,
4415,County_4415,Arkansas,Rural,29.47,37.58,14.08,40.51
36589,County_36589,Oklahoma,Urban,,34.85,9.99,36.18
29335,County_29335,New Hampshire,Urban,28.02,32.46,14.01,34.33
53893,County_53893,Other,Urban,33.77,45.0,14.68,40.44
31419,County_31419,New Mexico,Rural,36.8,50.75,18.0,50.05
52131,County_52131,Other,Rural,30.45,36.92,14.85,36.85
18829,County_18829,Louisiana,Rural,22.63,31.27,7.79,26.21
16457,County_16457,Kansas,Rural,35.12,43.23,16.47,50.11
55423,County_55423,Other,Rural,34.76,46.87,15.71,53.0
13757,County_13757,Illinois,Rural,32.97,41.69,17.17,40.29
41309,County_41309,South Dakota,Suburban/Small City,28.36,36.17,11.57,27.81
12661,County_12661,Idaho,Rural,27.84,34.35,11.78,29.36
15119,County_15119,Iowa,Urban,12.62,,5.42,14.27
13653,County_13653,Illinois,Urban,33.17,40.93,14.59,34.17
40063,County_40063,South Carolina,Urban,18.41,25.05,8.14,20.29
11581,County_11581,Hawaii,Rural,36.11,45.78,17.52,42.34
51297,County_51297,Other,Rural,33.16,,14.02,46.38
8657,County_8657,Delaware,Urban,27.13,37.58,13.71,31.05
40421,County_40421,South Carolina,Suburban/Small City,32.17,40.19,15.74,42.19
29321,County_29321,New Hampshire,Rural,17.33,20.6,7.51,25.93
11583,County_11583,Hawaii,Rural,21.58,26.71,9.65,26.4
15887,County_15887,Iowa,Suburban/Small City,35.63,49.13,15.65,44.47
38291,County_38291,Pennsylvania,Rural,30.86,41.83,12.06,43.2
3871,County_3871,Arizona,Rural,26.34,39.05,10.66,30.44
4175,County_4175,Arkansas,Suburban/Small City,21.92,28.74,11.4,21.97
4419,County_4419,Arkansas,Rural,27.06,33.14,14.0,31.35
48239,County_48239,West Virginia,Rural,28.68,37.94,11.07,38.7
25805,County_25805,Missouri,Rural,34.21,43.04,15.3,
17499,County_17499,Kentucky,Rural,26.95,36.67,13.62,30.62
6847,County_6847,Colorado,Urban,15.45,21.6,9.04,15.16
19317,County_19317,Maine,Rural,26.55,33.36,9.94,31.27
29761,County_29761,New Hampshire,Urban,16.28,22.71,8.5,13.84
27351,County_27351,Nebraska,Urban,17.28,24.95,4.92,21.4
1945,County_1945,Alabama,Suburban/Small City,19.86,28.92,9.6,32.92
56395,County_56395,Other,Urban,27.02,34.89,12.54,32.57
43495,County_43495,Texas,Urban,24.66,30.52,10.18,28.73
46035,County_46035,Virginia,Rural,27.3,35.49,12.72,30.35
41099,County_41099,South Dakota,Urban,23.13,29.9,,33.93
23507,County_23507,Minnesota,Rural,25.19,31.49,11.94,36.16
18241,County_18241,Louisiana,Rural,16.23,22.37,4.22,15.66
1345,County_1345,Alabama,Rural,15.58,19.11,5.55,9.25
44071,County_44071,Utah,Rural,20.32,25.45,6.86,20.3
5927,County_5927,California,Rural,41.22,55.01,16.43,56.26
35937,County_35937,Ohio,Urban,18.38,22.94,7.38,15.85
23249,County_23249,Minnesota,Rural,36.26,46.56,15.45,
35081,County_35081,Ohio,Rural,25.8,36.41,8.95,36.16
48669,County_48669,West Virginia,Urban,36.88,42.34,17.26,42.83
40791,County_40791,South Carolina,Rural,19.52,26.54,9.81,
23415,County_23415,Minnesota,Rural,31.41,40.75,15.3,35.42
15113,County_15113,Iowa,Rural,40.03,51.79,16.35,51.29
22995,County_22995,Michigan,Rural,29.96,36.79,14.87,37.99
3901,County_3901,Arizona,Urban,13.5,21.01,6.58,13.7
47753,County_47753,Washington,Rural,14.83,20.0,7.73,14.85
54405,County_54405,Other,Rural,19.28,26.46,8.72,22.28
41347,County_41347,South Dakota,Suburban/Small City,21.9,29.08,10.57,24.41
26053,County_26053,Montana,Suburban/Small City,28.05,35.01,14.11,
47167,County_47167,Washington,Rural,18.47,26.15,7.9,15.44
42379,County_42379,Tennessee,Rural,32.54,43.19,13.63,48.54
52901,County_52901,Other,Rural,37.58,46.73,,51.92
31693,County_31693,New Mexico,Urban,11.43,15.23,4.9,9.6
3397,County_3397,Arizona,Suburban/Small City,24.02,31.22,10.36,26.92
17935,County_17935,Kentucky,Suburban/Small City,17.35,24.19,8.01,16.09
39345,County_39345,Rhode Island,Urban,9.52,13.68,3.07,7.55
45589,County_45589,Vermont,Rural,16.34,21.52,4.46,
29987,County_29987,New Hampshire,Rural,30.34,36.86,15.55,39.35
30897,County_30897,New Jersey,Rural,12.21,19.11,6.16,11.97
53105,County_53105,Other,Rural,29.6,38.55,14.01,34.3
50383,County_50383,Wyoming,Suburban/Small City,28.15,35.85,12.22,28.05
20651,County_20651,Maryland,Urban,34.47,46.82,12.14,50.73
10451,County_10451,Georgia,Urban,22.72,27.25,9.29,22.54
49349,County_49349,Wisconsin,Rural,28.2,35.95,9.06,38.98
2629,County_2629,Alaska,Urban,35.64,43.42,13.65,42.63
5455,County_5455,California,Rural,32.18,43.1,12.29,38.63
48453,County_48453,West Virginia,Rural,17.29,24.03,6.91,15.59
51355,County_51355,Other,Suburban/Small City,16.97,20.26,5.52,17.36
19565,County_19565,Maine,Urban,38.82,47.93,17.41,54.71
7197,County_7197,Connecticut,Rural,10.05,11.51,4.89,11.91
51783,County_51783,Other,Rural,,17.31,7.6,6.84
10869,County_10869,Georgia,Rural,18.16,,6.43,17.13
29683,County_29683,New Hampshire,Rural,32.01,39.44,14.92,41.29
44731,County_44731,Utah,Suburban/Small City,,37.07,13.54,37.46
55375,County_55375,Other,Urban,20.85,28.26,10.9,27.47
28391,County_28391,Nevada,Urban,29.4,37.42,15.38,35.07
40517,County_40517,South Carolina,Rural,24.72,29.43,11.54,21.35
29505,County_29505,New Hampshire,Urban,23.45,30.66,11.25,25.43
53023,County_53023,Other,Rural,12.78,11.86,3.4,8.17
31507,County_31507,New Mexico,Rural,32.53,43.59,16.55,31.51
37989,County_37989,Oregon,Rural,32.17,42.09,,40.54
24617,County_24617,Mississippi,Suburban/Small City,28.42,39.4,12.11,31.99
30257,County_30257,New Jersey,Rural,11.44,16.63,5.63,14.1
56117,County_56117,Other,Rural,26.8,36.09,11.39,26.87
47925,County_47925,Washington,Urban,20.79,27.31,10.22,13.47
6781,County_6781,Colorado,Rural,30.69,36.67,12.46,41.16
3787,County_3787,Arizona,Urban,31.16,40.17,13.93,41.02
9055,County_9055,Florida,Suburban/Small City,26.32,35.17,10.82,29.8
41349,County_41349,South Dakota,Rural,12.82,18.3,5.52,9.84
9001,County_9001,Florida,Urban,30.07,38.84,12.72,38.19
45859,County_45859,Vermont,Urban,43.17,57.47,20.99,47.15
37457,County_37457,Oregon,Suburban/Small City,15.86,18.32,5.79,27.24
15427,County_15427,Iowa,Suburban/Small City,11.57,12.4,,3.95
38781,County_38781,Pennsylvania,Rural,37.19,50.71,16.54,48.9
19489,County_19489,Maine,Suburban/Small City,14.54,16.92,6.33,
54005,County_54005,Other,Suburban/Small City,23.04,29.6,11.42,31.76
39285,County_39285,Rhode Island,Rural,29.57,39.91,11.17,38.36
26143,County_26143,Montana,Urban,34.42,43.76,14.77,42.86
33169,County_33169,North Carolina,Suburban/Small City,24.63,31.94,12.93,30.46
34789,County_34789,North Dakota,Urban,18.84,22.49,5.95,27.28
5765,County_5765,California,Rural,26.34,37.7,12.56,33.48
49347,County_49347,Wisconsin,Urban,27.19,33.01,11.95,31.55
48043,County_48043,West Virginia,Suburban/Small City,27.51,38.78,14.7,30.05
38067,County_38067,Pennsylvania,Urban,28.47,38.53,14.04,37.86
18379,County_18379,Louisiana,Urban,18.05,22.24,9.5,31.57
55033,County_55033,Other,Rural,12.99,18.8,4.17,13.53
25097,County_25097,Missouri,Rural,8.79,9.4,4.48,7.52
26859,County_26859,Montana,Urban,41.48,55.05,17.98,51.46
53673,County_53673,Other,Urban,34.48,41.47,14.51,46.19
18287,County_18287,Louisiana,Rural,37.3,49.08,16.84,43.07
31835,County_31835,New Mexico,Suburban/Small City,14.51,20.81,6.16,15.73
46557,County_46557,Virginia,Urban,13.18,21.17,8.11,2.58
31365,County_31365,New Mexico,Urban,17.61,23.2,8.21,23.4
46169,County_46169,Virginia,Rural,37.2,52.65,16.84,40.33
1163,County_1163,Alabama,Rural,27.43,35.53,11.55,29.63
38345,County_38345,Pennsylvania,Rural,36.57,47.07,17.68,44.33
22009,County_22009,Michigan,Urban,37.09,49.39,17.46,49.01
16905,County_16905,Kansas,Rural,29.57,35.84,12.77,31.17
11095,County_11095,Hawaii,Urban,23.04,33.51,11.08,30.76
6807,County_6807,Colorado,Rural,24.27,32.39,13.63,31.8
10155,County_10155,Georgia,Rural,,39.69,12.24,35.86
52691,County_52691,Other,Suburban/Small City,18.5,22.68,8.11,24.4
19175,County_19175,Maine,Rural,35.41,46.85,15.54,47.53
20827,County_20827,Maryland,Rural,23.31,32.58,10.0,30.32
2897,County_2897,Alaska,Urban,12.38,14.5,7.62,12.99
42229,County_42229,Tennessee,Rural,16.28,18.45,4.52,25.21
36363,County_36363,Oklahoma,Urban,24.49,33.68,10.74,25.03
53217,County_53217,Other,Rural,28.42,34.66,15.88,30.45
30777,County_30777,New Jersey,Urban,17.78,21.07,7.83,14.58
35345,County_35345,Ohio,Rural,36.77,46.51,16.85,49.53
22593,County_22593,Michigan,Suburban/Small City,38.89,53.92,19.58,53.17
34281,County_34281,North Dakota,Suburban/Small City,39.65,51.38,19.42,47.79
16163,County_16163,Kansas,Rural,6.76,7.81,3.31,10.64
48639,County_48639,West Virginia,Rural,22.39,26.89,10.21,32.22
41933,County_41933,South Dakota,Urban,30.8,35.42,12.28,31.43
56543,County_56543,Other,Suburban/Small City,28.27,34.47,13.3,25.24
6771,County_6771,Colorado,Rural,24.74,31.42,9.3,27.9
55779,County_55779,Other,Rural,,33.99,11.24,21.87
20367,County_20367,Maryland,Rural,13.43,18.68,6.16,15.79
21695,County_21695,Massachusetts,Urban,14.8,19.54,,12.08
19133,County_19133,Maine,Rural,28.62,39.14,11.93,43.65
44261,County_44261,Utah,Urban,13.36,,4.96,15.29
53107,County_53107,Other,Rural,27.26,32.47,9.36,31.0
55825,County_55825,Other,Urban,34.63,46.82,15.93,50.01
43457,County_43457,Texas,Rural,12.48,19.17,5.74,17.14
2211,County_2211,Alaska,Rural,31.14,42.61,11.31,31.89
7691,County_7691,Connecticut,Urban,22.5,33.26,10.49,23.65
15963,County_15963,Iowa,Rural,33.25,43.78,13.09,42.38
3375,County_3375,Arizona,Urban,35.31,45.98,16.18,45.2
46239,County_46239,Virginia,Urban,30.82,38.76,13.07,34.66
39035,County_39035,Rhode Island,Rural,25.44,34.62,10.56,22.96
35879,County_35879,Ohio,Rural,8.37,11.86,4.79,11.13
56227,County_56227,Other,Rural,25.06,29.09,10.65,33.66
55019,County_55019,Other,Rural,27.59,36.1,11.11,36.34
7345,County_7345,Connecticut,Rural,28.36,37.9,13.37,29.53
54587,County_54587,Other,Urban,27.81,37.6,11.55,34.76
15321,County_15321,Iowa,Urban,37.66,47.82,18.0,39.16
5153,County_5153,California,Rural,30.63,40.1,12.45,39.34
43193,County_43193,Texas,Rural,16.13,22.87,6.69,19.42
40725,County_40725,South Carolina,Urban,35.19,45.12,14.61,41.79
55325,County_55325,Other,Rural,15.75,18.97,5.3,19.77
55511,County_55511,Other,Rural,32.85,41.76,15.45,34.81
6979,County_6979,Colorado,Urban,34.52,43.96,16.97,50.33
34185,County_34185,North Dakota,Rural,33.51,42.53,15.26,33.71
9707,County_9707,Florida,Urban,30.82,39.14,12.48,35.82
15601,County_15601,Iowa,Rural,,37.24,13.02,35.83
19877,County_19877,Maine,Rural,29.76,37.15,13.51,45.78
32447,County_32447,New York,Urban,34.16,43.11,14.24,41.86
18251,County_18251,Louisiana,Rural,31.54,39.87,16.09,40.91
54869,County_54869,Other,Rural,21.24,31.25,8.26,24.0
31923,County_31923,New Mexico,Rural,18.69,25.02,12.14,20.56
45809,County_45809,Vermont,Rural,24.06,29.75,10.23,23.99
9041,County_9041,Florida,Rural,31.05,37.46,13.36,30.58
49123,County_49123,Wisconsin,Rural,37.08,47.16,18.2,39.02
52627,County_52627,Other,Urban,18.59,20.12,9.08,17.14
2253,County_2253,Alaska,Urban,36.23,46.68,16.66,46.15
31513,County_31513,New Mexico,Rural,18.1,20.64,11.67,27.66
54461,County_54461,Other,Rural,29.27,40.36,13.83,38.36
44285,County_44285,Utah,Rural,26.69,36.18,9.86,30.32
51829,County_51829,Other,Rural,24.39,31.24,12.28,29.01
50039,County_50039,Wyoming,Urban,23.12,30.97,12.5,21.49
19867,County_19867,Maine,Rural,29.13,37.33,13.42,33.09
4577,County_4577,Arkansas,Rural,35.16,45.63,15.06,43.26
44845,County_44845,Utah,Rural,,57.74,21.01,56.04
41849,County_41849,South Dakota,Rural,29.86,35.89,15.0,43.4
48779,County_48779,West Virginia,Rural,27.63,33.84,11.62,42.84
28817,County_28817,Nevada,Urban,25.08,32.18,12.36,31.08
31929,County_31929,New Mexico,Suburban/Small City,35.84,47.73,15.46,50.69
48391,County_48391,West Virginia,Urban,16.81,23.22,7.23,12.09
36571,County_36571,Oklahoma,Rural,27.72,35.76,14.04,40.66
34787,County_34787,North Dakota,Rural,36.24,48.27,16.43,45.22
27129,County_27129,Nebraska,Rural,35.84,44.82,13.9,42.88
7991,County_7991,Connecticut,Suburban/Small City,27.5,34.48,11.12,43.62
39313,County_39313,Rhode Island,Urban,12.19,16.65,4.39,12.8
31275,County_31275,New Mexico,Rural,19.56,27.42,12.45,20.64
11567,County_11567,Hawaii,Urban,22.21,25.16,9.31,25.52
33715,County_33715,North Carolina,Rural,35.53,48.31,16.22,44.96
10557,County_10557,Georgia,Rural,27.93,36.2,12.83,36.07
30063,County_30063,New Jersey,Urban,40.67,54.07,16.65,52.3
29663,County_29663,New Hampshire,Rural,15.07,21.61,3.6,13.97
30173,County_30173,New Jersey,Urban,20.98,26.95,9.82,22.25
36793,County_36793,Oklahoma,Rural,13.65,16.93,0.2,16.52
34439,County_34439,North Dakota,Suburban/Small City,20.05,25.84,8.71,23.73
51939,County_51939,Other,Urban,32.16,41.12,15.39,33.77
51221,County_51221,Other,Urban,24.54,32.43,11.3,26.57
20259,County_20259,Maryland,Rural,27.74,38.0,15.21,38.93
35941,County_35941,Ohio,Suburban/Small City,22.83,31.47,11.91,29.27
16959,County_16959,Kansas,Rural,34.31,46.11,15.54,41.53
21391,County_21391,Massachusetts,Urban,39.93,53.8,20.51,51.34
48645,County_48645,West Virginia,Rural,43.66,59.27,18.3,54.0
51979,County_51979,Other,Rural,21.65,29.39,9.07,20.54
25271,County_25271,Missouri,Urban,26.42,34.98,11.71,35.99
49049,County_49049,Wisconsin,Rural,27.35,36.97,14.07,27.77
44657,County_44657,Utah,Suburban/Small City,15.67,19.56,7.46,10.14
15163,County_15163,Iowa,Rural,43.35,53.13,18.72,54.67
21943,County_21943,Massachusetts,Urban,16.64,23.52,7.18,20.84
12539,County_12539,Idaho,Rural,19.26,24.1,11.3,18.9
3221,County_3221,Arizona,Rural,22.72,29.5,10.01,32.23
36299,County_36299,Oklahoma,Urban,18.07,22.88,10.39,18.28
50245,County_50245,Wyoming,Urban,34.93,,18.24,37.12
11725,County_11725,Hawaii,Rural,19.49,25.28,7.04,22.73
19761,County_19761,Maine,Rural,16.71,23.45,5.46,20.42
40441,County_40441,South Carolina,Urban,28.22,35.71,11.72,32.57
23591,County_23591,Minnesota,Urban,22.93,32.05,10.23,27.6
4415,County_4415,Arkansas,Rural,35.51,47.93,15.13,48.7
51759,County_51759,Other,Urban,12.69,17.94,8.03,4.03
29161,County_29161,New Hampshire,Rural,16.81,22.79,7.82,19.43
55581,County_55581,Other,Urban,21.46,28.75,8.83,24.43
46645,County_46645,Virginia,Rural,28.9,40.12,13.19,29.52
43773,County_43773,Texas,Rural,16.11,18.99,9.09,14.84
42531,County_42531,Tennessee,Rural,30.63,42.03,15.99,36.58
12399,County_12399,Idaho,Rural,39.18,51.8,15.89,50.12
28259,County_28259,Nevada,Urban,33.21,43.3,19.29,40.65
21443,County_21443,Massachusetts,Rural,31.73,40.92,12.85,42.96
55573,County_55573,Other,Rural,38.48,47.23,14.79,49.81
52047,County_52047,Other,Urban,19.03,25.76,9.4,
52749,County_52749,Other,Rural,5.41,7.5,0.3,2.59
52953,County_52953,Other,Suburban/Small City,22.9,30.76,13.13,24.61
44417,County_44417,Utah,Urban,31.67,40.91,16.25,36.92
45195,County_45195,Vermont,Rural,15.13,17.26,7.19,17.59
46105,County_46105,Virginia,Rural,29.36,38.98,15.53,35.5
49833,County_49833,Wisconsin,Urban,17.82,21.61,8.68,15.8
29333,County_29333,New Hampshire,Rural,36.9,49.16,16.32,50.21
24023,County_24023,Mississippi,Rural,26.75,32.67,11.6,29.05
26865,County_26865,Montana,Urban,23.66,30.8,11.83,26.74
26171,County_26171,Montana,Rural,27.72,37.85,13.26,32.12
17149,County_17149,Kentucky,Rural,15.81,18.46,5.46,17.8
44167,County_44167,Utah,Rural,26.63,37.98,13.58,
34375,County_34375,North Dakota,Rural,20.59,28.04,,17.76
7389,County_7389,Connecticut,Urban,12.73,18.94,7.24,14.69
46943,County_46943,Virginia,Suburban/Small City,26.42,33.24,11.65,32.89
30789,County_30789,New Jersey,Urban,18.74,22.57,5.74,18.1
21461,County_21461,Massachusetts,Rural,13.84,20.02,8.07,11.29
12597,County_12597,Idaho,Urban,15.92,18.92,7.95,
46749,County_46749,Virginia,Rural,18.27,23.25,9.32,8.99
16271,County_16271,Kansas,Rural,23.57,32.57,9.28,28.46
9853,County_9853,Florida,Suburban/Small City,25.31,31.17,10.0,21.83
5551,County_5551,California,Rural,42.59,57.32,17.51,53.66
29239,County_29239,New Hampshire,Rural,24.31,36.59,11.43,24.97
31689,County_31689,New Mexico,Urban,25.01,35.6,11.67,28.88
15983,County_15983,Iowa,Rural,18.47,19.71,8.55,10.41
4725,County_4725,Arkansas,Rural,20.65,23.54,11.76,15.66
36133,County_36133,Oklahoma,Rural,32.29,34.79,16.2,37.24
52521,County_52521,Other,Rural,33.2,40.63,15.86,43.01
41525,County_41525,South Dakota,Rural,29.31,39.05,14.51,38.08
22793,County_22793,Michigan,Rural,,26.73,9.25,19.31
43219,County_43219,Texas,Suburban/Small City,40.45,51.96,19.21,54.45
2041,County_2041,Alaska,Suburban/Small City,21.16,27.47,10.69,26.06
2473,County_2473,Alaska,Urban,,11.94,5.01,7.36
10371,County_10371,Georgia,Suburban/Small City,36.31,49.63,15.75,49.97
26787,County_26787,Montana,Rural,26.52,32.89,12.52,25.56
34667,County_34667,North Dakota,Rural,21.86,28.0,11.34,16.76
30431,County_30431,New Jersey,Rural,29.67,37.89,13.79,32.82
20109,County_20109,Maryland,Rural,38.92,50.0,19.47,50.35
32809,County_32809,New York,Rural,25.49,,10.6,33.82
3983,County_3983,Arizona,Urban,24.48,31.39,12.42,24.88
7967,County_7967,Connecticut,Suburban/Small City,18.39,22.16,6.29,11.75
34673,County_34673,North Dakota,Rural,33.75,43.57,15.05,42.29
56315,County_56315,Other,Rural,25.54,33.56,12.13,25.33
12339,County_12339,Idaho,Suburban/Small City,11.49,16.53,4.16,10.85
50057,County_50057,Wyoming,Suburban/Small City,35.57,43.55,16.26,47.34
37981,County_37981,Oregon,Rural,25.34,31.82,11.54,32.07
38669,County_38669,Pennsylvania,Rural,35.7,47.23,15.83,44.11
6465,County_6465,Colorado,Suburban/Small City,31.45,39.4,12.85,40.64
10625,County_10625,Georgia,Rural,23.79,30.06,10.5,24.77
12173,County_12173,Idaho,Urban,33.07,43.6,18.88,45.4
41265,County_41265,South Dakota,Urban,21.33,28.39,8.06,21.51
26969,County_26969,Montana,Rural,25.04,34.77,11.55,32.9
41427,County_41427,South Dakota,Rural,17.34,23.51,8.12,18.21
49683,County_49683,Wisconsin,Urban,19.05,23.61,5.34,16.95
31717,County_31717,New Mexico,Rural,22.69,29.72,8.64,26.39
46185,County_46185,Virginia,Rural,15.09,21.73,9.48,10.63
8607,County_8607,Delaware,Rural,33.54,44.77,14.78,35.96
16097,County_16097,Kansas,Urban,25.02,31.16,10.93,27.53
52637,County_52637,Other,Rural,36.14,46.3,16.65,43.97
22729,County_22729,Michigan,Rural,24.34,30.77,12.15,26.43
14011,County_14011,Indiana,Urban,20.36,24.41,10.26,24.93
54367,County_54367,Other,Suburban/Small City,,34.1,9.85,
8799,County_8799,Delaware,Urban,28.0,,,35.92
18623,County_18623,Louisiana,Rural,35.68,46.64,,47.45
30781,County_30781,New Jersey,Rural,17.55,21.57,7.41,20.44
22461,County_22461,Michigan,Urban,30.94,39.38,12.89,40.63
31453,County_31453,New Mexico,Rural,21.09,26.22,6.69,22.23
48249,County_48249,West Virginia,Rural,16.79,21.21,5.29,21.65
15145,County_15145,Iowa,Rural,34.53,44.55,15.63,47.78
22631,County_22631,Michigan,Rural,26.79,38.22,10.57,34.31
19553,County_19553,Maine,Urban,22.38,27.17,8.6,25.25
28121,County_28121,Nevada,Urban,40.36,48.95,18.72,
29689,County_29689,New Hampshire,Rural,27.61,34.89,12.71,32.5
9923,County_9923,Florida,Urban,18.64,22.33,8.73,19.31
56663,County_56663,Other,Rural,33.69,42.45,16.53,40.65
41247,County_41247,South Dakota,Rural,32.26,43.81,16.94,37.36
55887,County_55887,Other,Rural,21.36,29.99,10.83,21.67
38027,County_38027,Pennsylvania,Rural,15.34,18.19,7.3,9.66
4427,County_4427,Arkansas,Urban,14.33,16.57,5.68,13.68
35119,County_35119,Ohio,Rural,30.53,41.9,14.23,35.97
38653,County_38653,Pennsylvania,Rural,23.29,28.26,11.19,21.36
23177,County_23177,Minnesota,Rural,25.53,30.91,11.87,31.32
31783,County_31783,New Mexico,Rural,27.17,37.59,9.09,
4113,County_4113,Arkansas,Rural,36.09,49.35,14.67,48.58
51749,County_51749,Other,Urban,30.9,38.21,15.73,40.05
56515,County_56515,Other,Rural,28.84,36.97,14.94,41.86
49045,County_49045,Wisconsin,Rural,40.66,53.33,20.49,54.66
17503,County_17503,Kentucky,Urban,21.19,26.88,8.09,26.5
37695,County_37695,Oregon,Rural,27.29,33.57,12.86,34.8
54479,County_54479,Other,Rural,14.89,16.91,7.02,4.32
11423,County_11423,Hawaii,Rural,40.93,53.85,18.02,49.81
54907,County_54907,Other,Rural,15.13,21.08,7.01,9.44
4645,County_4645,Arkansas,Rural,24.28,32.47,10.32,30.51
32735,County_32735,New York,Suburban/Small City,31.5,39.23,13.26,31.49
29499,County_29499,New Hampshire,Suburban/Small City,16.15,22.3,7.81,16.84
41949,County_41949,South Dakota,Rural,22.27,32.69,11.48,26.32
1829,County_1829,Alabama,Rural,25.16,33.44,11.55,30.88
45565,County_45565,Vermont,Rural,30.48,40.62,14.92,39.99
42031,County_42031,Tennessee,Rural,32.55,42.92,15.46,38.47
33173,County_33173,North Carolina,Rural,18.31,17.69,9.08,23.51
39417,County_39417,Rhode Island,Urban,15.59,20.14,7.51,7.29
12431,County_12431,Idaho,Urban,10.39,14.84,4.88,8.73
16537,County_16537,Kansas,Rural,20.79,27.89,8.11,22.51
22957,County_22957,Michigan,Urban,33.88,44.99,17.95,39.06
46863,County_46863,Virginia,Urban,21.5,27.81,10.74,20.52
40823,County_40823,South Carolina,Rural,28.09,36.54,10.64,37.07
51865,County_51865,Other,Suburban/Small City,37.54,48.82,16.36,41.86
17425,County_17425,Kentucky,Rural,17.83,18.73,6.72,17.44
31461,County_31461,New Mexico,Rural,22.27,30.96,10.1,26.35
44547,County_44547,Utah,Rural,19.78,28.89,11.29,20.6
43167,County_43167,Texas,Rural,10.79,13.48,3.48,14.07
31765,County_31765,New Mexico,Urban,28.86,37.04,14.29,36.07
35255,County_35255,Ohio,Rural,26.92,33.73,13.72,26.73
23249,County_23249,Minnesota,Rural,11.65,15.95,7.54,16.11
31671,County_31671,New Mexico,Rural,36.67,45.91,17.61,55.98
16245,County_16245,Kansas,Urban,17.73,19.9,7.26,14.95
15661,County_15661,Iowa,Rural,25.94,32.77,11.41,32.53
46973,County_46973,Virginia,Urban,21.66,30.18,9.52,29.07
34071,County_34071,North Dakota,Rural,28.37,40.5,15.11,35.93
25917,County_25917,Missouri,Suburban/Small City,25.72,,12.96,30.69
7173,County_7173,Connecticut,Rural,31.39,40.49,14.51,37.51
20935,County_20935,Maryland,Urban,25.57,32.1,14.13,28.43
37569,County_37569,Oregon,Urban,30.25,40.23,15.43,42.49
56303,County_56303,Other,Rural,24.68,31.39,13.28,19.89
6505,County_6505,Colorado,Rural,30.76,38.81,14.04,35.81
25245,County_25245,Missouri,Rural,22.62,27.97,8.7,24.98
43543,County_43543,Texas,Rural,30.43,37.96,14.47,37.95
53625,County_53625,Other,Urban,20.89,28.92,8.22,20.37
44461,County_44461,Utah,Urban,16.48,19.23,6.45,23.09
40499,County_40499,South Carolina,Rural,18.57,25.27,8.77,25.86
1817,County_1817,Alabama,Urban,29.09,37.73,10.85,42.04
22271,County_22271,Michigan,Urban,34.38,43.46,15.51,41.17
12263,County_12263,Idaho,Urban,33.68,43.59,16.31,49.77
9917,County_9917,Florida,Urban,29.03,39.93,10.08,34.86
39983,County_39983,Rhode Island,Rural,13.69,16.92,5.52,12.27
10459,County_10459,Georgia,Urban,27.64,,11.71,
11387,County_11387,Hawaii,Rural,27.89,35.46,13.46,29.37
19493,County_19493,Maine,Rural,29.53,37.63,12.51,42.72
16629,County_16629,Kansas,Rural,15.42,15.56,5.14,10.89
1825,County_1825,Alabama,Rural,16.3,20.89,7.38,17.38
27947,County_27947,Nebraska,Urban,29.25,38.23,14.25,36.8
10487,County_10487,Georgia,Rural,25.55,33.31,9.71,
42931,County_42931,Tennessee,Urban,14.65,16.93,7.78,19.41
22847,County_22847,Michigan,Rural,22.37,31.09,7.46,21.98
5643,County_5643,California,Rural,33.32,43.26,14.48,45.48
25929,County_25929,Missouri,Suburban/Small City,36.21,50.13,16.14,41.1
33641,County_33641,North Carolina,Urban,27.91,32.86,11.92,37.79
24835,County_24835,Mississippi,Suburban/Small City,25.5,31.42,13.09,38.2
23301,County_23301,Minnesota,Rural,31.27,39.73,13.48,44.7
39579,County_39579,Rhode Island,Urban,27.35,34.6,11.42,34.96
7401,County_7401,Connecticut,Rural,38.75,52.55,19.52,42.83
49551,County_49551,Wisconsin,Suburban/Small City,17.25,23.98,8.47,21.08
6445,County_6445,Colorado,Urban,33.46,41.73,14.63,43.39
44081,County_44081,Utah,Rural,16.62,23.35,7.49,18.17
45359,County_45359,Vermont,Urban,24.08,30.23,10.08,29.32
44721,County_44721,Utah,Rural,21.52,29.81,9.4,15.72
50489,County_50489,Wyoming,Urban,22.21,28.2,6.2,
35795,County_35795,Ohio,Suburban/Small City,,42.53,15.23,41.61
16477,County_16477,Kansas,Rural,21.94,27.44,8.82,27.49
55727,County_55727,Other,Rural,37.05,47.2,18.32,50.53
15849,County_15849,Iowa,Urban,29.1,34.92,14.02,30.86
3413,County_3413,Arizona,Rural,22.21,28.53,9.37,29.94
20659,County_20659,Maryland,Urban,30.58,39.2,14.64,38.77
30135,County_30135,New Jersey,Urban,24.43,32.94,9.8,22.71
13263,County_13263,Illinois,Urban,30.66,42.26,15.67,39.96
28907,County_28907,Nevada,Rural,16.88,21.8,5.35,26.89
22845,County_22845,Michigan,Suburban/Small City,32.81,43.23,16.99,42.41
27057,County_27057,Nebraska,Urban,28.66,38.12,13.23,30.75
29979,County_29979,New Hampshire,Suburban/Small City,21.26,27.51,7.9,22.71
53405,County_53405,Other,Urban,35.61,47.87,15.58,46.43
43191,County_43191,Texas,Rural,14.59,16.61,5.15,15.68
29109,County_29109,New Hampshire,Urban,37.22,47.56,15.95,42.06
42885,County_42885,Tennessee,Urban,21.69,28.88,5.27,26.65
46813,County_46813,Virginia,Urban,15.03,20.8,6.65,16.22
56611,County_56611,Other,Rural,25.85,34.55,13.78,26.71
56389,County_56389,Other,Rural,32.79,39.95,12.02,44.53
13639,County_13639,Illinois,Rural,32.03,40.71,14.21,40.78
32299,County_32299,New York,Rural,31.61,40.03,16.33,45.55
53437,County_53437,Other,Rural,22.4,23.56,,26.56
3863,County_3863,Arizona,Rural,20.29,,11.58,24.89
3623,County_3623,Arizona,Urban,36.2,47.04,16.2,45.36
20195,County_20195,Maryland,Rural,34.72,44.14,14.34,36.23
20217,County_20217,Maryland,Rural,33.8,45.09,14.98,43.55
55191,County_55191,Other,Suburban/Small City,26.95,36.31,11.8,25.74
45111,County_45111,Vermont,Urban,,45.47,13.37,42.45
49413,County_49413,Wisconsin,Rural,31.94,41.52,14.42,41.3
9433,County_9433,Florida,Urban,26.96,35.24,10.96,29.42
9447,County_9447,Florida,Rural,21.01,29.05,8.6,26.32
13503,County_13503,Illinois,Rural,26.99,35.92,12.51,27.58
49495,County_49495,Wisconsin,Urban,16.16,22.68,5.35,15.43
43743,County_43743,Texas,Rural,26.44,35.03,12.14,29.61
54567,County_54567,Other,Rural,31.35,41.35,15.16,38.46
21635,County_21635,Massachusetts,Rural,25.17,33.16,9.2,31.38
24337,County_24337,Mississippi,Urban,17.73,25.09,8.57,25.72
46057,County_46057,Virginia,Rural,16.03,19.83,4.23,17.67
18375,County_18375,Louisiana,Urban,,32.29,10.41,20.18
38785,County_38785,Pennsylvania,Rural,37.18,46.62,18.17,53.01
6091,County_6091,Colorado,Rural,35.09,46.93,18.27,44.39
53963,County_53963,Other,Urban,23.54,34.5,10.75,25.45
20645,County_20645,Maryland,Rural,31.07,37.72,17.25,35.25
29107,County_29107,New Hampshire,Suburban/Small City,30.12,39.85,14.83,33.19
23565,County_23565,Minnesota,Urban,33.58,40.14,12.26,43.96
27163,County_27163,Nebraska,Urban,31.19,37.29,14.36,33.31
24645,County_24645,Mississippi,Rural,21.76,30.96,10.13,17.9
10817,County_10817,Georgia,Rural,26.23,37.64,12.09,33.9
55055,County_55055,Other,Urban,27.99,33.68,14.64,31.95
10715,County_10715,Georgia,Rural,15.53,21.16,8.54,20.54
48817,County_48817,West Virginia,Rural,22.79,29.73,10.28,18.74
14117,County_14117,Indiana,Rural,25.54,31.21,16.72,29.8
46873,County_46873,Virginia,Rural,15.69,14.66,8.59,14.86
54339,County_54339,Other,Rural,36.02,45.16,15.96,46.48
1279,County_1279,Alabama,Urban,35.52,46.23,16.57,40.65
16301,County_16301,Kansas,Urban,33.39,45.54,17.21,32.65
28243,County_28243,Nevada,Urban,29.4,36.78,15.73,43.72
25353,County_25353,Missouri,Rural,22.56,32.67,11.34,21.83
15573,County_15573,Iowa,Rural,37.72,47.92,17.33,46.46
34729,County_34729,North Dakota,Rural,31.78,40.0,13.27,46.61
18523,County_18523,Louisiana,Rural,25.62,31.57,11.65,31.95
31669,County_31669,New Mexico,Rural,14.85,19.67,5.75,
10271,County_10271,Georgia,Rural,7.19,5.87,1.55,12.19
55621,County_55621,Other,Rural,38.76,48.42,14.2,51.86
55887,County_55887,Other,Urban,25.23,38.46,13.17,29.06
38841,County_38841,Pennsylvania,Rural,38.85,49.24,17.49,43.33
5405,County_5405,California,Urban,22.01,28.69,9.43,28.28
23153,County_23153,Minnesota,Rural,20.41,25.2,8.0,15.92
17523,County_17523,Kentucky,Rural,36.34,43.89,17.56,46.39
8775,County_8775,Delaware,Rural,32.61,41.18,13.93,40.94
27223,County_27223,Nebraska,Rural,28.87,37.11,12.98,37.95
41509,County_41509,South Dakota,Urban,,42.86,17.63,41.03
52601,County_52601,Other,Rural,24.3,32.52,9.63,21.62
33973,County_33973,North Carolina,Urban,20.03,25.75,10.17,23.06
39317,County_39317,Rhode Island,Urban,21.89,29.08,11.56,19.95
50489,County_50489,Wyoming,Suburban/Small City,24.71,34.02,,28.61
51067,County_51067,Other,Rural,27.38,36.17,12.12,27.13
24819,County_24819,Mississippi,Rural,31.3,44.98,15.04,38.73
27775,County_27775,Nebraska,Rural,24.26,33.98,10.61,27.71
54963,County_54963,Other,Urban,19.37,23.87,9.21,29.87
27041,County_27041,Nebraska,Urban,28.26,36.77,13.76,41.48
56649,County_56649,Other,Rural,34.15,45.03,,44.6
18415,County_18415,Louisiana,Rural,16.62,,7.0,16.71
45515,County_45515,Vermont,Rural,16.19,20.44,4.68,18.6
9223,County_9223,Florida,Suburban/Small City,13.45,18.48,5.74,14.1
37317,County_37317,Oregon,Rural,23.29,28.86,,31.07
29981,County_29981,New Hampshire,Rural,16.33,22.87,4.34,21.12
6211,County_6211,Colorado,Rural,21.89,30.51,10.78,20.81
10477,County_10477,Georgia,Rural,30.34,42.46,16.61,28.91
9835,County_9835,Florida,Rural,18.84,24.2,7.8,23.17
32241,County_32241,New York,Rural,17.01,23.51,6.3,20.32
54903,County_54903,Other,Urban,7.89,9.83,1.27,12.18
45947,County_45947,Vermont,Rural,33.58,46.31,16.09,47.15
9787,County_9787,Florida,Rural,16.55,22.43,7.14,17.28
44011,County_44011,Utah,Urban,29.06,38.18,12.6,34.58
41863,County_41863,South Dakota,Rural,33.33,44.2,14.79,41.16
35433,County_35433,Ohio,Urban,24.93,33.45,11.01,25.29
7401,County_7401,Connecticut,Rural,40.67,51.26,15.77,58.75
53577,County_53577,Other,Rural,40.21,52.07,18.65,55.6
50495,County_50495,Wyoming,Rural,24.53,30.67,10.26,
38425,County_38425,Pennsylvania,Urban,26.39,33.69,13.05,39.58
51053,County_51053,Other,Urban,16.31,19.74,,12.93
43589,County_43589,Texas,Urban,24.83,33.43,12.23,22.73
36921,County_36921,Oklahoma,Urban,34.49,47.78,15.5,43.22
19853,County_19853,Maine,Rural,18.67,21.13,8.05,
41763,County_41763,South Dakota,Rural,16.49,22.33,6.86,16.44
6749,County_6749,Colorado,Rural,38.88,49.37,13.82,50.43
9691,County_9691,Florida,Urban,15.41,19.23,8.08,23.58
20341,County_20341,Maryland,Urban,25.45,31.37,13.66,32.34
48217,County_48217,West Virginia,Rural,28.92,41.45,10.74,26.52
40611,County_40611,South Carolina,Rural,35.81,46.1,18.49,45.71
13961,County_13961,Illinois,Rural,26.34,34.05,12.45,30.87
3987,County_3987,Arizona,Rural,41.95,54.86,19.73,56.31
32871,County_32871,New York,Rural,25.06,34.07,10.69,24.83
35963,County_35963,Ohio,Rural,17.37,22.3,8.26,18.74
22401,County_22401,Michigan,Urban,25.78,31.71,13.81,26.49
17613,County_17613,Kentucky,Suburban/Small City,19.58,25.05,11.69,23.0
22329,County_22329,Michigan,Rural,22.38,29.63,7.48,20.92
42313,County_42313,Tennessee,Rural,39.8,52.81,21.31,50.02
48061,County_48061,West Virginia,Rural,8.77,11.19,2.2,5.4
2217,County_2217,Alaska,Rural,26.73,36.46,12.5,29.13
15453,County_15453,Iowa,Rural,29.11,37.62,12.23,37.49
56365,County_56365,Other,Urban,16.08,21.46,7.08,21.37
37599,County_37599,Oregon,Rural,18.14,23.6,7.9,16.25
2817,County_2817,Alaska,Rural,35.62,47.49,16.42,42.05
8777,County_8777,Delaware,Rural,43.14,57.72,,45.76
32497,County_32497,New York,Rural,43.4,53.46,18.23,57.68
27981,County_27981,Nebraska,Rural,26.31,32.23,10.21,36.62
55723,County_55723,Other,Urban,34.71,43.64,14.79,42.73
50537,County_50537,Wyoming,Urban,27.5,32.76,15.14,31.83
27905,County_27905,Nebraska,Rural,32.72,41.12,15.04,38.93
47537,County_47537,Washington,Rural,23.52,31.11,11.35,27.03
40071,County_40071,South Carolina,Rural,35.48,50.58,17.24,52.01
49971,County_49971,Wisconsin,Urban,10.69,14.03,3.65,9.56
13521,County_13521,Illinois,Rural,30.97,38.27,12.63,42.23
54147,County_54147,Other,Urban,22.72,26.39,8.27,24.67
8185,County_8185,Delaware,Rural,12.24,14.99,,17.42
49061,County_49061,Wisconsin,Urban,35.2,45.22,13.93,45.72
50845,County_50845,Wyoming,Rural,18.78,24.44,7.4,19.9
49029,County_49029,Wisconsin,Suburban/Small City,19.29,27.24,6.46,22.99
16493,County_16493,Kansas,Urban,25.03,33.35,11.07,27.15
21223,County_21223,Massachusetts,Rural,33.94,45.98,16.42,47.26
49339,County_49339,Wisconsin,Rural,40.41,50.26,18.99,49.94
50393,County_50393,Wyoming,Urban,30.17,41.5,15.67,34.82
25807,County_25807,Missouri,Rural,14.75,16.88,6.42,11.72
51569,County_51569,Other,Urban,32.22,41.96,15.51,39.11
40665,County_40665,South Carolina,Rural,18.47,23.22,7.02,27.03
2011,County_2011,Alaska,Rural,28.76,41.49,13.66,37.62
3505,County_3505,Arizona,Suburban/Small City,28.58,36.03,13.97,36.35
23551,County_23551,Minnesota,Rural,26.33,32.53,14.64,34.02
23273,County_23273,Minnesota,Urban,19.79,25.49,10.21,15.47
11113,County_11113,Hawaii,Rural,36.04,46.16,18.31,42.19
33783,County_33783,North Carolina,Rural,39.99,51.44,16.21,52.61
36329,County_36329,Oklahoma,Rural,37.65,49.45,18.82,46.19
45091,County_45091,Vermont,Urban,21.52,27.5,9.75,19.6
10583,County_10583,Georgia,Urban,13.05,18.61,4.69,12.32
48403,County_48403,West Virginia,Urban,20.84,27.29,11.68,20.46
12343,County_12343,Idaho,Rural,14.72,17.88,7.34,19.54
2817,County_2817,Alaska,Rural,30.38,37.76,12.57,35.21
37965,County_37965,Oregon,Suburban/Small City,5.07,6.32,1.19,1.71
27379,County_27379,Nebraska,Suburban/Small City,36.96,46.78,17.28,40.48
40207,County_40207,South Carolina,Rural,30.95,41.58,13.17,36.05
4097,County_4097,Arkansas,Rural,39.69,53.07,18.44,54.31
3417,County_3417,Arizona,Rural,13.3,18.0,7.74,12.28
51629,County_51629,Other,Urban,22.27,29.18,8.97,28.31
33019,County_33019,North Carolina,Urban,35.6,47.69,16.31,47.25
34105,County_34105,North Dakota,Suburban/Small City,31.29,39.93,11.87,42.22
39165,County_39165,Rhode Island,Rural,22.55,24.8,10.4,24.54
35495,County_35495,Ohio,Urban,37.79,51.19,15.63,53.63
7639,County_7639,Connecticut,Urban,31.44,43.46,10.34,37.76
32711,County_32711,New York,Urban,25.68,32.48,12.57,31.92
11571,County_11571,Hawaii,Rural,20.83,25.37,9.26,18.75
6465,County_6465,Colorado,Urban,14.17,20.83,4.92,13.09
49955,County_49955,Wisconsin,Urban,17.15,20.39,8.16,17.42
38251,County_38251,Pennsylvania,Urban,36.07,46.73,18.1,40.65
34105,County_34105,North Dakota,Rural,17.26,23.7,6.89,16.36
13495,County_13495,Illinois,Urban,33.47,43.28,13.9,36.31
23375,County_23375,Minnesota,Urban,25.27,32.83,8.18,26.91
17885,County_17885,Kentucky,Urban,23.34,30.56,11.95,31.25
6083,County_6083,Colorado,Rural,28.64,38.59,13.43,34.27
36861,County_36861,Oklahoma,Urban,22.66,31.75,9.08,23.09
8843,County_8843,Delaware,Urban,18.25,23.62,6.47,
50889,County_50889,Wyoming,Rural,12.37,16.25,4.07,10.67
19971,County_19971,Maine,Urban,38.52,52.7,16.1,47.38
53901,County_53901,Other,Rural,31.59,41.72,13.46,44.6
37221,County_37221,Oregon,Suburban/Small City,19.19,25.91,9.29,23.31
35291,County_35291,Ohio,Rural,,47.39,15.46,41.06
9251,County_9251,Florida,Rural,15.28,23.3,4.44,19.78
50781,County_50781,Wyoming,Urban,21.99,28.07,9.86,21.19
18917,County_18917,Louisiana,Rural,32.19,43.99,13.86,40.78
1491,County_1491,Alabama,Rural,27.9,39.2,9.81,31.33
9473,County_9473,Florida,Rural,14.88,17.88,7.21,11.18
38877,County_38877,Pennsylvania,Urban,22.99,29.32,10.22,22.16
34619,County_34619,North Dakota,Suburban/Small City,21.83,30.89,10.43,25.73
46715,County_46715,Virginia,Urban,33.18,40.73,17.37,48.71
27921,County_27921,Nebraska,Rural,35.24,48.09,15.14,46.92
16159,County_16159,Kansas,Urban,24.71,32.74,11.21,
36661,County_36661,Oklahoma,Urban,21.19,27.79,8.59,24.37
40095,County_40095,South Carolina,Rural,24.33,33.37,10.66,28.98
22655,County_22655,Michigan,Suburban/Small City,40.81,54.22,15.69,54.69
20935,County_20935,Maryland,Urban,25.16,34.22,9.29,29.88
47411,County_47411,Washington,Urban,23.3,28.95,10.52,25.86
49053,County_49053,Wisconsin,Rural,35.63,,14.78,46.7
11917,County_11917,Hawaii,Urban,24.99,32.16,9.45,28.45
52111,County_52111,Other,Urban,11.09,11.06,5.5,9.05
31145,County_31145,New Mexico,Suburban/Small City,29.91,38.21,12.06,42.96
15919,County_15919,Iowa,Urban,12.87,15.96,7.98,10.88
38405,County_38405,Pennsylvania,Rural,17.04,23.76,7.76,13.47
11743,County_11743,Hawaii,Rural,26.46,33.88,12.06,36.04
43317,County_43317,Texas,Rural,17.87,20.18,6.25,17.76
41563,County_41563,South Dakota,Rural,29.56,38.15,16.0,46.47
21007,County_21007,Massachusetts,Urban,21.33,27.74,8.55,18.13
39093,County_39093,Rhode Island,Urban,11.9,14.98,5.75,11.48
30803,County_30803,New Jersey,Rural,13.33,,5.68,12.63
2041,County_2041,Alaska,Urban,19.63,28.46,10.46,24.34
30155,County_30155,New Jersey,Urban,32.9,42.96,14.94,39.53
23289,County_23289,Minnesota,Rural,21.94,29.43,5.49,20.79
17221,County_17221,Kentucky,Rural,14.73,21.14,3.55,26.35
9895,County_9895,Florida,Rural,9.05,10.22,1.96,6.54
42191,County_42191,Tennessee,Urban,11.94,13.94,6.93,12.66
45367,County_45367,Vermont,Rural,30.16,38.85,16.25,37.78
19223,County_19223,Maine,Rural,28.95,40.01,12.17,37.87
26905,County_26905,Montana,Rural,28.32,35.64,14.22,32.18
29275,County_29275,New Hampshire,Rural,25.19,27.83,8.1,31.5
2021,County_2021,Alaska,Rural,17.79,23.87,10.13,27.96
45151,County_45151,Vermont,Rural,35.89,45.91,15.56,48.99
33213,County_33213,North Carolina,Suburban/Small City,29.73,39.47,15.34,35.45
37639,County_37639,Oregon,Urban,25.53,34.13,10.48,32.39
7359,County_7359,Connecticut,Rural,11.91,15.29,6.66,9.55
7147,County_7147,Connecticut,Rural,25.05,29.45,11.02,33.16
17989,County_17989,Kentucky,Urban,18.08,24.39,8.45,19.94
37483,County_37483,Oregon,Rural,33.03,40.13,15.96,40.18
23253,County_23253,Minnesota,Rural,34.6,45.47,17.32,44.44
1701,County_1701,Alabama,Urban,36.15,49.23,,44.24
50651,County_50651,Wyoming,Suburban/Small City,25.94,31.57,12.99,27.24
44831,County_44831,Utah,Rural,22.47,27.33,8.41,29.64
16157,County_16157,Kansas,Rural,28.73,39.99,16.32,33.19
4199,County_4199,Arkansas,Urban,36.41,46.46,17.65,46.44
8163,County_8163,Delaware,Suburban/Small City,13.55,16.44,6.4,
3275,County_3275,Arizona,Rural,16.36,19.39,9.81,25.83
13627,County_13627,Illinois,Urban,28.32,34.1,13.87,32.78
21889,County_21889,Massachusetts,Suburban/Small City,32.72,42.69,15.37,35.59
51935,County_51935,Other,Rural,26.41,36.68,14.67,27.79
47749,County_47749,Washington,Urban,17.27,22.5,8.22,18.01
29653,County_29653,New Hampshire,Rural,31.19,41.07,12.38,36.6
10481,County_10481,Georgia,Urban,33.63,44.02,14.49,42.74
53733,County_53733,Other,Suburban/Small City,27.43,34.89,11.93,34.16
39667,County_39667,Rhode Island,Rural,22.14,27.56,8.59,25.31
14583,County_14583,Indiana,Urban,,59.73,17.9,52.68
23919,County_23919,Minnesota,Rural,32.66,43.01,14.38,39.24
43657,County_43657,Texas,Urban,27.36,35.58,10.65,26.72
53115,County_53115,Other,Rural,17.27,21.28,5.39,16.47
36777,County_36777,Oklahoma,Rural,34.71,43.73,14.77,35.74
35487,County_35487,Ohio,Rural,23.4,31.12,9.95,28.23
26543,County_26543,Montana,Suburban/Small City,19.99,23.38,7.84,23.11
27161,County_27161,Nebraska,Urban,27.3,36.67,13.27,31.55
22769,County_22769,Michigan,Rural,21.57,27.41,10.87,
20361,County_20361,Maryland,Urban,27.37,33.16,15.39,32.29
23703,County_23703,Minnesota,Urban,32.43,43.38,13.87,44.84
33749,County_33749,North Carolina,Rural,24.46,30.2,,31.74
18767,County_18767,Louisiana,Urban,29.48,34.35,15.85,36.33
21785,County_21785,Massachusetts,Suburban/Small City,41.76,53.73,20.64,52.95
35133,County_35133,Ohio,Rural,15.65,25.37,8.85,10.38
15763,County_15763,Iowa,Rural,13.96,18.19,4.31,24.15
53917,County_53917,Other,Rural,19.92,25.81,8.78,23.34
32239,County_32239,New York,Rural,33.06,44.09,16.91,43.51
35359,County_35359,Ohio,Urban,28.18,33.6,12.94,37.13
11803,County_11803,Hawaii,Urban,20.79,30.83,5.69,17.76
4371,County_4371,Arkansas,Rural,27.5,37.73,12.23,32.78
41745,County_41745,South Dakota,Urban,24.5,31.89,10.72,31.74
7167,County_7167,Connecticut,Rural,37.35,48.44,16.86,47.35
54403,County_54403,Other,Rural,30.13,36.72,14.42,30.78
45903,County_45903,Vermont,Urban,27.87,40.86,13.6,41.63
7667,County_7667,Connecticut,Rural,23.9,30.59,10.39,29.39
7455,County_7455,Connecticut,Urban,17.86,20.97,6.8,10.43
7589,County_7589,Connecticut,Rural,17.18,21.62,9.29,13.19
51839,County_51839,Other,Suburban/Small City,36.83,47.33,14.59,49.74
13221,County_13221,Illinois,Urban,27.33,33.55,10.72,33.15
16051,County_16051,Kansas,Rural,33.11,45.04,15.06,44.6
42089,County_42089,Tennessee,Rural,,44.24,17.27,51.25
52163,County_52163,Other,Rural,26.33,34.64,10.6,29.5
35305,County_35305,Ohio,Rural,13.37,16.42,7.43,5.07
8285,County_8285,Delaware,Rural,35.14,42.99,15.35,37.92
11431,County_11431,Hawaii,Rural,20.98,24.69,9.64,21.34
21245,County_21245,Massachusetts,Rural,31.99,42.74,15.31,
14707,County_14707,Indiana,Rural,23.06,29.38,11.45,27.23
13281,County_13281,Illinois,Rural,27.91,38.15,11.07,32.9
53403,County_53403,Other,Suburban/Small City,27.25,37.03,12.25,36.0
38453,County_38453,Pennsylvania,Rural,23.93,30.53,11.24,28.1
44133,County_44133,Utah,Rural,29.13,35.47,13.86,29.82
22537,County_22537,Michigan,Urban,20.53,26.7,7.58,28.99
41763,County_41763,South Dakota,Urban,22.66,28.79,9.31,17.34
30415,County_30415,New Jersey,Rural,35.84,46.61,13.05,49.9
22481,County_22481,Michigan,Rural,24.41,30.8,8.86,30.63
31873,County_31873,New Mexico,Rural,17.84,25.22,8.98,21.89
8279,County_8279,Delaware,Urban,11.65,15.94,5.99,4.01
41885,County_41885,South Dakota,Rural,37.02,49.16,17.97,37.55
14781,County_14781,Indiana,Rural,27.46,35.03,11.48,38.29
4487,County_4487,Arkansas,Rural,31.5,41.29,13.98,38.95
10437,County_10437,Georgia,Rural,29.73,38.94,12.86,49.66
21133,County_21133,Massachusetts,Urban,42.0,54.05,21.0,53.4
5663,County_5663,California,Rural,26.2,38.65,12.47,29.83
16615,County_16615,Kansas,Rural,36.76,46.57,12.88,44.79
45609,County_45609,Vermont,Suburban/Small City,30.65,43.77,15.33,37.24
14883,County_14883,Indiana,Rural,29.7,37.88,13.93,36.92
6921,County_6921,Colorado,Suburban/Small City,31.59,41.72,15.76,42.55
51261,County_51261,Other,Rural,20.85,28.81,10.7,23.28
14279,County_14279,Indiana,Urban,32.51,42.0,16.43,38.62
1389,County_1389,Alabama,Urban,21.96,29.62,12.31,
32177,County_32177,New York,Urban,27.77,36.4,13.39,41.09
47757,County_47757,Washington,Suburban/Small City,31.48,40.73,14.28,40.25
28425,County_28425,Nevada,Suburban/Small City,32.97,44.14,14.39,43.06
27979,County_27979,Nebraska,Rural,25.71,34.38,11.57,36.65
7921,County_7921,Connecticut,Urban,27.4,37.98,11.58,29.64
16987,County_16987,Kansas,Rural,26.48,35.69,10.19,27.44
48883,County_48883,West Virginia,Urban,26.26,32.92,12.99,32.75
22901,County_22901,Michigan,Rural,31.26,43.14,14.8,35.7
49549,County_49549,Wisconsin,Rural,28.5,38.49,11.55,36.54
33913,County_33913,North Carolina,Rural,21.16,25.22,7.22,22.22
22085,County_22085,Michigan,Rural,30.24,38.63,14.18,37.92
45499,County_45499,Vermont,Rural,31.86,41.93,16.2,
4925,County_4925,Arkansas,Rural,24.9,31.89,12.74,25.88
34003,County_34003,North Dakota,Urban,35.8,,16.62,47.03
26273,County_26273,Montana,Suburban/Small City,18.4,22.22,9.88,23.53
28799,County_28799,Nevada,Rural,29.97,36.81,14.72,35.86
55417,County_55417,Other,Rural,29.42,38.92,11.58,42.81
29597,County_29597,New Hampshire,Urban,22.11,27.93,10.75,15.3
39125,County_39125,Rhode Island,Rural,22.12,24.43,10.06,24.92
2309,County_2309,Alaska,Rural,26.58,33.71,11.68,33.0
50919,County_50919,Wyoming,Urban,26.19,36.35,10.71,31.75
53733,County_53733,Other,Urban,12.49,13.6,5.06,8.78
2671,County_2671,Alaska,Rural,27.69,40.8,11.72,26.13
6011,County_6011,Colorado,Rural,17.01,20.77,4.24,24.17
27765,County_27765,Nebraska,Urban,20.71,25.78,8.32,14.12
39437,County_39437,Rhode Island,Suburban/Small City,34.27,43.49,15.27,37.85
10629,County_10629,Georgia,Rural,19.38,27.1,10.27,18.24
47859,County_47859,Washington,Rural,34.48,44.68,14.61,37.73
1277,County_1277,Alabama,Suburban/Small City,30.35,38.37,14.81,37.07
51375,County_51375,Other,Rural,29.47,38.19,11.8,39.32
48699,County_48699,West Virginia,Rural,35.5,45.43,16.16,44.14
38737,County_38737,Pennsylvania,Rural,30.45,38.56,13.81,35.39
32109,County_32109,New York,Rural,30.64,41.57,13.17,40.85
34121,County_34121,North Dakota,Rural,15.49,20.86,9.57,9.88
16521,County_16521,Kansas,Rural,24.33,31.72,10.85,26.72
36155,County_36155,Oklahoma,Urban,9.94,12.17,6.03,2.85
5297,County_5297,California,Urban,32.84,41.86,17.49,43.03
7713,County_7713,Connecticut,Rural,36.41,45.51,14.12,42.27
3783,County_3783,Arizona,Urban,13.55,19.06,8.95,16.72
29941,County_29941,New Hampshire,Suburban/Small City,23.49,31.24,,27.49
14505,County_14505,Indiana,Rural,33.84,43.93,14.9,43.6
9163,County_9163,Florida,Urban,32.79,40.61,13.74,35.89
34189,County_34189,North Dakota,Rural,16.11,22.72,9.24,18.96
34643,County_34643,North Dakota,Rural,30.64,37.66,14.03,42.78
43713,County_43713,Texas,Rural,12.14,19.84,6.81,7.67
34751,County_34751,North Dakota,Suburban/Small City,28.37,37.82,10.48,43.71
37151,County_37151,Oregon,Rural,28.07,35.76,13.72,31.36
27349,County_27349,Nebraska,Rural,26.78,33.12,11.81,21.82
31591,County_31591,New Mexico,Suburban/Small City,22.72,26.01,9.78,22.48
25193,County_25193,Missouri,Suburban/Small City,32.16,41.24,13.8,33.92
31391,County_31391,New Mexico,Urban,,40.7,12.05,44.82
25481,County_25481,Missouri,Urban,32.47,41.71,15.76,39.21
32491,County_32491,New York,Urban,33.9,44.15,14.36,43.49
37457,County_37457,Oregon,Rural,23.06,30.17,10.53,24.41
18117,County_18117,Louisiana,Rural,32.05,39.66,13.63,38.16
10147,County_10147,Georgia,Urban,40.49,52.78,17.79,57.35
7683,County_7683,Connecticut,Urban,35.0,45.87,16.82,44.95
51985,County_51985,Other,Rural,33.23,44.0,13.64,38.49
22231,County_22231,Michigan,Urban,20.9,27.92,8.69,27.4
18777,County_18777,Louisiana,Rural,26.46,34.66,10.38,40.98
19011,County_19011,Maine,Rural,26.08,31.34,12.62,28.07
45023,County_45023,Vermont,Urban,11.79,13.07,3.89,10.52
48067,County_48067,West Virginia,Urban,21.7,25.33,8.28,27.57
44889,County_44889,Utah,Rural,31.98,40.29,12.72,39.29
40029,County_40029,South Carolina,Rural,30.64,39.27,13.18,38.3
31911,County_31911,New Mexico,Suburban/Small City,40.68,51.97,,58.43
47415,County_47415,Washington,Rural,38.85,51.41,17.41,48.76
12863,County_12863,Idaho,Rural,39.4,51.84,15.69,50.34
36613,County_36613,Oklahoma,Urban,41.7,58.04,21.01,46.14
35307,County_35307,Ohio,Rural,33.95,39.91,14.06,45.63
39313,County_39313,Rhode Island,Rural,16.34,21.23,8.32,12.41
55321,County_55321,Other,Urban,19.14,19.26,10.42,15.43
4479,County_4479,Arkansas,Suburban/Small City,20.92,26.91,8.53,23.6
25507,County_25507,Missouri,Urban,21.67,22.48,10.06,26.9
31955,County_31955,New Mexico,Rural,19.67,24.98,9.64,24.25
10087,County_10087,Georgia,Rural,25.56,35.66,13.28,33.8
52321,County_52321,Other,Urban,28.91,40.24,13.9,28.46
2761,County_2761,Alaska,Suburban/Small City,23.86,30.56,11.6,34.01
2151,County_2151,Alaska,Rural,27.42,33.15,12.32,34.86
35131,County_35131,Ohio,Rural,25.22,30.81,10.22,25.88
31135,County_31135,New Mexico,Rural,40.83,55.34,18.37,51.32
19361,County_19361,Maine,Urban,24.85,31.47,10.22,23.46
18641,County_18641,Louisiana,Rural,20.81,,9.63,24.22
42569,County_42569,Tennessee,Urban,31.01,39.99,,37.61
51679,County_51679,Other,Rural,9.33,11.81,3.29,3.9
22313,County_22313,Michigan,Rural,,17.72,5.7,7.86
13831,County_13831,Illinois,Rural,11.96,16.87,4.67,10.58
13173,County_13173,Illinois,Rural,25.16,29.5,11.21,32.03
29171,County_29171,New Hampshire,Rural,23.68,28.68,7.72,34.94
28927,County_28927,Nevada,Rural,24.27,29.62,7.23,31.0
41519,County_41519,South Dakota,Rural,29.49,39.13,12.58,40.77
10057,County_10057,Georgia,Rural,16.49,22.94,4.39,12.87
10915,County_10915,Georgia,Rural,23.21,31.21,12.76,25.32
37189,County_37189,Oregon,Rural,29.45,34.07,10.51,38.11
12069,County_12069,Idaho,Urban,34.13,42.52,12.11,43.09
20131,County_20131,Maryland,Rural,38.24,51.29,13.31,51.54
25847,County_25847,Missouri,Rural,33.63,40.56,12.99,44.23
48893,County_48893,West Virginia,Rural,30.71,39.97,15.87,39.55
38167,County_38167,Pennsylvania,Rural,23.86,25.61,9.86,29.89
3083,County_3083,Arizona,Urban,17.59,22.84,10.12,17.79
25249,County_25249,Missouri,Urban,16.83,19.89,6.75,17.94
37317,County_37317,Oregon,Urban,15.58,20.37,6.51,14.11
17645,County_17645,Kentucky,Rural,27.65,35.35,12.81,39.62
11767,County_11767,Hawaii,Urban,12.74,17.44,2.5,12.11
34583,County_34583,North Dakota,Rural,27.21,33.71,15.79,33.9
18495,County_18495,Louisiana,Urban,39.64,51.35,18.88,49.9
34135,County_34135,North Dakota,Rural,32.0,43.52,13.29,46.41
41725,County_41725,South Dakota,Urban,14.84,18.74,6.15,15.96
3153,County_3153,Arizona,Suburban/Small City,36.84,47.87,15.49,42.78
37251,County_37251,Oregon,Rural,34.26,45.49,18.24,38.6
8117,County_8117,Delaware,Rural,9.65,13.0,0.79,2.87
44073,County_44073,Utah,Rural,23.97,32.81,11.43,26.97
45233,County_45233,Vermont,Urban,38.16,49.63,17.3,53.04
13425,County_13425,Illinois,Rural,20.76,26.31,10.73,15.99
38363,County_38363,Pennsylvania,Rural,37.67,47.57,16.1,53.26
29183,County_29183,New Hampshire,Urban,39.72,55.18,19.51,41.04
55563,County_55563,Other,Rural,17.31,,7.86,15.77
31363,County_31363,New Mexico,Rural,36.2,45.71,14.43,48.43
56613,County_56613,Other,Rural,21.88,25.48,9.12,25.29
21545,County_21545,Massachusetts,Rural,16.76,18.24,8.32,14.38
15467,County_15467,Iowa,Urban,19.96,24.36,5.85,17.04
49565,County_49565,Wisconsin,Rural,31.0,35.4,16.51,38.44
53515,County_53515,Other,Rural,28.92,36.61,11.56,33.63
18981,County_18981,Louisiana,Suburban/Small City,30.3,38.51,12.99,41.2
17213,County_17213,Kentucky,Urban,27.62,31.26,13.58,32.8
4459,County_4459,Arkansas,Rural,9.8,8.36,4.45,5.59
18987,County_18987,Louisiana,Suburban/Small City,36.63,48.82,15.43,
43525,County_43525,Texas,Urban,24.45,35.24,12.78,22.67
45767,County_45767,Vermont,Rural,17.31,21.97,5.34,23.41
37643,County_37643,Oregon,Rural,18.56,25.49,10.5,22.66
35903,County_35903,Ohio,Rural,27.09,31.58,11.38,32.68
20071,County_20071,Maryland,Rural,31.09,44.84,14.43,32.4
13763,County_13763,Illinois,Rural,19.86,25.5,9.02,20.29
35843,County_35843,Ohio,Rural,28.45,35.36,12.48,38.22
17099,County_17099,Kentucky,Rural,13.33,13.65,3.4,14.37
4431,County_4431,Arkansas,Rural,24.92,34.78,9.84,28.78
2917,County_2917,Alaska,Rural,34.5,46.2,17.47,48.69
27071,County_27071,Nebraska,Rural,29.12,36.42,11.78,33.93
37317,County_37317,Oregon,Urban,26.99,37.67,11.01,37.63
45253,County_45253,Vermont,Rural,30.43,39.37,14.08,47.98
10587,County_10587,Georgia,Urban,13.73,19.67,7.71,15.51
55165,County_55165,Other,Urban,25.0,33.72,10.2,33.41
55735,County_55735,Other,Rural,39.77,51.43,17.76,53.03
37789,County_37789,Oregon,Suburban/Small City,23.45,32.85,7.6,33.22
41303,County_41303,South Dakota,Suburban/Small City,26.71,34.39,13.0,
38731,County_38731,Pennsylvania,Rural,14.9,21.34,6.14,
31549,County_31549,New Mexico,Rural,9.1,9.98,5.77,15.26
15481,County_15481,Iowa,Rural,21.33,26.79,10.33,25.18
23205,County_23205,Minnesota,Urban,25.34,35.05,12.4,25.95
17487,County_17487,Kentucky,Rural,34.37,49.91,15.37,38.66
36147,County_36147,Oklahoma,Rural,23.7,32.27,8.58,29.64
45547,County_45547,Vermont,Rural,16.86,21.07,10.04,19.88
38361,County_38361,Pennsylvania,Rural,40.24,53.07,18.76,
38451,County_38451,Pennsylvania,Rural,20.75,27.98,10.92,30.96
43989,County_43989,Texas,Rural,28.5,35.68,12.28,30.77
35987,County_35987,Ohio,Urban,21.52,28.21,10.67,30.66
36327,County_36327,Oklahoma,Rural,17.54,18.97,9.37,21.55
31667,County_31667,New Mexico,Suburban/Small City,13.62,16.86,4.73,19.06
11923,County_11923,Hawaii,Rural,24.52,31.32,10.0,24.07
4903,County_4903,Arkansas,Rural,26.06,36.23,11.67,32.44
36667,County_36667,Oklahoma,Urban,32.3,43.86,15.17,37.89
43713,County_43713,Texas,Suburban/Small City,20.25,24.7,9.91,20.57
56627,County_56627,Other,Urban,44.7,59.33,20.99,54.36
6233,County_6233,Colorado,Urban,37.01,47.71,13.98,44.33
42103,County_42103,Tennessee,Rural,41.26,51.94,20.01,53.21
52483,County_52483,Other,Rural,30.11,,14.29,45.7
3647,County_3647,Arizona,Rural,32.32,43.0,14.23,40.51
54089,County_54089,Other,Rural,21.33,28.23,9.92,27.85
53595,County_53595,Other,Rural,20.91,26.87,8.47,18.46
17515,County_17515,Kentucky,Urban,24.82,34.03,10.07,26.58
12775,County_12775,Idaho,Rural,17.99,20.41,10.6,13.7
52947,County_52947,Other,Rural,32.4,39.08,13.88,43.71
39911,County_39911,Rhode Island,Urban,20.39,24.47,11.24,17.49
45241,County_45241,Vermont,Suburban/Small City,21.43,28.4,10.41,20.42
23341,County_23341,Minnesota,Suburban/Small City,27.66,38.31,14.59,37.59
53177,County_53177,Other,Rural,26.62,34.86,13.16,30.2
36607,County_36607,Oklahoma,Rural,27.57,34.89,12.65,41.54
41731,County_41731,South Dakota,Suburban/Small City,29.7,,14.79,35.86
11657,County_11657,Hawaii,Urban,30.99,44.86,15.44,35.58
4805,County_4805,Arkansas,Urban,34.57,45.55,12.92,44.75
37567,County_37567,Oregon,Rural,13.69,15.59,4.74,
25343,County_25343,Missouri,Rural,25.68,35.64,12.69,38.15
34927,County_34927,North Dakota,Rural,,37.45,15.39,44.66
45239,County_45239,Vermont,Urban,32.93,42.96,16.28,36.52
4299,County_4299,Arkansas,Urban,21.52,28.93,13.45,23.25
41009,County_41009,South Dakota,Rural,27.9,36.04,11.4,37.06
25305,County_25305,Missouri,Rural,24.32,32.74,8.75,32.33
3179,County_3179,Arizona,Suburban/Small City,23.68,33.42,11.84,28.05
31209,County_31209,New Mexico,Rural,24.55,31.73,11.22,33.1
7131,County_7131,Connecticut,Rural,34.23,44.26,13.42,47.02
54443,County_54443,Other,Urban,42.12,55.32,18.93,50.72
26947,County_26947,Montana,Urban,31.69,44.55,13.58,39.1
35745,County_35745,Ohio,Rural,21.47,27.56,9.53,17.85
33831,County_33831,North Carolina,Rural,26.09,31.35,12.2,35.49
11055,County_11055,Hawaii,Rural,31.97,43.98,12.34,43.33
46001,County_46001,Virginia,Suburban/Small City,22.63,28.37,12.05,25.49
17491,County_17491,Kentucky,Suburban/Small City,,31.01,10.81,24.66
38773,County_38773,Pennsylvania,Urban,11.35,17.63,5.29,5.83
23347,County_23347,Minnesota,Rural,27.88,38.53,13.79,30.19
5945,County_5945,California,Urban,21.32,28.46,8.73,23.29
38579,County_38579,Pennsylvania,Rural,25.16,32.32,12.25,25.51
30947,County_30947,New Jersey,Rural,30.15,40.2,15.09,38.42
49045,County_49045,Wisconsin,Urban,22.14,26.98,9.35,21.52
14279,County_14279,Indiana,Rural,27.32,36.22,,27.98
50919,County_50919,Wyoming,Rural,26.11,31.24,11.88,29.44
34971,County_34971,North Dakota,Urban,24.59,31.02,12.3,
27647,County_27647,Nebraska,Rural,32.37,43.57,15.01,34.3
10109,County_10109,Georgia,Urban,31.1,37.62,12.71,42.53
56933,County_56933,Other,Suburban/Small City,30.24,39.6,17.31,42.99
35261,County_35261,Ohio,Urban,35.74,46.0,18.69,45.13
24725,County_24725,Mississippi,Rural,20.21,28.19,8.39,27.14
40475,County_40475,South Carolina,Rural,27.25,35.42,9.08,38.91
17957,County_17957,Kentucky,Rural,28.93,,12.67,35.64
23953,County_23953,Minnesota,Urban,27.54,34.29,10.44,33.79
44883,County_44883,Utah,Rural,27.26,31.29,10.38,27.8
54183,County_54183,Other,Suburban/Small City,29.13,36.53,12.65,30.63
7815,County_7815,Connecticut,Suburban/Small City,30.43,39.16,11.95,41.05
45023,County_45023,Vermont,Rural,29.62,36.23,11.76,33.94
32453,County_32453,New York,Rural,25.81,31.76,9.84,30.01
52245,County_52245,Other,Rural,,23.15,8.29,21.81
44853,County_44853,Utah,Rural,28.13,38.06,11.9,36.81
7165,County_7165,Connecticut,Urban,37.87,49.26,17.59,49.2
5857,County_5857,California,Urban,33.17,44.0,12.05,41.24
29181,County_29181,New Hampshire,Urban,30.56,35.01,11.01,40.96
53887,County_53887,Other,Suburban/Small City,23.08,29.73,9.97,25.16
4323,County_4323,Arkansas,Suburban/Small City,20.03,22.25,9.46,17.98
3795,County_3795,Arizona,Rural,22.68,27.03,10.08,26.54
50501,County_50501,Wyoming,Rural,17.43,23.69,6.69,17.06
39943,County_39943,Rhode Island,Rural,33.55,42.55,13.42,46.77
51525,County_51525,Other,Urban,15.93,20.56,7.17,20.62
25865,County_25865,Missouri,Urban,25.66,29.27,10.29,37.18
48797,County_48797,West Virginia,Rural,35.84,43.36,,
20809,County_20809,Maryland,Rural,36.76,47.54,19.08,50.84
16953,County_16953,Kansas,Suburban/Small City,26.33,36.37,10.22,23.79
19155,County_19155,Maine,Urban,18.02,23.37,10.27,20.52
23871,County_23871,Minnesota,Urban,19.5,24.41,12.09,24.82
33465,County_33465,North Carolina,Urban,21.71,28.38,8.82,18.01
4063,County_4063,Arkansas,Rural,22.84,31.37,10.95,28.85
53211,County_53211,Other,Rural,,44.57,16.22,46.66
29353,County_29353,New Hampshire,Urban,19.29,24.63,8.06,22.0
43629,County_43629,Texas,Rural,14.58,22.35,9.28,20.69
13599,County_13599,Illinois,Suburban/Small City,,24.52,7.03,18.88
24957,County_24957,Mississippi,Suburban/Small City,28.67,35.07,12.41,33.69
8483,County_8483,Delaware,Rural,35.55,45.71,14.84,48.54
25053,County_25053,Missouri,Rural,17.9,24.4,,18.18
41291,County_41291,South Dakota,Suburban/Small City,11.28,15.02,4.08,8.56
10047,County_10047,Georgia,Suburban/Small City,11.3,16.22,4.48,4.39
42347,County_42347,Tennessee,Rural,18.9,30.39,7.94,
18215,County_18215,Louisiana,Urban,27.01,33.88,,37.21
33295,County_33295,North Carolina,Rural,33.73,41.66,14.1,
46873,County_46873,Virginia,Suburban/Small City,30.03,39.66,10.53,43.22
11873,County_11873,Hawaii,Rural,38.35,53.83,17.04,47.12
4311,County_4311,Arkansas,Rural,16.53,20.74,9.11,23.91
33759,County_33759,North Carolina,Suburban/Small City,13.47,16.56,3.66,5.93
11969,County_11969,Hawaii,Rural,16.5,23.63,,13.77
40817,County_40817,South Carolina,Rural,29.39,34.21,14.41,40.01
12189,County_12189,Idaho,Rural,21.3,27.58,13.1,20.75
19759,County_19759,Maine,Rural,35.07,46.18,15.78,44.96
15965,County_15965,Iowa,Rural,16.31,20.64,7.72,24.23
8357,County_8357,Delaware,Rural,33.28,44.22,14.59,42.23
31143,County_31143,New Mexico,Rural,10.51,9.55,5.75,14.07
55407,County_55407,Other,Urban,21.25,27.27,9.69,23.77
28125,County_28125,Nevada,Rural,11.05,15.43,6.93,6.41
49425,County_49425,Wisconsin,Urban,32.26,,13.63,43.21
34143,County_34143,North Dakota,Urban,21.93,25.58,11.17,17.66
44123,County_44123,Utah,Rural,18.15,22.79,10.31,17.41
11263,County_11263,Hawaii,Urban,17.48,,7.24,21.59
13147,County_13147,Illinois,Urban,21.4,25.58,10.84,22.37
39595,County_39595,Rhode Island,Urban,16.77,20.34,8.64,10.88
1425,County_1425,Alabama,Suburban/Small City,31.15,43.86,13.49,38.68
18131,County_18131,Louisiana,Urban,34.52,45.39,13.84,44.64
37819,County_37819,Oregon,Urban,14.61,21.58,5.81,17.06
56951,County_56951,Other,Rural,16.69,26.9,7.06,17.27
35885,County_35885,Ohio,Rural,32.6,45.81,16.39,43.29
22845,County_22845,Michigan,Rural,30.88,38.98,14.17,38.61
38171,County_38171,Pennsylvania,Suburban/Small City,26.09,29.83,14.13,29.7
49671,County_49671,Wisconsin,Urban,28.42,35.19,11.82,38.4
9361,County_9361,Florida,Urban,33.29,43.69,16.58,41.89
55947,County_55947,Other,Rural,21.91,29.43,11.45,21.68
43955,County_43955,Texas,Urban,17.56,18.84,7.6,19.58
48551,County_48551,West Virginia,Urban,17.31,21.11,8.76,11.39
17473,County_17473,Kentucky,Rural,13.57,16.84,4.2,11.38
2921,County_2921,Alaska,Rural,27.79,36.13,10.85,33.2
45891,County_45891,Vermont,Urban,40.59,54.08,20.51,51.96
21815,County_21815,Massachusetts,Rural,38.91,51.5,15.38,49.15
9117,County_9117,Florida,Suburban/Small City,35.37,46.7,16.13,45.53
15631,County_15631,Iowa,Urban,34.45,41.14,12.36,44.36
39153,County_39153,Rhode Island,Rural,32.67,41.32,14.29,
35853,County_35853,Ohio,Rural,16.19,21.75,8.29,15.75
55657,County_55657,Other,Urban,14.17,14.75,5.72,15.86
12215,County_12215,Idaho,Urban,37.28,48.85,17.09,52.48
36781,County_36781,Oklahoma,Rural,25.35,37.15,10.21,35.36
15973,County_15973,Iowa,Urban,21.35,22.87,9.34,16.39
38749,County_38749,Pennsylvania,Urban,28.88,36.7,11.44,34.99
37241,County_37241,Oregon,Urban,16.09,23.6,5.81,13.78
5545,County_5545,California,Urban,36.61,43.51,16.07,40.87
13709,County_13709,Illinois,Urban,39.06,52.05,18.76,46.65
10629,County_10629,Georgia,Urban,31.59,41.18,12.83,34.17
35835,County_35835,Ohio,Rural,36.92,47.82,17.37,56.65
42161,County_42161,Tennessee,Urban,30.45,38.45,17.06,39.42
51875,County_51875,Other,Rural,21.82,29.4,5.9,26.95
21499,County_21499,Massachusetts,Urban,24.57,34.74,13.13,21.22
50207,County_50207,Wyoming,Rural,25.18,34.01,12.85,31.37
39795,County_39795,Rhode Island,Suburban/Small City,25.46,30.42,10.3,44.61
19005,County_19005,Maine,Urban,23.17,29.51,9.44,31.38
15283,County_15283,Iowa,Rural,20.48,24.25,8.27,24.8
31395,County_31395,New Mexico,Urban,27.3,36.65,12.46,32.0
50679,County_50679,Wyoming,Rural,34.39,47.38,17.2,44.93
32175,County_32175,New York,Urban,23.59,35.97,13.13,27.78
26265,County_26265,Montana,Rural,40.09,50.05,18.16,49.57
33309,County_33309,North Carolina,Suburban/Small City,26.86,36.06,10.25,37.13
40119,County_40119,South Carolina,Rural,31.62,,15.04,44.22
37849,County_37849,Oregon,Rural,31.13,40.33,12.45,37.47
25841,County_25841,Missouri,Urban,,24.3,8.04,22.4
50829,County_50829,Wyoming,Rural,27.99,35.72,11.36,36.76
8767,County_8767,Delaware,Urban,18.0,24.07,7.67,22.34
21599,County_21599,Massachusetts,Urban,20.93,26.99,6.75,26.09
29257,County_29257,New Hampshire,Rural,15.35,21.11,7.05,20.54
44305,County_44305,Utah,Urban,18.3,26.86,10.03,
29933,County_29933,New Hampshire,Urban,20.21,28.9,8.54,12.14
40943,County_40943,South Carolina,Rural,24.86,31.59,9.3,26.21
26389,County_26389,Montana,Urban,29.97,39.7,13.32,46.12
32907,County_32907,New York,Urban,30.31,42.28,12.61,43.48
17205,County_17205,Kentucky,Urban,21.34,27.89,5.97,29.36
21075,County_21075,Massachusetts,Rural,30.38,44.3,17.06,37.34
2313,County_2313,Alaska,Rural,39.44,53.48,18.42,44.14
18911,County_18911,Louisiana,Rural,26.52,34.17,11.9,26.4
54357,County_54357,Other,Rural,28.39,34.96,9.95,42.43
19467,County_19467,Maine,Suburban/Small City,33.89,46.23,15.31,44.81
28459,County_28459,Nevada,Rural,18.94,23.81,,19.64
48801,County_48801,West Virginia,Urban,30.46,40.13,12.94,37.89
54465,County_54465,Other,Rural,23.35,30.94,11.73,34.51
29157,County_29157,New Hampshire,Suburban/Small City,36.89,49.31,14.25,49.49
12133,County_12133,Idaho,Rural,17.76,21.74,10.38,22.66
38881,County_38881,Pennsylvania,Rural,25.91,33.18,,28.22
12935,County_12935,Idaho,Suburban/Small City,38.59,51.51,17.61,50.21
34995,County_34995,North Dakota,Urban,14.64,20.25,5.14,19.91
31417,County_31417,New Mexico,Rural,33.48,44.21,16.57,43.55
2895,County_2895,Alaska,Urban,33.29,41.31,14.97,41.91
22337,County_22337,Michigan,Rural,37.86,47.21,17.14,
55565,County_55565,Other,Rural,21.13,26.15,8.77,30.22
12869,County_12869,Idaho,Urban,23.6,28.26,10.37,30.8
40993,County_40993,South Carolina,Urban,12.33,17.04,,8.12
49991,County_49991,Wisconsin,Urban,43.22,56.24,18.3,46.87
2573,County_2573,Alaska,Rural,17.1,20.89,5.81,21.6
12109,County_12109,Idaho,Rural,36.92,48.19,14.94,51.79
13807,County_13807,Illinois,Rural,28.99,37.68,12.86,30.85
31979,County_31979,New Mexico,Urban,32.27,42.24,15.32,41.67
53507,County_53507,Other,Rural,36.63,48.06,18.71,52.85
2277,County_2277,Alaska,Rural,36.49,47.74,14.71,47.36
30841,County_30841,New Jersey,Rural,16.92,23.53,7.73,
39731,County_39731,Rhode Island,Rural,11.83,19.1,5.0,13.98
13143,County_13143,Illinois,Urban,23.33,30.69,9.79,34.83
35201,County_35201,Ohio,Rural,31.15,42.63,13.73,33.2
44039,County_44039,Utah,Urban,29.32,37.69,11.35,32.84
55377,County_55377,Other,Urban,25.71,33.78,10.27,
13589,County_13589,Illinois,Rural,35.61,51.34,18.22,41.42
22193,County_22193,Michigan,Urban,27.22,36.52,12.97,32.65
31647,County_31647,New Mexico,Rural,20.26,23.53,9.21,13.99
45623,County_45623,Vermont,Rural,26.1,31.55,13.14,38.61
55047,County_55047,Other,Rural,27.81,34.63,11.27,
3779,County_3779,Arizona,Suburban/Small City,18.25,27.07,9.28,22.86
45499,County_45499,Vermont,Rural,17.25,18.41,6.99,18.19
22623,County_22623,Michigan,Suburban/Small City,26.55,36.65,12.39,35.55
35907,County_35907,Ohio,Rural,35.42,49.36,17.5,55.48
41921,County_41921,South Dakota,Rural,28.68,34.92,15.52,37.07
32559,County_32559,New York,Urban,27.96,36.22,15.25,31.38
45521,County_45521,Vermont,Rural,26.27,36.04,12.19,39.02
36513,County_36513,Oklahoma,Rural,29.45,38.0,12.17,33.12
46175,County_46175,Virginia,Rural,32.14,41.55,12.79,45.23
46129,County_46129,Virginia,Urban,34.12,46.93,17.09,41.46
18167,County_18167,Louisiana,Rural,11.69,16.31,6.42,6.3
2179,County_2179,Alaska,Rural,21.51,28.65,8.7,31.38
29643,County_29643,New Hampshire,Suburban/Small City,24.17,29.17,9.66,40.41
38567,County_38567,Pennsylvania,Urban,30.5,36.64,13.08,36.25
50007,County_50007,Wyoming,Urban,12.94,17.58,4.58,20.26
53117,County_53117,Other,Suburban/Small City,14.23,18.28,4.45,16.62
47553,County_47553,Washington,Urban,30.12,35.05,12.56,40.65
1375,County_1375,Alabama,Rural,29.44,41.77,12.83,42.66
46825,County_46825,Virginia,Rural,17.42,22.42,8.36,12.97
31721,County_31721,New Mexico,Urban,17.72,22.59,9.24,17.96
41025,County_41025,South Dakota,Rural,10.84,14.42,7.58,2.22
51173,County_51173,Other,Urban,25.43,32.42,10.9,31.97
56259,County_56259,Other,Rural,39.17,51.42,17.2,53.44
35449,County_35449,Ohio,Rural,12.06,13.72,4.22,16.1
55715,County_55715,Other,Urban,17.45,20.17,8.58,12.79
17239,County_17239,Kentucky,Rural,11.37,12.82,2.72,15.74
3875,County_3875,Arizona,Rural,29.29,37.85,15.67,
17937,County_17937,Kentucky,Rural,25.06,32.99,12.63,30.82
13669,County_13669,Illinois,Urban,22.42,29.6,12.16,29.25
14639,County_14639,Indiana,Suburban/Small City,26.23,34.59,16.4,27.11
44981,County_44981,Utah,Rural,33.1,43.78,14.87,46.14
38953,County_38953,Pennsylvania,Suburban/Small City,21.6,28.6,11.24,27.46
37263,County_37263,Oregon,Urban,34.8,45.67,17.84,48.45
49653,County_49653,Wisconsin,Rural,35.14,,16.53,46.03
40971,County_40971,South Carolina,Rural,20.96,30.37,8.81,16.81
32971,County_32971,New York,Urban,31.32,42.4,15.69,42.45
35979,County_35979,Ohio,Urban,21.12,27.67,10.58,23.18
40467,County_40467,South Carolina,Rural,27.38,38.77,11.27,29.66
43727,County_43727,Texas,Rural,36.27,46.1,15.91,42.18
3799,County_3799,Arizona,Rural,31.13,40.31,13.2,37.69
12781,County_12781,Idaho,Urban,24.15,30.61,11.92,21.83
46395,County_46395,Virginia,Rural,29.53,40.43,13.05,36.49
45823,County_45823,Vermont,Rural,36.83,47.14,15.85,57.46
29085,County_29085,New Hampshire,Rural,23.85,,10.75,29.73
39789,County_39789,Rhode Island,Urban,22.13,29.73,8.61,31.76
12701,County_12701,Idaho,Urban,11.52,15.91,6.58,15.64
5231,County_5231,California,Urban,26.53,,10.26,28.49
3717,County_3717,Arizona,Rural,20.59,24.27,11.92,23.62
4141,County_4141,Arkansas,Rural,19.04,28.09,8.57,23.24
35503,County_35503,Ohio,Urban,26.7,35.17,12.22,33.52
50147,County_50147,Wyoming,Suburban/Small City,19.71,23.07,8.64,18.52
5957,County_5957,California,Rural,23.71,31.66,9.99,30.23
43307,County_43307,Texas,Urban,11.71,16.59,3.23,8.86
40623,County_40623,South Carolina,Rural,13.01,18.23,4.41,17.94
27153,County_27153,Nebraska,Rural,18.98,23.37,9.41,23.92
52201,County_52201,Other,Suburban/Small City,16.72,22.22,8.57,12.61
51913,County_51913,Other,Suburban/Small City,29.86,34.26,13.33,40.17
5875,County_5875,California,Rural,21.99,25.79,9.12,25.01
44295,County_44295,Utah,Rural,15.77,19.83,4.78,10.81
11413,County_11413,Hawaii,Urban,28.9,39.62,13.54,36.58
21263,County_21263,Massachusetts,Rural,36.5,46.43,15.18,43.75
38883,County_38883,Pennsylvania,Suburban/Small City,13.36,,3.62,18.88
45103,County_45103,Vermont,Urban,28.98,39.36,13.29,43.8
29381,County_29381,New Hampshire,Urban,28.2,37.0,14.39,38.14
12321,County_12321,Idaho,Urban,14.72,22.0,5.97,24.57
6569,County_6569,Colorado,Suburban/Small City,17.75,23.18,7.11,24.23
2611,County_2611,Alaska,Rural,33.93,41.57,14.77,44.68
34581,County_34581,North Dakota,Urban,33.31,41.8,17.25,46.81
45891,County_45891,Vermont,Suburban/Small City,28.52,37.68,12.89,32.66
15371,County_15371,Iowa,Rural,21.67,27.58,,27.58
55141,County_55141,Other,Rural,29.71,39.88,14.84,42.63
50223,County_50223,Wyoming,Rural,22.37,29.91,,27.23
39623,County_39623,Rhode Island,Rural,23.17,29.66,11.97,25.69
40947,County_40947,South Carolina,Urban,,16.88,6.18,15.69
7753,County_7753,Connecticut,Suburban/Small City,19.26,26.21,7.74,18.41
31463,County_31463,New Mexico,Rural,33.95,43.39,14.64,42.22
6101,County_6101,Colorado,Suburban/Small City,30.36,38.86,13.08,42.43
27907,County_27907,Nebraska,Urban,27.74,37.38,12.5,31.23
35687,County_35687,Ohio,Suburban/Small City,32.92,46.45,16.14,41.73
50941,County_50941,Wyoming,Rural,22.18,31.02,8.28,25.86
56003,County_56003,Other,Urban,35.59,47.34,16.5,48.91
19991,County_19991,Maine,Rural,28.48,36.08,13.01,34.16
25933,County_25933,Missouri,Rural,18.41,26.37,9.47,18.52
51119,County_51119,Other,Suburban/Small City,33.52,45.4,14.34,43.17
45961,County_45961,Vermont,Urban,15.03,21.67,6.82,16.45
30811,County_30811,New Jersey,Rural,35.56,,14.12,43.29
41825,County_41825,South Dakota,Suburban/Small City,30.64,41.4,14.28,42.27
3655,County_3655,Arizona,Rural,22.44,28.46,9.52,26.86
50679,County_50679,Wyoming,Rural,20.77,27.66,9.03,27.32
7947,County_7947,Connecticut,Urban,21.98,,10.21,29.07
19161,County_19161,Maine,Urban,29.86,36.65,15.66,41.13
49287,County_49287,Wisconsin,Rural,27.86,36.4,15.37,31.25
19415,County_19415,Maine,Rural,20.12,27.25,7.74,20.53
26373,County_26373,Montana,Suburban/Small City,28.83,38.54,11.4,36.72
39691,County_39691,Rhode Island,Rural,20.52,24.15,7.1,21.82
49209,County_49209,Wisconsin,Rural,15.79,21.39,7.52,8.94
51797,County_51797,Other,Urban,20.4,29.44,7.04,22.47
19121,County_19121,Maine,Suburban/Small City,27.91,39.42,12.34,42.63
24523,County_24523,Mississippi,Urban,33.28,46.48,17.81,40.4
23235,County_23235,Minnesota,Urban,9.55,15.05,3.28,7.32
46443,County_46443,Virginia,Urban,33.38,43.33,14.76,36.6
50009,County_50009,Wyoming,Urban,23.89,28.79,11.59,27.65
19055,County_19055,Maine,Suburban/Small City,20.2,27.15,9.7,19.55
7975,County_7975,Connecticut,Urban,25.55,34.3,,33.32
54535,County_54535,Other,Suburban/Small City,20.84,22.31,9.63,26.5
18949,County_18949,Louisiana,Rural,19.94,28.64,7.68,20.29
17431,County_17431,Kentucky,Urban,17.73,22.0,8.06,22.28
9693,County_9693,Florida,Suburban/Small City,36.79,42.34,,41.61
5927,County_5927,California,Rural,42.88,53.29,19.43,56.4
24795,County_24795,Mississippi,Urban,23.15,30.56,10.17,26.9
23831,County_23831,Minnesota,Urban,27.22,35.15,13.45,42.61
19435,County_19435,Maine,Urban,34.15,44.35,16.76,47.87
56273,County_56273,Other,Urban,29.54,40.04,11.57,38.91
15449,County_15449,Iowa,Rural,13.89,21.41,7.82,22.03
31661,County_31661,New Mexico,Rural,18.72,23.87,9.51,14.34
42301,County_42301,Tennessee,Urban,28.4,36.82,13.04,27.17
46869,County_46869,Virginia,Urban,20.93,25.04,9.89,23.08
44735,County_44735,Utah,Urban,36.49,47.42,14.1,45.37
45023,County_45023,Vermont,Rural,31.65,41.91,12.09,45.36
29509,County_29509,New Hampshire,Urban,23.55,32.6,10.89,33.11
36309,County_36309,Oklahoma,Rural,22.98,30.35,10.05,25.57
10217,County_10217,Georgia,Urban,23.9,28.21,9.99,28.02
44497,County_44497,Utah,Rural,36.12,46.43,16.25,45.74
20915,County_20915,Maryland,Rural,34.61,41.58,18.13,41.07
52071,County_52071,Other,Urban,15.19,18.58,8.33,13.45
8889,County_8889,Delaware,Rural,21.1,26.38,7.52,30.16
16261,County_16261,Kansas,Rural,24.47,31.38,12.98,26.06
30469,County_30469,New Jersey,Suburban/Small City,27.5,35.54,11.91,31.75
53585,County_53585,Other,Suburban/Small City,14.09,17.03,4.44,11.12
33701,County_33701,North Carolina,Rural,26.19,33.34,12.83,37.9
44817,County_44817,Utah,Rural,19.76,29.34,8.74,28.52
1449,County_1449,Alabama,Rural,19.65,25.66,6.89,24.02
24585,County_24585,Mississippi,Rural,18.49,23.4,6.52,16.71
41041,County_41041,South Dakota,Rural,20.07,22.39,11.95,24.72
20013,County_20013,Maryland,Urban,24.27,33.7,10.18,35.29
49231,County_49231,Wisconsin,Rural,30.81,36.9,14.36,41.69
46127,County_46127,Virginia,Rural,34.58,44.07,15.74,45.26
20373,County_20373,Maryland,Rural,11.88,15.89,6.61,9.05
25329,County_25329,Missouri,Rural,33.37,44.68,15.59,47.27
20341,County_20341,Maryland,Urban,24.42,34.31,,29.74
5327,County_5327,California,Rural,17.01,25.14,6.73,15.46
5471,County_5471,California,Rural,22.95,27.92,10.93,24.51
29547,County_29547,New Hampshire,Rural,34.25,45.14,13.17,42.18
22529,County_22529,Michigan,Urban,17.78,22.74,8.63,24.64
31569,County_31569,New Mexico,Urban,9.98,11.1,4.22,7.86
27453,County_27453,Nebraska,Urban,,46.45,18.36,46.23
34761,County_34761,North Dakota,Rural,30.21,38.13,13.96,45.07
2463,County_2463,Alaska,Rural,30.08,39.17,13.82,37.87
19227,County_19227,Maine,Rural,30.6,44.36,11.35,38.55
7295,County_7295,Connecticut,Rural,38.3,50.51,18.05,47.7
28763,County_28763,Nevada,Urban,29.5,38.02,11.38,34.61
12615,County_12615,Idaho,Rural,30.58,40.18,12.67,36.58
13379,County_13379,Illinois,Urban,31.3,44.99,11.14,37.12
30453,County_30453,New Jersey,Rural,30.17,37.46,12.56,38.73
38861,County_38861,Pennsylvania,Urban,36.75,45.4,16.8,49.14
27559,County_27559,Nebraska,Rural,29.26,36.79,11.74,38.55
3491,County_3491,Arizona,Rural,40.84,53.34,16.36,55.71
44069,County_44069,Utah,Rural,28.92,38.94,13.15,35.79
28515,County_28515,Nevada,Urban,24.05,27.8,10.3,22.43
20901,County_20901,Maryland,Rural,26.96,35.77,12.46,35.19
12375,County_12375,Idaho,Urban,35.19,48.59,14.2,
37049,County_37049,Oregon,Rural,30.86,40.67,11.74,38.48
33561,County_33561,North Carolina,Suburban/Small City,28.49,38.09,12.72,38.53
28557,County_28557,Nevada,Urban,35.16,46.4,17.78,37.54
12687,County_12687,Idaho,Rural,14.88,18.45,6.97,13.76
27513,County_27513,Nebraska,Suburban/Small City,23.13,32.84,10.36,24.74
26631,County_26631,Montana,Rural,34.15,,15.47,45.97
34353,County_34353,North Dakota,Rural,39.19,,18.48,53.62
6343,County_6343,Colorado,Urban,22.68,32.26,6.85,22.45
31557,County_31557,New Mexico,Rural,24.36,31.18,10.34,36.73
3257,County_3257,Arizona,Suburban/Small City,18.75,26.03,,16.91
42285,County_42285,Tennessee,Suburban/Small City,40.77,54.84,19.31,49.52
3797,County_3797,Arizona,Rural,16.2,18.98,6.92,15.78
42147,County_42147,Tennessee,Suburban/Small City,19.14,23.58,10.81,15.16
2217,County_2217,Alaska,Suburban/Small City,36.03,45.48,17.2,37.63
8465,County_8465,Delaware,Rural,18.9,22.2,11.09,22.92
43449,County_43449,Texas,Rural,27.36,34.93,11.73,36.46
10231,County_10231,Georgia,Rural,13.65,16.04,4.61,20.93
50139,County_50139,Wyoming,Urban,22.48,29.49,9.39,24.08
34017,County_34017,North Dakota,Rural,34.31,47.16,,35.88
25771,County_25771,Missouri,Rural,12.63,15.43,5.52,7.6
37679,County_37679,Oregon,Rural,29.07,39.65,12.38,30.72
55665,County_55665,Other,Rural,22.76,31.45,10.8,17.79
13139,County_13139,Illinois,Rural,44.9,57.61,18.68,
27743,County_27743,Nebraska,Urban,35.48,45.63,14.3,47.92
28699,County_28699,Nevada,Rural,30.1,38.53,11.56,34.42
30215,County_30215,New Jersey,Suburban/Small City,37.71,46.04,17.25,55.74
20461,County_20461,Maryland,Rural,14.34,17.53,5.3,13.9
26155,County_26155,Montana,Rural,20.49,29.07,14.01,25.92
33751,County_33751,North Carolina,Rural,18.32,25.69,7.36,13.79
53373,County_53373,Other,Urban,24.42,31.68,10.9,33.54
11429,County_11429,Hawaii,Rural,29.13,38.7,15.09,39.75
50287,County_50287,Wyoming,Urban,39.7,51.14,19.17,47.55
24743,County_24743,Mississippi,Urban,12.01,17.31,1.85,12.77
48621,County_48621,West Virginia,Rural,34.77,47.09,16.59,44.34
40335,County_40335,South Carolina,Rural,19.09,23.72,8.89,19.17
38925,County_38925,Pennsylvania,Rural,22.61,30.11,7.64,24.76
47101,County_47101,Washington,Rural,12.7,15.51,6.64,0.0
18503,County_18503,Louisiana,Suburban/Small City,28.36,36.79,11.9,37.59
26569,County_26569,Montana,Urban,8.48,9.85,2.02,8.82
10513,County_10513,Georgia,Rural,9.69,15.49,6.69,6.05
26501,County_26501,Montana,Rural,31.31,38.93,14.56,28.36
16161,County_16161,Kansas,Urban,16.08,21.82,8.02,12.16
31243,County_31243,New Mexico,Rural,35.56,48.39,16.02,41.61
51669,County_51669,Other,Rural,28.25,38.12,11.21,36.14
49541,County_49541,Wisconsin,Rural,25.41,32.65,11.65,26.05
2053,County_2053,Alaska,Rural,23.81,32.55,13.13,32.65
49935,County_49935,Wisconsin,Rural,21.0,30.93,8.79,18.71
5047,County_5047,California,Urban,14.89,18.14,9.05,12.78
40799,County_40799,South Carolina,Rural,21.1,29.29,9.44,21.24
17681,County_17681,Kentucky,Rural,37.08,50.5,17.9,42.18
33587,County_33587,North Carolina,Urban,,46.03,16.27,45.41
36787,County_36787,Oklahoma,Rural,10.15,13.54,5.64,11.13
4111,County_4111,Arkansas,Rural,14.94,20.62,7.86,10.39
26521,County_26521,Montana,Urban,11.6,14.4,3.79,7.33
7935,County_7935,Connecticut,Urban,23.53,27.61,8.81,27.85
20313,County_20313,Maryland,Rural,32.02,36.4,13.06,31.91
21779,County_21779,Massachusetts,Rural,22.76,30.73,8.95,24.45
31741,County_31741,New Mexico,Urban,21.6,27.33,10.46,24.8
32195,County_32195,New York,Rural,13.6,19.17,5.96,20.25
26187,County_26187,Montana,Rural,19.84,22.23,7.98,22.78
35043,County_35043,Ohio,Rural,27.13,36.78,13.94,34.33
37287,County_37287,Oregon,Rural,19.96,24.19,8.82,19.92
29537,County_29537,New Hampshire,Urban,,42.04,14.06,39.07
6489,County_6489,Colorado,Rural,31.9,40.94,12.45,42.29
31253,County_31253,New Mexico,Urban,13.44,15.32,4.27,
24591,County_24591,Mississippi,Rural,17.44,24.67,8.03,16.88
54219,County_54219,Other,Suburban/Small City,17.75,22.23,8.77,18.11
9931,County_9931,Florida,Urban,34.72,44.02,13.94,45.37
25381,County_25381,Missouri,Urban,21.6,28.97,7.34,21.0
7699,County_7699,Connecticut,Urban,14.19,19.18,8.97,13.01
24685,County_24685,Mississippi,Rural,10.72,16.1,5.99,11.4
14925,County_14925,Indiana,Rural,18.36,24.28,7.07,10.24
34867,County_34867,North Dakota,Suburban/Small City,38.94,51.71,19.11,56.89
18159,County_18159,Louisiana,Rural,11.0,12.67,9.95,12.61
54235,County_54235,Other,Urban,23.23,,9.09,29.98
1759,County_1759,Alabama,Urban,23.85,30.8,12.73,25.92
44457,County_44457,Utah,Rural,28.1,36.42,11.1,41.05
16055,County_16055,Kansas,Rural,22.73,28.67,9.39,25.9
16543,County_16543,Kansas,Rural,11.36,13.27,3.17,9.67
31947,County_31947,New Mexico,Rural,42.04,51.97,,52.05
23111,County_23111,Minnesota,Rural,32.42,42.54,14.6,41.72
35239,County_35239,Ohio,Rural,28.49,36.54,14.3,32.19
18585,County_18585,Louisiana,Rural,16.13,20.46,4.64,9.93
53493,County_53493,Other,Rural,11.59,13.84,5.41,15.73
23559,County_23559,Minnesota,Urban,12.53,13.36,5.98,10.83
36915,County_36915,Oklahoma,Suburban/Small City,18.24,27.73,8.34,18.61
47305,County_47305,Washington,Rural,15.18,21.18,3.86,15.34
2257,County_2257,Alaska,Urban,15.82,17.07,5.72,18.79
8481,County_8481,Delaware,Rural,28.73,37.59,12.34,34.22
52859,County_52859,Other,Urban,14.56,18.95,7.71,10.23
16009,County_16009,Kansas,Rural,29.35,39.02,13.49,36.76
47531,County_47531,Washington,Urban,17.25,22.33,8.08,10.49
49685,County_49685,Wisconsin,Rural,35.17,44.67,17.15,40.61
43737,County_43737,Texas,Urban,26.16,32.84,13.53,33.6
34207,County_34207,North Dakota,Suburban/Small City,31.16,40.07,16.69,35.74
19331,County_19331,Maine,Urban,17.23,23.76,7.89,7.21
16147,County_16147,Kansas,Rural,38.41,49.98,16.48,49.9
15367,County_15367,Iowa,Rural,27.42,38.28,12.53,29.53
51539,County_51539,Other,Rural,34.49,45.28,17.14,40.58
4705,County_4705,Arkansas,Urban,28.51,40.93,12.36,35.95
19687,County_19687,Maine,Urban,41.3,54.04,21.15,49.69
23193,County_23193,Minnesota,Rural,21.42,30.88,10.09,22.19
44011,County_44011,Utah,Rural,18.06,23.51,7.8,27.78
40651,County_40651,South Carolina,Rural,24.92,34.02,11.65,29.85
50567,County_50567,Wyoming,Urban,18.82,23.26,6.28,19.02
30475,County_30475,New Jersey,Suburban/Small City,17.41,19.3,7.7,13.77
6233,County_6233,Colorado,Urban,32.45,42.5,,39.34
34345,County_34345,North Dakota,Rural,14.94,24.92,6.54,13.81
45587,County_45587,Vermont,Rural,27.84,35.39,13.95,33.64
48733,County_48733,West Virginia,Rural,,53.11,16.4,57.05
44907,County_44907,Utah,Urban,35.22,49.4,20.11,48.71
44845,County_44845,Utah,Rural,33.18,41.25,15.12,40.32
47931,County_47931,Washington,Rural,32.42,42.39,12.67,36.97
37335,County_37335,Oregon,Rural,31.44,39.62,15.78,42.6
22443,County_22443,Michigan,Urban,24.23,32.94,11.48,26.47
17387,County_17387,Kentucky,Rural,25.17,32.99,10.92,26.06
46945,County_46945,Virginia,Rural,21.03,27.26,9.13,25.99
5649,County_5649,California,Rural,25.57,34.41,9.6,29.58
14125,County_14125,Indiana,Urban,18.46,25.62,7.03,10.46
27389,County_27389,Nebraska,Suburban/Small City,32.0,41.14,14.5,38.77
36743,County_36743,Oklahoma,Suburban/Small City,16.82,23.37,7.17,15.59
39715,County_39715,Rhode Island,Rural,12.9,14.45,3.97,8.76
31093,County_31093,New Mexico,Rural,24.26,29.37,10.4,32.29
13793,County_13793,Illinois,Rural,13.31,16.53,7.45,14.52
30035,County_30035,New Jersey,Urban,35.56,47.15,17.41,47.47
44589,County_44589,Utah,Urban,41.11,53.02,20.55,47.83
47123,County_47123,Washington,Suburban/Small City,22.63,29.43,10.98,23.55
53321,County_53321,Other,Rural,22.81,28.75,11.33,31.36
52295,County_52295,Other,Rural,24.54,34.45,11.64,31.13
14599,County_14599,Indiana,Urban,16.52,20.31,7.93,19.34
36257,County_36257,Oklahoma,Rural,13.36,15.1,5.31,7.73
46433,County_46433,Virginia,Rural,20.21,25.4,8.5,23.26
2493,County_2493,Alaska,Rural,11.27,13.67,4.77,8.62
26797,County_26797,Montana,Rural,38.47,51.55,16.66,50.15
56977,County_56977,Other,Rural,,12.58,5.19,11.14
47149,County_47149,Washington,Rural,14.29,18.78,7.77,15.02
9517,County_9517,Florida,Rural,7.33,9.15,4.05,9.96
15937,County_15937,Iowa,Rural,16.05,19.57,8.03,14.18
5819,County_5819,California,Urban,19.95,26.18,10.36,23.52
44389,County_44389,Utah,Urban,26.38,32.96,11.52,28.52
51267,County_51267,Other,Rural,,34.13,12.85,26.7
28991,County_28991,Nevada,Suburban/Small City,33.58,40.27,14.67,41.89
27053,County_27053,Nebraska,Urban,,36.52,11.9,29.0
34757,County_34757,North Dakota,Rural,,53.54,21.08,54.21
25135,County_25135,Missouri,Urban,18.33,27.04,11.2,20.71
42433,County_42433,Tennessee,Rural,16.27,20.22,5.17,14.37
29375,County_29375,New Hampshire,Urban,30.71,38.89,12.12,38.85
10419,County_10419,Georgia,Rural,23.11,30.33,8.83,
13063,County_13063,Illinois,Urban,,41.85,14.91,42.18
34939,County_34939,North Dakota,Suburban/Small City,30.81,42.27,13.03,28.15
36423,County_36423,Oklahoma,Urban,22.69,26.59,11.77,29.98
41733,County_41733,South Dakota,Rural,30.65,42.91,15.69,36.52
48489,County_48489,West Virginia,Rural,21.16,23.76,12.05,18.26
9143,County_9143,Florida,Urban,18.41,22.56,6.52,26.13
16527,County_16527,Kansas,Rural,16.59,20.21,7.95,24.7
40491,County_40491,South Carolina,Suburban/Small City,9.79,12.27,5.94,6.66
32197,County_32197,New York,Urban,20.76,30.13,9.64,29.42
20341,County_20341,Maryland,Rural,27.64,36.92,15.55,33.3
22207,County_22207,Michigan,Suburban/Small City,30.81,,12.1,33.72
28543,County_28543,Nevada,Rural,20.56,25.15,10.89,
30525,County_30525,New Jersey,Rural,12.09,15.16,5.11,15.99
4047,County_4047,Arkansas,Rural,31.81,42.54,13.18,36.87
55421,County_55421,Other,Urban,38.87,49.13,17.33,49.39
16091,County_16091,Kansas,Rural,27.97,34.83,13.92,39.02
56963,County_56963,Other,Rural,37.53,49.12,16.08,45.43
22533,County_22533,Michigan,Rural,28.61,37.88,,33.6
3505,County_3505,Arizona,Suburban/Small City,30.08,37.32,15.34,42.69
16321,County_16321,Kansas,Urban,37.76,49.02,17.27,52.84
1537,County_1537,Alabama,Suburban/Small City,33.43,43.63,15.62,43.67
35411,County_35411,Ohio,Rural,36.89,45.43,15.44,48.48
3691,County_3691,Arizona,Urban,35.08,44.06,17.1,46.28
22437,County_22437,Michigan,Urban,21.78,27.03,8.7,21.21
42177,County_42177,Tennessee,Urban,15.62,21.77,8.2,13.7
19689,County_19689,Maine,Urban,16.04,16.22,5.23,25.26
29133,County_29133,New Hampshire,Urban,35.12,48.73,14.92,49.23
30689,County_30689,New Jersey,Rural,18.48,19.09,10.48,20.51
21489,County_21489,Massachusetts,Rural,23.0,35.05,9.59,29.9
13773,County_13773,Illinois,Rural,15.25,20.49,8.8,15.01
4473,County_4473,Arkansas,Urban,26.84,34.55,15.04,36.22
31159,County_31159,New Mexico,Rural,31.66,42.43,,39.39
8989,County_8989,Delaware,Rural,15.16,17.93,6.91,19.84
4907,County_4907,Arkansas,Urban,19.16,,10.09,21.56
56533,County_56533,Other,Rural,,23.87,8.63,21.41
47979,County_47979,Washington,Urban,31.18,42.2,13.82,42.62
40417,County_40417,South Carolina,Rural,14.14,16.71,5.01,13.78
15273,County_15273,Iowa,Urban,24.26,31.45,12.13,37.02
18589,County_18589,Louisiana,Urban,20.93,26.32,8.69,22.93
17589,County_17589,Kentucky,Rural,,18.15,12.45,
28047,County_28047,Nevada,Urban,26.39,31.9,10.04,26.11
3785,County_3785,Arizona,Rural,36.33,49.08,15.97,32.34
25241,County_25241,Missouri,Urban,19.61,25.22,9.99,21.15
49121,County_49121,Wisconsin,Rural,,14.7,6.8,9.22
16355,County_16355,Kansas,Rural,21.21,28.13,11.11,26.12
44665,County_44665,Utah,Rural,39.51,54.76,16.17,51.08
7811,County_7811,Connecticut,Urban,22.15,29.54,8.35,23.86
10229,County_10229,Georgia,Rural,30.95,42.51,13.91,41.26
46749,County_46749,Virginia,Rural,34.47,45.72,13.89,46.05
41873,County_41873,South Dakota,Rural,16.04,21.52,8.79,13.94
47667,County_47667,Washington,Rural,21.43,29.12,9.75,31.68
18661,County_18661,Louisiana,Urban,26.53,33.56,14.72,36.85
20095,County_20095,Maryland,Suburban/Small City,30.06,40.52,14.04,36.45
16075,County_16075,Kansas,Rural,26.71,34.34,12.98,31.06
52241,County_52241,Other,Urban,29.73,39.21,13.02,35.27
18735,County_18735,Louisiana,Urban,20.93,,8.23,15.79
46183,County_46183,Virginia,Rural,10.54,11.67,5.51,11.05
22505,County_22505,Michigan,Urban,21.18,23.63,8.84,19.76
45137,County_45137,Vermont,Rural,40.46,,16.76,49.0
49531,County_49531,Wisconsin,Rural,16.67,23.66,9.64,18.41
32535,County_32535,New York,Suburban/Small City,41.31,56.54,17.82,50.76
7491,County_7491,Connecticut,Rural,25.09,35.18,10.8,24.59
44491,County_44491,Utah,Urban,29.69,38.2,14.51,41.04
37001,County_37001,Oregon,Rural,36.89,45.3,19.13,51.69
37393,County_37393,Oregon,Rural,12.51,17.06,7.07,11.61
48141,County_48141,West Virginia,Rural,40.55,50.91,16.81,54.45
43827,County_43827,Texas,Suburban/Small City,,32.75,9.99,25.4
24291,County_24291,Mississippi,Urban,26.43,35.43,13.44,36.55
27231,County_27231,Nebraska,Rural,22.45,30.55,8.88,25.4
45153,County_45153,Vermont,Urban,10.36,11.01,7.3,4.96
2307,County_2307,Alaska,Urban,9.39,9.74,5.49,9.08
52097,County_52097,Other,Suburban/Small City,37.32,46.28,18.11,51.61
18945,County_18945,Louisiana,Rural,37.63,48.47,15.97,52.97
40675,County_40675,South Carolina,Urban,40.33,51.5,18.5,56.07
43483,County_43483,Texas,Urban,23.41,28.27,10.01,21.93
28725,County_28725,Nevada,Suburban/Small City,25.8,38.45,11.27,42.62
29629,County_29629,New Hampshire,Urban,28.47,37.97,13.38,39.88
2529,County_2529,Alaska,Suburban/Small City,22.98,30.88,8.77,18.91
37691,County_37691,Oregon,Rural,32.03,42.14,13.88,43.25
25873,County_25873,Missouri,Rural,12.87,,5.31,1.54
48115,County_48115,West Virginia,Suburban/Small City,33.55,43.97,16.35,
14009,County_14009,Indiana,Urban,31.17,39.01,12.34,40.44
41223,County_41223,South Dakota,Rural,35.24,46.65,15.53,43.19
6441,County_6441,Colorado,Urban,33.75,46.17,12.65,37.62
44445,County_44445,Utah,Suburban/Small City,36.55,44.42,16.61,49.08
22541,County_22541,Michigan,Rural,18.45,,9.32,16.2
1355,County_1355,Alabama,Rural,11.83,15.62,3.63,2.13
10857,County_10857,Georgia,Rural,23.65,30.84,9.65,23.1
44315,County_44315,Utah,Suburban/Small City,30.03,36.34,,38.78
21063,County_21063,Massachusetts,Suburban/Small City,34.29,46.74,16.42,44.64
46521,County_46521,Virginia,Urban,38.25,51.64,17.16,42.9
5143,County_5143,California,Rural,23.69,30.89,7.2,24.46
32513,County_32513,New York,Suburban/Small City,15.34,18.92,8.04,6.74
23715,County_23715,Minnesota,Rural,21.94,27.26,9.09,22.17
45791,County_45791,Vermont,Urban,22.34,29.32,9.69,21.68
48809,County_48809,West Virginia,Urban,15.32,,5.34,12.75
20623,County_20623,Maryland,Rural,16.55,16.25,7.54,18.67
30621,County_30621,New Jersey,Suburban/Small City,20.21,27.51,9.06,27.71
41447,County_41447,South Dakota,Rural,27.5,32.56,13.0,33.01
4835,County_4835,Arkansas,Urban,15.63,24.83,,18.32
5789,County_5789,California,Rural,25.87,33.45,12.51,30.76
50829,County_50829,Wyoming,Rural,17.61,20.88,9.82,9.28
18915,County_18915,Louisiana,Rural,11.73,14.48,6.64,11.49
9271,County_9271,Florida,Urban,12.1,15.25,3.54,8.12
53931,County_53931,Other,Rural,25.07,33.15,12.6,27.23
48049,County_48049,West Virginia,Urban,22.45,29.53,9.89,21.16
34477,County_34477,North Dakota,Urban,16.65,22.01,7.61,21.89
51067,County_51067,Other,Urban,24.02,27.53,11.52,27.34
49703,County_49703,Wisconsin,Rural,39.21,48.27,18.23,51.93
56615,County_56615,Other,Rural,15.5,22.33,6.08,4.14
51593,County_51593,Other,Rural,27.48,39.36,14.38,37.31
52687,County_52687,Other,Suburban/Small City,16.16,22.22,6.53,24.35
8665,County_8665,Delaware,Rural,15.59,18.74,4.54,16.08
23013,County_23013,Minnesota,Suburban/Small City,17.87,24.03,8.01,14.74
2493,County_2493,Alaska,Urban,20.69,26.65,11.23,21.33
20155,County_20155,Maryland,Suburban/Small City,41.65,55.77,21.11,52.4
50513,County_50513,Wyoming,Suburban/Small City,15.5,24.38,4.59,14.99
2985,County_2985,Alaska,Urban,15.63,16.31,4.67,12.41
56311,County_56311,Other,Urban,40.63,52.85,17.61,53.98
42541,County_42541,Tennessee,Suburban/Small City,18.63,23.27,6.79,18.9
42969,County_42969,Tennessee,Suburban/Small City,20.66,26.76,9.3,21.14
40427,County_40427,South Carolina,Rural,32.12,40.23,14.84,43.48
32135,County_32135,New York,Rural,23.39,29.8,10.38,24.69
32617,County_32617,New York,Rural,35.47,47.34,14.18,42.72
44655,County_44655,Utah,Rural,30.99,38.59,18.13,35.47
41961,County_41961,South Dakota,Rural,22.43,25.11,11.37,28.21
29093,County_29093,New Hampshire,Rural,17.25,24.07,4.26,8.84
56579,County_56579,Other,Rural,24.55,31.04,9.41,29.59
25275,County_25275,Missouri,Suburban/Small City,19.31,,8.72,20.16
8087,County_8087,Delaware,Urban,37.04,50.97,17.64,56.92
33637,County_33637,North Carolina,Rural,26.44,36.49,13.42,35.33
7407,County_7407,Connecticut,Urban,24.88,32.21,10.85,35.93
55573,County_55573,Other,Rural,26.65,30.41,10.63,31.38
21287,County_21287,Massachusetts,Urban,,37.26,11.84,38.59
28643,County_28643,Nevada,Rural,25.48,35.1,12.1,33.44
3781,County_3781,Arizona,Suburban/Small City,17.89,25.44,8.1,21.19
12827,County_12827,Idaho,Rural,27.96,35.6,11.88,35.79
42807,County_42807,Tennessee,Rural,33.99,42.69,16.11,39.39
10107,County_10107,Georgia,Suburban/Small City,20.86,28.84,9.21,22.34
46577,County_46577,Virginia,Rural,12.66,14.82,6.64,15.38
28755,County_28755,Nevada,Rural,20.22,29.0,6.94,22.53
15751,County_15751,Iowa,Suburban/Small City,32.72,43.52,16.68,36.67
53955,County_53955,Other,Urban,22.27,28.65,10.26,22.82
15169,County_15169,Iowa,Rural,23.54,32.13,10.22,19.38
9365,County_9365,Florida,Urban,18.11,26.42,9.94,23.36
53919,County_53919,Other,Rural,28.37,35.61,14.28,30.82
44687,County_44687,Utah,Rural,20.77,27.65,8.22,30.34
37387,County_37387,Oregon,Rural,33.21,42.44,13.6,45.73
18409,County_18409,Louisiana,Rural,17.58,20.77,6.82,19.75
37725,County_37725,Oregon,Rural,21.82,29.06,10.8,22.01
34015,County_34015,North Dakota,Urban,20.43,25.14,,25.87
32221,County_32221,New York,Rural,30.48,39.25,13.24,42.31
2343,County_2343,Alaska,Rural,33.59,46.94,13.11,41.64
12589,County_12589,Idaho,Rural,30.53,40.38,12.48,46.89
20871,County_20871,Maryland,Urban,18.14,22.57,7.81,26.53
13995,County_13995,Illinois,Suburban/Small City,24.61,30.39,10.6,30.64
34345,County_34345,North Dakota,Urban,38.28,45.12,18.12,48.17
30139,County_30139,New Jersey,Suburban/Small City,13.61,16.76,5.92,17.7
15863,County_15863,Iowa,Rural,16.47,21.5,6.33,14.55
20843,County_20843,Maryland,Suburban/Small City,,21.03,6.5,13.12
23373,County_23373,Minnesota,Rural,39.94,52.4,15.68,54.83
45259,County_45259,Vermont,Urban,20.13,28.89,11.98,30.9
52035,County_52035,Other,Urban,16.91,22.09,8.24,13.46
34601,County_34601,North Dakota,Rural,25.85,34.46,10.31,27.5
52265,County_52265,Other,Rural,26.35,33.09,14.9,37.31
14211,County_14211,Indiana,Rural,32.38,43.19,15.22,37.26
13875,County_13875,Illinois,Rural,,13.71,6.66,9.18
42339,County_42339,Tennessee,Rural,32.2,,14.49,38.3
22657,County_22657,Michigan,Rural,12.91,15.88,4.85,11.52
43211,County_43211,Texas,Rural,26.36,34.02,10.98,41.96
34825,County_34825,North Dakota,Rural,,21.01,7.46,18.19
39559,County_39559,Rhode Island,Rural,13.14,16.24,5.7,9.74
42879,County_42879,Tennessee,Urban,33.83,42.74,14.78,46.06
29653,County_29653,New Hampshire,Rural,26.76,34.36,12.09,33.75
49601,County_49601,Wisconsin,Rural,31.36,41.3,11.88,39.92
22033,County_22033,Michigan,Rural,9.54,16.51,5.15,4.93
12115,County_12115,Idaho,Urban,28.18,33.4,10.71,36.1
5005,County_5005,California,Rural,26.08,35.34,12.02,22.4
16799,County_16799,Kansas,Urban,11.77,13.16,4.96,18.0
45241,County_45241,Vermont,Suburban/Small City,20.15,24.5,10.51,29.91
19175,County_19175,Maine,Rural,27.2,34.35,15.39,34.71
56519,County_56519,Other,Rural,22.51,33.44,8.44,31.96
2969,County_2969,Alaska,Rural,12.5,17.07,4.9,12.11
35049,County_35049,Ohio,Urban,12.64,15.51,6.22,12.81
2981,County_2981,Alaska,Urban,21.4,25.19,11.34,24.82
13383,County_13383,Illinois,Rural,35.85,48.36,,42.36
41035,County_41035,South Dakota,Urban,27.72,33.14,12.4,31.21
43335,County_43335,Texas,Rural,29.12,39.24,14.03,39.01
55849,County_55849,Other,Rural,,41.66,14.05,46.46
20011,County_20011,Maryland,Rural,33.1,42.77,14.81,43.08
9443,County_9443,Florida,Urban,13.87,18.38,4.51,19.76
47895,County_47895,Washington,Suburban/Small City,25.59,31.19,11.23,30.07
6647,County_6647,Colorado,Urban,22.63,30.93,11.24,36.96
55015,County_55015,Other,Rural,17.27,21.23,6.36,15.38
53839,County_53839,Other,Suburban/Small City,40.81,55.92,21.72,52.99
36705,County_36705,Oklahoma,Rural,37.79,48.9,17.09,49.21
40835,County_40835,South Carolina,Rural,13.11,15.25,7.74,15.62
17345,County_17345,Kentucky,Urban,32.06,42.18,12.97,48.36
56517,County_56517,Other,Urban,27.64,,13.87,34.46
21769,County_21769,Massachusetts,Rural,31.02,42.0,12.28,34.72
6503,County_6503,Colorado,Urban,34.26,44.37,14.88,38.37
35905,County_35905,Ohio,Urban,25.19,31.19,11.68,33.81
42451,County_42451,Tennessee,Rural,19.64,26.32,,22.0
17811,County_17811,Kentucky,Urban,31.88,40.16,16.26,49.18
20037,County_20037,Maryland,Rural,29.73,41.32,10.59,40.11
44357,County_44357,Utah,Urban,29.9,38.08,13.39,43.58
21487,County_21487,Massachusetts,Rural,30.45,35.78,14.45,39.54
51481,County_51481,Other,Urban,16.46,21.4,7.61,17.98
49717,County_49717,Wisconsin,Suburban/Small City,20.85,25.56,12.17,27.97
18955,County_18955,Louisiana,Rural,34.57,,17.08,46.87
35615,County_35615,Ohio,Rural,31.34,40.91,12.51,42.47
33133,County_33133,North Carolina,Rural,38.49,49.84,18.9,44.13
21909,County_21909,Massachusetts,Rural,30.64,37.41,,25.87
33983,County_33983,North Carolina,Rural,39.49,53.08,18.44,50.5
23299,County_23299,Minnesota,Rural,15.9,17.13,7.99,10.75
13729,County_13729,Illinois,Rural,13.56,14.53,7.21,8.7
34733,County_34733,North Dakota,Urban,34.32,45.14,15.57,41.17
33221,County_33221,North Carolina,Urban,24.65,33.4,11.06,30.32
13183,County_13183,Illinois,Urban,40.56,53.71,20.37,48.37
51327,County_51327,Other,Rural,18.89,28.08,6.52,19.28
46525,County_46525,Virginia,Urban,9.3,12.1,2.2,1.44
36235,County_36235,Oklahoma,Urban,34.48,43.03,13.49,42.77
16427,County_16427,Kansas,Urban,13.17,15.57,7.21,7.21
45731,County_45731,Vermont,Rural,25.02,31.92,11.08,25.66
13877,County_13877,Illinois,Rural,34.18,45.52,16.72,49.91
8527,County_8527,Delaware,Urban,19.74,28.05,11.55,18.86
36213,County_36213,Oklahoma,Rural,27.99,38.45,11.95,31.19
41851,County_41851,South Dakota,Suburban/Small City,21.55,24.44,11.32,21.13
4621,County_4621,Arkansas,Urban,31.56,39.07,14.39,35.44
6867,County_6867,Colorado,Urban,20.73,26.56,8.88,18.84
9961,County_9961,Florida,Rural,36.64,46.48,16.31,43.43
9359,County_9359,Florida,Urban,30.55,38.42,13.44,48.01
45087,County_45087,Vermont,Rural,25.56,31.79,12.31,38.9
4343,County_4343,Arkansas,Suburban/Small City,29.95,37.98,13.66,44.11
7673,County_7673,Connecticut,Rural,21.92,28.19,8.18,20.48
17931,County_17931,Kentucky,Urban,25.74,34.93,12.59,30.06
27923,County_27923,Nebraska,Rural,34.58,43.61,15.76,50.96
9795,County_9795,Florida,Suburban/Small City,16.3,22.13,7.56,15.61
34541,County_34541,North Dakota,Urban,,22.95,9.36,22.92
43663,County_43663,Texas,Urban,25.89,34.92,9.35,28.23
48355,County_48355,West Virginia,Urban,28.22,38.13,13.81,37.2
50835,County_50835,Wyoming,Rural,25.97,34.37,9.68,26.36
54255,County_54255,Other,Rural,11.89,17.71,2.53,14.09
1829,County_1829,Alabama,Urban,18.22,26.61,9.22,15.89
48707,County_48707,West Virginia,Rural,22.72,28.93,,32.93
8429,County_8429,Delaware,Urban,31.02,38.74,15.87,37.0
37523,County_37523,Oregon,Urban,11.4,14.66,5.43,19.66
25891,County_25891,Missouri,Rural,30.3,,14.32,45.56
21989,County_21989,Massachusetts,Urban,18.63,23.57,7.84,19.08
37677,County_37677,Oregon,Urban,29.76,39.3,11.79,33.45
27923,County_27923,Nebraska,Urban,27.14,37.36,11.83,31.59
7797,County_7797,Connecticut,Urban,29.63,38.01,11.84,37.01
28703,County_28703,Nevada,Urban,33.88,42.92,14.7,45.23
30241,County_30241,New Jersey,Urban,43.94,,20.82,56.81
12351,County_12351,Idaho,Rural,21.72,27.4,11.16,27.87
28063,County_28063,Nevada,Rural,32.52,42.34,14.18,36.06
31359,County_31359,New Mexico,Rural,14.78,21.36,7.78,19.46
44469,County_44469,Utah,Rural,28.01,35.66,14.27,35.25
35273,County_35273,Ohio,Rural,36.39,49.57,17.84,46.19
18861,County_18861,Louisiana,Rural,28.58,34.8,13.84,35.64
20391,County_20391,Maryland,Rural,15.12,20.03,5.01,18.62
23289,County_23289,Minnesota,Rural,15.25,23.01,5.65,15.26
17899,County_17899,Kentucky,Rural,31.49,35.68,14.26,40.18
27085,County_27085,Nebraska,Urban,19.39,22.61,7.16,24.69
2601,County_2601,Alaska,Urban,35.77,45.46,16.03,46.71
16097,County_16097,Kansas,Rural,23.19,31.05,8.22,27.29
15431,County_15431,Iowa,Urban,32.85,38.97,14.19,38.96
36719,County_36719,Oklahoma,Rural,19.58,21.92,8.83,15.36
33991,County_33991,North Carolina,Rural,28.47,,14.07,40.98
46131,County_46131,Virginia,Rural,14.04,18.8,6.03,24.05
50841,County_50841,Wyoming,Rural,28.44,36.3,11.7,39.16
37851,County_37851,Oregon,Rural,34.63,47.41,16.49,41.08
44597,County_44597,Utah,Suburban/Small City,24.47,30.26,14.07,28.25
1559,County_1559,Alabama,Suburban/Small City,23.34,30.45,10.5,21.75
13939,County_13939,Illinois,Rural,16.38,22.43,6.21,20.97
12151,County_12151,Idaho,Rural,14.36,20.97,4.97,15.56
4627,County_4627,Arkansas,Rural,34.99,45.65,14.42,43.52
12503,County_12503,Idaho,Rural,33.87,39.52,13.54,48.77
21395,County_21395,Massachusetts,Urban,18.91,22.19,8.68,15.28
50427,County_50427,Wyoming,Urban,17.61,21.59,8.53,14.4
33667,County_33667,North Carolina,Rural,23.57,29.19,9.14,27.47
27279,County_27279,Nebraska,Rural,15.01,17.51,6.32,15.8
4141,County_4141,Arkansas,Urban,38.72,52.52,19.63,49.85
21913,County_21913,Massachusetts,Urban,21.23,27.44,10.14,28.55
50549,County_50549,Wyoming,Urban,28.99,38.08,12.08,28.01
25429,County_25429,Missouri,Urban,34.79,46.78,14.78,43.0
40925,County_40925,South Carolina,Rural,31.1,43.4,12.16,33.04
22517,County_22517,Michigan,Rural,35.66,49.35,15.62,44.03
54293,County_54293,Other,Rural,28.57,36.46,14.1,37.67
11151,County_11151,Hawaii,Rural,28.32,36.33,13.28,33.82
15313,County_15313,Iowa,Suburban/Small City,26.8,33.09,15.07,31.88
46263,County_46263,Virginia,Suburban/Small City,23.23,31.55,9.71,21.23
27259,County_27259,Nebraska,Rural,31.36,38.33,14.55,40.67
45623,County_45623,Vermont,Rural,20.22,25.3,9.37,26.04
36525,County_36525,Oklahoma,Rural,28.83,35.97,15.48,33.84
54379,County_54379,Other,Rural,12.32,17.2,4.87,10.43
52271,County_52271,Other,Rural,16.83,24.13,6.17,15.04
46719,County_46719,Virginia,Rural,14.1,19.21,4.69,6.88
53663,County_53663,Other,Urban,41.45,53.13,20.13,52.88
26365,County_26365,Montana,Urban,17.29,23.5,9.78,17.81
18687,County_18687,Louisiana,Suburban/Small City,16.64,21.21,7.09,15.27
38385,County_38385,Pennsylvania,Urban,18.32,21.41,7.23,22.12
17631,County_17631,Kentucky,Urban,18.77,23.52,7.24,18.98
38271,County_38271,Pennsylvania,Rural,21.22,28.67,9.84,27.88
4263,County_4263,Arkansas,Urban,10.32,12.33,5.5,7.23
31201,County_31201,New Mexico,Urban,19.23,24.25,5.91,18.06
1131,County_1131,Alabama,Rural,30.53,40.04,15.47,38.84
9741,County_9741,Florida,Urban,21.14,28.75,9.5,23.08
46917,County_46917,Virginia,Urban,39.8,55.11,18.59,48.21
54951,County_54951,Other,Urban,12.29,18.27,5.64,5.89
9773,County_9773,Florida,Urban,32.95,40.77,15.26,41.77
34393,County_34393,North Dakota,Rural,,15.53,6.67,8.24
8639,County_8639,Delaware,Suburban/Small City,41.88,54.56,16.08,47.13
23597,County_23597,Minnesota,Urban,,44.68,16.3,40.27
33149,County_33149,North Carolina,Urban,22.85,27.02,11.32,28.08
12171,County_12171,Idaho,Rural,36.35,47.48,14.29,41.34
14161,County_14161,Indiana,Urban,14.17,,6.5,8.2
45379,County_45379,Vermont,Rural,21.72,25.69,10.56,18.65
40759,County_40759,South Carolina,Rural,32.73,42.89,12.92,45.04
47601,County_47601,Washington,Rural,14.35,19.09,7.58,9.74
22139,County_22139,Michigan,Urban,26.09,32.89,12.29,23.29
7993,County_7993,Connecticut,Suburban/Small City,27.14,33.19,12.82,23.82
18997,County_18997,Louisiana,Urban,16.82,20.98,6.49,16.35
3205,County_3205,Arizona,Rural,28.44,38.29,13.43,34.07
11901,County_11901,Hawaii,Rural,26.2,33.7,14.46,22.1
38095,County_38095,Pennsylvania,Rural,25.74,33.32,13.21,33.56
47729,County_47729,Washington,Urban,38.11,51.13,,54.7
22347,County_22347,Michigan,Rural,22.18,30.04,8.21,20.65
18269,County_18269,Louisiana,Rural,25.62,35.25,10.1,30.99
56571,County_56571,Other,Suburban/Small City,33.98,45.18,16.17,36.92
38471,County_38471,Pennsylvania,Urban,20.3,25.17,11.36,23.65
35685,County_35685,Ohio,Urban,29.37,37.18,10.84,35.71
41619,County_41619,South Dakota,Suburban/Small City,29.92,41.03,9.68,31.36
51701,County_51701,Other,Suburban/Small City,19.4,23.74,11.2,
49571,County_49571,Wisconsin,Rural,16.42,20.75,5.11,19.08
6531,County_6531,Colorado,Urban,32.24,43.01,12.51,36.98
1561,County_1561,Alabama,Urban,21.07,26.99,10.63,27.84
49089,County_49089,Wisconsin,Rural,16.6,21.64,4.3,17.16
15269,County_15269,Iowa,Urban,20.5,27.56,11.8,22.74
49493,County_49493,Wisconsin,Urban,27.76,34.11,12.57,40.2
8873,County_8873,Delaware,Rural,34.18,47.94,15.01,44.41
29907,County_29907,New Hampshire,Urban,20.96,28.95,9.97,25.51
29531,County_29531,New Hampshire,Urban,32.12,42.14,13.17,38.42
18877,County_18877,Louisiana,Rural,34.52,45.88,15.36,47.2
33499,County_33499,North Carolina,Urban,24.7,30.53,10.93,28.09
46953,County_46953,Virginia,Suburban/Small City,18.57,25.55,6.6,18.19
9011,County_9011,Florida,Urban,25.23,33.84,9.69,23.11
56781,County_56781,Other,Suburban/Small City,22.32,29.51,12.11,31.77
55825,County_55825,Other,Rural,23.65,30.17,11.77,23.57
20615,County_20615,Maryland,Rural,33.78,42.37,16.82,37.97
2551,County_2551,Alaska,Rural,24.27,30.36,11.57,31.83
29929,County_29929,New Hampshire,Rural,40.14,57.65,15.99,49.56
56995,County_56995,Other,Urban,14.97,23.26,7.01,18.52
50217,County_50217,Wyoming,Rural,30.65,39.86,11.97,40.94
2049,County_2049,Alaska,Urban,24.05,30.72,10.95,31.74
13967,County_13967,Illinois,Suburban/Small City,18.68,24.31,9.26,17.29
6541,County_6541,Colorado,Rural,34.31,42.28,15.71,37.46
23835,County_23835,Minnesota,Urban,33.96,45.22,14.15,48.41
55285,County_55285,Other,Rural,37.99,48.58,17.59,43.19
34827,County_34827,North Dakota,Urban,35.57,47.03,18.06,45.79
10707,County_10707,Georgia,Urban,28.79,35.42,13.31,39.09
17169,County_17169,Kentucky,Suburban/Small City,26.16,34.83,13.23,34.48
52865,County_52865,Other,Urban,21.61,25.25,8.61,31.45
39351,County_39351,Rhode Island,Rural,28.1,37.18,13.38,43.44
18303,County_18303,Louisiana,Rural,18.46,17.41,8.39,13.54
17295,County_17295,Kentucky,Rural,22.61,27.52,12.6,24.1
10093,County_10093,Georgia,Suburban/Small City,19.77,25.27,8.9,
56065,County_56065,Other,Rural,36.0,48.82,17.81,41.05
38423,County_38423,Pennsylvania,Urban,38.29,47.9,17.34,45.69
24583,County_24583,Mississippi,Rural,15.96,20.32,7.79,14.47
2943,County_2943,Alaska,Rural,26.65,35.45,12.16,30.24
45781,County_45781,Vermont,Rural,23.96,31.79,12.11,25.69
46647,County_46647,Virginia,Urban,25.99,36.4,11.36,29.85
6839,County_6839,Colorado,Rural,11.69,11.76,4.39,9.23
33359,County_33359,North Carolina,Rural,11.63,14.88,7.08,11.29
28353,County_28353,Nevada,Rural,12.22,19.44,3.41,10.5
49025,County_49025,Wisconsin,Rural,37.45,47.31,17.99,42.76
42555,County_42555,Tennessee,Suburban/Small City,21.4,28.29,9.26,20.24
11317,County_11317,Hawaii,Rural,32.02,42.1,14.35,38.35
43205,County_43205,Texas,Rural,36.98,49.66,17.69,45.41
35537,County_35537,Ohio,Urban,26.94,33.44,12.61,27.12
41551,County_41551,South Dakota,Rural,22.82,29.88,10.3,19.19
12651,County_12651,Idaho,Rural,15.7,18.39,8.07,7.27
44365,County_44365,Utah,Rural,24.54,35.08,10.25,29.14
11667,County_11667,Hawaii,Rural,28.56,36.58,12.41,29.77
56307,County_56307,Other,Suburban/Small City,23.46,27.6,10.56,34.01
30635,County_30635,New Jersey,Rural,21.09,28.56,10.48,16.57
24449,County_24449,Mississippi,Urban,26.91,36.82,13.91,31.87
40255,County_40255,South Carolina,Urban,31.86,41.52,13.68,39.61
10859,County_10859,Georgia,Urban,30.69,40.29,,35.48
19317,County_19317,Maine,Urban,41.29,54.17,16.05,54.11
15237,County_15237,Iowa,Urban,31.5,45.17,16.46,37.62
8505,County_8505,Delaware,Rural,17.13,20.38,7.18,13.61
52177,County_52177,Other,Urban,29.1,36.15,12.05,44.26
10423,County_10423,Georgia,Urban,37.17,53.02,17.29,40.29
22967,County_22967,Michigan,Rural,23.43,28.46,8.79,21.04
45125,County_45125,Vermont,Rural,23.75,31.1,6.96,34.36
1783,County_1783,Alabama,Urban,24.85,34.52,12.72,37.12
53437,County_53437,Other,Suburban/Small City,19.15,25.25,5.29,19.0
33677,County_33677,North Carolina,Rural,33.17,42.48,16.48,40.95
54303,County_54303,Other,Suburban/Small City,17.46,24.31,8.47,20.8
42309,County_42309,Tennessee,Suburban/Small City,34.33,44.48,13.6,42.01
32475,County_32475,New York,Urban,23.52,33.32,10.09,26.78
33347,County_33347,North Carolina,Urban,35.72,47.23,16.19,48.71
38153,County_38153,Pennsylvania,Rural,23.63,31.03,14.35,27.25
45423,County_45423,Vermont,Rural,26.37,32.53,9.76,38.72
20853,County_20853,Maryland,Rural,31.48,44.84,14.36,35.79
39991,County_39991,Rhode Island,Rural,33.94,44.61,15.64,45.45
26867,County_26867,Montana,Suburban/Small City,25.67,31.06,8.93,30.99
23037,County_23037,Minnesota,Urban,37.14,51.76,15.96,45.39
41955,County_41955,South Dakota,Rural,25.37,31.73,11.58,30.39
15547,County_15547,Iowa,Urban,24.63,30.63,12.07,31.88
48663,County_48663,West Virginia,Rural,18.32,25.55,6.55,17.75
7699,County_7699,Connecticut,Rural,34.21,43.29,16.59,41.29
35047,County_35047,Ohio,Rural,36.09,47.04,19.41,42.61
53167,County_53167,Other,Urban,41.03,53.73,17.44,
24501,County_24501,Mississippi,Rural,29.07,36.34,11.6,32.94
16445,County_16445,Kansas,Urban,24.24,29.25,11.57,30.49
17235,County_17235,Kentucky,Urban,31.89,39.97,13.61,41.77
26127,County_26127,Montana,Urban,,47.4,14.37,35.34
32745,County_32745,New York,Rural,27.9,32.52,12.17,38.52
50803,County_50803,Wyoming,Urban,32.79,40.55,13.29,44.02
27155,County_27155,Nebraska,Urban,36.24,47.75,17.37,44.7
32067,County_32067,New York,Urban,29.38,39.32,11.44,32.64
27651,County_27651,Nebraska,Rural,30.15,36.95,14.98,42.96
13815,County_13815,Illinois,Suburban/Small City,8.96,10.88,4.14,9.5
35163,County_35163,Ohio,Suburban/Small City,20.58,26.12,10.62,17.55
38629,County_38629,Pennsylvania,Rural,17.04,18.76,6.26,
28299,County_28299,Nevada,Urban,29.06,39.84,,41.08
40329,County_40329,South Carolina,Suburban/Small City,25.17,30.06,12.8,29.19
43701,County_43701,Texas,Urban,21.2,27.97,7.39,
36125,County_36125,Oklahoma,Rural,31.7,43.62,11.11,40.27
22019,County_22019,Michigan,Rural,19.85,24.37,8.72,23.25
48577,County_48577,West Virginia,Rural,19.04,25.79,7.86,21.62
5617,County_5617,California,Rural,22.41,31.35,9.16,26.63
38271,County_38271,Pennsylvania,Rural,27.02,32.52,11.2,31.94
31881,County_31881,New Mexico,Urban,22.72,26.89,9.5,19.13
18631,County_18631,Louisiana,Urban,20.7,30.12,9.52,24.48
14543,County_14543,Indiana,Rural,18.16,22.89,10.03,14.3
8915,County_8915,Delaware,Urban,12.09,13.38,6.23,14.18
51941,County_51941,Other,Urban,21.73,26.25,11.06,24.73
48691,County_48691,West Virginia,Rural,24.95,35.11,,37.88
14385,County_14385,Indiana,Suburban/Small City,31.01,42.28,13.72,32.82
54871,County_54871,Other,Urban,21.09,24.74,7.99,17.72
39763,County_39763,Rhode Island,Urban,13.35,18.43,7.08,12.93
40371,County_40371,South Carolina,Rural,22.86,29.99,7.62,22.32
42949,County_42949,Tennessee,Urban,19.68,26.66,8.37,29.65
29891,County_29891,New Hampshire,Urban,14.16,16.57,8.54,17.94
16039,County_16039,Kansas,Rural,21.25,26.14,8.58,22.3
3487,County_3487,Arizona,Rural,35.82,50.9,16.43,43.84
2029,County_2029,Alaska,Urban,25.56,34.1,11.27,24.92
35267,County_35267,Ohio,Rural,22.06,31.24,11.57,26.79
29041,County_29041,New Hampshire,Rural,18.81,23.09,9.26,14.87
28715,County_28715,Nevada,Rural,17.76,21.18,7.92,18.81
22767,County_22767,Michigan,Rural,22.72,29.49,,31.61
39533,County_39533,Rhode Island,Urban,24.19,31.97,9.76,17.52
31395,County_31395,New Mexico,Rural,33.9,45.82,15.41,44.35
28973,County_28973,Nevada,Suburban/Small City,20.53,24.79,8.08,27.32
55255,County_55255,Other,Urban,29.23,37.39,14.07,36.81
34915,County_34915,North Dakota,Rural,,19.77,,18.62
13557,County_13557,Illinois,Urban,23.65,30.96,11.97,19.41
41843,County_41843,South Dakota,Urban,9.96,14.83,5.32,11.89
45923,County_45923,Vermont,Urban,36.23,48.23,17.27,49.95
9143,County_9143,Florida,Suburban/Small City,22.49,27.75,9.18,30.79
10457,County_10457,Georgia,Rural,18.99,26.35,7.92,24.22
46513,County_46513,Virginia,Urban,33.49,44.05,15.31,43.1
36771,County_36771,Oklahoma,Rural,13.0,14.37,7.38,12.38
27855,County_27855,Nebraska,Urban,28.74,37.73,15.52,39.12
39621,County_39621,Rhode Island,Urban,40.51,55.88,18.64,53.48
27479,County_27479,Nebraska,Suburban/Small City,26.03,34.2,12.37,34.6
33447,County_33447,North Carolina,Urban,15.43,21.21,6.01,11.2
34237,County_34237,North Dakota,Rural,31.29,42.15,13.24,44.9
31989,County_31989,New Mexico,Rural,27.83,36.49,12.5,28.46
11105,County_11105,Hawaii,Rural,36.55,48.24,18.17,42.09
33497,County_33497,North Carolina,Rural,26.1,32.58,9.81,
40275,County_40275,South Carolina,Rural,,50.5,16.72,48.94
47919,County_47919,Washington,Suburban/Small City,38.81,51.08,16.57,49.05
43711,County_43711,Texas,Suburban/Small City,31.93,43.12,15.07,
3577,County_3577,Arizona,Rural,34.77,44.4,15.88,46.36
24971,County_24971,Mississippi,Rural,16.17,21.86,5.4,21.77
40065,County_40065,South Carolina,Urban,34.34,45.51,15.17,38.72
18239,County_18239,Louisiana,Rural,19.76,27.57,10.1,17.89
29107,County_29107,New Hampshire,Urban,38.48,51.95,16.38,49.11
27159,County_27159,Nebraska,Urban,11.16,12.69,6.27,11.75
24789,County_24789,Mississippi,Rural,27.32,38.12,13.72,32.18
5263,County_5263,California,Rural,32.86,43.0,14.89,39.48
15039,County_15039,Iowa,Rural,38.91,53.44,18.66,52.47
3057,County_3057,Arizona,Rural,12.13,14.34,6.25,8.81
33405,County_33405,North Carolina,Rural,26.76,31.66,13.24,34.3
45341,County_45341,Vermont,Urban,17.05,22.55,9.35,15.52
51799,County_51799,Other,Urban,25.29,32.46,10.76,22.96
52863,County_52863,Other,Urban,17.65,23.84,6.53,20.73
12887,County_12887,Idaho,Suburban/Small City,17.17,22.4,6.19,21.98
9197,County_9197,Florida,Rural,29.3,37.48,12.7,33.16
18243,County_18243,Louisiana,Rural,21.28,28.92,7.05,30.6
36461,County_36461,Oklahoma,Rural,21.95,29.41,8.89,19.31
2793,County_2793,Alaska,Rural,22.49,25.24,9.58,28.44
6177,County_6177,Colorado,Urban,24.41,28.65,11.91,24.34
48373,County_48373,West Virginia,Urban,35.36,44.78,17.83,39.35
33817,County_33817,North Carolina,Urban,20.98,,8.72,20.46
4411,County_4411,Arkansas,Rural,,38.07,9.06,38.65
40505,County_40505,South Carolina,Urban,27.98,36.2,13.62,36.68
21583,County_21583,Massachusetts,Urban,18.35,23.74,7.01,21.14
17549,County_17549,Kentucky,Rural,16.35,21.44,6.6,
1343,County_1343,Alabama,Rural,17.37,23.27,8.56,15.19
33681,County_33681,North Carolina,Urban,26.03,36.77,8.49,27.04
22147,County_22147,Michigan,Rural,15.3,19.56,6.89,10.17
38871,County_38871,Pennsylvania,Urban,22.0,29.95,13.12,28.74
22577,County_22577,Michigan,Rural,21.26,26.61,7.1,20.65
17503,County_17503,Kentucky,Rural,25.82,34.68,10.06,
19283,County_19283,Maine,Suburban/Small City,20.84,28.75,8.98,32.28
45415,County_45415,Vermont,Rural,16.36,23.85,9.22,17.84
18589,County_18589,Louisiana,Suburban/Small City,27.94,35.72,11.74,43.33
40107,County_40107,South Carolina,Rural,13.71,20.41,9.63,
21561,County_21561,Massachusetts,Urban,12.76,18.0,7.85,13.44
49213,County_49213,Wisconsin,Rural,26.12,32.27,12.57,32.61
31087,County_31087,New Mexico,Rural,23.35,30.66,8.53,28.85
22311,County_22311,Michigan,Rural,25.9,33.52,10.61,33.17
19215,County_19215,Maine,Urban,31.53,40.45,17.04,41.51
28095,County_28095,Nevada,Rural,19.88,25.77,10.15,19.34
12853,County_12853,Idaho,Rural,16.91,21.93,6.42,26.28
18867,County_18867,Louisiana,Rural,17.92,21.61,,13.77
26747,County_26747,Montana,Urban,34.22,49.65,15.5,47.47
29005,County_29005,New Hampshire,Rural,32.99,45.74,18.1,43.36
3053,County_3053,Arizona,Rural,22.0,27.95,10.21,24.78
34185,County_34185,North Dakota,Rural,28.72,,15.81,40.1
10191,County_10191,Georgia,Urban,14.53,15.56,7.9,11.83
47545,County_47545,Washington,Suburban/Small City,30.68,39.62,12.88,36.12
21563,County_21563,Massachusetts,Rural,21.06,27.49,9.49,25.25
50609,County_50609,Wyoming,Rural,19.5,26.01,9.89,26.84
22037,County_22037,Michigan,Suburban/Small City,28.63,37.99,13.07,34.83
30899,County_30899,New Jersey,Urban,14.77,19.19,5.05,8.32
8977,County_8977,Delaware,Rural,20.29,24.69,9.04,20.21
5027,County_5027,California,Suburban/Small City,26.59,36.06,6.51,33.43
19353,County_19353,Maine,Rural,30.06,37.42,14.65,38.23
32753,County_32753,New York,Rural,31.49,43.17,15.72,34.64
42347,County_42347,Tennessee,Rural,30.41,39.47,11.91,41.64
31281,County_31281,New Mexico,Rural,32.19,42.64,15.57,34.92
35415,County_35415,Ohio,Rural,18.26,20.69,11.48,19.68
27849,County_27849,Nebraska,Rural,33.01,45.38,16.27,46.11
19517,County_19517,Maine,Suburban/Small City,11.48,18.83,5.24,6.29
4739,County_4739,Arkansas,Rural,20.85,30.07,9.68,25.37
52227,County_52227,Other,Urban,29.01,40.27,13.44,33.67
12797,County_12797,Idaho,Urban,27.68,34.16,15.06,32.45
10683,County_10683,Georgia,Urban,15.48,22.02,5.27,16.85
26859,County_26859,Montana,Suburban/Small City,30.62,39.17,13.01,38.67
23671,County_23671,Minnesota,Urban,31.18,38.93,13.92,39.45
33023,County_33023,North Carolina,Rural,21.66,28.38,9.62,33.41
15953,County_15953,Iowa,Urban,14.95,20.55,4.85,11.26
5857,County_5857,California,Rural,12.9,15.63,3.36,17.01
1273,County_1273,Alabama,Rural,34.04,46.03,,34.07
15115,County_15115,Iowa,Urban,42.53,53.49,18.86,54.85
4045,County_4045,Arkansas,Rural,15.53,22.96,5.85,13.0
42779,County_42779,Tennessee,Urban,30.09,38.8,13.18,35.02
2563,County_2563,Alaska,Urban,28.18,36.96,10.23,32.61
26607,County_26607,Montana,Rural,15.24,17.11,6.88,15.33
19537,County_19537,Maine,Urban,31.92,44.13,14.43,45.89
33315,County_33315,North Carolina,Suburban/Small City,29.81,34.2,11.37,33.4
35629,County_35629,Ohio,Rural,35.08,46.39,12.84,
51861,County_51861,Other,Urban,29.0,37.57,12.19,44.88
37731,County_37731,Oregon,Rural,11.05,17.05,2.39,10.82
2245,County_2245,Alaska,Rural,17.28,20.22,4.59,17.97
56633,County_56633,Other,Suburban/Small City,31.18,43.05,12.94,35.04
32857,County_32857,New York,Urban,24.65,33.73,10.52,24.43
23385,County_23385,Minnesota,Urban,40.14,48.32,17.41,49.0
36263,County_36263,Oklahoma,Suburban/Small City,24.13,30.23,8.78,25.56
27393,County_27393,Nebraska,Rural,14.56,14.23,3.94,11.15
9931,County_9931,Florida,Suburban/Small City,23.33,28.64,8.95,28.9
9015,County_9015,Florida,Urban,31.72,38.67,15.27,37.3
47291,County_47291,Washington,Suburban/Small City,20.55,28.74,7.77,28.99
1775,County_1775,Alabama,Rural,27.59,38.22,13.44,34.56
2383,County_2383,Alaska,Urban,37.84,45.61,15.38,46.46
15893,County_15893,Iowa,Rural,20.49,26.8,10.63,22.69
29425,County_29425,New Hampshire,Rural,27.04,,9.17,31.45
37407,County_37407,Oregon,Urban,25.13,31.2,9.76,25.51
6947,County_6947,Colorado,Rural,27.58,38.8,13.46,38.89
48447,County_48447,West Virginia,Rural,13.65,16.0,5.44,13.23
11207,County_11207,Hawaii,Urban,24.95,32.91,12.4,25.2
42827,County_42827,Tennessee,Urban,16.98,23.7,9.95,18.18
45521,County_45521,Vermont,Urban,,41.72,,36.86
26529,County_26529,Montana,Suburban/Small City,20.88,29.85,8.44,23.64
28565,County_28565,Nevada,Rural,24.89,32.88,11.06,30.74
37325,County_37325,Oregon,Suburban/Small City,30.05,34.77,16.53,38.83
24367,County_24367,Mississippi,Suburban/Small City,25.87,33.39,10.05,30.94
9985,County_9985,Florida,Urban,39.69,49.72,19.87,52.91
9461,County_9461,Florida,Rural,,35.13,12.27,37.56
50549,County_50549,Wyoming,Suburban/Small City,27.13,33.91,12.37,34.58
38229,County_38229,Pennsylvania,Urban,37.29,44.85,13.94,45.68
36715,County_36715,Oklahoma,Rural,34.9,48.32,16.76,44.42
43133,County_43133,Texas,Rural,24.21,28.23,9.08,32.48
56937,County_56937,Other,Suburban/Small City,11.46,,5.44,10.3
56265,County_56265,Other,Urban,24.11,30.04,9.62,
2205,County_2205,Alaska,Urban,23.75,30.74,12.86,35.41
34117,County_34117,North Dakota,Urban,34.92,46.79,17.84,42.09
54743,County_54743,Other,Rural,25.7,34.2,10.97,37.51
29063,County_29063,New Hampshire,Urban,31.39,42.5,14.37,47.46
49559,County_49559,Wisconsin,Suburban/Small City,27.53,36.5,13.62,37.06
46109,County_46109,Virginia,Rural,17.59,22.6,8.13,14.04
53795,County_53795,Other,Rural,16.02,18.28,7.75,13.55
8271,County_8271,Delaware,Urban,31.91,40.78,16.24,37.68
52063,County_52063,Other,Rural,19.79,22.85,11.1,15.32
28041,County_28041,Nevada,Rural,22.35,25.57,11.37,26.38
43681,County_43681,Texas,Urban,29.79,38.28,11.91,36.56
45315,County_45315,Vermont,Urban,34.26,42.72,14.31,37.45
52631,County_52631,Other,Urban,33.17,40.41,15.34,39.1
43665,County_43665,Texas,Urban,33.07,41.6,14.91,43.6
54469,County_54469,Other,Rural,30.33,39.76,12.76,39.93
56745,County_56745,Other,Urban,24.57,28.04,7.73,32.27
11253,County_11253,Hawaii,Urban,34.6,45.07,16.25,48.75
17845,County_17845,Kentucky,Rural,11.73,13.66,7.17,6.34
26905,County_26905,Montana,Urban,26.03,35.08,13.13,32.87
12535,County_12535,Idaho,Rural,24.45,30.32,11.41,21.83
30951,County_30951,New Jersey,Rural,19.96,26.66,11.28,21.33
45159,County_45159,Vermont,Rural,32.08,38.82,15.47,45.37
12061,County_12061,Idaho,Rural,22.14,26.13,8.45,23.3
11275,County_11275,Hawaii,Rural,40.16,47.59,20.66,60.07
52483,County_52483,Other,Rural,40.35,53.39,21.18,51.56
49411,County_49411,Wisconsin,Rural,41.66,53.39,21.72,52.09
53113,County_53113,Other,Rural,37.03,50.32,14.57,51.48
1537,County_1537,Alabama,Urban,18.9,25.55,6.66,22.29
47349,County_47349,Washington,Urban,21.99,29.07,9.44,24.3
26339,County_26339,Montana,Rural,29.22,38.18,14.5,34.1
24543,County_24543,Mississippi,Rural,23.24,28.61,13.22,33.88
34335,County_34335,North Dakota,Rural,40.51,53.05,20.35,41.51
1573,County_1573,Alabama,Rural,26.4,30.6,8.79,34.31
37333,County_37333,Oregon,Urban,17.61,22.51,10.08,17.92
46175,County_46175,Virginia,Rural,23.28,31.0,13.48,29.3
46461,County_46461,Virginia,Urban,17.13,24.66,7.74,21.96
15123,County_15123,Iowa,Rural,14.33,14.45,7.1,14.83
43745,County_43745,Texas,Rural,14.04,20.16,4.33,
16347,County_16347,Kansas,Urban,36.56,44.47,18.51,43.76
38389,County_38389,Pennsylvania,Urban,19.46,24.17,9.79,23.73
11721,County_11721,Hawaii,Rural,10.99,14.33,3.75,17.81
34371,County_34371,North Dakota,Rural,28.43,41.4,14.04,36.26
41417,County_41417,South Dakota,Suburban/Small City,19.16,26.14,7.26,18.97
54919,County_54919,Other,Urban,10.22,9.48,2.85,5.95
8723,County_8723,Delaware,Rural,,26.45,8.43,20.79
28345,County_28345,Nevada,Rural,21.34,24.48,9.91,23.39
4901,County_4901,Arkansas,Rural,30.6,36.73,15.93,37.2
12407,County_12407,Idaho,Rural,30.21,37.3,11.61,50.29
45997,County_45997,Vermont,Rural,14.99,19.64,7.27,18.84
42801,County_42801,Tennessee,Urban,24.38,30.01,11.48,26.78
52251,County_52251,Other,Rural,27.4,38.14,10.33,34.62
46017,County_46017,Virginia,Rural,13.61,17.58,6.35,18.82
51153,County_51153,Other,Urban,29.88,39.57,16.28,41.05
28365,County_28365,Nevada,Rural,13.18,,6.15,10.42
48967,County_48967,West Virginia,Suburban/Small City,35.2,43.63,12.84,45.13
33825,County_33825,North Carolina,Rural,33.69,44.22,14.83,42.53
18593,County_18593,Louisiana,Rural,24.16,35.04,11.2,28.42
48545,County_48545,West Virginia,Urban,39.83,51.23,18.1,51.53
16371,County_16371,Kansas,Urban,27.95,36.77,15.25,34.13
49101,County_49101,Wisconsin,Suburban/Small City,15.67,21.58,5.32,9.1
19017,County_19017,Maine,Urban,,22.56,8.58,29.37
31991,County_31991,New Mexico,Rural,28.75,36.16,10.99,31.54
46505,County_46505,Virginia,Urban,33.72,43.76,17.72,38.78
48679,County_48679,West Virginia,Rural,12.7,16.34,6.82,7.8
8215,County_8215,Delaware,Urban,38.49,51.3,17.06,55.98
51935,County_51935,Other,Rural,42.04,52.02,20.03,48.43
38045,County_38045,Pennsylvania,Rural,44.05,,21.11,44.17
20073,County_20073,Maryland,Urban,25.1,32.2,12.17,27.65
31271,County_31271,New Mexico,Urban,9.12,8.6,3.83,2.05
23217,County_23217,Minnesota,Rural,14.3,18.58,7.17,14.92
22095,County_22095,Michigan,Suburban/Small City,26.64,29.85,8.95,29.26
30965,County_30965,New Jersey,Rural,33.44,42.19,12.9,35.2
1739,County_1739,Alabama,Urban,20.01,29.56,9.12,23.63
5381,County_5381,California,Rural,21.34,25.8,11.95,19.5
20423,County_20423,Maryland,Rural,25.17,30.44,12.48,
18937,County_18937,Louisiana,Rural,36.97,48.24,17.72,47.66
22291,County_22291,Michigan,Urban,25.89,34.7,11.4,
32277,County_32277,New York,Urban,36.7,48.14,17.88,47.63
46531,County_46531,Virginia,Rural,38.19,51.69,17.28,53.91
35273,County_35273,Ohio,Rural,42.84,54.41,21.49,53.89
20429,County_20429,Maryland,Rural,28.03,37.87,10.39,38.26
37343,County_37343,Oregon,Urban,31.46,37.76,13.94,34.38
33023,County_33023,North Carolina,Suburban/Small City,33.5,42.35,18.4,53.48
33281,County_33281,North Carolina,Rural,29.03,39.61,12.09,35.54
56407,County_56407,Other,Rural,27.37,36.12,13.09,32.89
1947,County_1947,Alabama,Rural,,48.99,19.15,49.38
22995,County_22995,Michigan,Rural,27.53,37.39,15.03,35.93
43901,County_43901,Texas,Rural,37.88,48.21,18.29,43.62
56251,County_56251,Other,Urban,23.59,,10.75,31.77
51809,County_51809,Other,Urban,30.85,44.63,14.47,37.62
45151,County_45151,Vermont,Rural,18.27,23.91,8.85,17.24
55955,County_55955,Other,Rural,36.48,48.71,14.73,41.5
46403,County_46403,Virginia,Urban,29.06,36.2,12.55,31.44
11313,County_11313,Hawaii,Urban,19.0,23.89,8.04,23.63
15545,County_15545,Iowa,Rural,28.47,34.31,13.26,37.53
21817,County_21817,Massachusetts,Urban,20.98,23.44,8.15,22.72
12787,County_12787,Idaho,Rural,24.72,33.61,9.2,39.25
6417,County_6417,Colorado,Rural,,19.93,8.68,17.83
37295,County_37295,Oregon,Rural,33.31,45.91,12.88,36.16
54817,County_54817,Other,Rural,29.53,41.86,13.44,42.54
20495,County_20495,Maryland,Urban,19.25,25.24,8.07,17.89
24217,County_24217,Mississippi,Rural,25.76,33.25,10.72,28.42
33587,County_33587,North Carolina,Rural,16.3,20.81,,22.46
55727,County_55727,Other,Urban,12.93,17.97,5.91,13.8
45541,County_45541,Vermont,Urban,27.53,38.29,12.07,31.06
16487,County_16487,Kansas,Rural,25.72,36.73,10.23,31.63
6379,County_6379,Colorado,Suburban/Small City,17.68,23.08,,21.57
9821,County_9821,Florida,Urban,32.65,44.68,15.36,50.63
36395,County_36395,Oklahoma,Rural,43.79,57.17,19.37,
36651,County_36651,Oklahoma,Urban,33.48,44.05,12.4,37.52
41493,County_41493,South Dakota,Urban,22.08,30.13,11.13,22.78
41335,County_41335,South Dakota,Rural,32.31,41.27,12.59,37.98
48335,County_48335,West Virginia,Urban,25.05,31.67,11.02,30.93
51779,County_51779,Other,Rural,11.84,18.63,2.52,5.4
26637,County_26637,Montana,Urban,17.85,23.63,9.04,18.18
14829,County_14829,Indiana,Rural,21.97,28.19,7.81,23.34
12795,County_12795,Idaho,Urban,17.99,24.59,6.3,21.74
41731,County_41731,South Dakota,Urban,25.29,30.08,12.16,30.75
19653,County_19653,Maine,Rural,33.16,42.08,14.51,
14605,County_14605,Indiana,Rural,23.29,33.51,8.71,24.72
40219,County_40219,South Carolina,Rural,29.54,40.14,13.36,32.01
43505,County_43505,Texas,Rural,23.62,29.69,8.59,28.35
16249,County_16249,Kansas,Urban,26.24,32.24,12.4,32.59
10697,County_10697,Georgia,Suburban/Small City,32.95,41.38,14.59,40.24
36203,County_36203,Oklahoma,Suburban/Small City,27.48,35.51,10.91,34.97
52287,County_52287,Other,Rural,11.46,15.22,6.23,0.78
9211,County_9211,Florida,Rural,23.69,31.79,12.01,30.0
56419,County_56419,Other,Suburban/Small City,34.82,48.23,16.55,46.07
29057,County_29057,New Hampshire,Suburban/Small City,22.53,25.21,8.7,25.73
5517,County_5517,California,Rural,30.33,40.91,9.59,37.87
20851,County_20851,Maryland,Rural,14.18,19.99,5.35,10.84
11655,County_11655,Hawaii,Urban,21.46,28.67,9.61,24.56
17579,County_17579,Kentucky,Rural,37.89,48.69,16.82,46.27
11401,County_11401,Hawaii,Suburban/Small City,20.47,26.49,9.43,17.45
5719,County_5719,California,Suburban/Small City,13.05,16.03,3.95,11.03
48187,County_48187,West Virginia,Rural,27.28,36.53,12.4,33.75
30787,County_30787,New Jersey,Urban,20.69,24.34,10.57,22.95
26877,County_26877,Montana,Urban,35.16,47.31,13.2,46.5
17249,County_17249,Kentucky,Rural,34.09,40.65,14.07,50.97
5357,County_5357,California,Suburban/Small City,21.03,26.75,3.48,16.63
30585,County_30585,New Jersey,Rural,31.69,42.25,15.04,42.35
18197,County_18197,Louisiana,Rural,30.17,42.05,12.21,43.1
30419,County_30419,New Jersey,Urban,34.76,45.38,13.03,45.37
16383,County_16383,Kansas,Urban,23.55,32.18,8.67,23.46
43531,County_43531,Texas,Rural,14.76,21.27,8.64,13.1
54717,County_54717,Other,Rural,40.73,51.82,20.2,48.08
21923,County_21923,Massachusetts,Rural,20.38,26.23,10.41,18.03
31557,County_31557,New Mexico,Rural,18.07,24.03,7.47,6.48
13947,County_13947,Illinois,Rural,27.64,35.76,14.26,31.35
50715,County_50715,Wyoming,Rural,30.04,42.27,13.08,42.48
16421,County_16421,Kansas,Suburban/Small City,21.52,28.86,10.09,21.55
54317,County_54317,Other,Rural,41.98,53.98,19.23,58.27
11763,County_11763,Hawaii,Rural,15.8,17.06,4.49,16.89
50233,County_50233,Wyoming,Urban,25.36,33.77,11.96,20.95
56849,County_56849,Other,Urban,38.8,51.82,19.29,
38561,County_38561,Pennsylvania,Urban,17.8,21.33,7.17,11.83
9543,County_9543,Florida,Suburban/Small City,29.62,41.53,10.19,32.13
13387,County_13387,Illinois,Urban,24.13,33.26,12.48,
44031,County_44031,Utah,Urban,30.45,40.1,,41.07
22515,County_22515,Michigan,Rural,23.19,30.82,8.82,23.92
5895,County_5895,California,Urban,38.65,49.34,,45.48
47723,County_47723,Washington,Urban,18.05,19.47,7.97,21.39
16511,County_16511,Kansas,Suburban/Small City,11.02,,,
52281,County_52281,Other,Urban,29.93,37.2,11.69,36.62
5149,County_5149,California,Urban,20.83,30.07,11.67,30.01
14179,County_14179,Indiana,Rural,20.0,25.54,9.08,20.13
19697,County_19697,Maine,Rural,25.21,36.12,12.0,24.54
54093,County_54093,Other,Rural,29.36,37.0,13.23,35.15
25199,County_25199,Missouri,Urban,20.8,32.06,10.81,28.61
19179,County_19179,Maine,Suburban/Small City,36.81,49.2,16.51,45.65
4653,County_4653,Arkansas,Rural,21.55,32.03,9.99,25.04
50273,County_50273,Wyoming,Urban,28.66,38.31,11.95,38.98
24739,County_24739,Mississippi,Suburban/Small City,32.17,42.89,13.98,40.89
27649,County_27649,Nebraska,Urban,13.39,18.16,6.32,9.61
16201,County_16201,Kansas,Urban,19.17,23.86,9.3,17.57
40373,County_40373,South Carolina,Rural,35.59,45.43,15.82,38.26
54629,County_54629,Other,Urban,25.33,34.31,8.48,29.47
35535,County_35535,Ohio,Rural,30.34,38.36,12.03,38.99
28739,County_28739,Nevada,Suburban/Small City,34.05,44.25,14.14,50.19
31913,County_31913,New Mexico,Rural,18.49,26.86,7.03,16.03
35009,County_35009,Ohio,Urban,31.7,41.05,13.36,39.13
47593,County_47593,Washington,Rural,13.43,16.09,10.05,
12129,County_12129,Idaho,Rural,19.07,23.6,7.27,25.9
19885,County_19885,Maine,Urban,21.25,30.68,9.34,24.36
5575,County_5575,California,Rural,41.63,53.19,20.53,60.36
54701,County_54701,Other,Rural,14.12,18.93,1.4,13.69
40549,County_40549,South Carolina,Urban,35.03,47.37,14.9,47.13
2631,County_2631,Alaska,Rural,11.76,15.76,7.63,8.92
25529,County_25529,Missouri,Urban,24.23,32.29,12.24,27.05
37101,County_37101,Oregon,Rural,38.78,49.57,20.21,51.26
50967,County_50967,Wyoming,Rural,19.62,24.73,10.03,19.12
25241,County_25241,Missouri,Rural,20.7,25.28,9.99,29.49
20011,County_20011,Maryland,Urban,21.5,27.35,10.34,13.64
23655,County_23655,Minnesota,Rural,7.74,14.96,6.61,8.1
15363,County_15363,Iowa,Rural,21.45,26.55,10.43,29.9
27933,County_27933,Nebraska,Rural,41.18,55.64,16.81,50.25
21529,County_21529,Massachusetts,Urban,23.84,30.37,10.58,22.59
21039,County_21039,Massachusetts,Urban,15.46,21.2,6.55,9.27
13735,County_13735,Illinois,Rural,29.99,40.49,14.34,34.88
9969,County_9969,Florida,Urban,21.89,27.35,7.19,17.71
51597,County_51597,Other,Urban,24.12,31.6,13.76,34.59
15511,County_15511,Iowa,Suburban/Small City,33.61,44.98,15.47,46.14
8363,County_8363,Delaware,Rural,18.1,25.24,6.88,15.62
28939,County_28939,Nevada,Urban,33.27,43.19,15.82,38.81
39775,County_39775,Rhode Island,Rural,20.93,22.55,9.65,21.24
17621,County_17621,Kentucky,Rural,,53.01,16.57,53.84
56423,County_56423,Other,Rural,34.34,45.59,15.1,51.14
46609,County_46609,Virginia,Rural,,51.23,15.28,52.77
32561,County_32561,New York,Rural,22.26,28.22,13.57,20.55
9063,County_9063,Florida,Suburban/Small City,11.47,11.71,,8.88
8535,County_8535,Delaware,Urban,15.5,18.02,7.42,13.25
44557,County_44557,Utah,Rural,26.25,34.9,10.56,30.72
56235,County_56235,Other,Urban,34.59,42.09,15.19,42.15
30947,County_30947,New Jersey,Rural,38.52,50.57,16.42,44.24
8671,County_8671,Delaware,Rural,20.47,23.98,6.49,19.53
11413,County_11413,Hawaii,Rural,25.4,30.96,9.84,34.98
3455,County_3455,Arizona,Rural,34.68,43.65,16.19,46.54
3857,County_3857,Arizona,Urban,37.53,47.7,17.92,46.39
12025,County_12025,Idaho,Rural,21.33,30.44,10.7,18.03
32651,County_32651,New York,Rural,28.4,36.98,12.89,36.28
20901,County_20901,Maryland,Suburban/Small City,13.7,19.0,5.08,12.44
6379,County_6379,Colorado,Urban,13.64,15.01,3.7,11.87
43467,County_43467,Texas,Rural,35.55,46.36,17.71,41.84
41793,County_41793,South Dakota,Rural,21.17,26.01,13.69,21.41
42693,County_42693,Tennessee,Urban,27.52,37.78,12.75,33.51
11265,County_11265,Hawaii,Rural,16.52,20.23,6.82,16.39
37609,County_37609,Oregon,Rural,13.5,20.0,8.01,20.96
19197,County_19197,Maine,Suburban/Small City,29.91,38.71,13.99,35.28
5681,County_5681,California,Rural,34.0,44.32,19.04,40.36
37265,County_37265,Oregon,Rural,28.91,39.32,14.95,27.7
27973,County_27973,Nebraska,Urban,23.55,31.53,8.08,29.14
56683,County_56683,Other,Rural,11.37,13.69,7.35,7.54
10131,County_10131,Georgia,Urban,27.97,34.56,13.31,31.97
26251,County_26251,Montana,Urban,37.23,48.45,,41.48
18541,County_18541,Louisiana,Urban,16.7,22.6,6.31,18.75
23121,County_23121,Minnesota,Rural,26.09,34.34,12.41,35.22
8279,County_8279,Delaware,Rural,15.48,17.52,7.64,15.56
5401,County_5401,California,Urban,28.42,35.38,11.56,35.84
52347,County_52347,Other,Rural,24.9,33.21,9.75,22.61
17125,County_17125,Kentucky,Suburban/Small City,38.99,49.76,18.36,54.91
42929,County_42929,Tennessee,Suburban/Small City,28.83,38.39,14.95,29.96
16871,County_16871,Kansas,Urban,9.92,15.23,3.17,4.2
48417,County_48417,West Virginia,Suburban/Small City,14.17,18.86,4.46,8.24
7463,County_7463,Connecticut,Rural,25.32,30.09,11.55,27.65
36717,County_36717,Oklahoma,Urban,28.49,41.46,13.04,35.47
43411,County_43411,Texas,Rural,18.14,21.86,6.6,15.92
9517,County_9517,Florida,Rural,30.58,41.08,9.26,29.85
38809,County_38809,Pennsylvania,Urban,23.79,33.87,9.48,24.16
48439,County_48439,West Virginia,Rural,14.52,20.53,5.72,12.23
35007,County_35007,Ohio,Rural,29.25,38.07,15.05,35.95
53415,County_53415,Other,Rural,19.7,24.57,7.43,17.88
44497,County_44497,Utah,Suburban/Small City,28.43,35.45,11.65,38.76
50147,County_50147,Wyoming,Suburban/Small City,34.98,44.36,16.08,42.82
14145,County_14145,Indiana,Urban,11.09,12.55,5.05,6.68
22187,County_22187,Michigan,Rural,19.85,25.23,6.76,27.71
28605,County_28605,Nevada,Urban,20.71,24.77,8.24,17.37
40275,County_40275,South Carolina,Rural,7.59,13.68,1.81,
48305,County_48305,West Virginia,Suburban/Small City,29.1,34.98,13.78,
38939,County_38939,Pennsylvania,Rural,36.54,46.63,17.12,49.66
31765,County_31765,New Mexico,Rural,12.41,20.14,8.75,12.48
39775,County_39775,Rhode Island,Rural,22.17,26.68,10.32,22.77
34861,County_34861,North Dakota,Urban,30.38,36.43,13.25,32.41
50969,County_50969,Wyoming,Urban,21.0,26.7,9.79,22.4
48753,County_48753,West Virginia,Rural,40.78,52.52,17.37,51.31
4673,County_4673,Arkansas,Rural,41.42,54.69,19.75,48.47
25423,County_25423,Missouri,Suburban/Small City,,47.2,16.21,40.66
55809,County_55809,Other,Rural,19.56,23.64,7.61,23.64
52057,County_52057,Other,Rural,24.38,31.28,11.51,24.52
14777,County_14777,Indiana,Rural,31.35,41.87,13.07,30.44
33617,County_33617,North Carolina,Urban,36.78,50.66,16.56,48.64
3255,County_3255,Arizona,Urban,45.9,57.53,19.52,60.13
50971,County_50971,Wyoming,Suburban/Small City,19.97,27.64,10.21,27.38
28683,County_28683,Nevada,Urban,24.81,31.23,11.63,29.7
34675,County_34675,North Dakota,Rural,16.78,25.81,10.44,20.54
37153,County_37153,Oregon,Rural,40.76,54.35,18.45,58.48
27497,County_27497,Nebraska,Rural,21.38,23.55,9.22,20.24
40623,County_40623,South Carolina,Rural,16.37,23.54,9.87,11.41
6829,County_6829,Colorado,Suburban/Small City,,33.63,9.32,30.55
49647,County_49647,Wisconsin,Urban,15.54,25.01,7.26,21.73
24611,County_24611,Mississippi,Urban,28.14,39.59,13.23,26.31
17671,County_17671,Kentucky,Rural,17.76,20.46,,25.6
25629,County_25629,Missouri,Urban,19.54,29.68,6.05,22.57
39483,County_39483,Rhode Island,Suburban/Small City,23.79,35.23,12.19,
12259,County_12259,Idaho,Urban,14.37,18.88,6.92,18.58
6725,County_6725,Colorado,Rural,11.26,12.39,2.91,14.82
3177,County_3177,Arizona,Rural,18.25,24.05,8.79,14.97
25827,County_25827,Missouri,Rural,37.59,48.42,19.91,50.38
44123,County_44123,Utah,Suburban/Small City,26.21,,10.55,36.45
28753,County_28753,Nevada,Rural,13.7,19.12,5.08,15.03
34943,County_34943,North Dakota,Urban,31.82,39.25,15.09,35.56
20057,County_20057,Maryland,Rural,34.64,45.83,18.37,35.22
54393,County_54393,Other,Rural,,26.91,9.07,34.55
55315,County_55315,Other,Rural,30.51,40.26,14.21,44.24
53271,County_53271,Other,Rural,29.62,36.24,13.16,32.76
18827,County_18827,Louisiana,Urban,25.22,30.21,13.76,33.17
14099,County_14099,Indiana,Rural,20.45,25.78,8.11,23.98
13085,County_13085,Illinois,Suburban/Small City,9.69,12.81,3.15,6.25
40845,County_40845,South Carolina,Rural,29.64,39.29,12.96,34.13
1853,County_1853,Alabama,Urban,26.74,35.19,13.77,29.46
39249,County_39249,Rhode Island,Rural,30.79,39.25,12.83,37.88
49747,County_49747,Wisconsin,Urban,23.27,33.45,7.99,25.2
16669,County_16669,Kansas,Rural,14.75,19.86,4.88,22.63
53273,County_53273,Other,Urban,31.79,39.34,15.09,35.02
54503,County_54503,Other,Rural,28.41,39.05,14.69,36.98
21713,County_21713,Massachusetts,Rural,30.3,38.54,11.77,32.32
32157,County_32157,New York,Rural,11.8,17.68,4.42,11.4
41043,County_41043,South Dakota,Suburban/Small City,22.11,28.64,12.93,24.12
15569,County_15569,Iowa,Rural,29.69,37.96,14.45,40.36
33431,County_33431,North Carolina,Rural,27.55,35.59,10.91,28.39
23297,County_23297,Minnesota,Urban,24.69,33.85,,21.83
19125,County_19125,Maine,Rural,35.5,47.87,14.92,47.72
20273,County_20273,Maryland,Rural,24.6,31.37,12.04,40.13
14697,County_14697,Indiana,Rural,16.63,21.92,,15.53
18625,County_18625,Louisiana,Urban,22.07,28.22,12.93,23.1
21507,County_21507,Massachusetts,Urban,27.51,37.06,10.59,36.77
1235,County_1235,Alabama,Rural,10.92,13.96,3.75,0.2
21993,County_21993,Massachusetts,Rural,28.21,37.11,11.57,26.67
24581,County_24581,Mississippi,Rural,16.79,22.56,10.63,20.15
42315,County_42315,Tennessee,Rural,9.1,12.94,4.16,2.8
54525,County_54525,Other,Rural,17.57,23.79,9.19,20.23
13825,County_13825,Illinois,Rural,33.36,44.12,15.45,42.49
40317,County_40317,South Carolina,Urban,39.32,53.78,18.29,46.54
25325,County_25325,Missouri,Rural,22.02,30.97,10.11,29.51
53911,County_53911,Other,Suburban/Small City,27.09,35.17,9.05,33.87
19133,County_19133,Maine,Suburban/Small City,14.5,20.27,7.59,14.24
43571,County_43571,Texas,Urban,35.95,50.28,13.55,49.08
30259,County_30259,New Jersey,Urban,13.41,16.37,7.26,7.32
20063,County_20063,Maryland,Urban,34.95,49.44,14.3,41.94
33319,County_33319,North Carolina,Suburban/Small City,16.86,24.36,5.09,18.78
15327,County_15327,Iowa,Urban,15.93,22.71,4.93,18.64
35861,County_35861,Ohio,Rural,22.7,27.9,9.26,29.1
46465,County_46465,Virginia,Urban,33.59,43.0,14.74,40.83
5497,County_5497,California,Rural,39.63,48.51,16.65,51.29
37455,County_37455,Oregon,Rural,15.11,17.19,7.87,14.06
7223,County_7223,Connecticut,Urban,,,11.29,
24321,County_24321,Mississippi,Rural,29.66,,13.59,33.35
21713,County_21713,Massachusetts,Rural,14.1,17.76,2.2,23.42
37081,County_37081,Oregon,Rural,25.61,34.06,11.28,25.3
6615,County_6615,Colorado,Rural,17.14,22.11,7.95,17.11
23993,County_23993,Minnesota,Rural,26.33,33.55,11.67,29.96
25639,County_25639,Missouri,Urban,30.82,38.86,14.23,35.67
39727,County_39727,Rhode Island,Urban,17.41,19.98,8.08,14.64
56835,County_56835,Other,Urban,26.98,35.68,10.68,32.25
31311,County_31311,New Mexico,Rural,23.65,32.41,,28.19
18331,County_18331,Louisiana,Urban,11.59,16.11,6.21,16.52
16975,County_16975,Kansas,Urban,39.5,50.64,16.84,50.85
10035,County_10035,Georgia,Rural,16.23,19.24,8.22,18.94
5541,County_5541,California,Rural,17.12,22.77,8.3,17.11
16985,County_16985,Kansas,Rural,25.07,,13.74,33.84
53211,County_53211,Other,Urban,18.28,26.93,8.69,20.38
10593,County_10593,Georgia,Rural,32.23,38.11,13.63,43.16
11311,County_11311,Hawaii,Rural,16.49,20.84,8.06,15.61
21095,County_21095,Massachusetts,Suburban/Small City,32.69,44.48,15.4,44.29
56411,County_56411,Other,Rural,19.68,22.77,7.24,26.2
43541,County_43541,Texas,Rural,33.8,43.67,16.45,45.43
13531,County_13531,Illinois,Rural,12.67,16.64,3.1,13.64
40305,County_40305,South Carolina,Rural,36.25,47.29,17.89,37.59
33917,County_33917,North Carolina,Suburban/Small City,,10.22,6.1,5.85
49763,County_49763,Wisconsin,Urban,17.18,17.78,9.44,19.36
33021,County_33021,North Carolina,Rural,10.03,14.54,4.75,4.09
52367,County_52367,Other,Rural,24.76,31.46,12.16,25.42
56521,County_56521,Other,Rural,33.45,43.97,16.95,
45849,County_45849,Vermont,Rural,40.56,53.75,16.26,50.03
49377,County_49377,Wisconsin,Rural,31.22,40.31,14.31,38.98
21601,County_21601,Massachusetts,Rural,30.27,41.07,11.7,31.91
28161,County_28161,Nevada,Rural,26.91,37.68,13.07,37.88
31153,County_31153,New Mexico,Rural,37.78,49.28,15.7,42.58
11975,County_11975,Hawaii,Urban,29.53,36.07,14.32,35.7
34929,County_34929,North Dakota,Suburban/Small City,30.43,40.07,11.57,40.58
31631,County_31631,New Mexico,Urban,23.55,31.78,10.06,26.62
53453,County_53453,Other,Urban,33.24,41.61,13.72,37.37
39191,County_39191,Rhode Island,Rural,37.78,47.79,15.67,43.84
48883,County_48883,West Virginia,Rural,25.81,34.97,8.9,28.66
36751,County_36751,Oklahoma,Urban,24.72,31.56,11.49,33.11
13837,County_13837,Illinois,Urban,22.24,,8.8,26.4
52927,County_52927,Other,Urban,11.81,14.51,7.6,9.55
7539,County_7539,Connecticut,Rural,16.86,21.04,8.18,21.77
14969,County_14969,Indiana,Urban,33.6,46.77,14.49,38.6
11895,County_11895,Hawaii,Urban,18.79,23.03,12.75,23.37
15973,County_15973,Iowa,Urban,35.26,47.73,17.34,39.92
56123,County_56123,Other,Rural,22.64,29.34,11.15,27.66
15909,County_15909,Iowa,Urban,36.23,46.21,18.28,41.57
20703,County_20703,Maryland,Rural,19.49,27.21,9.31,19.66
32763,County_32763,New York,Urban,30.81,37.96,12.24,39.27
28723,County_28723,Nevada,Rural,34.26,45.58,16.5,44.51
25309,County_25309,Missouri,Rural,32.66,39.58,14.01,48.26
49675,County_49675,Wisconsin,Urban,19.62,23.89,8.03,23.64
23917,County_23917,Minnesota,Rural,19.05,22.57,8.97,32.52
20985,County_20985,Maryland,Urban,11.54,11.36,5.97,6.86
49783,County_49783,Wisconsin,Rural,24.7,31.83,10.81,23.04
18083,County_18083,Louisiana,Suburban/Small City,38.15,48.5,15.56,47.92
36915,County_36915,Oklahoma,Suburban/Small City,24.9,33.9,13.83,30.49
29725,County_29725,New Hampshire,Urban,16.64,19.82,6.83,14.89
5597,County_5597,California,Urban,18.13,22.94,7.15,18.53
1331,County_1331,Alabama,Urban,32.26,42.09,13.39,49.64
36823,County_36823,Oklahoma,Urban,25.19,31.78,,30.98
54451,County_54451,Other,Rural,25.78,34.36,12.43,33.77
12409,County_12409,Idaho,Suburban/Small City,34.39,42.53,14.65,45.78
46839,County_46839,Virginia,Urban,12.79,12.02,3.25,8.08
18775,County_18775,Louisiana,Rural,18.8,25.0,8.79,21.29
4093,County_4093,Arkansas,Rural,23.16,28.95,12.1,22.19
54529,County_54529,Other,Rural,28.44,34.95,13.6,36.69
35005,County_35005,Ohio,Urban,24.91,31.98,13.05,27.57
55159,County_55159,Other,Rural,18.6,28.77,8.58,16.69
9149,County_9149,Florida,Suburban/Small City,8.88,10.68,6.31,2.75
19659,County_19659,Maine,Rural,19.18,27.74,9.0,25.26
21609,County_21609,Massachusetts,Rural,10.7,13.78,3.87,11.05
11633,County_11633,Hawaii,Suburban/Small City,24.53,29.65,,29.45
48869,County_48869,West Virginia,Rural,19.49,24.4,8.92,14.56
15563,County_15563,Iowa,Suburban/Small City,37.4,47.52,14.65,45.77
56957,County_56957,Other,Rural,35.45,,15.09,53.54
2793,County_2793,Alaska,Urban,9.95,14.56,5.67,8.4
20735,County_20735,Maryland,Rural,,53.33,18.73,50.47
30021,County_30021,New Jersey,Rural,20.17,27.07,8.21,19.58
39377,County_39377,Rhode Island,Rural,17.12,19.34,8.85,17.22
20785,County_20785,Maryland,Rural,39.53,50.65,17.53,47.44
29181,County_29181,New Hampshire,Rural,11.79,14.86,4.5,7.44
35053,County_35053,Ohio,Rural,26.11,31.47,11.49,30.73
37749,County_37749,Oregon,Rural,37.09,45.46,17.14,44.19
4063,County_4063,Arkansas,Rural,24.51,32.95,9.49,29.17
25163,County_25163,Missouri,Rural,,22.04,8.2,15.65
9123,County_9123,Florida,Rural,27.41,38.88,14.43,
43597,County_43597,Texas,Rural,14.38,21.76,5.54,20.06
50277,County_50277,Wyoming,Urban,19.56,26.15,9.08,22.9
52541,County_52541,Other,Rural,29.12,36.26,14.0,
1867,County_1867,Alabama,Urban,28.23,36.91,14.03,38.27
24679,County_24679,Mississippi,Rural,13.89,18.12,7.73,10.18
4553,County_4553,Arkansas,Rural,36.42,42.43,18.81,51.07
56271,County_56271,Other,Rural,29.59,38.98,11.73,42.47
52917,County_52917,Other,Rural,20.61,22.9,9.47,21.11
41123,County_41123,South Dakota,Rural,33.23,39.01,16.02,39.68
22429,County_22429,Michigan,Rural,22.69,30.13,8.3,22.01
34353,County_34353,North Dakota,Urban,23.32,29.22,11.67,30.2
37389,County_37389,Oregon,Rural,12.59,17.15,5.33,9.41
11601,County_11601,Hawaii,Urban,34.43,45.1,14.01,46.03
13727,County_13727,Illinois,Suburban/Small City,35.03,46.83,14.39,40.72
36165,County_36165,Oklahoma,Rural,23.57,33.57,10.52,31.47
22283,County_22283,Michigan,Suburban/Small City,35.23,44.06,15.72,43.82
9483,County_9483,Florida,Urban,16.4,23.43,7.35,19.66
34361,County_34361,North Dakota,Rural,28.06,37.07,11.92,32.6
25111,County_25111,Missouri,Rural,24.79,30.56,9.11,37.58
48475,County_48475,West Virginia,Suburban/Small City,9.87,15.26,4.97,7.39
56073,County_56073,Other,Urban,38.09,51.79,15.44,43.81
30369,County_30369,New Jersey,Rural,24.79,29.89,11.33,33.15
49251,County_49251,Wisconsin,Urban,25.55,35.72,9.28,30.46
38855,County_38855,Pennsylvania,Rural,36.64,47.82,14.75,45.58
49607,County_49607,Wisconsin,Rural,24.56,,9.92,20.66
45401,County_45401,Vermont,Rural,18.13,23.84,9.79,26.54
40205,County_40205,South Carolina,Rural,29.49,35.83,12.91,34.3
16449,County_16449,Kansas,Urban,22.7,29.71,9.65,26.69
28471,County_28471,Nevada,Urban,23.73,31.48,11.06,27.32
10817,County_10817,Georgia,Urban,21.7,34.08,10.38,25.7
33473,County_33473,North Carolina,Rural,30.57,38.57,13.18,32.88
7225,County_7225,Connecticut,Rural,30.72,40.54,,49.86
53713,County_53713,Other,Rural,11.76,14.76,4.31,10.3
41211,County_41211,South Dakota,Urban,31.1,41.96,14.96,40.4
33959,County_33959,North Carolina,Rural,29.68,41.16,13.03,33.02
7405,County_7405,Connecticut,Rural,32.86,40.51,15.24,44.53
18633,County_18633,Louisiana,Rural,31.2,39.78,13.04,39.72
20033,County_20033,Maryland,Urban,16.92,21.51,8.14,20.89
25851,County_25851,Missouri,Urban,13.31,18.12,7.67,21.81
11779,County_11779,Hawaii,Suburban/Small City,33.41,41.27,,44.71
11149,County_11149,Hawaii,Rural,34.97,47.4,18.68,44.78
5599,County_5599,California,Urban,17.7,21.08,5.97,18.43
42031,County_42031,Tennessee,Urban,34.96,45.9,15.62,37.95
52409,County_52409,Other,Urban,14.97,18.8,4.9,15.7
31981,County_31981,New Mexico,Rural,33.88,44.96,12.19,43.42
10129,County_10129,Georgia,Urban,29.26,34.83,13.02,25.61
40855,County_40855,South Carolina,Suburban/Small City,34.44,47.4,16.25,48.59
54385,County_54385,Other,Urban,27.93,36.85,13.83,38.25
52637,County_52637,Other,Rural,29.96,36.09,13.46,40.44
43001,County_43001,Texas,Urban,8.37,,4.46,12.56
46573,County_46573,Virginia,Rural,12.23,18.65,3.03,11.21
4813,County_4813,Arkansas,Rural,13.21,19.82,7.66,8.51
51309,County_51309,Other,Urban,35.2,45.2,,55.75
18351,County_18351,Louisiana,Rural,29.97,40.24,14.24,35.33
52403,County_52403,Other,Rural,18.56,25.42,8.82,16.39
43439,County_43439,Texas,Rural,36.65,47.52,15.26,42.01
28113,County_28113,Nevada,Urban,38.65,46.8,16.69,52.25
31469,County_31469,New Mexico,Urban,37.37,48.58,17.11,44.53
23479,County_23479,Minnesota,Rural,39.99,51.76,17.69,55.8
20345,County_20345,Maryland,Urban,38.39,48.36,18.2,48.85
27811,County_27811,Nebraska,Suburban/Small City,10.56,12.95,5.69,8.95
41939,County_41939,South Dakota,Rural,33.11,45.65,14.16,36.14
31255,County_31255,New Mexico,Urban,35.78,45.34,15.42,48.66
15311,County_15311,Iowa,Rural,32.67,44.37,13.4,34.5
2115,County_2115,Alaska,Urban,25.91,32.53,,30.22
45483,County_45483,Vermont,Urban,7.35,13.33,1.36,8.92
11853,County_11853,Hawaii,Rural,29.91,39.01,14.4,33.69
4685,County_4685,Arkansas,Rural,35.34,46.49,14.05,48.59
15357,County_15357,Iowa,Rural,20.77,24.93,8.85,24.39
5241,County_5241,California,Rural,29.86,41.57,13.47,39.45
12863,County_12863,Idaho,Urban,,23.02,9.57,12.27
12905,County_12905,Idaho,Urban,30.8,43.75,13.67,41.12
28281,County_28281,Nevada,Rural,29.31,36.62,14.32,36.91
34969,County_34969,North Dakota,Urban,28.21,35.07,15.75,32.89
4233,County_4233,Arkansas,Suburban/Small City,23.93,29.97,12.28,32.65
52809,County_52809,Other,Urban,,47.99,19.14,50.67
52737,County_52737,Other,Rural,25.04,32.24,14.0,27.33
5911,County_5911,California,Rural,34.01,42.19,13.6,36.79
45099,County_45099,Vermont,Rural,25.62,34.39,10.68,33.17
8477,County_8477,Delaware,Rural,34.46,45.47,19.23,42.31
39805,County_39805,Rhode Island,Urban,,28.71,8.52,32.14
17541,County_17541,Kentucky,Rural,38.72,50.74,17.8,44.45
53275,County_53275,Other,Rural,26.15,33.83,10.94,31.83
13485,County_13485,Illinois,Urban,20.63,33.09,,19.08
16541,County_16541,Kansas,Rural,18.15,24.11,8.8,8.54
19907,County_19907,Maine,Rural,11.9,13.7,4.65,11.64
56521,County_56521,Other,Urban,14.07,17.66,6.56,18.64
38507,County_38507,Pennsylvania,Rural,28.79,39.47,10.59,38.35
11357,County_11357,Hawaii,Rural,16.81,19.22,6.97,19.78
48291,County_48291,West Virginia,Urban,16.51,21.24,7.23,17.91
24249,County_24249,Mississippi,Rural,32.81,40.45,14.78,36.58
51923,County_51923,Other,Rural,31.19,38.74,13.0,40.59
34563,County_34563,North Dakota,Rural,24.38,31.75,11.2,22.41
8587,County_8587,Delaware,Urban,,14.13,6.82,
44045,County_44045,Utah,Rural,19.79,24.5,9.46,34.18
45515,County_45515,Vermont,Urban,35.62,42.8,16.03,37.89
16219,County_16219,Kansas,Rural,25.1,36.1,10.81,35.0
40715,County_40715,South Carolina,Suburban/Small City,30.8,40.15,13.43,37.16
3537,County_3537,Arizona,Urban,17.07,22.54,9.15,12.79
35467,County_35467,Ohio,Rural,25.35,33.97,11.85,23.83
42503,County_42503,Tennessee,Rural,25.24,32.99,11.42,33.15
47369,County_47369,Washington,Urban,23.91,31.7,10.39,
45367,County_45367,Vermont,Urban,6.67,,3.82,7.74
13483,County_13483,Illinois,Urban,17.35,22.93,5.58,25.27
50613,County_50613,Wyoming,Rural,27.55,36.46,9.14,32.34
17269,County_17269,Kentucky,Rural,22.48,28.99,11.67,26.27
30549,County_30549,New Jersey,Rural,27.27,33.35,13.76,35.54
43417,County_43417,Texas,Rural,27.84,35.29,10.91,34.29
13553,County_13553,Illinois,Rural,31.84,40.69,12.27,39.75
14087,County_14087,Indiana,Urban,29.8,41.18,12.15,36.15
44237,County_44237,Utah,Suburban/Small City,24.47,32.38,,27.63
17419,County_17419,Kentucky,Rural,16.38,22.75,5.69,12.64
42837,County_42837,Tennessee,Rural,19.32,25.64,8.87,21.48
11687,County_11687,Hawaii,Urban,17.36,17.2,9.26,21.88
22397,County_22397,Michigan,Rural,15.99,17.04,9.12,19.43
8879,County_8879,Delaware,Urban,23.54,34.32,9.82,29.61
17585,County_17585,Kentucky,Urban,17.93,23.68,6.84,17.4
28313,County_28313,Nevada,Rural,35.36,46.68,15.8,49.99
19443,County_19443,Maine,Rural,27.07,34.28,12.97,33.13
18601,County_18601,Louisiana,Urban,16.1,22.41,7.96,12.42
9961,County_9961,Florida,Rural,28.24,36.28,10.43,34.4
7911,County_7911,Connecticut,Rural,15.98,19.11,8.16,9.9
34825,County_34825,North Dakota,Urban,21.91,27.84,10.37,26.85
56233,County_56233,Other,Urban,22.91,30.75,10.92,25.06
31295,County_31295,New Mexico,Rural,21.06,25.29,8.0,24.56
11623,County_11623,Hawaii,Rural,,36.53,13.35,36.97
35657,County_35657,Ohio,Rural,20.43,27.62,8.5,30.35
6351,County_6351,Colorado,Suburban/Small City,33.11,42.15,,36.7
27065,County_27065,Nebraska,Rural,25.61,33.83,9.8,30.0
26317,County_26317,Montana,Rural,19.66,26.89,11.41,17.12
53155,County_53155,Other,Rural,19.52,25.8,8.49,24.7
27091,County_27091,Nebraska,Urban,35.33,50.27,15.52,43.36
4737,County_4737,Arkansas,Rural,27.78,41.0,13.59,34.58
47873,County_47873,Washington,Rural,26.17,31.95,14.37,30.72
9675,County_9675,Florida,Rural,40.98,54.36,18.07,47.86
43657,County_43657,Texas,Rural,12.04,18.88,6.48,11.28
50723,County_50723,Wyoming,Rural,15.31,19.51,4.24,14.63
54755,County_54755,Other,Urban,34.07,46.33,15.76,32.55
13671,County_13671,Illinois,Suburban/Small City,44.11,56.68,20.61,53.35
12505,County_12505,Idaho,Rural,36.42,42.24,16.42,50.51
18517,County_18517,Louisiana,Rural,13.93,17.43,3.79,17.68
53881,County_53881,Other,Urban,,22.52,,
43815,County_43815,Texas,Rural,17.25,24.39,7.99,12.32
36431,County_36431,Oklahoma,Rural,19.21,25.04,7.22,24.69
34131,County_34131,North Dakota,Urban,25.7,33.97,9.27,34.0
52567,County_52567,Other,Rural,36.68,45.93,15.85,50.02
44097,County_44097,Utah,Rural,38.18,49.54,16.45,51.26
4551,County_4551,Arkansas,Urban,21.86,30.14,10.63,23.19
18619,County_18619,Louisiana,Urban,33.55,42.15,15.75,
13309,County_13309,Illinois,Rural,18.21,25.97,10.62,17.22
23813,County_23813,Minnesota,Rural,11.01,14.9,4.21,9.57
13381,County_13381,Illinois,Rural,33.44,43.85,13.5,37.08
20611,County_20611,Maryland,Urban,15.29,19.72,7.35,22.17
7099,County_7099,Connecticut,Rural,25.76,32.57,,39.96
52217,County_52217,Other,Rural,38.2,,16.22,49.63
33055,County_33055,North Carolina,Suburban/Small City,25.68,32.72,12.19,36.56
24663,County_24663,Mississippi,Rural,14.37,20.29,2.84,15.45
27763,County_27763,Nebraska,Rural,25.75,33.89,10.98,31.2
24467,County_24467,Mississippi,Rural,14.03,18.04,4.87,13.81
24455,County_24455,Mississippi,Urban,18.16,,10.58,22.23
49213,County_49213,Wisconsin,Rural,34.52,43.43,14.27,52.69
38153,County_38153,Pennsylvania,Rural,31.94,39.54,15.66,38.03
44323,County_44323,Utah,Rural,16.84,18.12,7.25,17.56
44673,County_44673,Utah,Rural,17.2,22.64,6.7,21.77
50373,County_50373,Wyoming,Urban,24.09,32.26,5.54,30.26
37059,County_37059,Oregon,Rural,26.82,35.38,13.25,27.66
27069,County_27069,Nebraska,Rural,35.5,44.27,13.03,47.7
51655,County_51655,Other,Rural,22.02,30.16,8.16,22.82
31433,County_31433,New Mexico,Urban,23.63,32.23,11.0,30.94
54769,County_54769,Other,Suburban/Small City,,13.15,2.65,15.19
13061,County_13061,Illinois,Urban,15.3,21.16,5.05,16.73
4829,County_4829,Arkansas,Suburban/Small City,23.21,28.55,13.25,30.19
43577,County_43577,Texas,Rural,39.5,49.87,19.57,51.93
56181,County_56181,Other,Urban,11.51,17.69,,12.65
23847,County_23847,Minnesota,Rural,40.41,52.58,18.65,50.78
19989,County_19989,Maine,Urban,27.46,35.46,10.27,38.01
13301,County_13301,Illinois,Rural,21.78,29.37,9.41,25.34
14765,County_14765,Indiana,Urban,35.41,43.56,15.31,41.82
46279,County_46279,Virginia,Rural,15.29,19.72,7.51,14.4
55335,County_55335,Other,Rural,23.21,29.37,13.14,32.01
2337,County_2337,Alaska,Rural,22.33,29.71,7.97,28.73
2783,County_2783,Alaska,Urban,33.82,44.63,12.65,53.28
41109,County_41109,South Dakota,Rural,19.77,24.86,11.14,27.54
26585,County_26585,Montana,Urban,24.38,30.16,10.56,28.3
16181,County_16181,Kansas,Urban,31.95,40.9,15.31,40.09
2567,County_2567,Alaska,Suburban/Small City,19.55,27.3,7.55,24.19
16487,County_16487,Kansas,Urban,36.69,51.11,17.64,44.5
20331,County_20331,Maryland,Urban,29.9,36.82,14.29,35.08
54981,County_54981,Other,Rural,14.37,17.12,6.25,12.18
11751,County_11751,Hawaii,Urban,24.38,31.8,10.37,27.95
44635,County_44635,Utah,Urban,27.7,38.62,11.88,36.21
35917,County_35917,Ohio,Rural,9.88,12.82,5.25,
52067,County_52067,Other,Rural,15.09,21.3,4.87,14.38
3387,County_3387,Arizona,Rural,28.2,36.28,14.0,39.07
32903,County_32903,New York,Rural,31.35,42.24,12.54,40.47
1799,County_1799,Alabama,Urban,40.12,51.98,19.72,49.06
42679,County_42679,Tennessee,Rural,29.44,36.04,12.66,30.68
34921,County_34921,North Dakota,Urban,23.71,31.34,8.52,23.39
40953,County_40953,South Carolina,Urban,14.34,20.29,5.59,11.09
13419,County_13419,Illinois,Rural,33.5,43.11,,36.65
56439,County_56439,Other,Suburban/Small City,27.96,33.64,11.6,37.0
44441,County_44441,Utah,Urban,16.93,21.88,7.27,25.86
33473,County_33473,North Carolina,Rural,17.95,22.4,9.74,22.93
47053,County_47053,Washington,Urban,21.81,27.39,10.92,25.77
36421,County_36421,Oklahoma,Urban,18.77,22.74,8.18,14.76
27847,County_27847,Nebraska,Rural,23.02,31.56,9.71,27.22
18427,County_18427,Louisiana,Suburban/Small City,23.11,29.87,12.58,22.42
52989,County_52989,Other,Urban,33.16,45.1,13.67,42.14
33665,County_33665,North Carolina,Suburban/Small City,17.34,20.77,8.78,9.55
55849,County_55849,Other,Rural,20.4,24.28,8.85,19.21
52205,County_52205,Other,Rural,24.57,27.93,11.06,31.57
38941,County_38941,Pennsylvania,Urban,24.31,30.46,10.43,30.78
36527,County_36527,Oklahoma,Urban,38.14,49.38,18.17,50.21
16497,County_16497,Kansas,Urban,29.66,40.79,15.69,47.22
48093,County_48093,West Virginia,Suburban/Small City,39.57,54.99,18.54,48.29
15887,County_15887,Iowa,Suburban/Small City,24.37,28.2,11.81,
7069,County_7069,Connecticut,Urban,9.54,16.78,4.1,10.17
14183,County_14183,Indiana,Suburban/Small City,36.71,45.62,16.79,52.7
9667,County_9667,Florida,Rural,41.82,53.53,21.64,54.52
14851,County_14851,Indiana,Rural,16.97,20.89,7.44,10.57
10627,County_10627,Georgia,Suburban/Small City,10.36,12.46,4.73,12.64
14699,County_14699,Indiana,Rural,33.54,43.36,17.71,50.4
17317,County_17317,Kentucky,Suburban/Small City,28.41,36.25,9.26,35.92
31289,County_31289,New Mexico,Urban,17.87,24.28,7.76,28.58
49737,County_49737,Wisconsin,Rural,19.87,21.64,7.06,21.8
52931,County_52931,Other,Suburban/Small City,15.99,23.25,9.82,15.06
8237,County_8237,Delaware,Rural,34.47,42.45,16.52,40.65
11841,County_11841,Hawaii,Urban,28.08,35.98,13.38,41.97
21329,County_21329,Massachusetts,Rural,14.42,18.52,7.71,8.87
22473,County_22473,Michigan,Urban,9.35,14.4,2.24,2.32
40401,County_40401,South Carolina,Urban,37.77,49.08,15.89,46.56
21401,County_21401,Massachusetts,Rural,27.68,39.87,12.95,28.25
47431,County_47431,Washington,Urban,24.96,33.35,11.39,25.07
39851,County_39851,Rhode Island,Suburban/Small City,34.31,40.74,13.89,41.85
16755,County_16755,Kansas,Rural,41.7,56.75,17.28,52.96
27933,County_27933,Nebraska,Suburban/Small City,28.6,36.63,13.52,43.21
42805,County_42805,Tennessee,Urban,35.48,47.81,15.58,44.83
54033,County_54033,Other,Rural,24.31,31.87,8.61,27.42
31465,County_31465,New Mexico,Suburban/Small City,14.58,17.25,7.81,19.79
23669,County_23669,Minnesota,Suburban/Small City,11.8,17.06,6.51,16.15
25097,County_25097,Missouri,Rural,40.06,50.23,14.84,53.18
20955,County_20955,Maryland,Suburban/Small City,21.53,25.13,10.1,25.34
25431,County_25431,Missouri,Urban,30.66,36.22,14.45,33.68
13613,County_13613,Illinois,Urban,40.39,,18.06,51.28
38613,County_38613,Pennsylvania,Urban,22.9,31.06,8.61,18.24
19033,County_19033,Maine,Rural,40.21,51.82,18.67,54.28
47049,County_47049,Washington,Rural,31.99,37.36,13.77,46.25
53369,County_53369,Other,Rural,20.92,26.78,9.9,28.76
25489,County_25489,Missouri,Rural,16.84,24.29,9.02,12.25
18767,County_18767,Louisiana,Rural,32.45,44.14,14.62,44.75
52723,County_52723,Other,Urban,18.01,20.74,8.79,22.46
30169,County_30169,New Jersey,Rural,33.9,44.26,14.25,37.42
51663,County_51663,Other,Rural,19.2,21.39,8.89,15.6
6135,County_6135,Colorado,Rural,11.38,13.73,7.13,16.35
13833,County_13833,Illinois,Rural,40.73,53.16,20.21,57.02
23381,County_23381,Minnesota,Suburban/Small City,23.94,31.82,8.64,20.59
18079,County_18079,Louisiana,Urban,28.26,36.31,11.21,37.38
35335,County_35335,Ohio,Rural,26.49,33.66,12.71,
43105,County_43105,Texas,Rural,15.54,22.19,6.38,17.11
48969,County_48969,West Virginia,Rural,32.19,40.94,11.92,42.77
31041,County_31041,New Mexico,Urban,23.49,33.5,9.43,35.94
10197,County_10197,Georgia,Urban,21.16,28.44,10.72,26.26
15663,County_15663,Iowa,Rural,18.52,23.46,11.9,16.9
17773,County_17773,Kentucky,Urban,23.35,29.12,10.75,22.97
12941,County_12941,Idaho,Suburban/Small City,26.27,37.08,11.28,
40847,County_40847,South Carolina,Suburban/Small City,24.8,34.96,9.41,30.19
20059,County_20059,Maryland,Suburban/Small City,26.91,35.69,13.09,28.94
16071,County_16071,Kansas,Suburban/Small City,32.71,42.98,14.08,34.6
22767,County_22767,Michigan,Urban,35.89,47.37,17.03,50.36
4055,County_4055,Arkansas,Urban,34.1,44.43,14.61,
28519,County_28519,Nevada,Suburban/Small City,25.0,32.98,7.58,27.17
55629,County_55629,Other,Urban,15.95,18.92,6.99,13.49
54801,County_54801,Other,Rural,14.88,18.98,6.07,10.36
26223,County_26223,Montana,Urban,22.62,28.99,9.01,29.34
28493,County_28493,Nevada,Rural,42.28,59.08,18.79,54.43
46881,County_46881,Virginia,Rural,29.7,38.59,15.3,37.32
20497,County_20497,Maryland,Rural,10.49,15.53,4.01,14.21
38733,County_38733,Pennsylvania,Urban,14.96,24.12,6.63,18.81
19497,County_19497,Maine,Urban,30.71,39.22,14.6,43.65
42225,County_42225,Tennessee,Suburban/Small City,30.26,37.7,15.23,37.48
38271,County_38271,Pennsylvania,Rural,22.79,32.56,6.73,34.94
53187,County_53187,Other,Rural,27.65,37.06,12.68,34.72
3345,County_3345,Arizona,Rural,40.34,51.99,17.47,52.38
54983,County_54983,Other,Suburban/Small City,20.71,26.67,8.63,26.67
36385,County_36385,Oklahoma,Rural,34.16,46.0,15.46,41.53
6983,County_6983,Colorado,Suburban/Small City,,35.65,12.69,35.26
49799,County_49799,Wisconsin,Urban,36.13,44.98,16.54,49.74
5439,County_5439,California,Urban,20.6,25.57,7.29,29.65
55503,County_55503,Other,Suburban/Small City,39.61,51.5,15.17,54.13
42723,County_42723,Tennessee,Suburban/Small City,36.49,47.8,17.95,43.43
47949,County_47949,Washington,Rural,23.49,29.47,11.52,27.29
54637,County_54637,Other,Urban,14.17,15.65,7.13,14.65
31311,County_31311,New Mexico,Urban,38.82,48.3,16.71,43.21
21229,County_21229,Massachusetts,Rural,27.75,36.97,14.53,30.59
42033,County_42033,Tennessee,Rural,24.67,31.7,11.51,31.62
53803,County_53803,Other,Urban,37.82,50.14,17.56,51.14
12839,County_12839,Idaho,Urban,28.17,33.63,13.77,27.24
16695,County_16695,Kansas,Rural,31.59,42.76,13.85,
5353,County_5353,California,Urban,22.9,30.11,12.24,27.0
49135,County_49135,Wisconsin,Urban,16.24,21.65,7.78,16.96
45375,County_45375,Vermont,Rural,29.49,40.82,11.58,36.19
32691,County_32691,New York,Urban,35.67,45.38,13.94,40.15
7897,County_7897,Connecticut,Rural,24.67,31.41,14.24,28.06
14269,County_14269,Indiana,Rural,12.68,14.6,4.57,8.47
2851,County_2851,Alaska,Rural,15.23,18.87,6.47,11.64
37753,County_37753,Oregon,Rural,28.95,38.32,10.79,37.4
10573,County_10573,Georgia,Rural,37.69,49.42,17.5,49.42
15133,County_15133,Iowa,Rural,21.13,28.52,11.56,29.67
38515,County_38515,Pennsylvania,Suburban/Small City,24.37,31.59,10.44,24.77
48549,County_48549,West Virginia,Urban,20.3,21.83,10.04,25.66
28139,County_28139,Nevada,Suburban/Small City,32.8,40.84,15.41,43.17
34855,County_34855,North Dakota,Suburban/Small City,26.94,33.52,13.63,41.6
20667,County_20667,Maryland,Suburban/Small City,36.45,49.01,18.43,
18971,County_18971,Louisiana,Urban,37.93,48.83,16.42,51.34
55629,County_55629,Other,Rural,24.25,28.31,8.63,30.31
31737,County_31737,New Mexico,Urban,24.66,30.31,13.05,34.24
56481,County_56481,Other,Urban,38.4,49.35,19.68,44.68
20253,County_20253,Maryland,Suburban/Small City,25.78,33.53,14.08,27.69
21735,County_21735,Massachusetts,Urban,18.53,22.66,8.59,23.86
11473,County_11473,Hawaii,Suburban/Small City,22.35,30.11,11.45,23.67
12959,County_12959,Idaho,Urban,38.11,48.23,,45.45
9833,County_9833,Florida,Suburban/Small City,31.11,37.57,17.03,41.53
4653,County_4653,Arkansas,Urban,25.56,33.82,11.03,31.45
44093,County_44093,Utah,Rural,25.85,30.47,13.17,
54755,County_54755,Other,Rural,25.83,35.33,11.46,39.22
45751,County_45751,Vermont,Rural,23.86,31.89,7.54,27.97
40193,County_40193,South Carolina,Rural,21.36,26.1,10.24,22.41
55063,County_55063,Other,Suburban/Small City,37.84,50.9,14.95,51.36
32081,County_32081,New York,Rural,38.19,48.09,15.42,53.93
35015,County_35015,Ohio,Suburban/Small City,35.06,49.77,15.95,43.74
51403,County_51403,Other,Rural,13.44,15.19,8.53,16.15
13767,County_13767,Illinois,Urban,35.87,43.72,18.83,40.15
44139,County_44139,Utah,Suburban/Small City,12.7,17.24,6.25,9.51
49175,County_49175,Wisconsin,Urban,26.67,34.31,10.37,35.27
18859,County_18859,Louisiana,Rural,26.77,31.89,11.81,26.79
46817,County_46817,Virginia,Rural,23.38,31.8,12.05,26.75
39109,County_39109,Rhode Island,Rural,27.33,34.89,13.35,33.48
25789,County_25789,Missouri,Urban,19.16,27.3,6.52,16.82
10975,County_10975,Georgia,Suburban/Small City,18.81,25.22,8.82,16.76
53733,County_53733,Other,Rural,32.69,42.04,12.06,47.11
11091,County_11091,Hawaii,Rural,,45.23,15.85,38.23
27391,County_27391,Nebraska,Suburban/Small City,14.38,18.22,6.01,10.96
4395,County_4395,Arkansas,Rural,30.38,,10.39,37.57
44687,County_44687,Utah,Suburban/Small City,29.05,40.15,13.6,44.76
37845,County_37845,Oregon,Suburban/Small City,20.16,23.46,7.9,15.96
50839,County_50839,Wyoming,Urban,30.95,40.29,11.92,43.11
5829,County_5829,California,Suburban/Small City,28.55,35.62,12.81,30.15
22797,County_22797,Michigan,Rural,25.84,32.84,10.59,28.24
43529,County_43529,Texas,Rural,7.19,,2.66,6.39
30025,County_30025,New Jersey,Urban,33.22,39.5,,33.9
51981,County_51981,Other,Rural,19.05,26.18,7.81,22.05
31341,County_31341,New Mexico,Rural,10.17,15.22,5.89,5.16
17543,County_17543,Kentucky,Suburban/Small City,17.96,24.03,7.31,18.46
47159,County_47159,Washington,Rural,18.13,18.63,5.7,12.4
22889,County_22889,Michigan,Rural,30.64,41.03,12.01,43.25
13403,County_13403,Illinois,Rural,23.11,31.4,7.24,22.76
30695,County_30695,New Jersey,Rural,29.26,36.21,11.76,29.42
16393,County_16393,Kansas,Rural,24.08,31.1,10.77,23.3
32857,County_32857,New York,Rural,27.2,,10.13,30.76
50431,County_50431,Wyoming,Rural,13.33,14.34,6.56,11.38
19767,County_19767,Maine,Urban,40.75,57.24,18.68,55.26
23117,County_23117,Minnesota,Urban,7.91,,1.86,13.71
2549,County_2549,Alaska,Rural,11.42,15.85,5.16,7.16
37179,County_37179,Oregon,Rural,25.92,32.12,12.87,23.3
46599,County_46599,Virginia,Rural,33.08,40.3,17.43,43.04
36489,County_36489,Oklahoma,Rural,16.47,20.67,7.1,18.33
20549,County_20549,Maryland,Rural,40.61,55.53,16.0,56.91
1033,County_1033,Alabama,Rural,29.09,34.76,13.11,35.28
56471,County_56471,Other,Suburban/Small City,18.21,20.93,9.22,25.07
3407,County_3407,Arizona,Rural,35.94,48.58,17.07,46.39
18467,County_18467,Louisiana,Rural,39.57,51.85,18.75,55.67
15487,County_15487,Iowa,Urban,30.15,40.57,11.07,34.24
13643,County_13643,Illinois,Rural,41.72,55.22,21.06,55.85
24709,County_24709,Mississippi,Urban,18.09,23.94,6.71,26.14
11983,County_11983,Hawaii,Rural,31.01,41.35,14.27,40.46
19805,County_19805,Maine,Rural,33.94,43.76,17.03,46.58
39169,County_39169,Rhode Island,Rural,24.43,32.98,12.46,40.12
20315,County_20315,Maryland,Suburban/Small City,36.19,46.63,16.23,45.07
35785,County_35785,Ohio,Rural,20.38,25.21,7.41,21.05
34859,County_34859,North Dakota,Urban,34.67,44.54,12.92,41.66
14461,County_14461,Indiana,Urban,19.46,25.65,9.83,31.77
5583,County_5583,California,Rural,24.48,32.53,13.12,29.92
11485,County_11485,Hawaii,Suburban/Small City,29.74,38.6,13.02,44.75
54463,County_54463,Other,Rural,20.65,29.55,9.01,14.76
4017,County_4017,Arkansas,Rural,11.8,14.93,6.86,10.82
43481,County_43481,Texas,Urban,35.43,44.37,15.8,46.38
28645,County_28645,Nevada,Urban,27.39,34.5,12.06,33.69
37317,County_37317,Oregon,Rural,36.65,46.74,17.02,51.14
55783,County_55783,Other,Rural,16.82,21.08,7.67,25.94
28339,County_28339,Nevada,Rural,38.65,,16.62,57.33
33573,County_33573,North Carolina,Urban,24.41,30.52,9.49,32.22
22855,County_22855,Michigan,Rural,33.78,43.32,16.82,48.51
32419,County_32419,New York,Rural,33.56,42.97,15.36,34.21
16865,County_16865,Kansas,Urban,40.99,51.12,18.67,47.95
50077,County_50077,Wyoming,Rural,30.62,41.25,13.73,38.53
1775,County_1775,Alabama,Suburban/Small City,36.89,48.07,18.87,45.46
54283,County_54283,Other,Rural,17.63,26.34,9.6,20.85
15005,County_15005,Iowa,Rural,43.59,57.01,21.15,55.91
13337,County_13337,Illinois,Rural,23.29,33.35,7.61,25.71
19329,County_19329,Maine,Rural,14.19,18.24,4.71,12.4
47577,County_47577,Washington,Urban,29.55,38.39,12.01,27.98
43653,County_43653,Texas,Rural,32.52,41.05,16.68,45.17
25665,County_25665,Missouri,Suburban/Small City,27.47,34.12,12.96,39.3
35447,County_35447,Ohio,Rural,22.49,30.83,9.17,14.34
19917,County_19917,Maine,Urban,40.67,59.48,19.68,45.23
28493,County_28493,Nevada,Urban,28.3,34.81,11.11,34.58
22795,County_22795,Michigan,Suburban/Small City,29.62,39.38,13.14,
31145,County_31145,New Mexico,Urban,8.0,6.33,5.75,6.28
55823,County_55823,Other,Rural,21.14,26.57,9.62,25.03
40207,County_40207,South Carolina,Rural,25.2,32.65,12.85,24.33
4593,County_4593,Arkansas,Rural,14.04,20.86,4.94,10.39
50063,County_50063,Wyoming,Rural,32.87,43.09,16.89,43.22
35607,County_35607,Ohio,Rural,15.4,21.31,9.63,14.51
5927,County_5927,California,Urban,40.12,53.81,18.12,50.5
55247,County_55247,Other,Rural,19.75,24.29,9.32,19.18
53129,County_53129,Other,Rural,14.09,,5.15,11.68
10865,County_10865,Georgia,Suburban/Small City,39.88,51.35,17.73,56.97
6387,County_6387,Colorado,Rural,29.37,34.47,12.44,31.88
18201,County_18201,Louisiana,Urban,24.93,32.53,12.68,35.87
15457,County_15457,Iowa,Urban,27.66,38.53,14.59,35.34
39649,County_39649,Rhode Island,Rural,30.6,36.85,11.23,39.53
34811,County_34811,North Dakota,Urban,16.71,21.98,9.36,11.89
36973,County_36973,Oklahoma,Urban,38.81,48.85,18.1,45.1
29453,County_29453,New Hampshire,Rural,13.27,21.23,4.47,11.36
52011,County_52011,Other,Rural,22.63,30.69,10.26,22.06
8109,County_8109,Delaware,Urban,31.12,40.43,13.7,35.46
10391,County_10391,Georgia,Rural,19.16,27.72,8.03,16.99
17071,County_17071,Kentucky,Rural,31.58,37.35,15.69,41.76
38021,County_38021,Pennsylvania,Suburban/Small City,32.22,40.02,12.92,39.42
48821,County_48821,West Virginia,Rural,23.87,33.57,13.11,29.74
49047,County_49047,Wisconsin,Rural,32.94,40.33,19.23,46.53
19313,County_19313,Maine,Urban,32.97,42.62,12.37,43.15
22881,County_22881,Michigan,Suburban/Small City,19.47,24.46,10.62,22.1
46921,County_46921,Virginia,Urban,36.82,46.55,16.79,45.9
55011,County_55011,Other,Rural,14.42,17.48,8.46,20.99
29637,County_29637,New Hampshire,Suburban/Small City,19.09,20.98,12.91,25.09
33273,County_33273,North Carolina,Rural,21.1,30.07,8.95,18.15
37741,County_37741,Oregon,Urban,32.37,44.6,14.0,
49701,County_49701,Wisconsin,Urban,20.68,28.56,11.26,17.25
38671,County_38671,Pennsylvania,Urban,37.59,49.62,14.85,50.11
24555,County_24555,Mississippi,Urban,28.95,38.37,12.53,31.98
21335,County_21335,Massachusetts,Urban,33.21,45.84,18.15,44.95
39419,County_39419,Rhode Island,Suburban/Small City,22.82,27.62,9.42,16.29
28453,County_28453,Nevada,Rural,31.13,39.62,13.3,41.84
49459,County_49459,Wisconsin,Rural,24.66,34.54,12.06,33.37
16463,County_16463,Kansas,Rural,28.89,33.73,11.36,35.59
21377,County_21377,Massachusetts,Rural,30.49,39.0,12.41,35.44
50141,County_50141,Wyoming,Suburban/Small City,28.37,38.29,12.59,32.5
7817,County_7817,Connecticut,Rural,16.96,20.48,9.89,14.45
52023,County_52023,Other,Rural,14.4,16.16,8.56,16.03
6709,County_6709,Colorado,Urban,23.21,28.67,10.81,29.14
13059,County_13059,Illinois,Suburban/Small City,16.46,24.57,6.02,14.83
32563,County_32563,New York,Rural,29.39,39.45,12.58,47.79
4007,County_4007,Arkansas,Rural,11.91,14.02,5.1,10.42
34075,County_34075,North Dakota,Rural,26.2,31.94,10.81,25.5
14347,County_14347,Indiana,Urban,26.86,31.63,12.84,31.52
23311,County_23311,Minnesota,Rural,15.91,18.44,5.93,11.55
49489,County_49489,Wisconsin,Rural,29.81,38.09,12.53,40.6
40565,County_40565,South Carolina,Urban,26.98,36.94,14.3,34.58
26829,County_26829,Montana,Rural,35.8,47.2,14.33,51.38
34073,County_34073,North Dakota,Rural,27.69,35.26,14.87,31.22
15029,County_15029,Iowa,Suburban/Small City,27.28,36.74,10.44,35.61
54275,County_54275,Other,Urban,42.73,54.28,21.0,53.91
33243,County_33243,North Carolina,Suburban/Small City,38.82,50.36,16.26,52.63
49599,County_49599,Wisconsin,Rural,29.14,39.9,13.75,33.34
28509,County_28509,Nevada,Urban,35.34,46.53,13.47,43.57
2687,County_2687,Alaska,Rural,19.59,28.46,8.74,21.15
41091,County_41091,South Dakota,Rural,,44.59,18.24,47.56
42307,County_42307,Tennessee,Urban,16.73,17.54,7.66,21.43
25727,County_25727,Missouri,Rural,12.7,15.87,5.48,7.94
19657,County_19657,Maine,Urban,24.62,32.33,10.32,27.74
46093,County_46093,Virginia,Urban,29.06,37.39,12.47,36.24
44775,County_44775,Utah,Urban,24.85,33.58,10.62,25.02
48945,County_48945,West Virginia,Rural,20.77,30.68,10.89,25.85
22907,County_22907,Michigan,Rural,32.99,43.33,15.36,
11379,County_11379,Hawaii,Urban,24.74,31.01,11.26,28.05
6789,County_6789,Colorado,Rural,36.71,48.48,14.67,38.74
27819,County_27819,Nebraska,Rural,13.17,16.21,7.44,8.97
37973,County_37973,Oregon,Rural,9.09,14.34,7.09,9.48
8293,County_8293,Delaware,Urban,39.77,53.62,17.17,54.1
47811,County_47811,Washington,Rural,18.14,22.05,7.57,26.82
32357,County_32357,New York,Rural,36.05,49.24,15.68,47.17
31431,County_31431,New Mexico,Rural,9.02,10.75,2.6,1.74
38863,County_38863,Pennsylvania,Suburban/Small City,23.04,32.47,7.94,23.45
13381,County_13381,Illinois,Rural,29.61,35.59,11.69,30.07
30603,County_30603,New Jersey,Rural,24.6,30.16,10.89,39.33
35987,County_35987,Ohio,Urban,14.42,23.0,5.94,14.93
52791,County_52791,Other,Rural,15.33,17.09,6.59,16.83
54691,County_54691,Other,Rural,22.05,25.89,9.76,19.45
13109,County_13109,Illinois,Urban,27.26,35.72,12.01,34.88
37315,County_37315,Oregon,Suburban/Small City,39.44,50.16,18.18,45.13
3841,County_3841,Arizona,Urban,26.81,32.42,11.57,30.99
36893,County_36893,Oklahoma,Urban,14.72,16.71,6.9,14.08
39579,County_39579,Rhode Island,Suburban/Small City,15.16,17.96,7.12,17.07
10405,County_10405,Georgia,Suburban/Small City,30.1,38.39,13.77,40.91
55535,County_55535,Other,Rural,11.23,7.1,6.23,6.38
27281,County_27281,Nebraska,Urban,31.46,43.82,13.88,37.47
22659,County_22659,Michigan,Rural,11.36,18.46,3.4,8.64
37083,County_37083,Oregon,Rural,34.51,44.33,12.62,44.86
55391,County_55391,Other,Rural,27.15,36.91,12.08,28.08
6221,County_6221,Colorado,Suburban/Small City,,34.93,11.67,33.09
24831,County_24831,Mississippi,Rural,19.27,26.5,9.15,21.0
42387,County_42387,Tennessee,Urban,12.46,14.29,6.82,4.44
2037,County_2037,Alaska,Rural,34.05,,16.39,42.9
18393,County_18393,Louisiana,Urban,38.39,54.09,15.34,44.2
40081,County_40081,South Carolina,Rural,21.75,,8.08,24.67
52237,County_52237,Other,Urban,17.49,23.96,6.0,17.02
28485,County_28485,Nevada,Urban,30.43,37.95,16.93,39.38
22179,County_22179,Michigan,Rural,10.86,12.9,3.5,8.92
1993,County_1993,Alabama,Rural,33.8,45.42,15.02,32.37
19447,County_19447,Maine,Rural,23.69,29.28,11.17,25.27
6231,County_6231,Colorado,Urban,26.67,32.04,11.07,32.73
55607,County_55607,Other,Urban,27.32,34.38,11.48,37.39
23165,County_23165,Minnesota,Urban,20.08,28.49,9.61,22.11
35439,County_35439,Ohio,Urban,39.48,49.38,15.03,53.09
30525,County_30525,New Jersey,Rural,16.64,24.36,6.52,21.04
40237,County_40237,South Carolina,Rural,16.81,26.27,8.03,18.6
7069,County_7069,Connecticut,Suburban/Small City,26.91,34.61,12.44,29.33
32523,County_32523,New York,Suburban/Small City,38.28,51.33,18.8,
34845,County_34845,North Dakota,Urban,30.82,42.33,15.11,41.66
43575,County_43575,Texas,Rural,22.96,31.38,9.61,
19225,County_19225,Maine,Rural,23.98,32.39,9.73,27.02
38085,County_38085,Pennsylvania,Urban,29.11,37.67,14.86,
47253,County_47253,Washington,Rural,23.12,30.9,,
24873,County_24873,Mississippi,Rural,39.45,55.01,16.85,52.32
6659,County_6659,Colorado,Rural,39.53,52.29,16.92,49.38
17945,County_17945,Kentucky,Urban,37.17,51.71,,51.88
20617,County_20617,Maryland,Rural,30.25,35.82,11.51,41.18
16331,County_16331,Kansas,Urban,15.2,13.45,9.79,14.78
36699,County_36699,Oklahoma,Rural,30.67,41.53,,40.16
53177,County_53177,Other,Urban,16.69,20.98,7.93,13.85
16725,County_16725,Kansas,Urban,13.09,,5.59,8.84
49481,County_49481,Wisconsin,Urban,17.92,21.78,6.03,22.0
40967,County_40967,South Carolina,Rural,11.14,16.99,6.14,11.0
36821,County_36821,Oklahoma,Rural,34.96,46.73,15.43,46.0
39549,County_39549,Rhode Island,Urban,25.43,32.5,11.37,22.14
49071,County_49071,Wisconsin,Urban,36.69,47.7,16.96,42.3
56017,County_56017,Other,Rural,29.23,39.72,14.74,41.52
28229,County_28229,Nevada,Rural,35.88,47.72,15.26,41.2
37171,County_37171,Oregon,Rural,27.44,39.11,10.53,33.18
28689,County_28689,Nevada,Urban,20.26,28.27,7.49,18.69
1601,County_1601,Alabama,Urban,24.26,33.16,11.89,25.13
54119,County_54119,Other,Rural,22.52,32.78,8.53,35.81
48263,County_48263,West Virginia,Urban,22.5,26.68,10.34,24.76
4971,County_4971,Arkansas,Rural,9.27,14.04,4.18,3.22
55829,County_55829,Other,Urban,,29.46,12.54,24.4
16059,County_16059,Kansas,Rural,12.85,18.28,6.31,5.1
1923,County_1923,Alabama,Rural,31.35,41.07,14.77,36.19
8499,County_8499,Delaware,Rural,31.77,40.93,13.06,40.42
17221,County_17221,Kentucky,Rural,22.54,30.54,10.13,23.01
32187,County_32187,New York,Suburban/Small City,32.04,44.07,14.5,42.41
53091,County_53091,Other,Rural,17.87,22.54,6.48,21.25
12077,County_12077,Idaho,Urban,18.0,26.1,9.34,23.08
56241,County_56241,Other,Rural,10.91,15.59,1.47,5.7
46479,County_46479,Virginia,Rural,9.75,11.91,2.47,11.15
17077,County_17077,Kentucky,Rural,25.67,34.27,8.74,36.94
42407,County_42407,Tennessee,Rural,27.26,38.29,13.72,25.51
21007,County_21007,Massachusetts,Urban,32.76,45.25,17.03,39.5
13927,County_13927,Illinois,Urban,23.94,31.45,12.77,34.41
27053,County_27053,Nebraska,Suburban/Small City,27.64,35.97,11.43,33.85
40507,County_40507,South Carolina,Rural,15.24,19.89,6.7,13.43
46515,County_46515,Virginia,Urban,25.95,34.04,10.45,36.11
17155,County_17155,Kentucky,Suburban/Small City,27.18,36.1,13.75,33.08
6051,County_6051,Colorado,Rural,26.57,31.42,11.16,30.71
46491,County_46491,Virginia,Urban,23.64,33.09,10.22,31.04
50037,County_50037,Wyoming,Rural,30.18,41.96,15.67,36.79
6407,County_6407,Colorado,Urban,25.23,31.75,10.16,25.96
17339,County_17339,Kentucky,Urban,22.15,28.96,8.9,27.51
19067,County_19067,Maine,Urban,,28.72,8.92,21.72
18147,County_18147,Louisiana,Rural,24.38,34.3,8.05,33.97
44821,County_44821,Utah,Rural,26.16,34.31,9.03,
21099,County_21099,Massachusetts,Urban,21.27,25.17,8.85,23.69
51275,County_51275,Other,Rural,37.56,46.77,19.4,37.79
24481,County_24481,Mississippi,Urban,16.11,20.82,7.91,13.59
47681,County_47681,Washington,Rural,24.97,28.53,10.69,32.29
1339,County_1339,Alabama,Urban,35.76,46.49,17.8,40.25
20285,County_20285,Maryland,Suburban/Small City,20.8,26.99,,21.23
28213,County_28213,Nevada,Suburban/Small City,34.67,46.81,15.59,38.01
56569,County_56569,Other,Urban,21.34,29.34,6.86,26.36
50957,County_50957,Wyoming,Rural,21.46,28.3,10.85,30.75
21091,County_21091,Massachusetts,Rural,32.09,40.33,9.98,42.34
42377,County_42377,Tennessee,Rural,26.51,36.03,12.89,34.64
16741,County_16741,Kansas,Rural,39.97,53.31,18.63,48.91
31773,County_31773,New Mexico,Rural,28.32,36.59,12.37,32.22
49093,County_49093,Wisconsin,Suburban/Small City,6.98,10.79,2.42,12.8
20717,County_20717,Maryland,Rural,28.63,35.63,12.06,35.3
47859,County_47859,Washington,Rural,42.34,53.81,18.72,53.66
10299,County_10299,Georgia,Rural,39.54,51.48,17.4,53.12
52585,County_52585,Other,Rural,30.89,41.74,15.06,40.41
18315,County_18315,Louisiana,Urban,28.05,36.63,12.04,37.54
18027,County_18027,Louisiana,Rural,26.35,35.07,10.15,25.76
7463,County_7463,Connecticut,Rural,14.05,18.19,5.78,14.09
21935,County_21935,Massachusetts,Rural,13.7,17.03,8.9,10.53
49085,County_49085,Wisconsin,Urban,7.65,9.92,3.99,1.93
47051,County_47051,Washington,Urban,17.7,22.01,,20.43
8917,County_8917,Delaware,Rural,23.38,29.8,8.96,27.01
30901,County_30901,New Jersey,Rural,29.0,36.88,12.4,38.93
23275,County_23275,Minnesota,Urban,35.02,45.15,16.69,38.98
41895,County_41895,South Dakota,Rural,25.86,30.21,8.32,22.43
7303,County_7303,Connecticut,Suburban/Small City,10.52,16.31,6.18,3.61
41249,County_41249,South Dakota,Urban,18.52,22.97,6.9,16.53
32057,County_32057,New York,Suburban/Small City,29.12,38.18,11.83,36.09
33947,County_33947,North Carolina,Suburban/Small City,25.51,32.31,12.6,26.27
5983,County_5983,California,Suburban/Small City,32.66,40.22,13.96,34.27
35009,County_35009,Ohio,Urban,26.37,34.95,10.59,30.61
4199,County_4199,Arkansas,Rural,16.5,20.8,8.35,15.74
21571,County_21571,Massachusetts,Rural,24.22,30.64,9.88,25.84
36031,County_36031,Oklahoma,Urban,15.29,21.46,9.55,10.15
3963,County_3963,Arizona,Rural,31.3,38.78,11.58,34.8
10863,County_10863,Georgia,Suburban/Small City,,38.01,12.1,28.48
53649,County_53649,Other,Urban,38.3,49.86,15.75,52.76
17717,County_17717,Kentucky,Suburban/Small City,14.54,20.06,7.68,13.96
10437,County_10437,Georgia,Rural,26.57,34.67,11.68,31.53
3591,County_3591,Arizona,Rural,35.18,46.44,14.2,52.18
48499,County_48499,West Virginia,Rural,31.37,40.01,16.03,36.62
26143,County_26143,Montana,Rural,31.91,42.07,11.64,39.58
32415,County_32415,New York,Rural,9.12,11.58,3.65,8.59
55371,County_55371,Other,Urban,15.27,19.0,8.16,9.79
29783,County_29783,New Hampshire,Rural,20.93,24.7,6.85,24.49
16539,County_16539,Kansas,Suburban/Small City,36.57,49.44,14.69,41.05
7075,County_7075,Connecticut,Rural,22.7,30.45,10.28,23.9
18587,County_18587,Louisiana,Urban,28.74,38.31,13.56,38.28
12479,County_12479,Idaho,Rural,30.07,39.69,14.62,40.72
37245,County_37245,Oregon,Rural,34.27,46.84,14.93,43.2
32309,County_32309,New York,Urban,15.03,15.36,5.38,10.06
51543,County_51543,Other,Urban,18.3,25.29,,15.19
50533,County_50533,Wyoming,Urban,30.18,40.14,15.81,36.84
47217,County_47217,Washington,Rural,17.42,25.5,6.29,14.9
39441,County_39441,Rhode Island,Urban,32.92,38.57,14.18,45.2
49261,County_49261,Wisconsin,Rural,21.33,22.3,7.59,20.88
9903,County_9903,Florida,Rural,31.22,40.31,13.79,37.69
40893,County_40893,South Carolina,Urban,28.96,37.33,14.07,37.96
5657,County_5657,California,Rural,14.15,16.91,5.66,14.87
6561,County_6561,Colorado,Urban,20.55,24.95,7.3,28.62
10135,County_10135,Georgia,Rural,27.1,34.98,12.01,26.8
36067,County_36067,Oklahoma,Rural,10.78,15.35,7.11,4.85
17969,County_17969,Kentucky,Rural,20.03,26.2,11.45,24.27
11717,County_11717,Hawaii,Rural,20.89,28.98,10.06,14.21
20641,County_20641,Maryland,Rural,38.36,51.64,18.77,53.27
54629,County_54629,Other,Urban,41.97,53.34,19.56,53.6
20447,County_20447,Maryland,Urban,33.54,40.97,16.42,44.09
43583,County_43583,Texas,Urban,32.22,40.37,11.09,34.26
24845,County_24845,Mississippi,Rural,21.49,28.3,7.46,21.89
6519,County_6519,Colorado,Rural,24.76,30.89,10.72,31.5
26629,County_26629,Montana,Rural,15.6,19.1,7.66,18.6
34933,County_34933,North Dakota,Suburban/Small City,23.87,33.69,12.54,31.87
6049,County_6049,Colorado,Urban,15.64,24.01,5.23,12.51
40855,County_40855,South Carolina,Urban,18.42,24.33,7.88,23.97
39263,County_39263,Rhode Island,Rural,39.67,51.56,16.62,46.78
7965,County_7965,Connecticut,Urban,38.91,50.67,17.74,48.99
52973,County_52973,Other,Rural,16.54,23.52,8.51,12.79
3427,County_3427,Arizona,Urban,32.38,39.37,13.92,36.55
13369,County_13369,Illinois,Urban,40.18,49.5,17.2,48.0
49557,County_49557,Wisconsin,Urban,21.93,25.29,8.3,22.28
10967,County_10967,Georgia,Rural,35.51,49.01,15.07,50.41
35749,County_35749,Ohio,Urban,33.46,44.32,16.15,42.81
52395,County_52395,Other,Urban,30.74,40.84,15.37,33.56
43875,County_43875,Texas,Urban,,23.05,5.31,17.61
7343,County_7343,Connecticut,Rural,16.2,18.29,7.86,18.29
37527,County_37527,Oregon,Rural,31.06,44.12,11.82,37.48
17889,County_17889,Kentucky,Urban,20.58,31.31,10.09,23.37
31799,County_31799,New Mexico,Rural,23.12,27.43,11.34,31.04
7597,County_7597,Connecticut,Rural,11.09,14.78,3.79,1.96
51317,County_51317,Other,Rural,30.56,38.86,14.82,40.71
1051,County_1051,Alabama,Urban,32.4,38.01,14.97,44.35
22727,County_22727,Michigan,Urban,28.72,35.81,9.55,38.05
23039,County_23039,Minnesota,Rural,16.39,22.83,8.34,16.61
30977,County_30977,New Jersey,Urban,36.41,,16.22,51.5
1057,County_1057,Alabama,Suburban/Small City,33.07,44.71,13.08,41.25
49261,County_49261,Wisconsin,Rural,22.51,28.66,7.66,15.88
26173,County_26173,Montana,Rural,20.2,26.83,9.48,17.56
35195,County_35195,Ohio,Urban,10.79,15.95,6.54,20.13
2029,County_2029,Alaska,Rural,35.53,47.02,13.42,42.86
48741,County_48741,West Virginia,Rural,32.47,45.2,,44.2
15909,County_15909,Iowa,Suburban/Small City,23.86,29.32,11.68,36.59
10001,County_10001,Georgia,Urban,41.87,53.47,19.59,54.88
54357,County_54357,Other,Urban,28.49,36.01,13.72,35.86
39421,County_39421,Rhode Island,Rural,30.66,41.94,14.53,35.0
48445,County_48445,West Virginia,Urban,19.92,27.97,6.75,21.39
52183,County_52183,Other,Suburban/Small City,34.49,40.54,15.78,46.16
49603,County_49603,Wisconsin,Rural,25.61,,12.33,32.18
23267,County_23267,Minnesota,Urban,37.35,48.5,15.34,49.65
30769,County_30769,New Jersey,Suburban/Small City,13.24,17.32,6.91,13.32
42387,County_42387,Tennessee,Urban,40.44,51.85,,54.48
21531,County_21531,Massachusetts,Rural,16.19,22.66,7.57,16.77
51047,County_51047,Other,Rural,14.79,16.8,6.81,11.52
21215,County_21215,Massachusetts,Rural,27.39,33.18,11.39,34.55
37253,County_37253,Oregon,Rural,27.97,33.62,13.76,37.28
19463,County_19463,Maine,Urban,28.69,35.89,13.28,28.08
16789,County_16789,Kansas,Rural,28.13,38.37,12.85,31.34
36873,County_36873,Oklahoma,Urban,18.97,24.88,10.0,18.24
3259,County_3259,Arizona,Rural,40.29,52.73,16.64,50.84
40383,County_40383,South Carolina,Rural,15.66,19.64,8.73,20.81
34495,County_34495,North Dakota,Rural,31.8,35.87,16.77,40.2
9037,County_9037,Florida,Rural,26.19,35.46,13.09,33.52
22197,County_22197,Michigan,Rural,35.7,45.87,18.04,43.95
37221,County_37221,Oregon,Suburban/Small City,12.73,15.81,4.75,7.64
45771,County_45771,Vermont,Rural,,15.26,6.74,10.29
56759,County_56759,Other,Urban,20.31,24.56,10.92,
29241,County_29241,New Hampshire,Urban,8.97,10.37,4.93,6.24
45777,County_45777,Vermont,Rural,41.0,52.97,19.12,46.78
31657,County_31657,New Mexico,Rural,14.6,18.2,7.22,14.34
25109,County_25109,Missouri,Rural,30.88,42.44,14.26,40.22
40705,County_40705,South Carolina,Urban,30.84,40.02,13.1,31.62
52373,County_52373,Other,Rural,22.05,28.36,11.59,
22263,County_22263,Michigan,Rural,20.2,26.58,9.31,20.32
23519,County_23519,Minnesota,Rural,27.71,32.04,12.38,31.15
13859,County_13859,Illinois,Rural,21.71,27.98,11.99,30.86
9389,County_9389,Florida,Rural,14.25,20.01,4.21,14.05
31797,County_31797,New Mexico,Rural,35.86,46.08,16.5,43.13
31789,County_31789,New Mexico,Urban,20.69,28.89,11.41,22.53
33731,County_33731,North Carolina,Rural,29.78,37.05,12.61,44.13
29391,County_29391,New Hampshire,Urban,28.49,39.61,11.32,29.17
4035,County_4035,Arkansas,Suburban/Small City,34.59,47.53,14.21,43.49
34289,County_34289,North Dakota,Rural,34.88,44.87,15.92,43.76
43241,County_43241,Texas,Rural,9.05,10.75,3.07,2.68
40535,County_40535,South Carolina,Suburban/Small City,32.96,39.91,15.19,47.51
7073,County_7073,Connecticut,Urban,40.44,54.4,17.53,46.95
35241,County_35241,Ohio,Suburban/Small City,19.02,22.47,8.09,24.25
10403,County_10403,Georgia,Rural,32.5,41.92,15.91,45.04
1085,County_1085,Alabama,Urban,12.89,23.06,7.91,9.81
41105,County_41105,South Dakota,Urban,18.4,23.29,8.6,20.28
49081,County_49081,Wisconsin,Rural,28.67,33.42,11.09,41.76
42715,County_42715,Tennessee,Urban,32.16,44.0,14.75,41.83
54111,County_54111,Other,Rural,24.03,32.29,8.32,33.38
55883,County_55883,Other,Rural,,52.48,19.36,
6325,County_6325,Colorado,Urban,15.91,18.11,7.94,12.97
6133,County_6133,Colorado,Urban,28.32,35.55,13.85,32.5
5349,County_5349,California,Suburban/Small City,26.86,32.55,14.33,33.13
12423,County_12423,Idaho,Urban,36.14,47.88,15.57,49.59
29083,County_29083,New Hampshire,Urban,20.44,25.33,9.03,32.75
18087,County_18087,Louisiana,Urban,25.74,34.77,10.37,36.13
14339,County_14339,Indiana,Urban,11.32,16.18,2.79,15.82
13629,County_13629,Illinois,Suburban/Small City,16.83,20.89,9.16,14.96
49709,County_49709,Wisconsin,Rural,28.75,,12.67,36.66
13181,County_13181,Illinois,Rural,31.87,42.89,14.58,41.52
50285,County_50285,Wyoming,Suburban/Small City,25.64,33.58,12.66,30.34
13867,County_13867,Illinois,Urban,37.79,48.07,17.17,50.49
2321,County_2321,Alaska,Urban,36.89,49.64,14.48,45.62
17739,County_17739,Kentucky,Rural,35.64,46.64,15.19,47.43
26425,County_26425,Montana,Urban,25.63,34.92,13.69,29.21
1893,County_1893,Alabama,Rural,16.35,20.28,7.27,8.77
36821,County_36821,Oklahoma,Rural,25.74,31.11,13.09,29.16
39439,County_39439,Rhode Island,Rural,34.46,45.65,16.71,42.64
2179,County_2179,Alaska,Rural,15.91,18.96,8.04,12.17
42825,County_42825,Tennessee,Rural,12.42,16.08,4.68,7.19
41983,County_41983,South Dakota,Suburban/Small City,20.76,28.13,10.15,18.1
49641,County_49641,Wisconsin,Urban,40.15,52.98,19.05,59.49
1373,County_1373,Alabama,Rural,36.58,45.88,18.63,53.74
29363,County_29363,New Hampshire,Rural,37.33,47.58,17.18,48.9
3195,County_3195,Arizona,Suburban/Small City,19.29,26.44,10.96,26.21
2559,County_2559,Alaska,Urban,26.84,35.4,14.66,35.39
40411,County_40411,South Carolina,Urban,22.85,28.3,10.17,29.0
7397,County_7397,Connecticut,Rural,24.23,28.93,11.25,25.53
13865,County_13865,Illinois,Rural,24.02,32.0,,22.66
17271,County_17271,Kentucky,Suburban/Small City,23.63,30.86,7.79,34.91
7837,County_7837,Connecticut,Rural,33.14,44.88,14.43,44.93
3343,County_3343,Arizona,Urban,28.53,34.7,14.05,43.28
5403,County_5403,California,Rural,27.52,34.61,11.97,28.78
31023,County_31023,New Mexico,Rural,17.95,21.54,8.67,25.26
12185,County_12185,Idaho,Rural,16.3,23.28,6.13,10.53
33831,County_33831,North Carolina,Rural,28.03,,15.85,31.62
3849,County_3849,Arizona,Suburban/Small City,12.01,14.97,8.27,6.05
14385,County_14385,Indiana,Rural,32.61,43.04,15.42,41.51
36869,County_36869,Oklahoma,Urban,16.78,17.2,8.43,14.48
16227,County_16227,Kansas,Urban,23.2,25.7,8.14,34.7
18089,County_18089,Louisiana,Rural,27.55,34.77,17.14,34.21
29919,County_29919,New Hampshire,Rural,16.67,19.77,6.95,16.24
5971,County_5971,California,Urban,19.02,20.63,6.95,20.4
27985,County_27985,Nebraska,Urban,34.41,49.36,15.37,44.28
24823,County_24823,Mississippi,Rural,29.69,31.17,13.4,39.93
44063,County_44063,Utah,Rural,35.8,47.13,14.72,41.84
21083,County_21083,Massachusetts,Urban,35.19,44.78,15.11,45.14
23897,County_23897,Minnesota,Urban,29.46,37.85,9.82,33.06
34039,County_34039,North Dakota,Rural,14.13,19.28,6.12,15.28
15171,County_15171,Iowa,Rural,23.88,30.91,10.93,27.46
1743,County_1743,Alabama,Rural,35.34,46.87,15.37,44.77
47319,County_47319,Washington,Rural,26.38,31.9,13.14,35.22
18191,County_18191,Louisiana,Urban,12.87,18.69,8.08,10.66
5549,County_5549,California,Rural,37.05,45.53,18.42,44.76
37179,County_37179,Oregon,Rural,31.65,42.32,14.26,38.05
31363,County_31363,New Mexico,Urban,,18.52,6.72,
48411,County_48411,West Virginia,Urban,21.23,28.3,8.49,23.84
21609,County_21609,Massachusetts,Urban,15.45,19.35,5.48,11.18
31353,County_31353,New Mexico,Rural,18.47,26.4,6.62,18.1
53673,County_53673,Other,Rural,27.96,33.89,13.5,33.07
8063,County_8063,Delaware,Suburban/Small City,30.92,40.72,12.26,42.98
49597,County_49597,Wisconsin,Rural,9.16,11.39,5.66,1.65
56381,County_56381,Other,Rural,27.82,33.18,12.72,38.79
21331,County_21331,Massachusetts,Urban,34.62,42.52,15.18,53.61
10103,County_10103,Georgia,Urban,14.62,19.64,6.29,17.2
10315,County_10315,Georgia,Rural,22.28,30.02,10.62,26.39
4509,County_4509,Arkansas,Rural,28.3,37.18,12.48,48.23
20619,County_20619,Maryland,Rural,24.27,31.31,12.92,25.51
41049,County_41049,South Dakota,Urban,38.33,49.7,14.45,50.26
14519,County_14519,Indiana,Rural,22.24,30.42,10.0,27.95
15335,County_15335,Iowa,Rural,22.24,27.52,11.67,29.26
50753,County_50753,Wyoming,Rural,14.26,18.97,5.96,19.24
7205,County_7205,Connecticut,Rural,23.89,31.62,10.66,28.58
22699,County_22699,Michigan,Urban,20.96,28.92,11.39,28.43
32583,County_32583,New York,Rural,20.59,28.85,9.55,24.77
20547,County_20547,Maryland,Rural,10.19,16.0,5.43,12.05
43533,County_43533,Texas,Urban,28.93,36.21,9.28,39.7
14351,County_14351,Indiana,Rural,37.88,47.97,15.94,56.71
26783,County_26783,Montana,Suburban/Small City,25.3,35.49,15.25,36.21
12097,County_12097,Idaho,Suburban/Small City,23.54,27.86,12.37,25.3
46385,County_46385,Virginia,Rural,20.74,31.22,9.17,18.62
31211,County_31211,New Mexico,Rural,,49.65,17.69,46.82
17417,County_17417,Kentucky,Suburban/Small City,21.53,31.31,8.38,19.74
9615,County_9615,Florida,Urban,17.44,20.58,9.17,23.37
31739,County_31739,New Mexico,Suburban/Small City,13.59,17.0,10.44,8.02
54571,County_54571,Other,Rural,23.45,30.74,12.71,25.26
19197,County_19197,Maine,Urban,36.25,49.12,15.92,45.31
31263,County_31263,New Mexico,Rural,37.74,49.08,16.83,50.73
42799,County_42799,Tennessee,Rural,21.36,24.55,10.62,23.76
23061,County_23061,Minnesota,Rural,28.14,33.72,12.4,38.57
5031,County_5031,California,Urban,38.72,52.98,16.73,51.62
8359,County_8359,Delaware,Rural,29.68,37.1,13.11,47.62
20311,County_20311,Maryland,Rural,30.97,39.32,13.79,37.4
1029,County_1029,Alabama,Rural,10.94,16.36,3.77,13.27
39951,County_39951,Rhode Island,Suburban/Small City,19.22,20.64,9.29,15.47
32721,County_32721,New York,Suburban/Small City,35.1,47.97,19.24,46.83
53895,County_53895,Other,Urban,,45.08,13.81,41.76
31405,County_31405,New Mexico,Suburban/Small City,27.13,33.31,10.73,35.79
49601,County_49601,Wisconsin,Urban,33.65,42.75,14.12,48.89
45673,County_45673,Vermont,Rural,42.2,,15.85,53.52
19899,County_19899,Maine,Urban,32.77,42.96,15.69,33.28
52661,County_52661,Other,Suburban/Small City,21.08,29.84,6.68,19.18
10675,County_10675,Georgia,Suburban/Small City,35.25,41.12,18.14,47.44
41843,County_41843,South Dakota,Suburban/Small City,17.33,24.43,8.84,18.36
25139,County_25139,Missouri,Suburban/Small City,13.1,16.86,9.73,
19567,County_19567,Maine,Rural,21.81,29.06,11.78,22.82
6603,County_6603,Colorado,Urban,22.71,30.19,11.62,22.82
16871,County_16871,Kansas,Rural,10.47,14.59,,6.45
25291,County_25291,Missouri,Suburban/Small City,27.14,36.35,12.19,
56605,County_56605,Other,Suburban/Small City,27.39,33.6,11.28,36.88
37929,County_37929,Oregon,Rural,14.65,18.3,7.07,9.05
14433,County_14433,Indiana,Rural,19.74,25.03,9.38,20.33
9197,County_9197,Florida,Rural,35.7,47.64,15.7,48.22
21767,County_21767,Massachusetts,Rural,8.84,10.67,3.41,7.44
47581,County_47581,Washington,Rural,26.96,36.5,11.02,33.72
52641,County_52641,Other,Urban,24.32,33.85,12.86,37.36
18535,County_18535,Louisiana,Rural,31.79,44.13,15.29,48.82
54817,County_54817,Other,Suburban/Small City,28.28,34.6,12.08,40.12
11185,County_11185,Hawaii,Rural,17.19,24.17,9.19,19.7
41479,County_41479,South Dakota,Suburban/Small City,15.92,19.48,6.87,15.68
53823,County_53823,Other,Suburban/Small City,40.84,54.03,17.29,59.34
46387,County_46387,Virginia,Rural,33.86,42.09,16.25,44.94
6251,County_6251,Colorado,Rural,20.13,23.65,10.39,23.62
9253,County_9253,Florida,Urban,27.1,34.81,10.46,28.69
19843,County_19843,Maine,Rural,25.26,33.79,11.53,31.67
16157,County_16157,Kansas,Rural,34.33,41.5,15.5,40.0
29553,County_29553,New Hampshire,Rural,23.61,34.59,8.77,32.7
54979,County_54979,Other,Urban,25.77,32.17,10.98,32.12
45691,County_45691,Vermont,Urban,37.6,48.12,16.81,48.75
48523,County_48523,West Virginia,Rural,32.71,42.46,14.45,43.91
22709,County_22709,Michigan,Urban,29.21,38.62,12.23,40.72
16643,County_16643,Kansas,Rural,32.4,41.98,13.45,
12773,County_12773,Idaho,Urban,27.73,35.8,14.17,34.2
19107,County_19107,Maine,Urban,12.36,15.97,7.73,6.98
38073,County_38073,Pennsylvania,Urban,37.54,48.63,18.26,45.09
54309,County_54309,Other,Urban,20.78,24.09,13.61,29.12
52689,County_52689,Other,Rural,17.01,24.09,7.73,17.71
55777,County_55777,Other,Rural,32.87,41.6,14.49,42.86
14557,County_14557,Indiana,Rural,23.57,26.26,9.78,21.34
23537,County_23537,Minnesota,Rural,34.94,48.21,12.51,41.15
41113,County_41113,South Dakota,Rural,18.23,24.75,7.72,20.11
13805,County_13805,Illinois,Suburban/Small City,29.7,36.07,11.88,37.48
26079,County_26079,Montana,Urban,15.94,19.19,7.93,17.79
52229,County_52229,Other,Urban,14.64,20.52,6.11,20.5
51921,County_51921,Other,Urban,25.41,32.86,12.41,23.23
35367,County_35367,Ohio,Urban,35.7,52.08,15.45,45.73
19819,County_19819,Maine,Suburban/Small City,33.02,,14.15,42.72
51903,County_51903,Other,Rural,31.32,40.95,16.3,38.5
31481,County_31481,New Mexico,Urban,32.6,41.57,15.01,46.14
52943,County_52943,Other,Urban,22.46,30.9,11.49,28.24
56067,County_56067,Other,Rural,35.18,44.3,14.35,40.83
26609,County_26609,Montana,Suburban/Small City,9.56,14.45,3.92,8.29
44275,County_44275,Utah,Suburban/Small City,16.01,22.21,6.84,18.61
1157,County_1157,Alabama,Urban,26.61,33.27,11.3,42.19
49183,County_49183,Wisconsin,Rural,17.37,26.27,,10.46
47231,County_47231,Washington,Rural,30.26,36.25,11.74,
53675,County_53675,Other,Rural,20.63,30.42,10.36,19.29
47959,County_47959,Washington,Rural,36.82,50.06,15.26,45.96
20591,County_20591,Maryland,Rural,35.04,45.4,17.88,46.13
45951,County_45951,Vermont,Urban,28.29,35.89,15.32,34.25
43357,County_43357,Texas,Urban,25.19,30.28,11.19,31.54
1921,County_1921,Alabama,Rural,6.85,8.7,3.35,1.68
12945,County_12945,Idaho,Urban,26.94,,11.82,35.65
13123,County_13123,Illinois,Suburban/Small City,10.83,15.43,4.49,9.48
12547,County_12547,Idaho,Urban,29.18,39.1,15.71,38.97
56027,County_56027,Other,Rural,12.95,12.29,5.66,15.16
15131,County_15131,Iowa,Urban,24.36,32.38,7.97,20.16
22141,County_22141,Michigan,Rural,31.7,39.83,15.72,32.44
7021,County_7021,Connecticut,Rural,25.35,33.39,12.08,31.78
44031,County_44031,Utah,Urban,29.93,37.99,9.58,47.25
8857,County_8857,Delaware,Urban,15.35,22.15,5.08,17.81
24127,County_24127,Mississippi,Rural,29.46,37.69,13.15,37.28
13325,County_13325,Illinois,Urban,23.48,31.5,11.43,36.85
25857,County_25857,Missouri,Urban,9.77,13.8,2.86,8.09
24541,County_24541,Mississippi,Urban,17.31,,7.39,20.98
44347,County_44347,Utah,Urban,24.52,32.87,10.77,30.73
39475,County_39475,Rhode Island,Rural,24.06,31.47,10.25,37.11
24265,County_24265,Mississippi,Rural,14.25,13.76,5.9,17.3
52277,County_52277,Other,Rural,30.64,40.26,14.49,35.74
6661,County_6661,Colorado,Urban,21.7,27.3,8.77,20.14
14603,County_14603,Indiana,Urban,30.66,40.62,16.84,36.91
55459,County_55459,Other,Rural,22.15,30.29,10.98,25.79
13447,County_13447,Illinois,Urban,35.97,45.91,15.55,42.35
29293,County_29293,New Hampshire,Rural,16.34,17.9,6.53,24.29
18143,County_18143,Louisiana,Rural,40.42,50.04,17.02,54.31
16831,County_16831,Kansas,Suburban/Small City,22.62,28.12,10.8,26.6
14597,County_14597,Indiana,Rural,23.52,31.75,10.53,27.65
16945,County_16945,Kansas,Rural,31.45,40.87,14.87,39.27
43369,County_43369,Texas,Urban,25.74,35.69,11.22,32.12
41337,County_41337,South Dakota,Rural,33.06,42.41,13.39,41.91
27677,County_27677,Nebraska,Urban,33.27,43.38,14.35,43.03
37339,County_37339,Oregon,Rural,24.22,31.22,13.0,19.97
8539,County_8539,Delaware,Rural,38.25,49.73,17.55,45.58
52559,County_52559,Other,Urban,27.78,35.27,11.7,35.93
28647,County_28647,Nevada,Urban,20.19,26.11,9.17,22.64
26595,County_26595,Montana,Rural,36.79,47.14,17.31,52.97
17151,County_17151,Kentucky,Rural,31.51,39.47,12.87,42.47
21929,County_21929,Massachusetts,Rural,27.46,37.2,12.69,34.27
6153,County_6153,Colorado,Suburban/Small City,29.48,36.27,12.4,29.31
25437,County_25437,Missouri,Suburban/Small City,24.73,33.94,10.66,29.57
46121,County_46121,Virginia,Rural,28.81,40.75,11.32,33.64
2523,County_2523,Alaska,Suburban/Small City,28.0,35.17,16.12,35.41
7419,County_7419,Connecticut,Urban,35.2,43.09,16.23,43.19
9691,County_9691,Florida,Rural,33.42,,16.9,41.86
46337,County_46337,Virginia,Rural,29.58,40.33,16.15,31.63
29493,County_29493,New Hampshire,Rural,28.5,37.91,12.43,30.02
7297,County_7297,Connecticut,Rural,25.81,37.05,10.12,27.03
55847,County_55847,Other,Rural,28.21,38.69,9.87,33.39
31707,County_31707,New Mexico,Rural,33.96,44.47,17.54,41.49
42623,County_42623,Tennessee,Rural,28.74,,12.73,29.5
41501,County_41501,South Dakota,Urban,29.74,41.78,18.53,37.12
39129,County_39129,Rhode Island,Urban,28.82,39.34,13.16,38.68
8051,County_8051,Delaware,Rural,37.24,48.03,18.63,46.5
11991,County_11991,Hawaii,Urban,14.36,18.3,6.33,10.17
8689,County_8689,Delaware,Rural,26.02,28.37,,29.67
24277,County_24277,Mississippi,Rural,26.81,33.88,12.17,27.59
10377,County_10377,Georgia,Rural,31.83,41.28,12.91,48.89
33915,County_33915,North Carolina,Urban,21.9,28.22,11.76,23.09
49225,County_49225,Wisconsin,Rural,23.59,29.47,10.2,20.28
15099,County_15099,Iowa,Urban,16.13,21.15,8.0,10.15
5431,County_5431,California,Urban,28.8,38.62,13.52,34.23
26463,County_26463,Montana,Rural,37.02,45.06,16.34,52.37
45535,County_45535,Vermont,Urban,19.3,23.3,6.75,21.88
41365,County_41365,South Dakota,Rural,17.86,23.99,8.32,20.63
11491,County_11491,Hawaii,Rural,20.94,26.25,6.18,22.12
14647,County_14647,Indiana,Rural,15.44,22.86,7.52,12.59
26353,County_26353,Montana,Urban,35.86,46.94,18.12,49.41
41227,County_41227,South Dakota,Rural,20.16,26.25,9.08,23.26
11375,County_11375,Hawaii,Rural,25.0,29.98,9.39,24.22
8447,County_8447,Delaware,Suburban/Small City,10.61,12.43,6.15,10.68
41583,County_41583,South Dakota,Urban,23.76,30.13,12.11,22.69
1175,County_1175,Alabama,Rural,22.71,29.99,9.12,20.03
52951,County_52951,Other,Rural,21.69,,9.31,20.2
14435,County_14435,Indiana,Rural,30.48,39.8,14.2,40.87
29587,County_29587,New Hampshire,Urban,28.38,36.97,13.75,34.85
29957,County_29957,New Hampshire,Urban,,36.18,12.74,32.13
47633,County_47633,Washington,Urban,24.98,33.02,11.25,33.91
1281,County_1281,Alabama,Urban,31.07,41.5,12.91,36.08
4711,County_4711,Arkansas,Rural,17.26,25.41,8.11,17.64
35305,County_35305,Ohio,Rural,14.59,15.24,5.34,12.44
18099,County_18099,Louisiana,Rural,24.06,32.23,13.59,27.76
30613,County_30613,New Jersey,Suburban/Small City,16.69,24.15,6.84,16.69
40447,County_40447,South Carolina,Rural,40.49,54.68,18.43,56.47
20037,County_20037,Maryland,Urban,38.79,49.67,16.79,48.58
4715,County_4715,Arkansas,Suburban/Small City,23.69,31.83,11.11,30.97
18239,County_18239,Louisiana,Rural,32.48,40.24,16.25,39.34
27059,County_27059,Nebraska,Suburban/Small City,31.83,41.84,15.75,45.69
4921,County_4921,Arkansas,Rural,31.96,43.55,14.97,39.63
24703,County_24703,Mississippi,Rural,32.65,41.66,13.85,39.15
52025,County_52025,Other,Rural,32.17,39.17,14.81,34.52
25167,County_25167,Missouri,Urban,24.75,31.94,13.33,24.87
37415,County_37415,Oregon,Urban,23.23,29.4,10.75,33.17
24469,County_24469,Mississippi,Urban,41.59,55.68,18.87,46.78
6893,County_6893,Colorado,Urban,16.65,21.92,5.96,11.68
30175,County_30175,New Jersey,Urban,19.58,28.0,5.97,26.35
41705,County_41705,South Dakota,Rural,25.23,33.8,15.61,28.23
44595,County_44595,Utah,Rural,30.67,39.46,14.54,42.23
52161,County_52161,Other,Rural,32.06,43.94,13.34,47.26
40977,County_40977,South Carolina,Rural,20.66,25.97,8.85,16.63
2025,County_2025,Alaska,Suburban/Small City,20.59,22.6,10.25,17.99
46007,County_46007,Virginia,Rural,20.01,31.08,8.04,22.68
21693,County_21693,Massachusetts,Urban,30.19,38.64,14.46,43.5
48735,County_48735,West Virginia,Urban,27.47,32.16,14.0,27.14
24915,County_24915,Mississippi,Urban,24.41,31.02,11.74,38.81
51911,County_51911,Other,Rural,32.2,,16.8,41.2
47651,County_47651,Washington,Rural,37.74,49.64,17.9,45.04
53507,County_53507,Other,Rural,30.13,40.66,13.3,42.13
55257,County_55257,Other,Rural,23.29,29.45,9.36,21.8
22589,County_22589,Michigan,Rural,36.6,49.42,15.35,56.24
56901,County_56901,Other,Rural,31.12,37.07,12.62,38.21
56585,County_56585,Other,Rural,,38.93,12.49,41.72
28081,County_28081,Nevada,Suburban/Small City,41.11,53.92,20.39,51.22
42317,County_42317,Tennessee,Rural,13.3,17.87,7.99,9.16
41777,County_41777,South Dakota,Suburban/Small City,17.83,22.89,6.34,17.97
44011,County_44011,Utah,Rural,23.49,30.67,10.82,26.68
41615,County_41615,South Dakota,Rural,24.87,31.36,11.13,25.35
2505,County_2505,Alaska,Rural,17.68,22.9,9.58,14.81
43401,County_43401,Texas,Suburban/Small City,34.07,45.9,13.93,44.44
49641,County_49641,Wisconsin,Rural,16.55,22.84,7.64,13.09
16289,County_16289,Kansas,Rural,31.99,43.06,16.16,43.97
55767,County_55767,Other,Suburban/Small City,24.95,32.59,11.24,24.91
15157,County_15157,Iowa,Rural,23.85,32.8,13.44,27.7
39793,County_39793,Rhode Island,Urban,23.63,32.05,7.88,28.39
43263,County_43263,Texas,Urban,13.43,16.52,,16.15
33765,County_33765,North Carolina,Suburban/Small City,24.42,34.12,13.84,23.65
16885,County_16885,Kansas,Suburban/Small City,11.61,16.1,5.64,13.33
52747,County_52747,Other,Rural,25.51,37.14,10.31,37.41
5253,County_5253,California,Rural,16.83,20.27,7.28,13.34
48197,County_48197,West Virginia,Urban,31.16,37.45,11.65,38.93
5793,County_5793,California,Rural,27.51,35.73,14.38,36.86
47455,County_47455,Washington,Rural,41.87,52.92,20.24,49.84
41161,County_41161,South Dakota,Urban,31.69,35.31,13.61,43.46
35585,County_35585,Ohio,Rural,25.59,36.66,13.0,23.88
30007,County_30007,New Jersey,Rural,29.87,41.76,13.09,41.26
18943,County_18943,Louisiana,Rural,29.86,39.24,14.34,31.29
13913,County_13913,Illinois,Suburban/Small City,37.46,52.34,18.07,50.23
56855,County_56855,Other,Rural,27.66,35.65,15.68,27.28
2087,County_2087,Alaska,Urban,23.59,32.92,,27.14
45197,County_45197,Vermont,Rural,6.99,7.57,2.34,6.07
48747,County_48747,West Virginia,Rural,17.41,23.2,6.4,18.84
53657,County_53657,Other,Rural,40.6,52.36,17.95,48.34
1721,County_1721,Alabama,Rural,33.05,40.37,13.68,40.26
50831,County_50831,Wyoming,Rural,23.48,29.18,11.41,26.39
19941,County_19941,Maine,Urban,9.9,13.81,4.68,6.93
26233,County_26233,Montana,Rural,26.64,34.82,12.23,31.03
21073,County_21073,Massachusetts,Urban,17.31,25.49,5.29,22.73
40833,County_40833,South Carolina,Rural,33.12,46.06,14.78,45.27
55789,County_55789,Other,Urban,36.26,48.05,13.8,43.37
48233,County_48233,West Virginia,Urban,31.76,41.24,15.36,36.01
3601,County_3601,Arizona,Urban,22.98,28.15,10.1,28.79
37859,County_37859,Oregon,Urban,15.53,18.3,9.46,6.35
15313,County_15313,Iowa,Rural,19.53,28.99,9.4,19.07
26917,County_26917,Montana,Urban,24.11,36.14,10.37,27.41
20757,County_20757,Maryland,Rural,34.21,44.76,12.59,42.45
48385,County_48385,West Virginia,Rural,28.48,37.73,13.88,40.72
37919,County_37919,Oregon,Urban,31.87,42.11,14.37,37.4
42791,County_42791,Tennessee,Urban,15.83,19.47,7.36,10.86
40617,County_40617,South Carolina,Rural,37.09,47.71,16.83,46.73
51663,County_51663,Other,Rural,17.65,22.91,5.22,15.21
7705,County_7705,Connecticut,Urban,34.92,47.57,14.33,
28879,County_28879,Nevada,Rural,31.58,39.34,16.27,34.63
37327,County_37327,Oregon,Rural,10.17,9.38,4.01,6.85
3325,County_3325,Arizona,Rural,15.35,14.11,8.56,15.12
36975,County_36975,Oklahoma,Rural,8.35,10.14,1.82,0.06
53263,County_53263,Other,Rural,14.91,22.9,3.51,12.47
50293,County_50293,Wyoming,Urban,22.53,27.39,10.58,25.98
5743,County_5743,California,Suburban/Small City,21.8,28.55,11.27,30.73
5071,County_5071,California,Rural,25.88,34.26,11.92,38.04
23719,County_23719,Minnesota,Suburban/Small City,15.6,18.71,6.23,18.35
1215,County_1215,Alabama,Suburban/Small City,24.51,31.4,10.36,25.25
29375,County_29375,New Hampshire,Rural,12.88,16.99,6.04,7.19
45519,County_45519,Vermont,Rural,31.74,40.12,14.22,39.13
46581,County_46581,Virginia,Rural,,48.08,12.7,48.54
49169,County_49169,Wisconsin,Rural,22.92,28.34,13.06,28.68
26645,County_26645,Montana,Rural,26.23,35.89,11.01,27.86
33821,County_33821,North Carolina,Rural,36.55,45.65,16.03,57.13
38207,County_38207,Pennsylvania,Rural,33.41,43.62,15.14,35.41
54773,County_54773,Other,Rural,32.27,,,35.2
14613,County_14613,Indiana,Urban,30.66,43.05,16.46,35.11
10859,County_10859,Georgia,Rural,19.18,21.64,9.52,24.26
6515,County_6515,Colorado,Urban,16.3,21.56,5.45,20.39
48991,County_48991,West Virginia,Urban,29.27,41.78,15.01,33.04
29659,County_29659,New Hampshire,Rural,24.63,30.95,,33.46
29745,County_29745,New Hampshire,Rural,25.65,37.43,9.69,
24811,County_24811,Mississippi,Urban,18.33,26.32,9.08,19.31
32703,County_32703,New York,Rural,12.97,17.91,,19.35
38337,County_38337,Pennsylvania,Urban,37.12,48.91,18.51,53.36
32653,County_32653,New York,Rural,21.55,28.76,6.71,32.69
56825,County_56825,Other,Rural,34.39,46.03,14.45,39.63
26001,County_26001,Montana,Rural,25.66,31.37,10.81,34.55
51065,County_51065,Other,Urban,17.81,25.29,8.59,15.94
46979,County_46979,Virginia,Rural,25.26,34.02,11.43,25.92
47107,County_47107,Washington,Rural,17.68,25.94,6.09,14.88
9565,County_9565,Florida,Rural,22.97,33.06,11.76,31.64
22219,County_22219,Michigan,Rural,38.05,49.77,17.48,47.07
14733,County_14733,Indiana,Urban,23.51,31.94,12.2,26.8
9585,County_9585,Florida,Urban,24.71,35.12,13.04,28.5
41429,County_41429,South Dakota,Urban,35.26,44.27,13.54,51.79
17711,County_17711,Kentucky,Rural,19.45,27.12,8.97,16.54
46469,County_46469,Virginia,Rural,29.57,38.14,13.23,42.78
42921,County_42921,Tennessee,Suburban/Small City,25.89,34.03,8.33,29.9
5917,County_5917,California,Rural,24.27,30.93,8.24,32.67
40539,County_40539,South Carolina,Rural,28.94,36.94,12.1,36.44
37645,County_37645,Oregon,Suburban/Small City,,38.49,10.68,28.99
40525,County_40525,South Carolina,Rural,39.57,51.56,16.72,53.4
45341,County_45341,Vermont,Rural,40.51,53.31,18.86,48.32
28079,County_28079,Nevada,Rural,9.88,11.71,2.57,3.12
26277,County_26277,Montana,Rural,33.75,44.09,12.12,49.6
11117,County_11117,Hawaii,Rural,25.51,33.75,12.34,36.82
17073,County_17073,Kentucky,Rural,24.88,32.26,12.31,28.21
42227,County_42227,Tennessee,Urban,36.31,49.16,17.78,40.84
2443,County_2443,Alaska,Rural,8.9,11.01,4.1,8.89
22399,County_22399,Michigan,Urban,13.09,18.44,6.41,10.56
14007,County_14007,Indiana,Rural,10.41,14.93,3.9,10.45
49217,County_49217,Wisconsin,Urban,23.47,29.68,10.55,30.6
45937,County_45937,Vermont,Rural,18.86,23.57,7.62,31.64
18515,County_18515,Louisiana,Urban,29.23,34.12,10.17,35.83
28891,County_28891,Nevada,Urban,33.19,42.85,,44.36
14785,County_14785,Indiana,Suburban/Small City,12.45,15.74,4.84,21.53
15665,County_15665,Iowa,Rural,20.41,28.39,9.1,28.29
33447,County_33447,North Carolina,Urban,24.96,33.22,9.26,28.93
38635,County_38635,Pennsylvania,Rural,28.0,33.9,12.65,33.16
38803,County_38803,Pennsylvania,Urban,30.94,41.02,12.7,42.86
40557,County_40557,South Carolina,Rural,9.63,10.72,3.84,6.44
17159,County_17159,Kentucky,Rural,31.99,42.78,17.1,42.27
34889,County_34889,North Dakota,Rural,,57.03,19.21,55.71
8871,County_8871,Delaware,Rural,31.02,41.59,13.05,28.58
27349,County_27349,Nebraska,Suburban/Small City,10.53,16.61,6.4,6.33
52907,County_52907,Other,Urban,17.51,20.25,6.21,26.11
52523,County_52523,Other,Rural,36.81,46.78,16.36,46.99
5333,County_5333,California,Rural,37.62,53.47,13.83,48.52
22355,County_22355,Michigan,Rural,24.18,34.82,10.22,23.12
52847,County_52847,Other,Rural,30.9,42.23,17.16,39.18
19619,County_19619,Maine,Urban,23.91,27.15,10.57,24.27
52977,County_52977,Other,Urban,43.02,54.74,20.77,54.44
25819,County_25819,Missouri,Rural,30.75,41.45,15.1,41.92
26525,County_26525,Montana,Rural,16.96,25.47,8.3,19.24
13805,County_13805,Illinois,Rural,25.18,34.58,11.22,30.31
1187,County_1187,Alabama,Rural,21.57,26.62,11.45,27.65
11949,County_11949,Hawaii,Rural,32.32,45.17,16.69,48.62
50827,County_50827,Wyoming,Rural,35.65,,18.88,
7821,County_7821,Connecticut,Rural,13.81,17.97,6.22,12.83
56493,County_56493,Other,Urban,30.92,39.92,16.86,40.03
6479,County_6479,Colorado,Urban,16.75,20.8,6.06,10.01
20805,County_20805,Maryland,Rural,27.67,35.21,11.43,36.25
32785,County_32785,New York,Urban,35.8,46.41,14.45,46.04
48541,County_48541,West Virginia,Rural,22.13,28.72,9.37,30.32
30333,County_30333,New Jersey,Rural,29.88,38.32,10.46,41.48
14249,County_14249,Indiana,Rural,27.88,34.42,12.61,38.68
5997,County_5997,California,Rural,20.49,24.01,9.21,28.27
56053,County_56053,Other,Urban,31.34,42.0,15.03,41.65
11687,County_11687,Hawaii,Urban,,52.85,16.54,49.2
44629,County_44629,Utah,Rural,28.13,38.75,11.23,34.92
19907,County_19907,Maine,Rural,17.12,21.08,7.29,16.86
35735,County_35735,Ohio,Rural,20.38,27.56,8.74,25.6
35135,County_35135,Ohio,Suburban/Small City,34.83,45.61,16.38,40.26
40193,County_40193,South Carolina,Rural,34.59,44.54,,47.76
20841,County_20841,Maryland,Rural,33.38,43.89,13.38,40.03
44715,County_44715,Utah,Rural,23.65,31.68,10.57,27.44
30083,County_30083,New Jersey,Urban,15.62,19.64,8.93,15.14
28359,County_28359,Nevada,Suburban/Small City,33.28,43.96,13.48,49.32
50765,County_50765,Wyoming,Rural,33.5,44.36,17.65,44.31
46071,County_46071,Virginia,Rural,41.94,52.85,19.55,53.41
6019,County_6019,Colorado,Rural,20.65,26.78,9.13,19.32
40393,County_40393,South Carolina,Rural,16.2,19.68,7.22,10.43
43589,County_43589,Texas,Rural,35.75,43.57,13.41,40.36
48121,County_48121,West Virginia,Rural,24.36,31.65,11.15,30.99
52263,County_52263,Other,Rural,34.33,44.46,15.5,41.57
56755,County_56755,Other,Rural,15.92,22.78,5.66,15.83
51983,County_51983,Other,Urban,12.71,13.18,5.93,14.58
36807,County_36807,Oklahoma,Rural,30.9,40.0,13.67,35.55
23421,County_23421,Minnesota,Rural,25.96,30.76,11.77,32.11
38731,County_38731,Pennsylvania,Rural,37.6,48.29,16.2,52.03
35463,County_35463,Ohio,Rural,29.87,40.18,15.74,37.21
19469,County_19469,Maine,Suburban/Small City,24.7,33.21,13.64,34.43
35409,County_35409,Ohio,Urban,25.72,38.27,8.58,27.13
26545,County_26545,Montana,Rural,18.75,25.2,5.14,22.95
19869,County_19869,Maine,Rural,30.58,40.42,12.03,47.0
8467,County_8467,Delaware,Rural,13.17,17.64,3.1,9.9
43421,County_43421,Texas,Rural,19.23,,6.12,26.57
51331,County_51331,Other,Urban,34.45,46.93,15.83,43.6
36919,County_36919,Oklahoma,Urban,35.2,48.2,13.67,52.0
14295,County_14295,Indiana,Rural,36.65,49.7,14.06,46.7
12475,County_12475,Idaho,Rural,41.43,52.38,19.6,50.98
13987,County_13987,Illinois,Urban,33.48,44.63,13.6,43.41
23427,County_23427,Minnesota,Rural,,35.11,9.94,31.55
43777,County_43777,Texas,Rural,34.0,42.83,14.47,46.08
22249,County_22249,Michigan,Suburban/Small City,29.04,36.48,14.58,40.49
10591,County_10591,Georgia,Urban,30.41,,13.53,40.14
40799,County_40799,South Carolina,Rural,22.07,28.43,9.13,
7967,County_7967,Connecticut,Rural,37.31,43.4,16.94,49.61
25235,County_25235,Missouri,Rural,35.27,46.22,16.22,47.42
41867,County_41867,South Dakota,Urban,33.7,45.46,15.05,39.31
8319,County_8319,Delaware,Rural,20.15,26.24,8.54,26.74
23749,County_23749,Minnesota,Urban,21.19,29.29,6.53,23.21
54769,County_54769,Other,Rural,10.8,12.03,5.66,11.11
20475,County_20475,Maryland,Urban,35.32,46.87,16.61,42.26
24885,County_24885,Mississippi,Rural,31.03,41.04,12.38,33.72
3879,County_3879,Arizona,Rural,28.53,35.16,11.48,39.19
21853,County_21853,Massachusetts,Suburban/Small City,19.28,25.33,6.14,17.24
13879,County_13879,Illinois,Urban,11.89,17.73,6.46,8.65
40759,County_40759,South Carolina,Rural,19.7,25.82,9.38,22.54
23517,County_23517,Minnesota,Rural,18.93,,9.6,22.26
1979,County_1979,Alabama,Rural,16.11,21.33,7.64,18.34
56163,County_56163,Other,Suburban/Small City,29.87,42.82,11.8,42.01
33407,County_33407,North Carolina,Rural,12.69,12.71,4.32,8.42
41877,County_41877,South Dakota,Urban,,33.31,11.77,26.82
32623,County_32623,New York,Urban,23.77,29.47,8.75,28.49
34743,County_34743,North Dakota,Rural,26.06,31.31,10.66,31.53
5809,County_5809,California,Urban,28.92,41.28,13.44,35.7
17323,County_17323,Kentucky,Urban,21.08,24.68,10.89,27.85
25501,County_25501,Missouri,Urban,22.79,27.95,10.59,27.53
10835,County_10835,Georgia,Urban,21.23,29.71,7.09,24.61
50497,County_50497,Wyoming,Rural,21.36,31.0,9.17,22.91
9447,County_9447,Florida,Suburban/Small City,25.26,30.97,11.06,42.48
20125,County_20125,Maryland,Urban,17.79,22.56,10.78,15.4
47563,County_47563,Washington,Urban,,34.03,11.11,29.36
48205,County_48205,West Virginia,Urban,9.8,12.42,4.29,5.33
56143,County_56143,Other,Rural,22.3,29.23,10.4,25.5
31751,County_31751,New Mexico,Urban,37.23,,16.4,
47265,County_47265,Washington,Rural,30.62,38.0,12.16,37.18
36909,County_36909,Oklahoma,Rural,34.55,47.12,16.5,41.48
40227,County_40227,South Carolina,Rural,22.27,28.02,8.85,25.62
8583,County_8583,Delaware,Rural,20.36,25.2,8.5,30.97
38065,County_38065,Pennsylvania,Rural,35.35,48.02,15.86,46.6
7337,County_7337,Connecticut,Suburban/Small City,19.9,21.32,9.99,18.08
37395,County_37395,Oregon,Rural,26.47,31.64,12.37,39.3
17013,County_17013,Kentucky,Urban,31.07,40.23,15.82,33.59
16575,County_16575,Kansas,Rural,27.29,36.56,11.81,28.03
55303,County_55303,Other,Rural,31.13,41.19,15.77,38.64
44851,County_44851,Utah,Urban,16.19,20.93,7.91,19.99
7581,County_7581,Connecticut,Urban,25.92,37.72,9.23,28.19
30553,County_30553,New Jersey,Urban,19.16,24.95,9.07,16.27
37665,County_37665,Oregon,Urban,11.04,18.47,,8.94
10801,County_10801,Georgia,Urban,32.6,42.31,15.01,34.28
35135,County_35135,Ohio,Suburban/Small City,29.54,38.66,12.2,46.17
16893,County_16893,Kansas,Rural,17.96,26.49,6.76,21.66
31677,County_31677,New Mexico,Rural,29.6,37.9,12.71,34.2
14075,County_14075,Indiana,Urban,28.67,34.9,15.65,32.51
37387,County_37387,Oregon,Rural,26.51,36.81,10.97,32.79
36517,County_36517,Oklahoma,Urban,30.75,40.85,10.89,40.7
12277,County_12277,Idaho,Rural,11.0,16.83,6.59,9.61
50843,County_50843,Wyoming,Suburban/Small City,23.09,33.33,9.77,22.87
9135,County_9135,Florida,Rural,25.37,34.56,10.68,31.38
8207,County_8207,Delaware,Urban,7.6,9.77,1.73,9.97
39049,County_39049,Rhode Island,Urban,15.73,21.46,8.87,21.22
41261,County_41261,South Dakota,Urban,22.16,27.92,7.03,28.32
13139,County_13139,Illinois,Urban,17.13,22.12,8.42,15.53
20047,County_20047,Maryland,Rural,29.07,38.83,12.96,38.38
27137,County_27137,Nebraska,Rural,37.55,51.41,18.67,50.28
47309,County_47309,Washington,Urban,33.35,46.36,15.79,40.03
49099,County_49099,Wisconsin,Urban,24.35,28.98,11.32,35.13
43795,County_43795,Texas,Rural,15.29,20.11,5.25,17.12
39211,County_39211,Rhode Island,Urban,18.73,21.82,9.4,24.12
54929,County_54929,Other,Rural,33.69,44.48,16.68,43.05
47339,County_47339,Washington,Urban,21.21,24.31,10.82,31.01
36579,County_36579,Oklahoma,Rural,38.52,50.07,,40.7
23013,County_23013,Minnesota,Urban,25.35,36.35,12.04,33.63
17645,County_17645,Kentucky,Urban,29.09,38.92,11.82,24.76
29905,County_29905,New Hampshire,Urban,40.5,55.26,16.71,60.52
49195,County_49195,Wisconsin,Urban,41.01,53.42,18.65,53.2
15475,County_15475,Iowa,Urban,21.13,25.25,10.46,26.68
41303,County_41303,South Dakota,Urban,,26.72,12.09,26.24
48069,County_48069,West Virginia,Rural,29.98,38.47,11.1,36.34
3505,County_3505,Arizona,Rural,25.26,33.09,13.2,25.78
5239,County_5239,California,Rural,37.14,46.05,15.44,45.57
47863,County_47863,Washington,Urban,20.4,24.61,8.42,12.13
27785,County_27785,Nebraska,Urban,12.74,14.31,3.59,9.47
52453,County_52453,Other,Rural,25.2,36.0,8.77,34.48
46507,County_46507,Virginia,Urban,25.53,35.81,11.22,24.9
19711,County_19711,Maine,Rural,22.68,31.16,10.24,24.33
37137,County_37137,Oregon,Suburban/Small City,19.62,23.34,10.42,12.78
34685,County_34685,North Dakota,Rural,28.38,37.97,11.33,33.2
4435,County_4435,Arkansas,Rural,21.22,25.93,9.43,22.89
31319,County_31319,New Mexico,Urban,26.71,34.58,11.95,33.37
52547,County_52547,Other,Rural,12.91,17.33,5.79,13.02
41329,County_41329,South Dakota,Rural,24.81,26.73,11.87,26.69
26821,County_26821,Montana,Urban,27.75,32.24,12.07,26.97
50687,County_50687,Wyoming,Rural,31.79,40.45,14.68,38.49
48047,County_48047,West Virginia,Rural,35.89,51.58,18.11,52.69
55911,County_55911,Other,Urban,26.38,33.84,10.32,30.6
6145,County_6145,Colorado,Rural,30.07,39.95,10.11,41.72
38629,County_38629,Pennsylvania,Rural,,13.87,2.91,13.66
49157,County_49157,Wisconsin,Rural,34.44,47.66,12.98,50.96
47037,County_47037,Washington,Rural,29.18,34.06,12.76,34.23
28765,County_28765,Nevada,Rural,38.41,52.01,16.3,50.05
1445,County_1445,Alabama,Rural,23.84,32.65,7.76,
9709,County_9709,Florida,Rural,29.6,,11.34,34.76
20253,County_20253,Maryland,Rural,17.52,20.94,7.54,21.53
42353,County_42353,Tennessee,Urban,21.91,27.89,8.17,28.16
29909,County_29909,New Hampshire,Rural,34.97,46.51,16.94,47.41
17195,County_17195,Kentucky,Rural,10.97,15.01,5.81,
20443,County_20443,Maryland,Rural,23.76,30.31,9.59,36.56
5351,County_5351,California,Rural,26.64,33.68,9.73,34.19
34825,County_34825,North Dakota,Rural,27.75,35.05,,46.38
36553,County_36553,Oklahoma,Suburban/Small City,38.58,50.85,16.04,35.5
30291,County_30291,New Jersey,Rural,32.76,43.15,16.42,42.77
48551,County_48551,West Virginia,Rural,28.36,36.05,13.04,22.27
30217,County_30217,New Jersey,Rural,39.89,53.93,16.42,51.16
5405,County_5405,California,Rural,41.58,53.67,18.65,52.19
2081,County_2081,Alaska,Rural,34.56,44.71,15.42,38.49
10463,County_10463,Georgia,Urban,22.19,28.13,10.15,19.98
29523,County_29523,New Hampshire,Urban,,45.48,15.28,40.34
2883,County_2883,Alaska,Urban,37.53,47.07,15.17,44.03
32801,County_32801,New York,Urban,19.69,24.97,11.4,28.17
10417,County_10417,Georgia,Urban,16.31,,8.6,16.03
18415,County_18415,Louisiana,Rural,17.44,24.52,5.45,12.16
6565,County_6565,Colorado,Rural,22.37,29.23,9.45,22.94
32745,County_32745,New York,Suburban/Small City,24.01,34.88,11.02,32.2
10347,County_10347,Georgia,Urban,26.98,33.73,12.29,39.54
12245,County_12245,Idaho,Suburban/Small City,38.75,46.43,17.91,49.06
36981,County_36981,Oklahoma,Rural,22.49,28.54,10.41,27.48
24051,County_24051,Mississippi,Rural,28.45,36.15,13.25,35.91
8201,County_8201,Delaware,Suburban/Small City,16.19,25.67,9.31,14.21
11983,County_11983,Hawaii,Rural,27.18,40.64,10.16,34.42
5081,County_5081,California,Urban,25.4,33.11,10.13,28.49
16663,County_16663,Kansas,Urban,21.73,27.25,10.57,26.23
29109,County_29109,New Hampshire,Urban,23.13,30.44,10.37,22.18
13329,County_13329,Illinois,Urban,29.97,43.13,14.54,35.78
19149,County_19149,Maine,Urban,35.0,43.86,15.15,43.86
21951,County_21951,Massachusetts,Rural,33.29,40.15,16.1,40.66
23587,County_23587,Minnesota,Rural,27.77,37.19,12.34,34.02
41581,County_41581,South Dakota,Rural,22.92,29.41,9.33,26.41
11691,County_11691,Hawaii,Urban,27.72,36.78,,35.71
6523,County_6523,Colorado,Suburban/Small City,22.03,28.05,9.75,28.61
19119,County_19119,Maine,Urban,19.62,26.6,10.98,20.24
1829,County_1829,Alabama,Rural,28.33,37.4,10.62,35.21
38385,County_38385,Pennsylvania,Rural,18.29,26.64,7.45,22.6
7431,County_7431,Connecticut,Rural,15.43,18.33,6.63,9.7
5921,County_5921,California,Urban,31.5,43.0,17.97,42.18
18867,County_18867,Louisiana,Urban,18.94,20.35,6.45,31.85
41565,County_41565,South Dakota,Rural,25.26,34.59,7.6,29.15
42663,County_42663,Tennessee,Rural,26.37,33.7,9.75,27.56
51267,County_51267,Other,Urban,25.76,30.4,13.21,31.44
31033,County_31033,New Mexico,Rural,35.48,42.73,16.73,38.71
29611,County_29611,New Hampshire,Rural,16.44,21.24,6.67,15.54
7097,County_7097,Connecticut,Urban,27.48,38.51,10.0,35.49
40087,County_40087,South Carolina,Rural,28.78,36.58,11.5,30.9
12459,County_12459,Idaho,Rural,,31.17,11.1,25.46
30803,County_30803,New Jersey,Rural,30.45,38.43,15.3,38.97
20101,County_20101,Maryland,Rural,32.46,,14.38,40.74
13825,County_13825,Illinois,Urban,32.42,43.62,16.17,45.18
44367,County_44367,Utah,Rural,28.53,37.45,13.9,35.74
16429,County_16429,Kansas,Rural,32.35,42.05,14.31,41.04
15599,County_15599,Iowa,Urban,39.55,,16.43,43.62
30175,County_30175,New Jersey,Urban,28.14,,12.69,37.63
9861,County_9861,Florida,Suburban/Small City,21.46,28.03,10.86,26.5
40887,County_40887,South Carolina,Suburban/Small City,12.58,17.85,6.69,9.04
29979,County_29979,New Hampshire,Rural,26.49,34.98,11.41,31.83
15897,County_15897,Iowa,Rural,32.05,42.31,12.69,40.38
5065,County_5065,California,Rural,21.38,27.59,9.89,22.87
37059,County_37059,Oregon,Urban,27.41,36.53,12.15,31.87
13127,County_13127,Illinois,Rural,20.48,28.83,8.68,24.83
18239,County_18239,Louisiana,Rural,39.17,49.31,16.04,53.78
28845,County_28845,Nevada,Urban,31.59,41.82,16.19,38.59
28305,County_28305,Nevada,Rural,41.31,51.72,18.87,52.54
23549,County_23549,Minnesota,Urban,20.8,32.52,8.19,14.66
48751,County_48751,West Virginia,Rural,38.29,49.81,15.57,42.99
37607,County_37607,Oregon,Rural,27.85,36.9,14.0,32.83
52481,County_52481,Other,Rural,35.91,50.65,16.19,43.5
2505,County_2505,Alaska,Rural,18.6,21.41,8.38,26.95
21037,County_21037,Massachusetts,Rural,15.21,20.5,7.81,20.01
37909,County_37909,Oregon,Urban,25.35,35.97,10.01,29.89
18139,County_18139,Louisiana,Rural,27.15,32.43,12.55,31.22
37701,County_37701,Oregon,Rural,23.79,28.45,7.88,33.28
34301,County_34301,North Dakota,Urban,28.75,38.1,11.01,33.41
43481,County_43481,Texas,Rural,35.76,45.87,15.52,54.51
3555,County_3555,Arizona,Rural,29.27,35.03,13.81,31.98
21637,County_21637,Massachusetts,Rural,32.82,45.45,14.12,44.8
43301,County_43301,Texas,Rural,22.41,26.98,11.37,29.76
22001,County_22001,Michigan,Rural,27.29,33.34,11.29,36.64
54449,County_54449,Other,Rural,21.93,24.84,7.95,27.24
25785,County_25785,Missouri,Suburban/Small City,22.02,28.98,10.34,
49775,County_49775,Wisconsin,Urban,30.95,42.94,12.96,37.04
40487,County_40487,South Carolina,Rural,26.19,34.25,9.55,28.25
55731,County_55731,Other,Urban,19.72,22.65,6.95,26.03
8071,County_8071,Delaware,Rural,22.71,29.96,11.45,35.77
37845,County_37845,Oregon,Urban,17.03,22.26,6.86,21.63
45763,County_45763,Vermont,Urban,22.2,29.03,10.05,21.52
44585,County_44585,Utah,Urban,25.78,34.17,9.76,31.54
36441,County_36441,Oklahoma,Urban,36.63,46.89,,48.15
54881,County_54881,Other,Rural,15.59,23.46,8.2,13.7
24373,County_24373,Mississippi,Rural,33.81,46.89,15.87,52.23
26489,County_26489,Montana,Rural,15.76,21.43,8.17,18.2
32069,County_32069,New York,Urban,30.03,39.46,14.15,37.34
14379,County_14379,Indiana,Rural,42.13,54.07,20.44,51.17
56867,County_56867,Other,Rural,21.4,24.78,11.32,22.81
19539,County_19539,Maine,Urban,33.82,41.75,13.4,46.08
17577,County_17577,Kentucky,Rural,36.77,51.23,16.81,44.66
48921,County_48921,West Virginia,Rural,18.99,24.04,8.89,15.03
17761,County_17761,Kentucky,Rural,26.19,33.89,9.15,23.43
50257,County_50257,Wyoming,Urban,28.09,32.34,10.32,35.65
34445,County_34445,North Dakota,Urban,29.47,38.1,13.65,36.9
20199,County_20199,Maryland,Rural,37.4,48.35,16.27,48.69
24979,County_24979,Mississippi,Rural,15.73,21.32,8.12,13.19
55949,County_55949,Other,Rural,21.34,26.91,8.75,31.86
6175,County_6175,Colorado,Rural,21.68,29.91,9.11,23.81
3131,County_3131,Arizona,Urban,21.36,24.54,9.38,20.83
37719,County_37719,Oregon,Suburban/Small City,,19.16,5.6,13.55
4847,County_4847,Arkansas,Suburban/Small City,14.94,13.87,6.23,20.95
23109,County_23109,Minnesota,Rural,28.65,37.13,8.55,44.67
31809,County_31809,New Mexico,Urban,12.03,,6.03,11.7
12405,County_12405,Idaho,Rural,22.68,28.87,8.6,22.39
25499,County_25499,Missouri,Suburban/Small City,,40.29,13.92,36.89
19159,County_19159,Maine,Urban,19.71,23.87,8.39,17.45
39267,County_39267,Rhode Island,Urban,16.41,19.26,7.2,14.34
32811,County_32811,New York,Rural,37.46,48.81,15.22,45.31
41525,County_41525,South Dakota,Rural,,41.88,14.51,42.32
6851,County_6851,Colorado,Rural,,34.04,14.66,39.68
49099,County_49099,Wisconsin,Rural,32.77,43.31,13.75,32.2
14453,County_14453,Indiana,Urban,33.08,44.09,15.48,41.93
22673,County_22673,Michigan,Rural,15.35,18.21,5.25,11.53
52721,County_52721,Other,Urban,32.08,40.52,15.82,30.12
47875,County_47875,Washington,Rural,24.69,31.7,10.8,27.05
44779,County_44779,Utah,Urban,34.66,43.64,15.25,40.16
44097,County_44097,Utah,Urban,16.42,18.85,8.34,20.26
24509,County_24509,Mississippi,Rural,14.11,18.52,4.94,8.6
46995,County_46995,Virginia,Rural,26.92,,13.33,27.49
46611,County_46611,Virginia,Rural,28.81,40.33,12.69,38.46
15227,County_15227,Iowa,Rural,31.04,40.15,16.76,40.24
41053,County_41053,South Dakota,Rural,16.62,19.01,7.21,9.44
54657,County_54657,Other,Rural,33.09,44.1,13.98,41.66
13319,County_13319,Illinois,Urban,22.86,29.07,9.73,31.19
43249,County_43249,Texas,Rural,15.38,19.16,6.13,19.69
5965,County_5965,California,Urban,35.86,49.81,17.74,39.55
1207,County_1207,Alabama,Rural,34.35,45.21,17.64,
56953,County_56953,Other,Rural,27.99,35.26,11.85,36.33
2263,County_2263,Alaska,Rural,24.73,34.2,8.18,25.62
36411,County_36411,Oklahoma,Rural,25.51,36.12,9.8,29.64
8715,County_8715,Delaware,Urban,25.37,30.69,11.58,35.47
41637,County_41637,South Dakota,Suburban/Small City,21.42,28.11,7.99,16.8
11065,County_11065,Hawaii,Suburban/Small City,26.42,31.49,10.07,37.35
20971,County_20971,Maryland,Rural,36.37,50.61,18.93,47.22
15923,County_15923,Iowa,Urban,35.93,47.31,18.33,53.87
18767,County_18767,Louisiana,Suburban/Small City,28.44,40.67,13.08,35.72
24717,County_24717,Mississippi,Urban,27.67,35.09,12.07,30.27
27885,County_27885,Nebraska,Urban,14.53,21.8,8.99,15.57
2057,County_2057,Alaska,Rural,35.03,41.87,15.47,42.21
25345,County_25345,Missouri,Rural,16.93,22.11,7.12,5.73
44717,County_44717,Utah,Urban,30.08,40.71,12.37,34.46
49871,County_49871,Wisconsin,Rural,28.47,37.43,12.74,44.54
45069,County_45069,Vermont,Urban,17.24,21.35,6.54,
49033,County_49033,Wisconsin,Suburban/Small City,28.24,35.82,16.02,44.87
15521,County_15521,Iowa,Rural,42.23,54.94,20.51,53.83
51747,County_51747,Other,Urban,23.32,28.34,11.69,24.76
19133,County_19133,Maine,Suburban/Small City,23.67,34.74,9.92,30.94
28183,County_28183,Nevada,Rural,35.35,46.13,14.91,44.99
34257,County_34257,North Dakota,Urban,33.72,45.84,16.29,36.06
2289,County_2289,Alaska,Rural,27.49,33.75,11.17,31.17
10221,County_10221,Georgia,Rural,13.18,17.74,6.72,10.2
54781,County_54781,Other,Suburban/Small City,23.99,33.19,12.52,28.85
17827,County_17827,Kentucky,Urban,36.47,52.77,17.85,49.43
11721,County_11721,Hawaii,Urban,15.37,,9.88,16.55
40929,County_40929,South Carolina,Urban,28.3,40.26,,34.84
39123,County_39123,Rhode Island,Rural,20.49,26.94,6.59,27.77
21225,County_21225,Massachusetts,Rural,29.61,37.66,13.75,36.99
36241,County_36241,Oklahoma,Rural,38.0,48.43,16.87,51.55
50579,County_50579,Wyoming,Rural,33.74,41.85,15.19,44.68
18469,County_18469,Louisiana,Urban,36.98,47.46,15.97,48.05
5371,County_5371,California,Rural,22.34,29.84,8.7,21.6
36215,County_36215,Oklahoma,Urban,12.4,14.01,6.71,18.05
44045,County_44045,Utah,Rural,23.4,28.9,11.99,29.52
4603,County_4603,Arkansas,Rural,14.56,16.75,8.39,17.33
54579,County_54579,Other,Rural,28.32,34.37,13.56,42.23
1337,County_1337,Alabama,Urban,17.41,20.98,9.03,12.9
51289,County_51289,Other,Rural,34.67,43.15,16.25,41.3
13827,County_13827,Illinois,Suburban/Small City,21.61,27.33,8.2,26.52
22015,County_22015,Michigan,Suburban/Small City,15.58,18.34,,14.31
34827,County_34827,North Dakota,Rural,28.02,38.72,12.89,33.12
7933,County_7933,Connecticut,Urban,24.32,31.18,12.31,35.38
10219,County_10219,Georgia,Rural,32.08,42.96,17.07,33.66
29613,County_29613,New Hampshire,Rural,23.25,29.12,9.78,25.69
26453,County_26453,Montana,Urban,21.24,29.3,10.65,25.7
13807,County_13807,Illinois,Rural,24.41,32.32,11.99,30.98
39871,County_39871,Rhode Island,Urban,30.11,41.49,12.68,45.22
47661,County_47661,Washington,Urban,25.14,,10.93,22.54
9435,County_9435,Florida,Rural,21.18,28.84,,29.5
28821,County_28821,Nevada,Rural,15.77,17.04,5.86,14.24
40065,County_40065,South Carolina,Rural,29.73,35.84,12.38,42.75
8063,County_8063,Delaware,Rural,13.3,16.89,6.57,3.57
44099,County_44099,Utah,Urban,22.88,28.83,10.23,13.36
1817,County_1817,Alabama,Rural,,27.75,7.23,24.29
27953,County_27953,Nebraska,Rural,20.34,27.01,8.47,
47515,County_47515,Washington,Rural,31.34,41.36,16.31,39.85
52761,County_52761,Other,Suburban/Small City,28.97,36.94,14.53,40.19
41147,County_41147,South Dakota,Rural,29.67,39.9,14.66,28.33
6115,County_6115,Colorado,Urban,35.41,44.65,16.77,40.72
51319,County_51319,Other,Urban,41.12,53.97,17.91,49.01
5093,County_5093,California,Rural,24.59,29.55,11.2,31.7
12233,County_12233,Idaho,Rural,17.34,25.18,8.06,11.18
31055,County_31055,New Mexico,Rural,9.33,14.15,3.4,8.22
56605,County_56605,Other,Suburban/Small City,21.28,28.1,8.29,18.72
2991,County_2991,Alaska,Rural,31.92,41.2,13.4,38.32
29629,County_29629,New Hampshire,Rural,29.8,36.7,14.67,38.3
27933,County_27933,Nebraska,Urban,19.28,25.05,8.58,22.57
10583,County_10583,Georgia,Urban,15.89,24.6,6.17,10.44
22705,County_22705,Michigan,Rural,24.55,36.47,10.24,31.26
47661,County_47661,Washington,Suburban/Small City,,29.56,11.54,25.52
15457,County_15457,Iowa,Rural,36.5,46.91,17.08,46.35
53493,County_53493,Other,Urban,22.51,27.54,10.57,30.02
10115,County_10115,Georgia,Urban,,36.55,13.05,35.0
37755,County_37755,Oregon,Urban,11.14,13.82,3.91,9.06
19235,County_19235,Maine,Urban,15.46,18.46,6.94,14.56
53081,County_53081,Other,Rural,22.24,30.56,9.52,28.03
16113,County_16113,Kansas,Rural,33.61,41.78,14.06,46.09
29797,County_29797,New Hampshire,Rural,,46.66,20.02,46.86
44773,County_44773,Utah,Urban,36.64,46.13,18.06,
16417,County_16417,Kansas,Rural,23.69,29.33,10.46,23.88
15627,County_15627,Iowa,Rural,20.48,28.33,10.14,19.97
31323,County_31323,New Mexico,Rural,15.79,19.11,8.16,23.12
49145,County_49145,Wisconsin,Urban,27.78,33.28,12.5,30.45
4511,County_4511,Arkansas,Rural,17.06,23.75,8.93,22.97
8201,County_8201,Delaware,Urban,25.23,31.98,11.09,29.12
32679,County_32679,New York,Urban,36.7,47.68,17.18,53.62
4049,County_4049,Arkansas,Suburban/Small City,41.02,53.11,17.78,55.29
6127,County_6127,Colorado,Urban,30.13,35.83,12.75,40.95
39823,County_39823,Rhode Island,Urban,18.73,24.24,8.03,12.0
27213,County_27213,Nebraska,Rural,20.79,29.07,7.98,19.2
24937,County_24937,Mississippi,Urban,23.69,34.65,9.34,32.37
45193,County_45193,Vermont,Rural,30.35,42.06,14.11,31.46
2457,County_2457,Alaska,Rural,35.53,45.59,14.81,47.81
44263,County_44263,Utah,Urban,,32.73,14.43,31.92
7597,County_7597,Connecticut,Rural,25.29,33.36,12.56,27.04
25711,County_25711,Missouri,Rural,15.28,22.96,6.97,15.2
44561,County_44561,Utah,Urban,30.47,41.12,14.8,
8811,County_8811,Delaware,Urban,24.19,33.64,8.33,27.11
18653,County_18653,Louisiana,Urban,21.13,28.51,7.05,28.19
32431,County_32431,New York,Rural,25.7,34.98,13.94,25.32
50431,County_50431,Wyoming,Urban,22.42,30.06,8.9,19.17
32477,County_32477,New York,Urban,16.92,21.44,10.55,18.85
19813,County_19813,Maine,Rural,33.42,40.23,13.96,39.74
35437,County_35437,Ohio,Urban,26.62,33.55,11.74,40.43
50661,County_50661,Wyoming,Rural,36.84,46.36,16.34,48.93
36969,County_36969,Oklahoma,Rural,28.78,36.56,11.31,39.68
56335,County_56335,Other,Urban,11.88,13.43,5.64,11.28
31787,County_31787,New Mexico,Rural,20.8,26.46,8.64,16.46
13851,County_13851,Illinois,Suburban/Small City,20.11,26.32,9.98,21.37
41515,County_41515,South Dakota,Rural,21.71,30.1,11.27,23.81
31899,County_31899,New Mexico,Rural,21.18,30.02,8.54,
46211,County_46211,Virginia,Urban,23.86,30.01,10.14,30.59
47165,County_47165,Washington,Urban,19.86,24.58,10.58,26.16
40341,County_40341,South Carolina,Rural,28.92,36.16,11.88,40.91
10049,County_10049,Georgia,Rural,36.83,50.47,17.97,51.18
20751,County_20751,Maryland,Rural,36.23,49.64,14.86,46.83
41269,County_41269,South Dakota,Urban,18.37,24.42,8.85,18.84
4235,County_4235,Arkansas,Urban,30.67,41.37,14.23,35.66
24581,County_24581,Mississippi,Suburban/Small City,13.53,14.98,7.39,4.76
6549,County_6549,Colorado,Urban,11.96,18.66,2.84,8.29
43041,County_43041,Texas,Rural,14.47,18.79,8.15,12.92
54831,County_54831,Other,Rural,36.1,46.81,16.54,48.4
33657,County_33657,North Carolina,Rural,24.95,32.73,7.39,27.28
4873,County_4873,Arkansas,Urban,28.75,38.12,13.51,33.53
26811,County_26811,Montana,Rural,34.5,43.48,16.39,42.71
44401,County_44401,Utah,Rural,23.44,27.31,10.72,30.81
2631,County_2631,Alaska,Rural,19.34,28.37,10.73,16.99
19667,County_19667,Maine,Rural,31.68,41.69,12.56,45.97
14657,County_14657,Indiana,Rural,24.98,31.44,12.48,34.35
36755,County_36755,Oklahoma,Urban,22.97,31.12,9.67,22.61
33141,County_33141,North Carolina,Rural,23.36,30.9,10.41,25.44
28969,County_28969,Nevada,Rural,30.25,37.36,13.41,28.71
45273,County_45273,Vermont,Urban,22.99,,10.19,32.61
34833,County_34833,North Dakota,Urban,19.09,23.39,6.73,16.62
30813,County_30813,New Jersey,Rural,20.51,26.18,10.36,20.1
7487,County_7487,Connecticut,Suburban/Small City,16.27,18.86,7.99,10.86
26485,County_26485,Montana,Rural,35.29,45.84,18.08,44.33
39747,County_39747,Rhode Island,Urban,36.35,49.2,18.25,48.9
33813,County_33813,North Carolina,Urban,35.48,,16.06,42.33
22949,County_22949,Michigan,Suburban/Small City,9.5,12.66,6.08,7.21
10947,County_10947,Georgia,Urban,19.46,27.3,7.41,18.09
31051,County_31051,New Mexico,Rural,36.68,44.82,18.4,
17607,County_17607,Kentucky,Urban,9.06,11.02,7.16,11.85
10643,County_10643,Georgia,Urban,30.26,39.54,14.3,39.28
5417,County_5417,California,Rural,,27.74,11.48,21.16
4899,County_4899,Arkansas,Rural,22.71,26.35,10.42,26.6
44115,County_44115,Utah,Rural,,43.88,15.3,44.09
53831,County_53831,Other,Urban,34.5,46.39,13.52,41.36
5063,County_5063,California,Suburban/Small City,14.93,18.66,8.95,18.25
33127,County_33127,North Carolina,Urban,38.66,,19.93,52.22
22301,County_22301,Michigan,Rural,32.42,41.4,12.73,43.32
37961,County_37961,Oregon,Rural,,19.79,7.28,12.0
31939,County_31939,New Mexico,Rural,23.86,32.45,9.55,33.21
16489,County_16489,Kansas,Urban,22.77,29.57,12.02,23.68
43567,County_43567,Texas,Rural,16.25,19.25,7.43,21.72
51229,County_51229,Other,Rural,23.98,33.24,11.01,28.48
51073,County_51073,Other,Rural,36.21,48.92,15.69,47.62
17455,County_17455,Kentucky,Rural,28.19,36.03,12.58,34.94
16965,County_16965,Kansas,Rural,13.3,,7.66,4.75
22861,County_22861,Michigan,Urban,32.04,42.04,16.35,29.39
10155,County_10155,Georgia,Rural,20.88,29.1,11.05,30.97
3251,County_3251,Arizona,Urban,20.41,29.33,10.34,19.25
1699,County_1699,Alabama,Urban,39.31,49.74,16.67,47.73
27917,County_27917,Nebraska,Rural,26.71,35.89,13.51,32.2
27919,County_27919,Nebraska,Suburban/Small City,36.13,47.55,19.31,42.04
1795,County_1795,Alabama,Rural,28.06,33.85,13.06,37.7
4677,County_4677,Arkansas,Rural,21.76,28.77,8.23,24.87
55119,County_55119,Other,Urban,23.27,28.87,10.85,26.61
6841,County_6841,Colorado,Urban,30.06,36.69,12.43,37.76
30147,County_30147,New Jersey,Urban,12.03,14.81,5.74,10.07
41169,County_41169,South Dakota,Rural,26.83,36.85,11.74,43.28
48827,County_48827,West Virginia,Rural,38.38,51.6,17.39,54.11
42191,County_42191,Tennessee,Rural,24.36,28.13,9.71,31.62
12579,County_12579,Idaho,Rural,20.22,27.76,9.95,27.37
28869,County_28869,Nevada,Urban,32.8,42.26,13.93,
12671,County_12671,Idaho,Urban,28.13,38.75,14.15,31.04
14901,County_14901,Indiana,Rural,28.94,37.43,14.39,37.13
49397,County_49397,Wisconsin,Rural,30.74,38.13,14.32,38.61
26443,County_26443,Montana,Rural,33.45,46.24,14.38,45.03
12089,County_12089,Idaho,Rural,15.64,16.97,8.94,13.43
28315,County_28315,Nevada,Urban,22.63,30.5,12.68,30.56
11429,County_11429,Hawaii,Urban,16.5,18.92,5.34,19.61
4027,County_4027,Arkansas,Urban,24.66,30.84,9.37,34.16
2655,County_2655,Alaska,Rural,,39.48,14.12,
56181,County_56181,Other,Rural,36.73,47.41,15.14,50.54
18103,County_18103,Louisiana,Rural,41.21,52.92,18.57,46.72
47193,County_47193,Washington,Suburban/Small City,14.38,22.81,7.99,
11505,County_11505,Hawaii,Rural,26.58,36.25,10.59,33.25
29027,County_29027,New Hampshire,Rural,30.69,43.67,11.02,41.62
43311,County_43311,Texas,Rural,17.02,23.51,5.45,
56031,County_56031,Other,Rural,32.83,39.98,14.8,41.9
54879,County_54879,Other,Rural,20.8,28.57,9.54,
35363,County_35363,Ohio,Urban,21.79,27.58,6.56,24.72
22637,County_22637,Michigan,Suburban/Small City,33.83,42.51,15.27,35.16
26909,County_26909,Montana,Rural,19.16,25.33,9.34,20.59
20269,County_20269,Maryland,Urban,30.55,37.25,13.85,41.05
11335,County_11335,Hawaii,Rural,24.53,30.33,9.23,29.93
15681,County_15681,Iowa,Urban,36.22,45.38,15.94,46.94
42165,County_42165,Tennessee,Rural,30.78,34.97,13.3,37.36
48335,County_48335,West Virginia,Suburban/Small City,27.71,36.52,16.29,39.9
3143,County_3143,Arizona,Rural,15.95,21.26,7.13,13.63
41139,County_41139,South Dakota,Rural,18.67,25.5,10.32,34.61
36987,County_36987,Oklahoma,Rural,27.94,38.5,12.69,36.8
43135,County_43135,Texas,Urban,16.91,19.11,9.25,18.31
40011,County_40011,South Carolina,Rural,16.3,16.93,7.14,15.83
14785,County_14785,Indiana,Urban,37.36,50.54,14.73,50.77
15711,County_15711,Iowa,Urban,41.66,53.53,21.74,54.73
51529,County_51529,Other,Rural,20.08,28.76,8.37,27.06
3547,County_3547,Arizona,Urban,29.43,37.89,14.62,31.12
15151,County_15151,Iowa,Rural,28.18,37.23,12.64,36.37
55429,County_55429,Other,Rural,19.17,24.74,6.97,20.32
39145,County_39145,Rhode Island,Urban,29.44,,12.65,34.6
3943,County_3943,Arizona,Rural,25.75,31.24,12.57,28.45
19149,County_19149,Maine,Rural,27.95,36.75,14.96,30.53
55119,County_55119,Other,Rural,30.99,43.23,16.05,45.02
54963,County_54963,Other,Suburban/Small City,17.59,25.2,8.43,19.39
36969,County_36969,Oklahoma,Urban,29.11,37.52,14.53,40.17
31141,County_31141,New Mexico,Urban,12.85,16.06,7.99,11.97
23647,County_23647,Minnesota,Rural,22.68,30.36,10.61,19.88
16515,County_16515,Kansas,Urban,31.07,39.13,13.09,31.6
56191,County_56191,Other,Rural,32.47,42.24,15.58,33.96
56349,County_56349,Other,Rural,12.26,16.07,4.3,14.26
14689,County_14689,Indiana,Rural,26.47,31.57,10.26,34.68
38827,County_38827,Pennsylvania,Suburban/Small City,27.72,38.31,14.11,34.15
39591,County_39591,Rhode Island,Urban,11.18,16.07,3.66,6.33
37471,County_37471,Oregon,Urban,28.58,41.68,15.3,45.06
43909,County_43909,Texas,Urban,25.71,31.27,13.75,31.39
53263,County_53263,Other,Rural,17.34,22.38,6.04,13.76
35183,County_35183,Ohio,Suburban/Small City,15.67,19.47,5.81,13.73
52019,County_52019,Other,Urban,16.6,21.67,8.91,11.86
29929,County_29929,New Hampshire,Rural,22.68,32.19,9.46,24.47
38659,County_38659,Pennsylvania,Suburban/Small City,31.44,41.81,13.64,39.6
40873,County_40873,South Carolina,Suburban/Small City,28.47,36.82,14.08,35.69
23391,County_23391,Minnesota,Rural,31.28,42.64,12.75,33.11
38441,County_38441,Pennsylvania,Urban,20.19,25.08,8.74,10.58
37579,County_37579,Oregon,Urban,13.91,17.91,5.85,20.6
43275,County_43275,Texas,Rural,35.33,46.11,14.92,46.35
40119,County_40119,South Carolina,Urban,20.68,27.33,9.87,23.44
22351,County_22351,Michigan,Rural,35.72,45.51,,46.18
22911,County_22911,Michigan,Rural,25.2,32.85,12.62,
1843,County_1843,Alabama,Rural,24.55,34.84,10.4,16.33
40623,County_40623,South Carolina,Rural,12.28,18.1,4.68,15.15
11597,County_11597,Hawaii,Rural,17.58,20.52,10.6,20.58
24745,County_24745,Mississippi,Rural,15.87,18.55,6.97,10.51
2555,County_2555,Alaska,Rural,12.25,14.36,8.22,5.93
12041,County_12041,Idaho,Rural,28.93,40.16,11.7,40.09
29673,County_29673,New Hampshire,Urban,35.54,46.23,16.85,45.08
54899,County_54899,Other,Urban,28.27,38.32,11.78,38.75
45325,County_45325,Vermont,Rural,35.14,41.9,18.14,49.07
31121,County_31121,New Mexico,Rural,27.13,35.52,13.82,32.41
16947,County_16947,Kansas,Urban,14.93,18.54,6.15,13.33
15975,County_15975,Iowa,Urban,13.97,20.62,7.74,6.84
55911,County_55911,Other,Rural,,52.62,21.1,
21601,County_21601,Massachusetts,Rural,24.11,34.85,9.02,30.18
33579,County_33579,North Carolina,Rural,15.46,23.3,7.19,6.85
15039,County_15039,Iowa,Suburban/Small City,31.5,41.28,14.91,33.33
28015,County_28015,Nevada,Rural,,30.56,11.48,29.71
39643,County_39643,Rhode Island,Suburban/Small City,32.73,40.35,16.53,42.8
36817,County_36817,Oklahoma,Rural,27.92,37.21,12.71,36.25
13489,County_13489,Illinois,Urban,11.74,16.81,3.91,17.96
46343,County_46343,Virginia,Rural,,36.61,12.77,28.67
53577,County_53577,Other,Urban,26.42,33.78,11.83,
33913,County_33913,North Carolina,Rural,22.56,27.46,7.37,28.82
30059,County_30059,New Jersey,Rural,16.55,23.27,7.24,20.01
24283,County_24283,Mississippi,Rural,29.28,35.29,13.31,28.4
53073,County_53073,Other,Urban,24.5,29.83,9.36,
35383,County_35383,Ohio,Urban,20.63,25.74,8.73,25.4
35899,County_35899,Ohio,Rural,17.71,25.29,6.54,14.87
14181,County_14181,Indiana,Rural,19.42,22.84,8.2,23.02
24403,County_24403,Mississippi,Urban,21.45,27.15,8.15,25.18
45775,County_45775,Vermont,Urban,36.81,46.58,16.01,52.05
34853,County_34853,North Dakota,Urban,24.13,31.06,8.53,34.34
39169,County_39169,Rhode Island,Rural,37.45,47.91,14.88,53.11
12153,County_12153,Idaho,Rural,12.38,19.58,3.64,13.36
44963,County_44963,Utah,Urban,17.93,25.65,8.79,22.04
30015,County_30015,New Jersey,Urban,20.4,27.38,8.28,26.17
15441,County_15441,Iowa,Suburban/Small City,20.17,26.75,10.67,22.03
35697,County_35697,Ohio,Rural,30.7,37.02,16.36,39.92
21041,County_21041,Massachusetts,Rural,21.35,28.08,10.84,23.71
20997,County_20997,Maryland,Urban,23.17,27.58,9.93,26.9
23727,County_23727,Minnesota,Rural,29.61,39.04,10.27,42.72
1131,County_1131,Alabama,Rural,23.78,29.09,11.55,27.69
15291,County_15291,Iowa,Rural,,44.48,13.78,36.24
1121,County_1121,Alabama,Suburban/Small City,,20.68,8.59,22.47
16419,County_16419,Kansas,Urban,15.79,20.49,5.46,15.99
9137,County_9137,Florida,Rural,23.32,29.63,9.28,29.26
47513,County_47513,Washington,Rural,30.27,41.33,12.69,40.04
34943,County_34943,North Dakota,Rural,37.22,45.94,16.66,42.81
7063,County_7063,Connecticut,Urban,34.57,46.23,14.34,39.36
2543,County_2543,Alaska,Rural,14.74,20.58,8.84,19.13
37875,County_37875,Oregon,Rural,32.01,39.81,13.75,42.25
22517,County_22517,Michigan,Rural,19.91,25.03,8.43,19.81
17989,County_17989,Kentucky,Rural,22.7,31.39,9.92,36.2
51105,County_51105,Other,Rural,15.75,19.6,6.12,13.17
55799,County_55799,Other,Rural,,21.49,6.04,15.7
55567,County_55567,Other,Rural,12.1,17.44,4.29,7.79
1865,County_1865,Alabama,Urban,25.26,32.06,11.71,31.54
44407,County_44407,Utah,Rural,34.15,45.33,18.62,44.3
43115,County_43115,Texas,Suburban/Small City,34.01,46.02,13.05,41.03
17057,County_17057,Kentucky,Urban,17.86,23.59,7.4,24.15
7873,County_7873,Connecticut,Urban,32.47,43.34,17.02,50.83
10921,County_10921,Georgia,Rural,14.06,20.02,4.35,18.42
50697,County_50697,Wyoming,Urban,20.8,27.69,11.46,19.0
18015,County_18015,Louisiana,Rural,35.74,42.67,15.07,53.58
4583,County_4583,Arkansas,Urban,31.97,38.97,15.17,41.03
5729,County_5729,California,Rural,27.66,35.64,14.21,36.07
41363,County_41363,South Dakota,Rural,22.92,32.13,12.58,28.73
18279,County_18279,Louisiana,Rural,35.06,44.05,15.15,48.71
29389,County_29389,New Hampshire,Rural,30.66,41.04,13.59,42.29
39737,County_39737,Rhode Island,Rural,18.32,22.36,8.92,21.7
27021,County_27021,Nebraska,Rural,24.69,34.32,10.78,35.65
39175,County_39175,Rhode Island,Rural,14.53,16.59,6.87,21.56
46547,County_46547,Virginia,Rural,32.99,43.61,14.83,45.41
24901,County_24901,Mississippi,Rural,36.36,46.8,18.04,48.11
26067,County_26067,Montana,Urban,21.07,26.75,9.35,24.11
6119,County_6119,Colorado,Rural,32.75,43.65,13.93,43.04
56561,County_56561,Other,Rural,25.81,34.88,13.64,30.64
45301,County_45301,Vermont,Rural,31.57,40.03,,
42373,County_42373,Tennessee,Rural,24.1,32.24,10.65,19.48
31237,County_31237,New Mexico,Urban,35.13,48.16,14.92,42.41
54791,County_54791,Other,Rural,30.95,37.11,13.95,37.98
39169,County_39169,Rhode Island,Urban,,28.38,10.2,27.01
33989,County_33989,North Carolina,Rural,29.17,36.18,11.34,40.67
27889,County_27889,Nebraska,Urban,27.41,36.06,14.78,38.11
17591,County_17591,Kentucky,Rural,25.09,32.77,13.83,20.97
28805,County_28805,Nevada,Rural,21.02,29.03,7.78,27.22
26547,County_26547,Montana,Urban,27.71,39.28,12.24,33.75
50509,County_50509,Wyoming,Rural,9.67,13.33,1.9,9.46
17925,County_17925,Kentucky,Urban,24.5,35.28,9.94,27.12
31143,County_31143,New Mexico,Urban,32.18,45.3,12.48,48.47
22465,County_22465,Michigan,Rural,23.13,31.28,10.06,21.36
46315,County_46315,Virginia,Urban,14.75,18.99,7.36,14.68
53895,County_53895,Other,Rural,38.0,46.3,17.6,49.13
46045,County_46045,Virginia,Rural,20.63,23.1,7.17,21.52
28101,County_28101,Nevada,Rural,34.69,47.81,14.74,50.67
50817,County_50817,Wyoming,Urban,30.64,40.86,15.35,34.32
36995,County_36995,Oklahoma,Rural,15.62,21.07,10.45,16.92
49429,County_49429,Wisconsin,Rural,12.05,12.65,7.74,2.51
51279,County_51279,Other,Rural,28.14,36.25,14.49,43.41
21575,County_21575,Massachusetts,Urban,25.36,31.54,12.01,27.37
42957,County_42957,Tennessee,Rural,14.41,18.03,2.91,3.66
9619,County_9619,Florida,Rural,14.63,21.46,6.64,13.0
2139,County_2139,Alaska,Urban,27.88,39.77,13.89,39.11
1719,County_1719,Alabama,Urban,29.96,41.69,13.84,37.65
36373,County_36373,Oklahoma,Rural,20.61,26.03,10.75,30.96
42897,County_42897,Tennessee,Urban,21.24,30.04,11.09,21.56
55695,County_55695,Other,Rural,37.77,46.17,17.83,44.56
46769,County_46769,Virginia,Rural,33.01,41.1,,46.93
15639,County_15639,Iowa,Rural,32.38,39.89,14.77,43.07
4975,County_4975,Arkansas,Rural,24.24,30.07,11.59,29.14
13137,County_13137,Illinois,Urban,11.62,12.95,4.85,12.69
40525,County_40525,South Carolina,Urban,37.44,51.01,15.18,51.09
41323,County_41323,South Dakota,Rural,17.69,22.81,7.12,10.39
50191,County_50191,Wyoming,Urban,8.93,15.09,2.74,4.83
3557,County_3557,Arizona,Rural,20.31,21.76,9.24,25.68
21963,County_21963,Massachusetts,Rural,39.6,49.6,16.53,59.65
12421,County_12421,Idaho,Rural,28.2,37.78,11.43,31.71
15171,County_15171,Iowa,Rural,31.98,43.91,11.6,37.91
19773,County_19773,Maine,Suburban/Small City,36.1,,15.12,47.92
46105,County_46105,Virginia,Rural,15.81,20.46,9.05,13.56
1145,County_1145,Alabama,Suburban/Small City,30.72,42.13,14.38,44.35
47197,County_47197,Washington,Urban,28.07,37.2,12.49,36.49
53055,County_53055,Other,Urban,32.01,39.21,13.89,34.99
41759,County_41759,South Dakota,Urban,31.49,41.37,13.68,41.82
35149,County_35149,Ohio,Rural,26.1,33.85,9.93,27.52
53793,County_53793,Other,Rural,21.39,28.87,11.37,23.08
43405,County_43405,Texas,Rural,26.66,35.27,11.49,32.9
29193,County_29193,New Hampshire,Rural,11.28,15.77,,13.85
14447,County_14447,Indiana,Rural,17.59,23.11,6.33,17.72
42299,County_42299,Tennessee,Rural,24.84,34.66,11.92,28.61
13801,County_13801,Illinois,Rural,13.23,16.98,7.46,1.74
27265,County_27265,Nebraska,Rural,9.74,11.76,4.3,9.96
42241,County_42241,Tennessee,Rural,9.42,9.9,5.63,4.66
28209,County_28209,Nevada,Suburban/Small City,31.13,41.01,15.79,35.56
36561,County_36561,Oklahoma,Rural,21.87,28.05,7.73,29.78
45853,County_45853,Vermont,Rural,26.89,37.23,12.71,28.06
15233,County_15233,Iowa,Urban,25.93,31.82,9.86,40.72
16363,County_16363,Kansas,Suburban/Small City,13.75,17.35,6.21,13.41
25941,County_25941,Missouri,Urban,27.25,33.6,,31.4
21507,County_21507,Massachusetts,Suburban/Small City,40.27,51.0,,41.88
1835,County_1835,Alabama,Suburban/Small City,8.93,11.86,6.34,4.24
38865,County_38865,Pennsylvania,Urban,18.2,23.07,7.2,23.71
38437,County_38437,Pennsylvania,Rural,42.64,52.2,19.12,55.43
5659,County_5659,California,Urban,,31.28,11.15,33.83
1703,County_1703,Alabama,Rural,21.16,30.62,8.98,23.89
24321,County_24321,Mississippi,Urban,,39.46,16.3,36.19
30891,County_30891,New Jersey,Rural,,32.89,12.31,28.09
13537,County_13537,Illinois,Rural,,35.48,13.08,27.22
45027,County_45027,Vermont,Rural,19.23,25.28,9.02,17.74
52519,County_52519,Other,Rural,27.6,35.55,,35.11
15869,County_15869,Iowa,Urban,30.5,38.96,11.54,28.71
17773,County_17773,Kentucky,Urban,27.56,34.08,11.09,31.31
17805,County_17805,Kentucky,Rural,38.18,48.96,16.99,43.95
7179,County_7179,Connecticut,Rural,39.79,52.13,17.94,52.73
40027,County_40027,South Carolina,Urban,27.69,38.89,10.37,30.9
54997,County_54997,Other,Rural,29.79,38.92,12.72,30.93
49239,County_49239,Wisconsin,Urban,32.24,41.91,17.24,51.54
28119,County_28119,Nevada,Rural,39.31,51.92,16.76,49.65
51203,County_51203,Other,Urban,40.6,50.71,19.47,46.87
24381,County_24381,Mississippi,Urban,22.03,27.62,10.69,
42489,County_42489,Tennessee,Urban,35.0,45.28,15.7,54.14
9529,County_9529,Florida,Rural,19.62,27.49,8.41,22.84
23395,County_23395,Minnesota,Urban,15.17,21.78,4.43,16.33
1111,County_1111,Alabama,Urban,33.42,39.83,15.21,45.74
41461,County_41461,South Dakota,Suburban/Small City,20.4,28.32,8.8,15.3
24997,County_24997,Mississippi,Rural,39.03,51.36,15.74,51.06
22501,County_22501,Michigan,Rural,15.62,22.33,6.84,18.66
55043,County_55043,Other,Rural,30.45,38.48,13.66,38.47
24475,County_24475,Mississippi,Rural,28.44,36.2,11.43,41.45
5673,County_5673,California,Rural,18.16,21.13,8.16,21.8
29989,County_29989,New Hampshire,Rural,28.85,36.11,11.72,34.49
5363,County_5363,California,Suburban/Small City,27.79,37.86,11.03,33.46
35135,County_35135,Ohio,Urban,33.16,47.33,14.6,46.02
10067,County_10067,Georgia,Urban,20.56,25.68,8.29,21.9
3251,County_3251,Arizona,Suburban/Small City,29.51,34.55,12.46,29.07
39727,County_39727,Rhode Island,Urban,19.1,26.22,6.53,22.74
5835,County_5835,California,Rural,22.09,29.32,12.36,34.45
28127,County_28127,Nevada,Suburban/Small City,22.39,29.92,8.95,19.03
8401,County_8401,Delaware,Rural,32.3,38.96,16.56,43.0
47725,County_47725,Washington,Urban,18.97,25.51,8.82,33.73
45739,County_45739,Vermont,Urban,,19.37,6.53,17.63
16769,County_16769,Kansas,Urban,21.9,27.73,8.77,19.39
21205,County_21205,Massachusetts,Urban,30.59,40.31,14.47,43.66
16631,County_16631,Kansas,Rural,16.37,21.8,7.44,23.84
47885,County_47885,Washington,Suburban/Small City,10.7,12.39,8.2,6.24
41863,County_41863,South Dakota,Urban,32.72,42.75,15.81,48.46
37455,County_37455,Oregon,Rural,17.11,26.32,9.4,24.99
16425,County_16425,Kansas,Rural,28.22,38.16,15.43,40.9
4423,County_4423,Arkansas,Urban,25.8,35.62,15.11,20.59
56553,County_56553,Other,Rural,17.06,22.19,10.96,17.19
21875,County_21875,Massachusetts,Urban,37.25,51.28,14.79,47.05
24957,County_24957,Mississippi,Suburban/Small City,21.78,30.2,11.12,21.64
18781,County_18781,Louisiana,Rural,12.82,15.43,8.23,6.75
11217,County_11217,Hawaii,Suburban/Small City,35.19,46.19,16.31,44.59
22695,County_22695,Michigan,Rural,17.41,24.69,4.08,18.13
