COUNTYFIPS,COUNTY,STATE,community_type,unemployment_rate_pct,acs_unemployment_rate_pct,employment_rate_pct,pct_not_in_labor_force
9261,County_9261,Florida,Rural,,8.06,,40.18
33417,County_33417,North Carolina,Rural,11.29,11.78,57.33,30.89
1695,County_1695,Alabama,Rural,13.19,14.25,45.25,40.5
28741,County_28741,Nevada,Suburban/Small City,10.9,12.3,51.5,36.19
37117,County_37117,Oregon,Rural,6.97,7.15,38.89,53.97
56427,County_56427,Other,Urban,7.84,8.77,51.35,39.87
42739,County_42739,Tennessee,Rural,5.59,4.28,52.82,42.91
2843,County_2843,Alaska,Urban,6.71,6.02,63.27,30.72
36055,County_36055,Oklahoma,Urban,13.4,14.43,30.0,
11739,County_11739,Hawaii,Rural,10.76,11.0,51.18,37.82
3197,County_3197,Arizona,Rural,16.81,16.31,48.02,35.67
33939,County_33939,North Carolina,Urban,10.78,11.2,51.67,37.13
38811,County_38811,Pennsylvania,Rural,9.63,10.63,40.77,48.61
50149,County_50149,Wyoming,Rural,9.26,9.11,43.79,47.1
31755,County_31755,New Mexico,Suburban/Small City,13.03,13.06,36.03,50.91
48027,County_48027,West Virginia,Urban,14.74,14.28,41.07,44.66
56975,County_56975,Other,Urban,13.24,13.12,48.3,38.57
11023,County_11023,Hawaii,Rural,11.55,10.89,51.08,38.03
47603,County_47603,Washington,Urban,9.1,9.21,41.18,49.61
32545,County_32545,New York,Rural,16.07,16.03,34.85,49.12
48951,County_48951,West Virginia,Urban,7.12,7.93,46.52,45.55
12941,County_12941,Idaho,Rural,14.69,16.51,44.77,38.72
29835,County_29835,New Hampshire,Rural,6.88,7.25,53.94,38.81
28877,County_28877,Nevada,Rural,9.61,9.09,52.49,38.42
40139,County_40139,South Carolina,Rural,9.27,9.03,,39.65
55031,County_55031,Other,Rural,7.5,7.88,48.77,43.35
51729,County_51729,Other,Rural,7.13,7.25,52.83,39.92
56219,County_56219,Other,Urban,7.84,8.6,50.87,40.52
10217,County_10217,Georgia,Urban,4.99,4.58,56.09,39.33
39397,County_39397,Rhode Island,Rural,9.62,10.31,47.75,41.94
27187,County_27187,Nebraska,Rural,12.39,12.5,56.09,31.42
53441,County_53441,Other,Rural,9.18,8.39,45.86,45.76
43713,County_43713,Texas,Urban,13.5,14.01,36.9,49.09
32867,County_32867,New York,Rural,3.73,3.41,54.62,41.97
34531,County_34531,North Dakota,Rural,3.84,4.34,51.84,43.82
23543,County_23543,Minnesota,Suburban/Small City,10.92,10.75,,46.81
28911,County_28911,Nevada,Urban,14.65,14.75,43.17,42.09
23923,County_23923,Minnesota,Rural,8.54,9.17,50.03,40.8
56329,County_56329,Other,Urban,6.64,6.41,48.83,44.75
6253,County_6253,Colorado,Urban,9.0,9.05,62.19,28.76
30691,County_30691,New Jersey,Urban,9.4,9.38,53.5,37.13
52325,County_52325,Other,Rural,3.87,4.65,60.75,34.6
55517,County_55517,Other,Rural,11.53,12.24,37.8,49.96
5805,County_5805,California,Urban,8.27,8.8,46.95,44.25
23243,County_23243,Minnesota,Rural,7.29,7.54,47.93,44.53
55125,County_55125,Other,Rural,6.25,6.16,51.56,42.28
21441,County_21441,Massachusetts,Urban,3.58,4.17,50.52,45.31
9001,County_9001,Florida,Rural,10.48,10.55,45.85,43.6
19807,County_19807,Maine,Rural,6.05,6.24,56.0,37.76
34247,County_34247,North Dakota,Urban,12.2,12.56,38.35,49.09
27585,County_27585,Nebraska,Urban,10.84,10.79,47.99,41.21
11447,County_11447,Hawaii,Urban,13.27,13.52,31.63,54.85
8341,County_8341,Delaware,Rural,6.53,7.08,44.84,48.08
49733,County_49733,Wisconsin,Urban,15.75,16.95,44.68,38.37
41359,County_41359,South Dakota,Urban,5.65,6.48,44.36,49.16
54961,County_54961,Other,Urban,10.71,10.15,48.85,41.0
31503,County_31503,New Mexico,Rural,16.24,16.24,38.33,45.42
14791,County_14791,Indiana,Rural,16.08,16.27,41.43,
33477,County_33477,North Carolina,Rural,13.72,14.4,37.96,47.64
56141,County_56141,Other,Urban,8.43,8.08,46.05,45.88
1363,County_1363,Alabama,Rural,13.98,14.1,37.3,48.6
44571,County_44571,Utah,Urban,3.88,4.2,55.44,40.36
14255,County_14255,Indiana,Rural,13.03,13.51,54.7,31.78
56709,County_56709,Other,Rural,8.46,9.04,49.23,41.73
23171,County_23171,Minnesota,Suburban/Small City,11.49,12.37,38.32,49.3
39457,County_39457,Rhode Island,Rural,11.36,11.55,46.5,41.95
12197,County_12197,Idaho,Rural,12.32,,47.22,39.42
49845,County_49845,Wisconsin,Rural,5.81,6.07,53.11,40.82
48381,County_48381,West Virginia,Rural,9.92,9.91,44.34,45.76
39709,County_39709,Rhode Island,Suburban/Small City,9.28,10.31,44.12,45.57
40223,County_40223,South Carolina,Rural,6.35,6.86,51.95,41.19
9441,County_9441,Florida,Urban,5.48,5.85,46.9,47.25
14423,County_14423,Indiana,Rural,3.05,3.43,58.31,38.26
30565,County_30565,New Jersey,Urban,3.24,4.1,50.98,44.92
23479,County_23479,Minnesota,Urban,5.65,5.75,56.86,37.39
49315,County_49315,Wisconsin,Urban,9.67,9.81,42.78,47.41
41105,County_41105,South Dakota,Urban,10.87,10.82,46.84,42.34
46793,County_46793,Virginia,Rural,12.02,12.22,42.55,45.23
44109,County_44109,Utah,Urban,13.03,13.72,,45.59
2933,County_2933,Alaska,Rural,13.22,13.0,46.13,40.87
9957,County_9957,Florida,Urban,8.47,8.65,41.68,49.66
2787,County_2787,Alaska,Rural,15.62,14.83,44.2,40.96
34335,County_34335,North Dakota,Urban,8.14,8.34,54.74,36.92
54463,County_54463,Other,Rural,11.35,12.35,51.4,36.26
46583,County_46583,Virginia,Urban,9.35,9.82,43.67,46.51
1573,County_1573,Alabama,Urban,18.14,18.9,36.67,44.43
13057,County_13057,Illinois,Rural,10.27,9.85,39.07,51.08
54617,County_54617,Other,Rural,4.37,4.41,55.23,40.36
8265,County_8265,Delaware,Rural,11.18,10.25,54.48,35.26
51595,County_51595,Other,Rural,12.24,12.57,40.76,46.67
12079,County_12079,Idaho,Rural,10.9,11.81,44.92,43.28
51677,County_51677,Other,Rural,15.22,14.99,41.92,43.09
28493,County_28493,Nevada,Rural,12.33,12.69,49.61,37.69
14961,County_14961,Indiana,Suburban/Small City,1.25,2.12,63.2,34.67
3159,County_3159,Arizona,Urban,3.85,3.6,53.42,42.98
55607,County_55607,Other,Rural,8.47,7.99,39.75,52.26
24679,County_24679,Mississippi,Urban,13.02,,39.08,46.97
21725,County_21725,Massachusetts,Urban,3.81,3.98,48.03,47.99
42897,County_42897,Tennessee,Rural,14.12,14.67,40.76,44.57
41827,County_41827,South Dakota,Suburban/Small City,10.89,10.83,51.88,37.29
30667,County_30667,New Jersey,Urban,13.2,13.7,40.49,45.8
53823,County_53823,Other,Suburban/Small City,9.84,9.73,50.43,39.84
23893,County_23893,Minnesota,Suburban/Small City,14.05,14.7,,43.15
24639,County_24639,Mississippi,Urban,15.73,15.7,,54.3
4315,County_4315,Arkansas,Rural,16.65,17.25,38.94,43.81
4071,County_4071,Arkansas,Urban,4.65,4.64,54.17,41.19
43065,County_43065,Texas,Urban,12.06,13.26,36.3,50.44
12669,County_12669,Idaho,Suburban/Small City,13.71,14.55,,47.17
48991,County_48991,West Virginia,Rural,11.48,12.49,45.09,42.42
21949,County_21949,Massachusetts,Suburban/Small City,2.33,3.08,46.36,50.56
27501,County_27501,Nebraska,Rural,6.06,5.74,53.2,41.06
6159,County_6159,Colorado,Rural,9.87,9.9,46.13,43.98
49449,County_49449,Wisconsin,Rural,6.74,7.04,50.23,42.73
39353,County_39353,Rhode Island,Rural,13.34,14.12,46.56,39.32
52567,County_52567,Other,Rural,15.94,16.34,43.82,39.84
2535,County_2535,Alaska,Urban,9.16,8.54,40.66,50.79
48527,County_48527,West Virginia,Urban,5.75,6.14,49.78,44.09
26307,County_26307,Montana,Suburban/Small City,15.8,15.43,51.19,33.38
33007,County_33007,North Carolina,Rural,5.65,6.09,48.25,45.66
55595,County_55595,Other,Urban,10.91,11.07,56.16,32.78
20833,County_20833,Maryland,Suburban/Small City,8.26,8.5,35.4,56.1
52685,County_52685,Other,Urban,13.41,13.96,,
10445,County_10445,Georgia,Urban,10.06,10.19,45.71,44.1
53153,County_53153,Other,Urban,10.63,10.16,44.44,45.4
29449,County_29449,New Hampshire,Suburban/Small City,7.96,9.18,46.9,43.92
43179,County_43179,Texas,Rural,7.77,7.82,45.78,46.4
39339,County_39339,Rhode Island,Rural,9.18,9.97,48.97,41.06
43705,County_43705,Texas,Urban,7.61,8.16,50.42,41.42
33745,County_33745,North Carolina,Rural,7.24,7.37,53.51,39.11
12335,County_12335,Idaho,Urban,6.32,7.04,56.14,36.82
23573,County_23573,Minnesota,Urban,10.84,11.26,52.74,36.0
46635,County_46635,Virginia,Rural,9.48,9.7,,44.49
7151,County_7151,Connecticut,Suburban/Small City,13.02,13.15,51.0,35.85
8681,County_8681,Delaware,Suburban/Small City,5.06,5.83,51.81,42.35
29903,County_29903,New Hampshire,Urban,10.91,10.17,,44.38
32979,County_32979,New York,Suburban/Small City,13.77,13.14,52.72,34.14
48115,County_48115,West Virginia,Urban,10.52,10.96,41.07,47.97
13469,County_13469,Illinois,Rural,9.91,10.82,56.02,33.15
14375,County_14375,Indiana,Rural,11.11,11.11,44.92,43.97
17185,County_17185,Kentucky,Urban,8.13,8.71,45.48,45.82
25895,County_25895,Missouri,Urban,11.01,11.16,46.3,
11583,County_11583,Hawaii,Rural,15.82,16.36,45.37,38.27
24151,County_24151,Mississippi,Rural,6.89,7.24,51.0,41.76
24391,County_24391,Mississippi,Suburban/Small City,11.49,,47.11,40.61
11237,County_11237,Hawaii,Rural,3.9,3.66,49.13,47.21
12221,County_12221,Idaho,Rural,9.12,9.46,46.82,43.72
20417,County_20417,Maryland,Rural,14.44,14.95,48.16,36.89
19595,County_19595,Maine,Rural,5.16,5.83,55.94,38.22
30269,County_30269,New Jersey,Rural,9.39,9.36,51.69,38.94
32165,County_32165,New York,Suburban/Small City,13.61,14.0,41.87,44.13
1353,County_1353,Alabama,Urban,6.84,7.33,51.32,41.35
33153,County_33153,North Carolina,Suburban/Small City,14.08,13.7,38.91,47.39
52779,County_52779,Other,Urban,12.44,12.54,48.42,39.05
38755,County_38755,Pennsylvania,Urban,5.23,5.15,46.79,48.06
36617,County_36617,Oklahoma,Rural,5.67,6.33,50.29,43.37
53817,County_53817,Other,Rural,7.73,8.57,44.2,47.23
48115,County_48115,West Virginia,Urban,,16.72,43.42,39.86
21251,County_21251,Massachusetts,Rural,4.67,5.02,45.54,49.43
15251,County_15251,Iowa,Rural,6.6,7.02,52.56,40.42
6907,County_6907,Colorado,Rural,13.2,13.13,,45.46
53943,County_53943,Other,Suburban/Small City,13.68,13.92,50.94,35.14
5307,County_5307,California,Rural,7.43,7.47,44.46,48.08
43061,County_43061,Texas,Rural,3.27,3.48,49.43,47.09
52065,County_52065,Other,Rural,11.31,12.46,42.7,44.85
8375,County_8375,Delaware,Urban,11.24,12.01,41.79,46.2
55531,County_55531,Other,Rural,,7.47,62.9,29.63
5365,County_5365,California,Urban,10.24,,50.63,39.24
26115,County_26115,Montana,Urban,13.01,13.92,40.51,45.57
24727,County_24727,Mississippi,Rural,11.56,,40.8,46.17
26491,County_26491,Montana,Rural,10.63,11.96,47.74,40.3
19915,County_19915,Maine,Urban,13.4,13.8,46.92,39.28
29697,County_29697,New Hampshire,Urban,3.77,3.34,62.7,33.95
55325,County_55325,Other,Urban,8.71,8.0,55.42,36.57
7127,County_7127,Connecticut,Urban,12.79,13.36,39.61,47.03
24341,County_24341,Mississippi,Rural,15.14,15.81,,42.64
18005,County_18005,Louisiana,Urban,9.14,9.62,45.42,44.96
14049,County_14049,Indiana,Rural,6.79,7.3,47.25,45.45
53751,County_53751,Other,Urban,12.03,12.52,46.41,41.07
28643,County_28643,Nevada,Rural,3.48,3.62,52.05,44.33
6209,County_6209,Colorado,Rural,9.65,9.66,55.63,34.7
25399,County_25399,Missouri,Urban,6.56,5.98,46.7,47.32
33039,County_33039,North Carolina,Urban,16.43,16.1,34.59,49.32
27849,County_27849,Nebraska,Urban,7.92,7.19,50.49,42.32
14337,County_14337,Indiana,Suburban/Small City,15.5,16.4,40.38,43.22
19525,County_19525,Maine,Urban,5.71,5.44,51.41,43.15
8951,County_8951,Delaware,Rural,13.95,14.04,42.54,43.43
28703,County_28703,Nevada,Urban,18.68,18.73,40.91,40.36
51357,County_51357,Other,Urban,16.42,17.91,40.6,41.49
35709,County_35709,Ohio,Suburban/Small City,14.89,15.16,51.41,33.43
24493,County_24493,Mississippi,Rural,11.23,12.44,46.48,41.08
33987,County_33987,North Carolina,Rural,11.38,11.76,40.94,47.3
41199,County_41199,South Dakota,Urban,6.15,7.44,49.51,43.05
30835,County_30835,New Jersey,Urban,13.28,12.87,44.44,42.7
25167,County_25167,Missouri,Rural,12.44,13.4,46.65,39.96
11275,County_11275,Hawaii,Rural,8.04,8.94,47.21,43.85
3323,County_3323,Arizona,Urban,8.98,9.74,49.22,41.05
50229,County_50229,Wyoming,Urban,9.32,9.05,50.75,40.2
9817,County_9817,Florida,Urban,14.56,14.49,41.21,44.3
26671,County_26671,Montana,Urban,4.39,4.31,52.79,42.89
20607,County_20607,Maryland,Suburban/Small City,7.04,7.03,41.33,51.65
31589,County_31589,New Mexico,Rural,13.67,13.26,49.46,37.29
35953,County_35953,Ohio,Urban,9.92,10.59,53.62,35.79
55987,County_55987,Other,Rural,2.12,2.09,53.26,44.64
50577,County_50577,Wyoming,Urban,17.01,16.6,44.33,39.07
1753,County_1753,Alabama,Rural,8.62,8.69,52.43,38.88
28261,County_28261,Nevada,Rural,10.08,10.17,,45.92
4503,County_4503,Arkansas,Urban,6.89,7.81,45.44,46.75
33907,County_33907,North Carolina,Urban,10.73,10.46,46.98,42.56
26753,County_26753,Montana,Urban,7.78,8.41,49.84,41.75
16723,County_16723,Kansas,Rural,7.95,7.98,47.55,44.48
20193,County_20193,Maryland,Rural,16.64,17.08,38.75,44.18
11037,County_11037,Hawaii,Rural,9.82,10.79,45.64,43.57
40635,County_40635,South Carolina,Urban,4.74,5.01,49.34,45.65
56937,County_56937,Other,Rural,4.2,4.72,53.25,42.03
44259,County_44259,Utah,Rural,14.85,15.28,43.93,40.79
42033,County_42033,Tennessee,Urban,11.59,12.51,51.64,35.85
38923,County_38923,Pennsylvania,Suburban/Small City,12.1,11.33,50.67,38.0
53381,County_53381,Other,Rural,9.81,10.47,40.96,48.56
20163,County_20163,Maryland,Urban,10.13,10.76,50.24,39.01
39633,County_39633,Rhode Island,Rural,,12.67,48.9,38.43
34199,County_34199,North Dakota,Rural,9.71,10.05,50.96,38.98
9779,County_9779,Florida,Rural,9.74,10.36,48.51,41.13
32717,County_32717,New York,Suburban/Small City,7.14,7.15,50.28,42.57
26177,County_26177,Montana,Urban,8.23,9.17,55.74,35.1
8439,County_8439,Delaware,Rural,12.47,12.69,50.48,36.83
16225,County_16225,Kansas,Rural,15.39,15.36,42.93,41.71
42089,County_42089,Tennessee,Urban,10.18,9.75,38.43,51.82
38241,County_38241,Pennsylvania,Rural,16.61,16.64,,41.38
45443,County_45443,Vermont,Urban,16.03,16.16,44.2,39.64
21521,County_21521,Massachusetts,Urban,12.74,12.94,42.43,44.63
8477,County_8477,Delaware,Suburban/Small City,13.95,14.74,41.01,44.25
26983,County_26983,Montana,Suburban/Small City,6.77,6.86,59.19,33.95
24629,County_24629,Mississippi,Rural,8.63,8.43,45.86,45.71
27743,County_27743,Nebraska,Rural,14.26,14.62,47.18,38.2
3123,County_3123,Arizona,Suburban/Small City,13.36,12.97,50.0,37.03
19091,County_19091,Maine,Rural,9.77,9.6,,48.83
23951,County_23951,Minnesota,Rural,14.57,14.67,38.07,47.26
49109,County_49109,Wisconsin,Suburban/Small City,5.94,6.04,50.14,43.82
50695,County_50695,Wyoming,Rural,7.85,7.47,49.78,42.74
13401,County_13401,Illinois,Rural,9.3,9.43,50.47,40.1
45595,County_45595,Vermont,Urban,15.38,16.08,41.54,42.38
30955,County_30955,New Jersey,Rural,12.97,12.72,47.09,40.19
48429,County_48429,West Virginia,Urban,9.68,10.2,50.66,39.14
20207,County_20207,Maryland,Urban,9.28,9.88,47.39,42.73
56785,County_56785,Other,Urban,6.32,6.51,50.62,42.87
39239,County_39239,Rhode Island,Rural,16.61,17.49,46.08,36.43
15915,County_15915,Iowa,Urban,10.07,10.29,50.83,38.88
4913,County_4913,Arkansas,Rural,14.21,15.02,38.61,46.37
24409,County_24409,Mississippi,Rural,14.85,14.97,,39.75
34181,County_34181,North Dakota,Rural,7.32,8.42,59.09,32.49
49791,County_49791,Wisconsin,Rural,16.37,16.52,30.23,53.26
14837,County_14837,Indiana,Rural,13.35,13.31,42.31,44.38
25271,County_25271,Missouri,Urban,7.69,7.31,53.6,39.09
38503,County_38503,Pennsylvania,Rural,8.21,8.7,49.48,41.82
53553,County_53553,Other,Suburban/Small City,12.72,13.15,46.91,39.94
24483,County_24483,Mississippi,Rural,9.69,10.39,41.88,47.73
4953,County_4953,Arkansas,Urban,10.63,10.98,42.76,46.26
42177,County_42177,Tennessee,Rural,5.07,4.86,48.84,
21779,County_21779,Massachusetts,Rural,5.89,6.24,53.61,40.15
51985,County_51985,Other,Rural,10.23,10.47,36.11,53.42
40433,County_40433,South Carolina,Urban,8.31,9.11,53.33,37.56
48283,County_48283,West Virginia,Urban,10.35,11.04,43.2,45.76
22547,County_22547,Michigan,Urban,11.88,12.68,49.43,37.9
13699,County_13699,Illinois,Urban,12.45,12.08,49.82,38.09
20887,County_20887,Maryland,Urban,10.69,11.18,44.31,44.51
2661,County_2661,Alaska,Suburban/Small City,15.52,16.19,36.98,46.84
26439,County_26439,Montana,Urban,3.63,3.95,57.15,38.9
37169,County_37169,Oregon,Rural,11.63,12.2,36.78,51.02
20729,County_20729,Maryland,Urban,4.43,4.44,52.17,43.39
8675,County_8675,Delaware,Rural,10.36,10.31,41.05,48.64
19995,County_19995,Maine,Suburban/Small City,11.04,10.57,36.29,53.14
17163,County_17163,Kentucky,Rural,4.46,4.39,58.31,37.29
14673,County_14673,Indiana,Urban,10.38,10.4,,43.91
27507,County_27507,Nebraska,Rural,7.65,8.06,50.0,
35353,County_35353,Ohio,Rural,13.11,14.02,45.58,40.39
23199,County_23199,Minnesota,Urban,12.13,12.21,51.74,36.05
6777,County_6777,Colorado,Rural,13.23,14.17,44.13,41.7
22207,County_22207,Michigan,Rural,10.2,10.46,48.01,41.53
19631,County_19631,Maine,Suburban/Small City,14.35,14.16,48.77,37.07
51037,County_51037,Other,Urban,7.63,7.17,51.33,41.5
10237,County_10237,Georgia,Rural,17.73,18.02,42.39,
6883,County_6883,Colorado,Urban,9.19,9.32,47.08,43.6
10297,County_10297,Georgia,Rural,8.7,9.07,43.55,47.38
43169,County_43169,Texas,Rural,15.93,16.32,38.83,44.84
12317,County_12317,Idaho,Rural,6.22,5.93,56.32,37.75
49107,County_49107,Wisconsin,Urban,5.15,5.78,49.27,44.94
30077,County_30077,New Jersey,Rural,9.64,10.46,40.78,48.76
21009,County_21009,Massachusetts,Urban,9.02,9.44,53.86,36.7
39777,County_39777,Rhode Island,Urban,7.83,8.13,58.55,33.32
49677,County_49677,Wisconsin,Rural,12.78,,51.58,35.11
26687,County_26687,Montana,Urban,8.48,9.59,46.03,44.38
20455,County_20455,Maryland,Urban,,4.93,57.17,37.9
36631,County_36631,Oklahoma,Urban,,13.5,48.48,
19923,County_19923,Maine,Suburban/Small City,10.53,11.18,57.57,31.25
56401,County_56401,Other,Urban,15.13,16.21,36.7,47.08
8289,County_8289,Delaware,Rural,13.97,14.41,37.96,47.62
9661,County_9661,Florida,Suburban/Small City,14.5,14.58,44.07,41.35
38257,County_38257,Pennsylvania,Urban,7.72,,55.88,36.42
18633,County_18633,Louisiana,Rural,14.56,14.92,50.73,34.36
33343,County_33343,North Carolina,Rural,13.73,13.83,41.65,44.52
42303,County_42303,Tennessee,Rural,8.82,9.0,45.41,45.59
54305,County_54305,Other,Suburban/Small City,12.03,12.39,52.03,35.59
20161,County_20161,Maryland,Urban,3.86,3.81,63.32,32.87
21675,County_21675,Massachusetts,Suburban/Small City,5.81,6.02,57.33,36.65
46697,County_46697,Virginia,Rural,5.74,5.54,59.61,34.85
11979,County_11979,Hawaii,Urban,14.7,15.05,48.04,36.91
54005,County_54005,Other,Rural,11.42,11.91,50.77,37.32
15169,County_15169,Iowa,Rural,10.42,11.06,43.74,45.2
39507,County_39507,Rhode Island,Rural,10.69,11.2,47.19,41.61
28721,County_28721,Nevada,Urban,10.52,10.99,47.28,41.73
33077,County_33077,North Carolina,Urban,3.8,3.43,,48.64
53843,County_53843,Other,Urban,9.1,8.94,45.19,45.87
54743,County_54743,Other,Urban,8.29,7.97,49.31,42.72
42463,County_42463,Tennessee,Rural,7.23,7.34,47.8,44.86
50921,County_50921,Wyoming,Urban,4.82,5.15,,41.95
44779,County_44779,Utah,Urban,12.29,12.8,46.13,41.07
30805,County_30805,New Jersey,Rural,4.01,4.15,53.18,42.66
55679,County_55679,Other,Rural,16.73,17.07,40.02,42.92
16113,County_16113,Kansas,Suburban/Small City,9.16,10.37,43.12,46.52
43217,County_43217,Texas,Urban,5.61,6.3,45.22,48.48
32849,County_32849,New York,Urban,9.77,9.68,49.79,40.53
45827,County_45827,Vermont,Urban,12.01,11.97,49.83,38.2
37909,County_37909,Oregon,Rural,15.0,16.11,36.03,47.86
17399,County_17399,Kentucky,Urban,16.4,16.86,34.0,49.13
38595,County_38595,Pennsylvania,Rural,12.53,12.57,41.17,46.27
18085,County_18085,Louisiana,Rural,14.43,14.61,51.83,33.56
23215,County_23215,Minnesota,Urban,5.09,4.91,56.43,38.66
44921,County_44921,Utah,Rural,9.18,8.78,64.52,26.7
42815,County_42815,Tennessee,Suburban/Small City,8.9,9.34,47.71,42.95
8035,County_8035,Delaware,Urban,2.67,3.14,55.24,41.63
13951,County_13951,Illinois,Rural,3.4,3.58,51.97,44.45
44193,County_44193,Utah,Rural,10.27,10.69,53.79,35.52
13213,County_13213,Illinois,Urban,14.0,14.65,36.86,48.49
26079,County_26079,Montana,Urban,7.47,8.39,59.66,31.95
40851,County_40851,South Carolina,Rural,11.29,11.92,50.79,37.29
38077,County_38077,Pennsylvania,Rural,10.39,9.81,51.44,
31161,County_31161,New Mexico,Suburban/Small City,7.46,7.93,57.45,34.62
8135,County_8135,Delaware,Rural,8.72,8.31,49.07,42.62
29047,County_29047,New Hampshire,Suburban/Small City,,7.18,48.33,44.49
15909,County_15909,Iowa,Rural,11.71,11.56,,41.14
2319,County_2319,Alaska,Urban,9.46,9.79,52.99,37.22
46267,County_46267,Virginia,Urban,13.65,14.09,43.5,42.41
55631,County_55631,Other,Urban,12.79,,48.13,38.61
28553,County_28553,Nevada,Suburban/Small City,4.72,5.26,52.36,42.38
12941,County_12941,Idaho,Rural,11.67,13.24,38.36,48.41
11591,County_11591,Hawaii,Urban,4.18,4.78,44.77,50.45
52257,County_52257,Other,Urban,9.3,9.04,52.35,
33251,County_33251,North Carolina,Rural,5.5,6.31,50.16,43.53
3725,County_3725,Arizona,Urban,10.74,11.18,52.44,36.39
31417,County_31417,New Mexico,Rural,12.47,13.3,49.66,37.04
13149,County_13149,Illinois,Rural,13.24,13.26,43.29,43.46
40725,County_40725,South Carolina,Rural,10.66,11.34,48.33,40.33
56063,County_56063,Other,Urban,5.85,6.43,51.9,41.67
24317,County_24317,Mississippi,Urban,8.66,9.46,47.29,43.25
18341,County_18341,Louisiana,Urban,15.32,15.81,35.82,48.37
15601,County_15601,Iowa,Rural,7.67,7.95,48.62,43.43
2943,County_2943,Alaska,Urban,2.79,4.0,52.23,43.78
10949,County_10949,Georgia,Rural,6.9,6.61,61.98,31.4
1041,County_1041,Alabama,Rural,14.79,14.36,55.54,30.1
9777,County_9777,Florida,Rural,11.52,11.7,41.35,46.95
27263,County_27263,Nebraska,Rural,8.86,9.35,49.59,41.06
1701,County_1701,Alabama,Urban,5.35,5.0,58.88,36.12
41389,County_41389,South Dakota,Rural,12.23,12.47,,42.21
18099,County_18099,Louisiana,Urban,8.79,9.15,40.14,50.71
33977,County_33977,North Carolina,Suburban/Small City,6.02,6.56,44.32,49.12
32383,County_32383,New York,Rural,15.68,,30.0,53.48
48105,County_48105,West Virginia,Suburban/Small City,11.71,11.79,40.92,47.3
5719,County_5719,California,Rural,2.11,2.97,50.04,46.99
21621,County_21621,Massachusetts,Rural,10.8,11.1,52.81,36.09
21237,County_21237,Massachusetts,Rural,12.61,13.44,46.91,39.65
51665,County_51665,Other,Urban,8.55,9.1,42.21,48.69
26887,County_26887,Montana,Rural,5.65,6.14,48.65,45.21
7849,County_7849,Connecticut,Rural,7.68,8.25,50.88,40.87
46889,County_46889,Virginia,Urban,5.62,5.09,48.37,46.53
16355,County_16355,Kansas,Urban,7.28,,48.51,43.81
17175,County_17175,Kentucky,Rural,6.74,6.83,49.87,43.3
56707,County_56707,Other,Rural,15.0,15.14,43.89,40.97
21071,County_21071,Massachusetts,Rural,7.68,7.01,43.58,49.42
34825,County_34825,North Dakota,Rural,14.66,14.9,34.84,50.26
38521,County_38521,Pennsylvania,Urban,9.15,10.17,44.67,45.16
55273,County_55273,Other,Rural,13.32,13.8,46.45,39.75
25471,County_25471,Missouri,Suburban/Small City,4.79,5.63,49.61,44.76
23357,County_23357,Minnesota,Urban,12.95,12.73,41.22,46.05
8215,County_8215,Delaware,Rural,14.73,15.3,50.32,34.38
26945,County_26945,Montana,Rural,2.23,2.75,52.47,44.77
43269,County_43269,Texas,Rural,9.74,9.87,52.56,37.56
5749,County_5749,California,Rural,15.25,15.41,36.34,48.25
34923,County_34923,North Dakota,Urban,12.62,12.71,51.75,
21557,County_21557,Massachusetts,Rural,7.92,7.75,48.61,43.64
52597,County_52597,Other,Rural,13.78,13.46,45.1,41.44
27993,County_27993,Nebraska,Urban,13.93,14.51,44.87,40.62
40159,County_40159,South Carolina,Rural,8.39,7.98,48.51,43.51
28781,County_28781,Nevada,Rural,14.27,15.29,55.74,28.96
45099,County_45099,Vermont,Rural,2.42,3.02,57.17,39.81
17679,County_17679,Kentucky,Suburban/Small City,9.25,8.97,49.65,41.38
53289,County_53289,Other,Rural,9.76,10.13,43.83,46.04
44211,County_44211,Utah,Rural,9.21,9.92,46.08,44.0
30561,County_30561,New Jersey,Urban,11.37,11.9,44.35,43.74
20501,County_20501,Maryland,Rural,9.03,9.47,48.88,
51407,County_51407,Other,Rural,5.65,6.39,49.88,43.72
27011,County_27011,Nebraska,Rural,15.13,15.86,40.53,43.61
38923,County_38923,Pennsylvania,Suburban/Small City,8.59,,44.03,46.96
21681,County_21681,Massachusetts,Rural,12.95,13.28,50.93,35.78
8899,County_8899,Delaware,Suburban/Small City,10.24,,46.29,43.25
14069,County_14069,Indiana,Urban,9.8,10.84,54.25,34.91
4615,County_4615,Arkansas,Urban,14.31,13.92,46.86,39.22
35427,County_35427,Ohio,Rural,14.32,14.99,48.47,36.55
2549,County_2549,Alaska,Suburban/Small City,11.02,11.22,53.1,35.68
26209,County_26209,Montana,Rural,14.79,15.72,45.78,38.5
43117,County_43117,Texas,Rural,10.24,10.79,48.73,40.48
34889,County_34889,North Dakota,Rural,11.88,11.68,50.78,37.54
9819,County_9819,Florida,Rural,11.45,12.39,42.73,44.88
31887,County_31887,New Mexico,Rural,8.59,10.0,41.29,48.71
48807,County_48807,West Virginia,Rural,17.01,17.39,39.87,42.75
27447,County_27447,Nebraska,Rural,14.41,14.94,42.74,42.33
18273,County_18273,Louisiana,Urban,11.96,12.09,39.29,48.62
34399,County_34399,North Dakota,Urban,3.76,4.5,53.48,42.03
17981,County_17981,Kentucky,Urban,12.99,14.03,,40.2
8393,County_8393,Delaware,Rural,11.15,11.04,50.45,38.52
22439,County_22439,Michigan,Urban,14.12,15.05,31.11,53.83
31785,County_31785,New Mexico,Rural,9.59,10.7,41.77,47.53
6853,County_6853,Colorado,Urban,10.75,11.27,50.29,38.44
16195,County_16195,Kansas,Suburban/Small City,,6.72,52.77,40.51
16181,County_16181,Kansas,Suburban/Small City,12.49,12.45,42.49,45.06
8141,County_8141,Delaware,Rural,4.33,3.74,50.07,46.19
27479,County_27479,Nebraska,Rural,12.68,12.97,30.82,56.21
6177,County_6177,Colorado,Urban,10.58,10.27,41.31,48.41
17721,County_17721,Kentucky,Rural,15.21,14.98,48.09,36.93
1901,County_1901,Alabama,Urban,6.56,6.53,47.91,45.56
41619,County_41619,South Dakota,Rural,12.69,13.69,42.28,44.03
47163,County_47163,Washington,Urban,2.63,2.91,49.87,47.22
33181,County_33181,North Carolina,Urban,6.07,6.68,51.4,41.92
33085,County_33085,North Carolina,Rural,8.33,8.82,48.16,43.01
53981,County_53981,Other,Rural,8.37,9.23,44.72,46.05
28213,County_28213,Nevada,Rural,12.47,13.17,43.73,
12067,County_12067,Idaho,Rural,9.36,10.27,47.77,41.97
5343,County_5343,California,Rural,9.34,10.43,54.11,35.47
46755,County_46755,Virginia,Rural,14.75,15.5,41.18,43.32
7325,County_7325,Connecticut,Rural,9.66,9.96,50.64,39.4
49117,County_49117,Wisconsin,Urban,5.75,6.39,50.87,42.74
48533,County_48533,West Virginia,Urban,11.16,11.57,43.27,45.16
16777,County_16777,Kansas,Rural,10.56,11.07,54.42,34.5
37595,County_37595,Oregon,Urban,7.15,7.96,48.87,43.18
22493,County_22493,Michigan,Rural,6.3,6.98,45.98,47.04
2275,County_2275,Alaska,Rural,12.66,13.0,39.09,47.91
4643,County_4643,Arkansas,Rural,7.24,7.18,48.51,44.31
38739,County_38739,Pennsylvania,Rural,12.52,12.4,44.89,42.71
55373,County_55373,Other,Rural,8.51,8.87,51.51,39.62
54673,County_54673,Other,Rural,7.32,7.36,46.95,45.69
31063,County_31063,New Mexico,Rural,3.45,3.37,52.95,43.67
13589,County_13589,Illinois,Urban,14.65,15.09,36.49,48.42
5983,County_5983,California,Rural,9.53,10.1,50.59,39.3
11007,County_11007,Hawaii,Rural,5.92,6.63,58.19,35.18
28815,County_28815,Nevada,Urban,3.6,4.16,55.54,40.3
37719,County_37719,Oregon,Urban,10.0,10.16,49.25,40.58
8743,County_8743,Delaware,Suburban/Small City,8.42,7.8,51.32,40.89
45629,County_45629,Vermont,Rural,15.24,16.04,38.22,45.74
26301,County_26301,Montana,Rural,12.1,12.28,44.32,43.39
35927,County_35927,Ohio,Urban,4.34,5.32,,47.97
21201,County_21201,Massachusetts,Rural,12.92,12.73,47.28,39.99
35409,County_35409,Ohio,Urban,9.58,10.73,48.2,41.07
16947,County_16947,Kansas,Urban,9.43,10.01,41.53,48.46
22519,County_22519,Michigan,Rural,9.11,8.74,,52.53
38649,County_38649,Pennsylvania,Rural,5.13,4.98,52.37,42.66
17017,County_17017,Kentucky,Rural,14.61,14.94,48.81,36.25
41105,County_41105,South Dakota,Rural,8.92,,50.82,39.82
16715,County_16715,Kansas,Rural,12.78,,56.14,30.98
34483,County_34483,North Dakota,Rural,7.63,7.96,46.8,45.24
25785,County_25785,Missouri,Rural,16.77,16.45,39.69,43.86
8217,County_8217,Delaware,Rural,3.09,3.32,53.98,42.7
34571,County_34571,North Dakota,Rural,7.27,7.91,55.63,36.46
5757,County_5757,California,Urban,14.01,14.53,40.6,44.88
9769,County_9769,Florida,Rural,13.04,13.19,45.79,41.01
33615,County_33615,North Carolina,Rural,11.48,12.5,58.94,28.56
19369,County_19369,Maine,Urban,16.45,,44.55,38.56
32239,County_32239,New York,Urban,16.28,16.05,47.89,36.06
19115,County_19115,Maine,Urban,5.25,5.82,55.79,38.39
4513,County_4513,Arkansas,Suburban/Small City,6.08,6.65,60.72,32.64
32147,County_32147,New York,Rural,15.0,15.54,35.85,48.62
4835,County_4835,Arkansas,Suburban/Small City,9.59,9.51,44.64,45.85
1763,County_1763,Alabama,Rural,5.99,6.47,59.36,34.18
4621,County_4621,Arkansas,Rural,10.82,10.46,39.13,50.41
34387,County_34387,North Dakota,Rural,15.93,,47.52,36.46
28045,County_28045,Nevada,Rural,12.02,12.52,44.77,42.71
16741,County_16741,Kansas,Urban,10.88,10.27,50.26,39.47
23947,County_23947,Minnesota,Rural,4.05,4.14,,37.87
43879,County_43879,Texas,Rural,13.04,13.49,49.19,37.32
55623,County_55623,Other,Rural,12.79,12.67,43.86,43.47
21777,County_21777,Massachusetts,Urban,11.13,11.33,52.96,35.72
32479,County_32479,New York,Urban,7.75,7.86,52.24,39.9
10963,County_10963,Georgia,Urban,6.27,7.34,59.39,33.27
50101,County_50101,Wyoming,Suburban/Small City,5.38,5.27,59.84,34.9
25989,County_25989,Missouri,Rural,12.62,12.54,46.57,40.89
35811,County_35811,Ohio,Rural,14.76,14.69,51.46,33.85
26961,County_26961,Montana,Rural,12.67,12.5,48.99,38.5
20293,County_20293,Maryland,Suburban/Small City,3.64,4.57,52.3,43.13
30541,County_30541,New Jersey,Urban,5.55,6.46,53.21,40.33
50211,County_50211,Wyoming,Rural,5.36,5.55,56.83,37.61
27959,County_27959,Nebraska,Rural,7.11,7.98,53.63,38.4
36565,County_36565,Oklahoma,Rural,5.59,5.45,52.51,42.03
38017,County_38017,Pennsylvania,Rural,4.78,4.68,50.15,45.17
15083,County_15083,Iowa,Urban,14.27,14.26,39.44,46.3
50475,County_50475,Wyoming,Rural,7.65,8.69,48.73,42.58
40989,County_40989,South Carolina,Urban,13.95,14.83,38.22,46.95
48239,County_48239,West Virginia,Urban,9.24,9.2,51.74,39.06
21353,County_21353,Massachusetts,Suburban/Small City,8.35,9.15,45.54,45.32
19479,County_19479,Maine,Rural,7.96,8.23,55.11,36.66
3869,County_3869,Arizona,Rural,5.91,6.25,49.69,
12621,County_12621,Idaho,Rural,14.1,13.51,48.69,37.8
49409,County_49409,Wisconsin,Suburban/Small City,15.92,16.0,39.3,44.7
35815,County_35815,Ohio,Rural,10.1,10.25,43.97,45.77
4051,County_4051,Arkansas,Rural,13.67,14.71,44.81,40.48
49391,County_49391,Wisconsin,Rural,6.66,6.2,48.3,45.49
32555,County_32555,New York,Urban,3.8,4.22,41.24,54.54
11049,County_11049,Hawaii,Rural,17.89,18.22,41.03,40.75
25671,County_25671,Missouri,Urban,5.84,5.39,57.17,37.44
4005,County_4005,Arkansas,Urban,15.32,15.77,34.11,50.12
19525,County_19525,Maine,Rural,7.73,8.5,51.21,40.29
51331,County_51331,Other,Rural,16.03,16.37,41.09,42.54
53087,County_53087,Other,Rural,8.45,9.09,49.86,41.06
46225,County_46225,Virginia,Rural,10.64,10.62,38.42,50.96
37775,County_37775,Oregon,Rural,9.61,9.26,54.88,35.85
16679,County_16679,Kansas,Rural,10.54,10.78,52.51,36.71
4861,County_4861,Arkansas,Urban,9.68,10.05,49.41,40.55
35051,County_35051,Ohio,Suburban/Small City,10.66,11.3,52.66,36.05
9843,County_9843,Florida,Rural,4.84,4.68,56.64,38.68
41835,County_41835,South Dakota,Rural,12.9,12.72,45.71,41.56
48451,County_48451,West Virginia,Urban,5.4,6.28,56.73,36.99
47645,County_47645,Washington,Urban,10.19,10.25,56.2,33.55
37163,County_37163,Oregon,Urban,16.42,16.64,46.29,37.07
12135,County_12135,Idaho,Urban,8.36,8.13,41.3,50.57
35863,County_35863,Ohio,Rural,11.83,11.88,41.16,46.96
30837,County_30837,New Jersey,Urban,4.26,4.98,48.77,46.25
55151,County_55151,Other,Suburban/Small City,12.97,13.35,48.32,38.33
55711,County_55711,Other,Urban,9.0,8.67,50.75,40.58
7357,County_7357,Connecticut,Rural,12.76,12.89,39.98,47.13
48647,County_48647,West Virginia,Urban,11.82,,46.13,41.99
12593,County_12593,Idaho,Rural,8.67,,50.59,40.29
10219,County_10219,Georgia,Urban,14.26,13.89,40.3,45.81
34497,County_34497,North Dakota,Suburban/Small City,5.64,6.06,47.02,46.91
47103,County_47103,Washington,Rural,4.72,5.64,56.34,38.02
3673,County_3673,Arizona,Urban,13.77,13.16,50.26,36.58
13497,County_13497,Illinois,Rural,12.9,12.53,39.66,47.81
30677,County_30677,New Jersey,Suburban/Small City,10.85,10.55,37.5,51.94
48957,County_48957,West Virginia,Rural,,7.59,55.82,36.59
31057,County_31057,New Mexico,Rural,15.98,16.49,37.81,45.7
31967,County_31967,New Mexico,Urban,9.91,9.85,46.05,44.1
31833,County_31833,New Mexico,Rural,8.13,8.19,44.61,47.2
1081,County_1081,Alabama,Rural,12.1,12.15,53.53,34.31
46943,County_46943,Virginia,Rural,6.94,7.34,55.76,36.91
46499,County_46499,Virginia,Urban,13.5,13.34,54.49,32.17
3865,County_3865,Arizona,Rural,15.32,15.71,44.61,39.68
44827,County_44827,Utah,Urban,9.65,10.03,52.13,37.84
37873,County_37873,Oregon,Urban,8.59,,41.19,49.56
24731,County_24731,Mississippi,Urban,9.2,9.37,52.69,37.93
21825,County_21825,Massachusetts,Rural,9.12,8.54,33.1,58.36
12333,County_12333,Idaho,Urban,15.12,15.81,46.85,37.34
12809,County_12809,Idaho,Rural,4.34,4.91,57.7,37.38
17021,County_17021,Kentucky,Rural,4.42,4.07,52.86,43.07
24073,County_24073,Mississippi,Rural,11.06,,47.07,41.68
38357,County_38357,Pennsylvania,Urban,15.17,15.68,45.33,38.99
40299,County_40299,South Carolina,Urban,8.03,8.46,42.14,49.4
53927,County_53927,Other,Rural,10.29,10.43,54.42,35.15
17087,County_17087,Kentucky,Urban,6.44,7.05,55.89,37.07
36709,County_36709,Oklahoma,Rural,9.48,9.41,52.28,38.32
10703,County_10703,Georgia,Rural,10.59,11.65,48.43,
52791,County_52791,Other,Rural,4.45,5.29,53.82,40.9
17091,County_17091,Kentucky,Urban,12.76,12.7,,43.99
21779,County_21779,Massachusetts,Rural,9.25,9.63,37.32,53.05
32621,County_32621,New York,Urban,7.22,7.69,51.97,40.33
32297,County_32297,New York,Rural,7.58,7.68,49.38,42.93
37625,County_37625,Oregon,Rural,14.91,15.06,39.94,45.0
53727,County_53727,Other,Urban,10.92,11.25,40.32,48.43
27155,County_27155,Nebraska,Rural,13.02,12.47,41.77,45.76
35809,County_35809,Ohio,Rural,12.6,12.22,46.72,41.07
10247,County_10247,Georgia,Rural,10.22,10.31,41.38,48.31
1837,County_1837,Alabama,Urban,4.13,4.03,58.24,37.73
12475,County_12475,Idaho,Suburban/Small City,13.06,13.44,42.98,43.58
10891,County_10891,Georgia,Urban,4.32,5.14,44.7,50.15
55203,County_55203,Other,Rural,10.55,9.94,53.73,36.33
15319,County_15319,Iowa,Rural,6.9,7.29,49.67,43.04
10239,County_10239,Georgia,Rural,10.18,10.03,49.91,40.06
32241,County_32241,New York,Urban,6.06,6.52,57.63,35.85
29309,County_29309,New Hampshire,Urban,6.52,6.78,56.75,36.47
41475,County_41475,South Dakota,Urban,7.52,7.61,49.77,42.62
10011,County_10011,Georgia,Urban,10.76,10.52,53.46,36.02
31093,County_31093,New Mexico,Rural,8.67,9.18,49.38,41.43
11647,County_11647,Hawaii,Rural,13.33,12.41,53.05,34.54
10937,County_10937,Georgia,Urban,11.75,12.77,42.63,44.61
12887,County_12887,Idaho,Rural,3.42,3.9,59.27,36.83
32425,County_32425,New York,Rural,13.36,13.9,53.68,32.42
40289,County_40289,South Carolina,Rural,4.36,4.57,53.72,41.71
36665,County_36665,Oklahoma,Rural,9.37,8.89,54.31,36.8
26749,County_26749,Montana,Urban,11.78,12.13,39.02,48.84
7819,County_7819,Connecticut,Suburban/Small City,12.36,12.57,43.37,44.06
53177,County_53177,Other,Rural,16.21,16.17,44.67,39.16
10767,County_10767,Georgia,Urban,13.4,12.93,47.12,39.94
22835,County_22835,Michigan,Suburban/Small City,10.15,10.22,34.38,55.4
32163,County_32163,New York,Rural,9.46,9.81,41.65,48.54
19269,County_19269,Maine,Rural,8.06,7.97,42.27,49.76
2123,County_2123,Alaska,Rural,9.5,10.17,44.6,45.23
29937,County_29937,New Hampshire,Suburban/Small City,13.63,14.21,42.63,43.16
10815,County_10815,Georgia,Rural,11.06,11.18,49.18,39.63
33019,County_33019,North Carolina,Rural,7.94,8.3,51.97,39.73
15327,County_15327,Iowa,Rural,8.52,8.68,56.51,
46801,County_46801,Virginia,Urban,10.53,11.59,40.36,48.05
51133,County_51133,Other,Rural,10.13,10.04,33.78,56.19
14721,County_14721,Indiana,Urban,17.05,17.21,45.31,37.48
45655,County_45655,Vermont,Rural,12.3,12.46,48.02,39.52
51701,County_51701,Other,Urban,9.84,10.52,45.1,44.38
46841,County_46841,Virginia,Rural,14.23,14.45,38.38,47.17
40299,County_40299,South Carolina,Suburban/Small City,8.34,9.08,50.8,40.12
47393,County_47393,Washington,Urban,5.37,6.56,42.48,50.96
34169,County_34169,North Dakota,Urban,15.1,15.45,,38.99
41369,County_41369,South Dakota,Urban,8.15,8.45,63.98,27.58
22989,County_22989,Michigan,Suburban/Small City,17.92,17.95,44.25,37.8
34371,County_34371,North Dakota,Rural,10.23,11.1,,38.71
54523,County_54523,Other,Urban,10.09,10.35,46.71,42.95
44201,County_44201,Utah,Rural,11.05,10.77,40.52,48.7
1323,County_1323,Alabama,Suburban/Small City,12.51,12.25,41.12,
11891,County_11891,Hawaii,Urban,4.3,4.44,56.63,
31675,County_31675,New Mexico,Rural,9.52,9.65,49.15,41.2
43583,County_43583,Texas,Urban,3.18,3.42,53.47,43.1
13363,County_13363,Illinois,Urban,17.04,17.28,39.94,42.77
47701,County_47701,Washington,Suburban/Small City,10.71,11.67,43.58,44.76
29539,County_29539,New Hampshire,Rural,12.14,12.73,40.52,
12365,County_12365,Idaho,Rural,15.54,15.54,39.02,45.44
25657,County_25657,Missouri,Urban,6.58,6.4,52.11,41.5
12355,County_12355,Idaho,Rural,5.77,7.12,51.92,40.96
30697,County_30697,New Jersey,Urban,11.1,,38.63,49.98
52033,County_52033,Other,Suburban/Small City,10.74,10.68,44.26,45.05
27727,County_27727,Nebraska,Rural,10.19,10.84,43.8,45.36
5111,County_5111,California,Urban,7.89,7.52,54.44,38.04
45655,County_45655,Vermont,Suburban/Small City,10.57,10.2,49.99,39.82
42623,County_42623,Tennessee,Urban,7.0,,53.81,39.12
49209,County_49209,Wisconsin,Rural,4.4,4.15,51.58,44.27
52889,County_52889,Other,Rural,15.14,15.88,43.0,
20331,County_20331,Maryland,Urban,11.64,12.74,49.16,38.1
17097,County_17097,Kentucky,Rural,14.61,15.54,45.55,38.91
18987,County_18987,Louisiana,Suburban/Small City,5.9,5.29,59.36,35.34
24187,County_24187,Mississippi,Urban,5.29,4.9,47.71,47.39
17429,County_17429,Kentucky,Rural,7.72,7.78,48.63,43.59
37293,County_37293,Oregon,Urban,11.4,11.29,52.77,35.94
19925,County_19925,Maine,Urban,13.61,13.94,45.88,40.18
15485,County_15485,Iowa,Rural,9.06,9.22,50.55,
37561,County_37561,Oregon,Rural,14.86,14.66,47.21,38.12
43087,County_43087,Texas,Rural,7.04,7.76,53.33,38.91
2239,County_2239,Alaska,Rural,13.55,14.54,41.61,43.85
1917,County_1917,Alabama,Rural,1.83,,49.96,48.24
18911,County_18911,Louisiana,Urban,12.79,13.22,48.14,38.64
50885,County_50885,Wyoming,Rural,10.56,11.66,53.74,34.6
3329,County_3329,Arizona,Rural,13.3,13.56,47.77,38.67
29063,County_29063,New Hampshire,Rural,10.2,10.93,48.25,40.82
54587,County_54587,Other,Rural,7.07,6.8,58.78,34.42
27957,County_27957,Nebraska,Urban,7.02,7.76,45.61,46.63
33603,County_33603,North Carolina,Rural,5.19,5.83,48.43,45.74
33835,County_33835,North Carolina,Rural,11.45,11.68,49.62,38.7
47533,County_47533,Washington,Rural,4.77,5.44,51.3,43.26
19949,County_19949,Maine,Suburban/Small City,9.19,9.76,51.76,38.48
40249,County_40249,South Carolina,Urban,9.94,,51.48,37.65
17341,County_17341,Kentucky,Urban,4.54,4.59,52.22,43.19
12187,County_12187,Idaho,Rural,10.57,10.58,44.81,44.61
30095,County_30095,New Jersey,Suburban/Small City,8.87,9.48,49.68,40.84
11943,County_11943,Hawaii,Suburban/Small City,6.01,6.22,49.5,44.28
31733,County_31733,New Mexico,Suburban/Small City,3.54,2.9,61.76,35.34
8337,County_8337,Delaware,Urban,3.84,4.11,54.68,41.21
12293,County_12293,Idaho,Suburban/Small City,15.84,,43.95,
43809,County_43809,Texas,Rural,12.96,13.23,36.55,50.22
53515,County_53515,Other,Rural,14.27,14.47,45.31,40.22
51199,County_51199,Other,Rural,15.57,15.37,37.64,46.99
21357,County_21357,Massachusetts,Rural,4.7,4.33,62.03,33.64
55273,County_55273,Other,Urban,14.81,15.03,49.1,35.87
1187,County_1187,Alabama,Rural,7.85,7.72,46.89,45.38
22523,County_22523,Michigan,Urban,10.48,10.56,46.3,
43391,County_43391,Texas,Rural,5.09,5.44,43.35,51.2
28897,County_28897,Nevada,Rural,8.12,8.68,55.78,35.55
35929,County_35929,Ohio,Urban,8.62,9.47,44.92,
45193,County_45193,Vermont,Urban,13.91,14.29,47.33,38.38
34829,County_34829,North Dakota,Urban,6.06,5.52,51.83,42.66
27413,County_27413,Nebraska,Rural,5.59,6.32,56.14,37.54
51773,County_51773,Other,Urban,11.5,12.26,49.57,38.17
46055,County_46055,Virginia,Urban,3.16,2.9,,46.19
10661,County_10661,Georgia,Urban,12.35,12.2,46.95,40.85
8877,County_8877,Delaware,Urban,8.75,8.7,46.8,44.5
5499,County_5499,California,Rural,14.38,14.74,49.65,35.61
25283,County_25283,Missouri,Rural,6.62,7.23,57.06,35.71
7175,County_7175,Connecticut,Rural,8.71,9.03,50.8,40.17
31585,County_31585,New Mexico,Urban,6.21,6.32,51.0,42.68
30833,County_30833,New Jersey,Rural,6.67,7.01,,43.04
48387,County_48387,West Virginia,Rural,5.61,,51.97,41.72
1633,County_1633,Alabama,Rural,12.17,11.82,39.15,
48523,County_48523,West Virginia,Suburban/Small City,9.75,9.37,56.41,34.22
26101,County_26101,Montana,Rural,15.13,15.73,45.21,39.06
22667,County_22667,Michigan,Rural,7.58,8.73,49.67,41.61
10581,County_10581,Georgia,Urban,6.89,7.24,52.65,40.11
29307,County_29307,New Hampshire,Rural,18.11,18.19,45.1,36.71
27675,County_27675,Nebraska,Urban,11.89,12.22,45.35,42.43
38713,County_38713,Pennsylvania,Urban,12.23,12.55,42.87,44.58
13147,County_13147,Illinois,Urban,6.61,7.67,49.92,42.41
6701,County_6701,Colorado,Urban,11.66,12.1,54.83,33.07
3743,County_3743,Arizona,Rural,6.09,6.36,46.93,46.71
31565,County_31565,New Mexico,Suburban/Small City,9.27,9.37,43.37,47.27
51337,County_51337,Other,Rural,8.06,8.55,43.22,48.23
4223,County_4223,Arkansas,Rural,13.33,13.65,35.82,50.53
20689,County_20689,Maryland,Rural,12.77,13.08,45.13,41.79
40837,County_40837,South Carolina,Rural,7.25,8.0,53.49,38.5
46159,County_46159,Virginia,Suburban/Small City,8.44,9.29,48.75,41.96
18923,County_18923,Louisiana,Urban,10.11,10.85,48.7,40.46
10249,County_10249,Georgia,Urban,7.4,7.3,49.34,43.36
10867,County_10867,Georgia,Rural,5.09,5.09,47.85,47.06
19621,County_19621,Maine,Suburban/Small City,14.1,14.32,52.97,32.71
11731,County_11731,Hawaii,Rural,8.35,9.08,50.1,40.81
4475,County_4475,Arkansas,Rural,15.11,15.27,41.36,43.37
22349,County_22349,Michigan,Rural,10.84,11.84,32.77,55.39
42309,County_42309,Tennessee,Rural,,13.35,45.21,41.43
48725,County_48725,West Virginia,Urban,11.85,12.19,43.55,44.26
19161,County_19161,Maine,Urban,10.49,10.83,45.23,43.94
13497,County_13497,Illinois,Suburban/Small City,12.09,12.3,45.65,42.05
43159,County_43159,Texas,Rural,,11.83,34.59,53.58
26725,County_26725,Montana,Urban,11.31,11.71,47.49,40.8
35403,County_35403,Ohio,Suburban/Small City,8.55,8.84,52.45,38.71
14217,County_14217,Indiana,Urban,9.98,10.04,46.47,43.48
8231,County_8231,Delaware,Rural,10.26,10.52,49.85,39.63
32647,County_32647,New York,Urban,15.2,15.37,48.98,35.65
49209,County_49209,Wisconsin,Rural,10.65,10.85,54.2,34.95
5707,County_5707,California,Rural,,8.35,40.55,51.1
51201,County_51201,Other,Suburban/Small City,8.73,8.43,58.95,
42651,County_42651,Tennessee,Rural,7.82,8.46,58.65,32.88
38501,County_38501,Pennsylvania,Rural,13.79,14.57,46.22,39.21
10967,County_10967,Georgia,Urban,12.13,,41.25,
54217,County_54217,Other,Urban,14.3,14.41,47.95,37.64
10983,County_10983,Georgia,Rural,8.74,8.68,52.31,39.01
44767,County_44767,Utah,Urban,11.29,12.16,47.37,40.47
42193,County_42193,Tennessee,Rural,10.22,10.2,51.02,
42955,County_42955,Tennessee,Suburban/Small City,12.44,13.05,44.28,42.66
54203,County_54203,Other,Rural,7.51,7.63,42.36,50.01
5953,County_5953,California,Suburban/Small City,17.74,17.57,48.73,33.7
50367,County_50367,Wyoming,Urban,14.34,14.54,42.33,43.13
4499,County_4499,Arkansas,Suburban/Small City,14.78,15.13,44.18,40.69
5595,County_5595,California,Urban,4.5,4.68,55.55,39.77
9497,County_9497,Florida,Suburban/Small City,15.54,15.74,39.74,44.52
21217,County_21217,Massachusetts,Rural,,10.56,52.61,36.83
8601,County_8601,Delaware,Urban,10.85,11.19,41.65,47.15
32683,County_32683,New York,Urban,9.49,9.54,50.7,39.76
18715,County_18715,Louisiana,Rural,10.7,,43.67,46.01
38359,County_38359,Pennsylvania,Rural,8.02,8.37,47.78,43.86
6341,County_6341,Colorado,Urban,13.44,13.88,46.69,39.43
31223,County_31223,New Mexico,Urban,13.98,14.31,48.6,37.09
56733,County_56733,Other,Suburban/Small City,6.31,7.23,53.6,39.18
8777,County_8777,Delaware,Urban,8.62,9.7,52.92,37.38
55927,County_55927,Other,Rural,8.02,8.26,42.72,49.03
12381,County_12381,Idaho,Urban,7.82,7.24,50.42,42.34
54779,County_54779,Other,Rural,13.01,13.09,37.79,49.12
12115,County_12115,Idaho,Rural,11.09,11.3,55.1,33.6
42219,County_42219,Tennessee,Rural,6.04,6.34,52.6,41.05
29893,County_29893,New Hampshire,Rural,11.59,12.4,,36.59
30039,County_30039,New Jersey,Rural,6.03,5.95,50.79,43.26
31829,County_31829,New Mexico,Rural,13.19,13.08,,42.56
4415,County_4415,Arkansas,Rural,10.64,10.95,49.01,40.04
36589,County_36589,Oklahoma,Urban,11.54,11.42,54.03,34.55
29335,County_29335,New Hampshire,Urban,10.41,10.85,42.83,46.32
53893,County_53893,Other,Urban,13.92,14.29,37.44,48.27
31419,County_31419,New Mexico,Rural,13.44,13.73,44.17,42.09
52131,County_52131,Other,Rural,11.36,12.0,48.66,39.34
18829,County_18829,Louisiana,Rural,8.73,9.17,,32.35
16457,County_16457,Kansas,Rural,14.8,15.37,38.86,45.76
55423,County_55423,Other,Rural,17.18,17.65,40.15,42.2
13757,County_13757,Illinois,Rural,,13.63,41.9,44.47
41309,County_41309,South Dakota,Suburban/Small City,9.34,10.42,41.81,47.77
12661,County_12661,Idaho,Rural,,8.07,43.37,48.57
15119,County_15119,Iowa,Urban,5.63,5.88,51.8,42.32
13653,County_13653,Illinois,Urban,12.8,12.43,47.6,39.97
40063,County_40063,South Carolina,Urban,9.82,11.41,53.5,35.09
11581,County_11581,Hawaii,Rural,14.63,14.67,47.1,38.23
51297,County_51297,Other,Rural,12.73,,41.53,44.92
8657,County_8657,Delaware,Urban,10.07,10.54,53.84,35.63
40421,County_40421,South Carolina,Suburban/Small City,12.43,11.54,46.12,42.34
29321,County_29321,New Hampshire,Rural,9.52,10.06,53.36,36.59
11583,County_11583,Hawaii,Rural,7.66,7.99,47.01,44.99
15887,County_15887,Iowa,Suburban/Small City,13.27,13.8,43.52,42.69
38291,County_38291,Pennsylvania,Rural,,11.64,38.5,49.85
3871,County_3871,Arizona,Rural,12.79,13.64,47.22,39.15
4175,County_4175,Arkansas,Suburban/Small City,7.65,8.38,43.91,47.7
4419,County_4419,Arkansas,Rural,10.08,9.49,47.01,43.5
48239,County_48239,West Virginia,Rural,12.26,11.78,51.58,36.64
25805,County_25805,Missouri,Rural,12.25,13.29,49.24,37.47
17499,County_17499,Kentucky,Rural,9.91,10.1,40.73,49.17
6847,County_6847,Colorado,Urban,6.43,6.88,47.34,45.78
19317,County_19317,Maine,Rural,10.47,12.13,57.01,30.86
29761,County_29761,New Hampshire,Urban,4.44,5.08,49.43,45.5
27351,County_27351,Nebraska,Urban,6.33,6.49,53.49,40.02
1945,County_1945,Alabama,Suburban/Small City,9.7,10.47,39.56,49.97
56395,County_56395,Other,Urban,9.22,10.37,43.39,46.24
43495,County_43495,Texas,Urban,,10.08,51.79,38.14
46035,County_46035,Virginia,Rural,12.01,12.45,46.24,41.32
41099,County_41099,South Dakota,Urban,11.4,11.39,38.59,50.01
23507,County_23507,Minnesota,Rural,11.18,11.47,41.91,46.62
18241,County_18241,Louisiana,Rural,6.18,6.3,48.89,44.81
1345,County_1345,Alabama,Rural,5.64,5.85,51.58,42.57
44071,County_44071,Utah,Rural,9.36,9.57,50.24,40.19
5927,County_5927,California,Rural,15.06,16.63,39.16,44.21
35937,County_35937,Ohio,Urban,8.06,8.6,51.67,39.73
23249,County_23249,Minnesota,Rural,14.54,14.66,48.43,36.92
35081,County_35081,Ohio,Rural,10.39,9.54,43.28,47.18
48669,County_48669,West Virginia,Urban,12.94,12.53,38.85,48.62
40791,County_40791,South Carolina,Rural,6.34,6.35,53.92,39.73
23415,County_23415,Minnesota,Rural,12.1,11.84,41.04,47.12
15113,County_15113,Iowa,Rural,17.98,17.28,39.11,43.61
22995,County_22995,Michigan,Rural,10.63,10.16,44.74,45.1
3901,County_3901,Arizona,Urban,3.09,,58.95,38.1
47753,County_47753,Washington,Rural,7.19,8.08,46.59,45.34
54405,County_54405,Other,Rural,6.73,6.74,51.29,41.98
41347,County_41347,South Dakota,Suburban/Small City,,8.38,57.67,33.95
26053,County_26053,Montana,Suburban/Small City,9.11,9.14,47.65,43.21
47167,County_47167,Washington,Rural,6.06,6.31,47.75,45.94
42379,County_42379,Tennessee,Rural,13.15,13.92,47.48,38.6
52901,County_52901,Other,Rural,16.48,17.26,45.95,36.79
31693,County_31693,New Mexico,Urban,4.05,4.45,53.81,41.74
3397,County_3397,Arizona,Suburban/Small City,9.45,9.81,46.14,44.05
17935,County_17935,Kentucky,Suburban/Small City,6.23,6.55,48.89,44.56
39345,County_39345,Rhode Island,Urban,4.6,5.65,46.24,48.1
45589,County_45589,Vermont,Rural,5.77,5.99,59.43,34.58
29987,County_29987,New Hampshire,Rural,11.05,10.39,49.86,39.76
30897,County_30897,New Jersey,Rural,4.73,4.81,47.23,47.96
53105,County_53105,Other,Rural,9.69,,46.99,42.94
50383,County_50383,Wyoming,Suburban/Small City,,13.23,43.43,43.34
20651,County_20651,Maryland,Urban,14.97,14.79,41.97,43.24
10451,County_10451,Georgia,Urban,7.99,8.66,46.36,44.98
49349,County_49349,Wisconsin,Rural,10.28,10.79,47.08,42.13
2629,County_2629,Alaska,Urban,14.0,14.73,43.19,42.09
5455,County_5455,California,Rural,12.25,12.23,48.83,38.95
48453,County_48453,West Virginia,Rural,6.97,7.28,45.56,47.16
51355,County_51355,Other,Suburban/Small City,8.7,8.23,54.41,37.35
19565,County_19565,Maine,Urban,,12.91,43.82,43.27
7197,County_7197,Connecticut,Rural,3.68,3.77,47.17,49.06
51783,County_51783,Other,Rural,3.57,4.27,57.62,38.11
10869,County_10869,Georgia,Rural,8.13,7.78,47.28,44.93
29683,County_29683,New Hampshire,Rural,13.81,14.5,38.17,47.33
44731,County_44731,Utah,Suburban/Small City,10.48,10.17,51.14,38.69
55375,County_55375,Other,Urban,8.4,7.5,57.05,35.45
28391,County_28391,Nevada,Urban,11.33,11.26,47.14,41.6
40517,County_40517,South Carolina,Rural,6.59,6.61,57.2,36.19
29505,County_29505,New Hampshire,Urban,8.71,8.31,45.93,45.76
53023,County_53023,Other,Rural,5.42,5.92,48.91,45.17
31507,County_31507,New Mexico,Rural,10.9,11.3,48.64,40.07
37989,County_37989,Oregon,Rural,12.32,11.81,45.61,42.58
24617,County_24617,Mississippi,Suburban/Small City,10.77,10.75,42.81,46.44
30257,County_30257,New Jersey,Rural,5.43,6.13,51.11,42.76
56117,County_56117,Other,Rural,10.68,10.61,47.07,42.32
47925,County_47925,Washington,Urban,7.24,6.93,55.27,37.8
6781,County_6781,Colorado,Rural,14.67,14.77,49.6,35.62
3787,County_3787,Arizona,Urban,10.64,10.42,57.06,32.53
9055,County_9055,Florida,Suburban/Small City,11.01,11.0,53.18,35.82
41349,County_41349,South Dakota,Rural,3.34,3.51,56.74,39.74
9001,County_9001,Florida,Urban,12.84,12.83,45.6,41.56
45859,County_45859,Vermont,Urban,14.33,14.57,44.97,40.46
37457,County_37457,Oregon,Suburban/Small City,8.04,8.38,49.51,42.11
15427,County_15427,Iowa,Suburban/Small City,2.24,2.7,57.16,40.14
38781,County_38781,Pennsylvania,Rural,17.11,16.3,46.81,36.88
19489,County_19489,Maine,Suburban/Small City,7.05,7.4,45.98,46.62
54005,County_54005,Other,Suburban/Small City,10.19,10.93,44.51,44.56
39285,County_39285,Rhode Island,Rural,10.77,11.29,49.67,39.03
26143,County_26143,Montana,Urban,14.21,14.2,46.77,39.04
33169,County_33169,North Carolina,Suburban/Small City,9.57,10.24,53.68,36.08
34789,County_34789,North Dakota,Urban,10.83,11.84,45.14,43.02
5765,County_5765,California,Rural,9.23,,44.54,46.1
49347,County_49347,Wisconsin,Urban,10.57,10.72,43.88,45.4
48043,County_48043,West Virginia,Suburban/Small City,10.13,10.3,46.41,43.28
38067,County_38067,Pennsylvania,Urban,11.74,12.54,50.22,37.24
18379,County_18379,Louisiana,Urban,9.01,10.06,52.68,37.26
55033,County_55033,Other,Rural,5.72,6.26,56.76,36.98
25097,County_25097,Missouri,Rural,3.09,4.01,,41.29
26859,County_26859,Montana,Urban,15.78,16.22,48.26,35.52
53673,County_53673,Other,Urban,11.82,12.28,49.28,38.44
18287,County_18287,Louisiana,Rural,15.03,15.08,46.17,38.75
31835,County_31835,New Mexico,Suburban/Small City,5.22,5.32,52.71,41.97
46557,County_46557,Virginia,Urban,5.61,5.95,55.44,38.61
31365,County_31365,New Mexico,Urban,6.93,7.58,55.95,36.47
46169,County_46169,Virginia,Rural,14.42,14.63,45.33,40.04
1163,County_1163,Alabama,Rural,10.02,10.95,56.67,32.38
38345,County_38345,Pennsylvania,Rural,15.05,15.23,37.21,47.56
22009,County_22009,Michigan,Urban,15.35,14.47,52.57,
16905,County_16905,Kansas,Rural,11.47,11.56,38.63,49.8
11095,County_11095,Hawaii,Urban,10.85,10.84,52.44,36.71
6807,County_6807,Colorado,Rural,10.93,11.17,47.71,41.12
10155,County_10155,Georgia,Rural,10.09,10.01,46.19,43.8
52691,County_52691,Other,Suburban/Small City,8.32,8.69,53.59,37.73
19175,County_19175,Maine,Rural,14.12,14.32,40.19,45.49
20827,County_20827,Maryland,Rural,7.4,7.69,46.65,45.66
2897,County_2897,Alaska,Urban,5.23,5.5,69.04,25.46
42229,County_42229,Tennessee,Rural,6.03,5.92,51.2,42.89
36363,County_36363,Oklahoma,Urban,8.15,8.67,45.43,45.89
53217,County_53217,Other,Rural,8.56,8.43,57.01,34.56
30777,County_30777,New Jersey,Urban,6.68,6.95,39.04,54.01
35345,County_35345,Ohio,Rural,14.5,14.35,39.5,46.16
22593,County_22593,Michigan,Suburban/Small City,15.03,16.55,34.22,49.22
34281,County_34281,North Dakota,Suburban/Small City,15.24,15.87,39.22,44.91
16163,County_16163,Kansas,Rural,,2.95,52.17,44.88
48639,County_48639,West Virginia,Rural,9.29,9.52,46.78,43.71
41933,County_41933,South Dakota,Urban,9.02,,51.44,40.19
56543,County_56543,Other,Suburban/Small City,10.45,10.78,53.41,35.81
6771,County_6771,Colorado,Rural,10.01,9.36,49.92,
55779,County_55779,Other,Rural,8.29,9.34,42.35,48.31
20367,County_20367,Maryland,Rural,6.6,7.04,47.48,45.47
21695,County_21695,Massachusetts,Urban,5.25,5.67,50.41,43.92
19133,County_19133,Maine,Rural,11.42,,49.78,38.44
44261,County_44261,Utah,Urban,4.92,4.82,52.76,42.42
53107,County_53107,Other,Rural,9.78,9.9,44.87,45.23
55825,County_55825,Other,Urban,13.97,,35.47,50.24
43457,County_43457,Texas,Rural,6.75,6.17,60.76,33.06
2211,County_2211,Alaska,Rural,10.16,10.66,50.63,38.71
7691,County_7691,Connecticut,Urban,8.14,7.98,50.79,41.23
15963,County_15963,Iowa,Rural,13.02,13.57,48.89,37.54
3375,County_3375,Arizona,Urban,15.21,16.08,46.76,37.17
46239,County_46239,Virginia,Urban,10.22,10.49,57.37,32.14
39035,County_39035,Rhode Island,Rural,8.95,9.16,48.59,42.25
35879,County_35879,Ohio,Rural,4.22,4.96,53.33,41.71
56227,County_56227,Other,Rural,10.1,10.76,51.43,37.81
55019,County_55019,Other,Rural,11.66,12.01,48.84,39.15
7345,County_7345,Connecticut,Rural,11.97,12.26,42.28,45.46
54587,County_54587,Other,Urban,9.88,9.6,46.47,43.93
15321,County_15321,Iowa,Urban,16.14,15.72,49.35,34.93
5153,County_5153,California,Rural,13.32,13.33,39.72,46.95
43193,County_43193,Texas,Rural,6.17,,48.89,44.79
40725,County_40725,South Carolina,Urban,13.49,13.38,50.69,35.93
55325,County_55325,Other,Rural,6.75,7.17,55.48,37.35
55511,County_55511,Other,Rural,10.59,11.76,39.14,49.11
6979,County_6979,Colorado,Urban,14.4,15.05,41.35,43.6
34185,County_34185,North Dakota,Rural,12.29,12.79,41.42,
9707,County_9707,Florida,Urban,10.45,9.77,43.13,47.1
15601,County_15601,Iowa,Rural,12.99,14.41,44.97,40.62
19877,County_19877,Maine,Rural,14.48,15.34,38.09,46.57
32447,County_32447,New York,Urban,14.22,13.9,46.95,39.15
18251,County_18251,Louisiana,Rural,12.43,12.75,42.43,44.82
54869,County_54869,Other,Rural,10.79,11.62,52.53,35.85
31923,County_31923,New Mexico,Rural,8.39,8.43,51.88,39.69
45809,County_45809,Vermont,Rural,11.17,11.21,42.14,46.64
9041,County_9041,Florida,Rural,14.88,15.52,41.05,43.43
49123,County_49123,Wisconsin,Rural,15.09,15.92,48.42,35.66
52627,County_52627,Other,Urban,7.13,7.25,49.32,43.44
2253,County_2253,Alaska,Urban,12.6,,46.42,41.16
31513,County_31513,New Mexico,Rural,9.09,,48.61,42.19
54461,County_54461,Other,Rural,11.04,11.23,46.53,42.24
44285,County_44285,Utah,Rural,11.45,11.52,53.54,34.93
51829,County_51829,Other,Rural,8.76,10.34,51.03,38.63
50039,County_50039,Wyoming,Urban,10.25,11.33,51.3,37.36
19867,County_19867,Maine,Rural,12.02,12.01,50.53,37.46
4577,County_4577,Arkansas,Rural,13.16,13.11,44.09,42.8
44845,County_44845,Utah,Rural,15.56,15.46,41.89,42.65
41849,County_41849,South Dakota,Rural,13.04,13.57,52.59,33.84
48779,County_48779,West Virginia,Rural,12.54,13.02,41.27,45.71
28817,County_28817,Nevada,Urban,11.3,10.85,53.08,36.07
31929,County_31929,New Mexico,Suburban/Small City,14.33,14.8,52.97,32.23
48391,County_48391,West Virginia,Urban,6.47,6.73,48.14,45.13
36571,County_36571,Oklahoma,Rural,10.78,11.22,48.71,40.08
34787,County_34787,North Dakota,Rural,13.12,12.24,49.6,38.17
27129,County_27129,Nebraska,Rural,14.69,14.69,42.8,42.52
7991,County_7991,Connecticut,Suburban/Small City,12.07,12.23,44.71,43.06
39313,County_39313,Rhode Island,Urban,6.32,6.47,44.64,48.9
31275,County_31275,New Mexico,Rural,8.36,8.13,47.94,43.93
11567,County_11567,Hawaii,Urban,8.48,9.25,44.84,45.91
33715,County_33715,North Carolina,Rural,14.58,14.67,42.46,42.87
10557,County_10557,Georgia,Rural,12.47,12.26,,43.43
30063,County_30063,New Jersey,Urban,16.11,16.44,38.4,45.15
29663,County_29663,New Hampshire,Rural,3.51,3.58,53.36,43.06
30173,County_30173,New Jersey,Urban,8.57,8.53,47.38,44.09
36793,County_36793,Oklahoma,Rural,5.21,5.19,51.57,43.24
34439,County_34439,North Dakota,Suburban/Small City,6.69,6.15,42.01,51.84
51939,County_51939,Other,Urban,10.27,9.72,48.09,42.19
51221,County_51221,Other,Urban,9.16,8.97,62.0,29.03
20259,County_20259,Maryland,Rural,10.59,10.26,51.2,38.55
35941,County_35941,Ohio,Suburban/Small City,10.37,10.73,51.89,37.37
16959,County_16959,Kansas,Rural,12.96,13.98,33.77,52.25
21391,County_21391,Massachusetts,Urban,14.88,15.23,42.21,42.56
48645,County_48645,West Virginia,Rural,16.74,16.48,38.5,45.02
51979,County_51979,Other,Rural,8.03,8.89,48.43,42.68
25271,County_25271,Missouri,Urban,10.16,,49.72,39.61
49049,County_49049,Wisconsin,Rural,10.02,10.21,45.2,44.6
44657,County_44657,Utah,Suburban/Small City,4.94,5.15,64.06,30.79
15163,County_15163,Iowa,Rural,16.75,16.72,47.99,35.29
21943,County_21943,Massachusetts,Urban,5.04,6.2,45.58,48.22
12539,County_12539,Idaho,Rural,6.14,6.52,48.1,45.38
3221,County_3221,Arizona,Rural,11.04,12.36,51.41,36.23
36299,County_36299,Oklahoma,Urban,6.52,7.72,48.92,43.37
50245,County_50245,Wyoming,Urban,11.91,11.93,45.36,42.72
11725,County_11725,Hawaii,Rural,7.93,8.39,50.94,40.66
19761,County_19761,Maine,Rural,6.55,,49.41,43.38
40441,County_40441,South Carolina,Urban,12.25,13.69,49.14,37.17
23591,County_23591,Minnesota,Urban,8.45,7.8,50.59,41.61
4415,County_4415,Arkansas,Rural,14.7,14.47,42.36,43.17
51759,County_51759,Other,Urban,,3.01,48.39,48.6
29161,County_29161,New Hampshire,Rural,8.91,9.28,51.49,39.24
55581,County_55581,Other,Urban,11.44,11.57,45.92,42.51
46645,County_46645,Virginia,Rural,10.68,11.54,50.8,37.66
43773,County_43773,Texas,Rural,5.68,5.73,48.95,45.32
42531,County_42531,Tennessee,Rural,15.36,14.57,37.35,48.07
12399,County_12399,Idaho,Rural,15.47,15.71,36.82,47.48
28259,County_28259,Nevada,Urban,13.78,15.12,34.42,50.46
21443,County_21443,Massachusetts,Rural,12.83,13.77,43.06,43.17
55573,County_55573,Other,Rural,15.91,16.42,40.73,
52047,County_52047,Other,Urban,6.23,6.21,58.21,35.58
52749,County_52749,Other,Rural,3.88,4.45,54.83,40.71
52953,County_52953,Other,Suburban/Small City,8.47,8.75,52.58,38.67
44417,County_44417,Utah,Urban,13.85,14.6,38.82,46.58
45195,County_45195,Vermont,Rural,7.6,8.61,48.23,43.17
46105,County_46105,Virginia,Rural,9.87,9.93,46.55,43.52
49833,County_49833,Wisconsin,Urban,5.37,5.86,47.4,46.74
29333,County_29333,New Hampshire,Rural,16.14,16.16,41.0,42.84
24023,County_24023,Mississippi,Rural,10.5,11.06,44.35,44.59
26865,County_26865,Montana,Urban,10.44,10.77,51.1,38.13
26171,County_26171,Montana,Rural,12.1,12.38,41.52,46.1
17149,County_17149,Kentucky,Rural,4.57,3.92,51.6,44.48
44167,County_44167,Utah,Rural,10.51,11.3,47.23,41.47
34375,County_34375,North Dakota,Rural,7.47,8.95,41.45,49.59
7389,County_7389,Connecticut,Urban,4.33,4.64,57.65,37.72
46943,County_46943,Virginia,Suburban/Small City,10.44,11.13,49.33,39.55
30789,County_30789,New Jersey,Urban,6.9,7.71,49.3,43.0
21461,County_21461,Massachusetts,Rural,6.07,7.27,57.7,35.03
12597,County_12597,Idaho,Urban,,6.79,55.4,37.81
46749,County_46749,Virginia,Rural,5.65,6.01,45.74,48.25
16271,County_16271,Kansas,Rural,9.33,10.15,44.6,45.25
9853,County_9853,Florida,Suburban/Small City,7.85,8.8,58.61,32.59
5551,County_5551,California,Rural,16.48,17.36,38.82,43.82
29239,County_29239,New Hampshire,Rural,9.28,9.0,,45.53
31689,County_31689,New Mexico,Urban,10.83,11.04,42.03,46.94
15983,County_15983,Iowa,Rural,6.77,7.06,48.54,44.39
4725,County_4725,Arkansas,Rural,6.08,5.84,51.54,42.62
36133,County_36133,Oklahoma,Rural,11.79,12.4,44.11,43.49
52521,County_52521,Other,Rural,14.42,13.81,41.7,44.49
41525,County_41525,South Dakota,Rural,11.25,11.45,45.6,42.95
22793,County_22793,Michigan,Rural,6.4,7.32,50.37,42.31
43219,County_43219,Texas,Suburban/Small City,15.11,15.42,37.44,47.14
2041,County_2041,Alaska,Suburban/Small City,9.12,8.82,46.84,44.34
2473,County_2473,Alaska,Urban,3.77,4.58,,36.83
10371,County_10371,Georgia,Suburban/Small City,13.6,14.19,46.92,38.89
26787,County_26787,Montana,Rural,9.14,10.68,41.1,48.21
34667,County_34667,North Dakota,Rural,6.18,6.65,51.14,42.21
30431,County_30431,New Jersey,Rural,12.98,13.43,37.85,48.72
20109,County_20109,Maryland,Rural,16.02,16.42,34.46,49.12
32809,County_32809,New York,Rural,9.55,9.45,42.95,47.6
3983,County_3983,Arizona,Urban,9.22,9.47,43.87,46.66
7967,County_7967,Connecticut,Suburban/Small City,,6.95,53.44,39.61
34673,County_34673,North Dakota,Rural,13.36,13.32,45.94,40.75
56315,County_56315,Other,Rural,10.28,10.42,41.18,48.4
12339,County_12339,Idaho,Suburban/Small City,5.08,5.09,51.8,43.12
50057,County_50057,Wyoming,Suburban/Small City,15.25,15.39,50.85,33.77
37981,County_37981,Oregon,Rural,10.19,10.76,45.77,43.48
38669,County_38669,Pennsylvania,Rural,14.01,13.46,41.21,45.33
6465,County_6465,Colorado,Suburban/Small City,11.3,11.36,50.85,
10625,County_10625,Georgia,Rural,7.86,9.0,41.78,49.22
12173,County_12173,Idaho,Urban,13.74,14.09,45.11,40.8
41265,County_41265,South Dakota,Urban,7.39,8.09,44.29,47.62
26969,County_26969,Montana,Rural,9.55,9.82,49.6,40.58
41427,County_41427,South Dakota,Rural,7.18,7.18,48.66,44.16
49683,County_49683,Wisconsin,Urban,7.1,6.43,48.13,
31717,County_31717,New Mexico,Rural,,9.59,43.74,46.66
46185,County_46185,Virginia,Rural,6.14,6.52,52.85,40.63
8607,County_8607,Delaware,Rural,11.9,12.66,45.22,42.12
16097,County_16097,Kansas,Urban,8.46,9.97,49.24,40.79
52637,County_52637,Other,Rural,14.68,14.8,41.16,44.04
22729,County_22729,Michigan,Rural,6.19,6.91,47.47,45.62
14011,County_14011,Indiana,Urban,10.87,10.71,48.44,40.85
54367,County_54367,Other,Suburban/Small City,8.37,8.68,48.01,43.31
8799,County_8799,Delaware,Urban,11.1,10.98,46.26,42.76
18623,County_18623,Louisiana,Rural,13.6,14.98,57.62,27.4
30781,County_30781,New Jersey,Rural,6.29,6.61,53.44,39.95
22461,County_22461,Michigan,Urban,,13.31,52.75,33.94
31453,County_31453,New Mexico,Rural,7.91,7.79,48.5,43.71
48249,County_48249,West Virginia,Rural,7.46,8.05,42.74,49.21
15145,County_15145,Iowa,Rural,17.13,17.11,50.29,32.6
22631,County_22631,Michigan,Rural,11.35,11.62,53.35,35.04
19553,County_19553,Maine,Urban,6.57,7.53,48.73,43.74
28121,County_28121,Nevada,Urban,15.76,16.5,44.44,39.07
29689,County_29689,New Hampshire,Rural,10.09,9.22,45.01,45.78
9923,County_9923,Florida,Urban,6.89,7.01,45.83,47.16
56663,County_56663,Other,Rural,12.18,12.9,34.96,52.15
41247,County_41247,South Dakota,Rural,12.9,13.35,49.03,37.62
55887,County_55887,Other,Rural,7.49,7.91,49.92,42.16
38027,County_38027,Pennsylvania,Rural,4.24,4.51,60.25,35.24
4427,County_4427,Arkansas,Urban,5.23,5.29,52.98,41.73
35119,County_35119,Ohio,Rural,12.72,,58.17,29.22
38653,County_38653,Pennsylvania,Rural,6.56,6.24,54.94,38.82
23177,County_23177,Minnesota,Rural,12.71,14.11,44.43,41.45
31783,County_31783,New Mexico,Rural,12.3,12.46,42.3,45.24
4113,County_4113,Arkansas,Rural,14.48,15.99,32.78,51.23
51749,County_51749,Other,Urban,13.08,14.42,38.0,47.58
56515,County_56515,Other,Rural,12.55,13.41,47.93,38.65
49045,County_49045,Wisconsin,Rural,16.46,15.93,39.31,44.76
17503,County_17503,Kentucky,Urban,8.32,8.46,54.37,37.17
37695,County_37695,Oregon,Rural,10.17,11.12,46.43,42.44
54479,County_54479,Other,Rural,4.44,4.83,49.28,45.88
11423,County_11423,Hawaii,Rural,14.71,14.23,43.29,42.49
54907,County_54907,Other,Rural,4.16,4.2,56.53,39.27
4645,County_4645,Arkansas,Rural,10.13,9.87,,50.24
32735,County_32735,New York,Suburban/Small City,11.92,12.27,42.42,45.31
29499,County_29499,New Hampshire,Suburban/Small City,4.55,5.2,49.87,44.93
41949,County_41949,South Dakota,Rural,10.4,10.73,50.79,38.48
1829,County_1829,Alabama,Rural,10.86,11.12,41.73,47.15
45565,County_45565,Vermont,Rural,10.7,10.21,45.68,44.11
42031,County_42031,Tennessee,Rural,11.82,12.03,48.74,39.23
33173,County_33173,North Carolina,Rural,9.45,10.19,44.16,45.65
39417,County_39417,Rhode Island,Urban,3.99,4.45,48.51,47.05
12431,County_12431,Idaho,Urban,3.37,3.34,45.56,51.1
16537,County_16537,Kansas,Rural,8.07,8.02,51.01,40.97
22957,County_22957,Michigan,Urban,13.44,,45.33,40.82
46863,County_46863,Virginia,Urban,7.53,7.5,47.85,44.65
40823,County_40823,South Carolina,Rural,11.32,11.31,49.03,39.65
51865,County_51865,Other,Suburban/Small City,,15.56,42.2,42.23
17425,County_17425,Kentucky,Rural,8.72,9.56,50.37,40.07
31461,County_31461,New Mexico,Rural,8.16,9.13,39.12,51.75
44547,County_44547,Utah,Rural,7.38,8.0,57.85,34.15
43167,County_43167,Texas,Rural,5.41,5.48,59.22,35.3
31765,County_31765,New Mexico,Urban,9.37,10.05,49.15,40.8
35255,County_35255,Ohio,Rural,10.18,10.39,53.25,36.35
23249,County_23249,Minnesota,Rural,4.55,5.38,51.18,43.44
31671,County_31671,New Mexico,Rural,17.37,16.88,47.25,
16245,County_16245,Kansas,Urban,5.67,,53.44,39.84
15661,County_15661,Iowa,Rural,9.86,10.99,44.62,44.4
46973,County_46973,Virginia,Urban,8.32,9.44,50.54,40.02
34071,County_34071,North Dakota,Rural,10.27,10.77,53.6,35.63
25917,County_25917,Missouri,Suburban/Small City,11.67,10.94,50.55,38.51
7173,County_7173,Connecticut,Rural,,14.41,53.8,31.78
20935,County_20935,Maryland,Urban,10.28,9.89,46.48,43.63
37569,County_37569,Oregon,Urban,12.6,13.87,55.59,30.54
56303,County_56303,Other,Rural,7.49,9.01,46.9,44.09
6505,County_6505,Colorado,Rural,13.31,12.97,47.43,39.6
25245,County_25245,Missouri,Rural,7.77,7.81,50.28,41.9
43543,County_43543,Texas,Rural,11.19,10.99,50.64,38.37
53625,County_53625,Other,Urban,8.48,9.26,40.23,50.51
44461,County_44461,Utah,Urban,5.41,5.05,48.03,46.92
40499,County_40499,South Carolina,Rural,10.17,9.97,49.42,40.6
1817,County_1817,Alabama,Urban,13.24,13.65,46.76,39.59
22271,County_22271,Michigan,Urban,13.94,15.03,46.25,38.72
12263,County_12263,Idaho,Urban,13.5,13.59,48.18,38.22
9917,County_9917,Florida,Urban,11.97,11.78,50.39,37.83
39983,County_39983,Rhode Island,Rural,,4.49,,45.02
10459,County_10459,Georgia,Urban,10.18,9.78,44.19,46.03
11387,County_11387,Hawaii,Rural,10.83,12.11,48.78,39.11
19493,County_19493,Maine,Rural,12.57,13.06,45.8,41.14
16629,County_16629,Kansas,Rural,5.64,6.78,49.84,43.38
1825,County_1825,Alabama,Rural,5.94,6.04,58.63,35.33
27947,County_27947,Nebraska,Urban,11.45,11.87,51.38,36.76
10487,County_10487,Georgia,Rural,7.96,7.62,53.21,39.17
42931,County_42931,Tennessee,Urban,7.31,5.86,52.81,41.33
22847,County_22847,Michigan,Rural,7.05,6.69,50.17,43.14
5643,County_5643,California,Rural,15.4,15.19,44.47,40.35
25929,County_25929,Missouri,Suburban/Small City,13.62,13.79,46.76,39.45
33641,County_33641,North Carolina,Urban,12.03,12.29,43.49,44.21
24835,County_24835,Mississippi,Suburban/Small City,11.79,12.56,45.75,41.69
23301,County_23301,Minnesota,Rural,11.72,11.72,38.57,49.71
39579,County_39579,Rhode Island,Urban,9.96,10.75,46.51,42.74
7401,County_7401,Connecticut,Rural,13.69,13.7,44.85,41.44
49551,County_49551,Wisconsin,Suburban/Small City,7.09,6.8,43.71,49.49
6445,County_6445,Colorado,Urban,14.68,,35.99,48.35
44081,County_44081,Utah,Rural,6.27,5.64,48.69,45.67
45359,County_45359,Vermont,Urban,8.27,8.84,57.36,33.8
44721,County_44721,Utah,Rural,8.86,9.26,47.07,43.68
50489,County_50489,Wyoming,Urban,8.82,9.33,51.99,38.68
35795,County_35795,Ohio,Suburban/Small City,14.14,14.71,51.03,34.26
16477,County_16477,Kansas,Rural,12.08,12.43,48.34,39.23
55727,County_55727,Other,Rural,14.48,14.17,47.94,37.89
15849,County_15849,Iowa,Urban,10.05,10.69,50.17,39.13
3413,County_3413,Arizona,Rural,8.79,9.81,51.66,38.53
20659,County_20659,Maryland,Urban,12.55,12.94,50.48,36.58
30135,County_30135,New Jersey,Urban,8.31,9.03,57.7,33.27
13263,County_13263,Illinois,Urban,13.82,14.59,43.14,42.27
28907,County_28907,Nevada,Rural,4.42,3.77,51.85,44.39
22845,County_22845,Michigan,Suburban/Small City,16.09,16.91,36.9,46.19
27057,County_27057,Nebraska,Urban,11.73,,54.51,33.43
29979,County_29979,New Hampshire,Suburban/Small City,8.49,7.96,54.7,37.33
53405,County_53405,Other,Urban,14.84,15.78,,36.25
43191,County_43191,Texas,Rural,4.16,4.54,53.99,
29109,County_29109,New Hampshire,Urban,15.49,15.57,38.77,45.66
42885,County_42885,Tennessee,Urban,8.59,8.66,48.29,
46813,County_46813,Virginia,Urban,5.2,5.52,,47.84
56611,County_56611,Other,Rural,11.43,11.57,44.2,44.23
56389,County_56389,Other,Rural,12.96,12.75,56.49,30.76
13639,County_13639,Illinois,Rural,12.26,12.03,46.31,41.65
32299,County_32299,New York,Rural,11.87,10.99,48.61,40.4
53437,County_53437,Other,Rural,7.93,8.04,49.01,42.95
3863,County_3863,Arizona,Rural,9.37,9.18,42.39,48.43
3623,County_3623,Arizona,Urban,13.44,13.92,40.91,45.17
20195,County_20195,Maryland,Rural,12.76,12.86,44.43,42.71
20217,County_20217,Maryland,Rural,13.77,14.27,41.46,44.27
55191,County_55191,Other,Suburban/Small City,9.94,8.79,47.2,44.01
45111,County_45111,Vermont,Urban,12.78,12.42,39.07,48.5
49413,County_49413,Wisconsin,Rural,11.81,12.58,43.0,44.42
9433,County_9433,Florida,Urban,10.0,10.25,48.95,40.79
9447,County_9447,Florida,Rural,10.97,11.63,49.39,38.98
13503,County_13503,Illinois,Rural,9.3,9.15,49.25,41.6
49495,County_49495,Wisconsin,Urban,5.83,5.21,47.62,47.18
43743,County_43743,Texas,Rural,9.4,10.04,53.09,36.88
54567,County_54567,Other,Rural,12.94,13.17,36.55,50.28
21635,County_21635,Massachusetts,Rural,10.09,9.91,44.66,45.42
24337,County_24337,Mississippi,Urban,7.83,7.95,41.62,
46057,County_46057,Virginia,Rural,,6.08,56.36,37.56
18375,County_18375,Louisiana,Urban,11.16,11.58,44.59,43.84
38785,County_38785,Pennsylvania,Rural,17.35,18.26,35.04,46.7
6091,County_6091,Colorado,Rural,12.54,13.13,30.0,56.87
53963,County_53963,Other,Urban,9.52,9.57,52.25,38.17
20645,County_20645,Maryland,Rural,10.88,10.94,50.39,38.67
29107,County_29107,New Hampshire,Suburban/Small City,10.89,11.32,45.34,43.34
23565,County_23565,Minnesota,Urban,14.22,14.14,46.11,39.75
27163,County_27163,Nebraska,Urban,12.81,12.55,44.67,42.78
24645,County_24645,Mississippi,Rural,9.33,9.08,48.96,41.96
10817,County_10817,Georgia,Rural,10.17,9.48,42.23,48.29
55055,County_55055,Other,Urban,11.81,12.94,48.06,
10715,County_10715,Georgia,Rural,7.9,8.22,43.89,47.89
48817,County_48817,West Virginia,Rural,8.38,8.25,59.98,31.77
14117,County_14117,Indiana,Rural,11.74,11.7,50.18,38.12
46873,County_46873,Virginia,Rural,4.39,4.38,57.78,37.84
54339,County_54339,Other,Rural,12.38,12.4,48.03,39.57
1279,County_1279,Alabama,Urban,12.43,12.17,47.59,40.24
16301,County_16301,Kansas,Urban,11.42,11.56,56.31,32.13
28243,County_28243,Nevada,Urban,11.73,12.45,50.35,37.2
25353,County_25353,Missouri,Rural,7.65,7.64,42.97,49.39
15573,County_15573,Iowa,Rural,14.51,15.43,35.77,48.8
34729,County_34729,North Dakota,Rural,13.48,14.29,45.1,40.62
18523,County_18523,Louisiana,Rural,8.96,9.3,52.65,38.05
31669,County_31669,New Mexico,Rural,5.53,6.38,56.14,37.48
10271,County_10271,Georgia,Rural,6.07,6.38,59.75,33.87
55621,County_55621,Other,Rural,14.65,15.19,30.0,54.81
55887,County_55887,Other,Urban,10.46,10.9,46.83,42.27
38841,County_38841,Pennsylvania,Rural,12.63,13.64,50.25,36.1
5405,County_5405,California,Urban,7.15,7.62,,40.91
23153,County_23153,Minnesota,Rural,8.91,9.85,42.77,47.39
17523,County_17523,Kentucky,Rural,14.86,15.38,43.88,
8775,County_8775,Delaware,Rural,11.88,11.87,43.06,45.08
27223,County_27223,Nebraska,Rural,11.82,11.57,52.53,35.9
41509,County_41509,South Dakota,Urban,12.73,12.46,41.84,45.7
52601,County_52601,Other,Rural,9.56,8.69,50.53,40.78
33973,County_33973,North Carolina,Urban,7.55,7.54,48.32,44.14
39317,County_39317,Rhode Island,Urban,8.01,8.02,48.91,43.07
50489,County_50489,Wyoming,Suburban/Small City,10.47,10.63,49.89,39.48
51067,County_51067,Other,Rural,10.63,9.0,44.97,46.03
24819,County_24819,Mississippi,Rural,10.8,10.11,42.38,47.51
27775,County_27775,Nebraska,Rural,9.23,8.97,55.05,35.98
54963,County_54963,Other,Urban,9.62,9.83,56.01,34.16
27041,County_27041,Nebraska,Urban,10.96,11.17,47.72,41.11
56649,County_56649,Other,Rural,12.61,13.18,45.71,41.11
18415,County_18415,Louisiana,Rural,6.86,6.9,49.31,43.79
45515,County_45515,Vermont,Rural,6.5,6.71,52.96,40.33
9223,County_9223,Florida,Suburban/Small City,5.11,5.07,53.75,41.18
37317,County_37317,Oregon,Rural,13.22,14.37,53.17,32.47
29981,County_29981,New Hampshire,Rural,5.69,5.52,49.64,44.83
6211,County_6211,Colorado,Rural,7.56,7.65,52.53,39.82
10477,County_10477,Georgia,Rural,8.94,9.13,54.99,35.88
9835,County_9835,Florida,Rural,6.3,6.68,53.27,40.05
32241,County_32241,New York,Rural,7.49,7.74,55.95,36.31
54903,County_54903,Other,Urban,2.75,3.26,62.5,34.25
45947,County_45947,Vermont,Rural,14.83,14.8,33.95,51.25
9787,County_9787,Florida,Rural,7.19,7.29,50.24,42.48
44011,County_44011,Utah,Urban,11.57,12.1,43.96,43.94
41863,County_41863,South Dakota,Rural,13.62,13.96,43.0,43.04
35433,County_35433,Ohio,Urban,9.01,9.38,57.31,33.31
7401,County_7401,Connecticut,Rural,16.14,15.98,43.47,40.55
53577,County_53577,Other,Rural,15.6,16.32,45.28,38.39
50495,County_50495,Wyoming,Rural,9.29,9.19,47.46,43.35
38425,County_38425,Pennsylvania,Urban,12.28,12.32,43.48,44.2
51053,County_51053,Other,Urban,5.49,5.19,50.53,44.28
43589,County_43589,Texas,Urban,11.62,11.09,48.03,40.88
36921,County_36921,Oklahoma,Urban,14.37,14.4,46.98,38.61
19853,County_19853,Maine,Rural,8.43,9.36,52.38,38.26
41763,County_41763,South Dakota,Rural,6.22,6.39,54.69,38.92
6749,County_6749,Colorado,Rural,15.09,15.49,39.17,45.34
9691,County_9691,Florida,Urban,6.02,6.29,59.01,34.7
20341,County_20341,Maryland,Urban,8.67,9.27,62.24,28.49
48217,County_48217,West Virginia,Rural,10.5,9.99,44.0,46.01
40611,County_40611,South Carolina,Rural,12.63,12.55,45.6,41.86
13961,County_13961,Illinois,Rural,10.79,11.58,46.28,42.14
3987,County_3987,Arizona,Rural,17.92,18.65,44.25,37.1
32871,County_32871,New York,Rural,9.36,9.1,40.5,50.4
35963,County_35963,Ohio,Rural,7.23,7.0,46.66,46.34
22401,County_22401,Michigan,Urban,10.39,10.83,58.91,30.27
17613,County_17613,Kentucky,Suburban/Small City,6.75,6.16,60.76,33.07
22329,County_22329,Michigan,Rural,8.32,8.5,50.89,40.61
42313,County_42313,Tennessee,Rural,16.45,16.82,32.18,51.0
48061,County_48061,West Virginia,Rural,2.74,2.68,52.17,45.15
2217,County_2217,Alaska,Rural,9.71,10.5,51.87,37.63
15453,County_15453,Iowa,Rural,11.26,11.57,45.93,42.5
56365,County_56365,Other,Urban,8.21,7.7,36.96,55.34
37599,County_37599,Oregon,Rural,7.4,7.59,42.05,50.36
2817,County_2817,Alaska,Rural,14.68,15.24,40.91,43.86
8777,County_8777,Delaware,Rural,14.03,15.32,46.22,38.47
32497,County_32497,New York,Rural,17.9,18.4,39.67,41.93
27981,County_27981,Nebraska,Rural,9.84,10.16,52.18,37.65
55723,County_55723,Other,Urban,14.28,14.08,45.17,40.75
50537,County_50537,Wyoming,Urban,12.15,12.54,50.06,37.4
27905,County_27905,Nebraska,Rural,10.42,11.09,46.98,41.92
47537,County_47537,Washington,Rural,9.56,9.46,51.79,38.75
40071,County_40071,South Carolina,Rural,15.95,16.85,39.42,43.73
49971,County_49971,Wisconsin,Urban,4.52,4.58,60.13,35.29
13521,County_13521,Illinois,Rural,11.52,11.92,48.49,39.58
54147,County_54147,Other,Urban,10.61,10.83,52.09,37.08
8185,County_8185,Delaware,Rural,4.39,4.68,51.63,43.7
49061,County_49061,Wisconsin,Urban,13.21,13.65,48.5,37.85
50845,County_50845,Wyoming,Rural,8.43,8.7,49.41,41.89
49029,County_49029,Wisconsin,Suburban/Small City,6.95,7.06,46.99,45.95
16493,County_16493,Kansas,Urban,11.07,11.75,47.48,40.77
21223,County_21223,Massachusetts,Rural,16.04,16.35,37.74,45.91
49339,County_49339,Wisconsin,Rural,,13.91,36.41,49.68
50393,County_50393,Wyoming,Urban,11.61,11.26,51.72,37.02
25807,County_25807,Missouri,Rural,5.02,4.67,,41.4
51569,County_51569,Other,Urban,13.34,13.21,41.45,45.35
40665,County_40665,South Carolina,Rural,6.71,7.19,56.65,36.16
2011,County_2011,Alaska,Rural,10.01,10.94,43.32,45.73
3505,County_3505,Arizona,Suburban/Small City,10.8,11.71,44.46,43.83
23551,County_23551,Minnesota,Rural,8.85,9.29,46.65,44.06
23273,County_23273,Minnesota,Urban,6.88,7.61,44.39,48.0
11113,County_11113,Hawaii,Rural,16.55,17.02,39.93,43.05
33783,County_33783,North Carolina,Rural,13.89,13.67,42.94,43.38
36329,County_36329,Oklahoma,Rural,14.47,14.92,40.54,44.53
45091,County_45091,Vermont,Urban,6.85,7.51,42.92,49.56
10583,County_10583,Georgia,Urban,5.9,6.77,48.98,44.26
48403,County_48403,West Virginia,Urban,8.35,8.46,56.38,35.17
12343,County_12343,Idaho,Rural,5.52,6.4,45.63,47.97
2817,County_2817,Alaska,Rural,9.77,10.79,53.4,35.81
37965,County_37965,Oregon,Suburban/Small City,2.91,2.77,57.31,39.92
27379,County_27379,Nebraska,Suburban/Small City,15.12,15.55,45.45,39.0
40207,County_40207,South Carolina,Rural,10.45,10.82,50.39,38.79
4097,County_4097,Arkansas,Rural,16.3,15.99,40.44,43.56
3417,County_3417,Arizona,Rural,4.37,4.76,45.88,49.36
51629,County_51629,Other,Urban,8.92,8.66,56.57,34.77
33019,County_33019,North Carolina,Urban,14.74,16.25,37.34,46.41
34105,County_34105,North Dakota,Suburban/Small City,13.5,14.44,44.57,40.99
39165,County_39165,Rhode Island,Rural,7.63,8.38,42.36,49.26
35495,County_35495,Ohio,Urban,15.09,14.83,44.12,41.05
7639,County_7639,Connecticut,Urban,13.52,14.1,33.98,51.92
32711,County_32711,New York,Urban,10.02,10.48,40.25,49.28
11571,County_11571,Hawaii,Rural,6.16,6.27,54.21,39.52
6465,County_6465,Colorado,Urban,4.8,5.36,58.66,35.98
49955,County_49955,Wisconsin,Urban,6.54,6.67,53.83,39.5
38251,County_38251,Pennsylvania,Urban,11.89,12.37,44.4,43.23
34105,County_34105,North Dakota,Rural,7.59,8.43,50.5,41.07
13495,County_13495,Illinois,Urban,11.38,11.4,39.81,48.78
23375,County_23375,Minnesota,Urban,10.34,9.64,49.3,41.06
17885,County_17885,Kentucky,Urban,10.83,10.77,49.18,40.04
6083,County_6083,Colorado,Rural,11.47,12.0,42.13,45.87
36861,County_36861,Oklahoma,Urban,7.38,7.64,53.19,39.17
8843,County_8843,Delaware,Urban,5.38,5.98,49.26,44.77
50889,County_50889,Wyoming,Rural,3.88,4.06,57.2,38.75
19971,County_19971,Maine,Urban,14.24,14.43,46.68,38.89
53901,County_53901,Other,Rural,12.56,12.86,46.35,40.79
37221,County_37221,Oregon,Suburban/Small City,,8.5,56.32,35.18
35291,County_35291,Ohio,Rural,10.9,10.83,49.84,39.33
9251,County_9251,Florida,Rural,5.64,5.64,45.58,48.78
50781,County_50781,Wyoming,Urban,6.89,7.0,47.8,45.2
18917,County_18917,Louisiana,Rural,12.21,12.11,35.98,51.91
1491,County_1491,Alabama,Rural,11.85,12.24,47.34,40.42
9473,County_9473,Florida,Rural,5.92,7.24,51.81,40.95
38877,County_38877,Pennsylvania,Urban,7.97,8.39,48.13,43.48
34619,County_34619,North Dakota,Suburban/Small City,9.45,9.79,47.13,43.08
46715,County_46715,Virginia,Urban,12.99,13.53,46.38,40.09
27921,County_27921,Nebraska,Rural,15.4,15.19,44.59,40.21
16159,County_16159,Kansas,Urban,9.64,9.95,50.06,39.99
36661,County_36661,Oklahoma,Urban,7.47,8.47,50.64,40.89
40095,County_40095,South Carolina,Rural,9.73,10.26,50.41,39.33
22655,County_22655,Michigan,Suburban/Small City,14.44,15.16,44.78,40.06
20935,County_20935,Maryland,Urban,9.44,9.91,46.16,43.93
47411,County_47411,Washington,Urban,10.53,11.47,48.47,40.07
49053,County_49053,Wisconsin,Rural,15.12,14.38,41.39,44.23
11917,County_11917,Hawaii,Urban,10.14,11.09,51.16,
52111,County_52111,Other,Urban,3.96,4.41,48.34,47.25
31145,County_31145,New Mexico,Suburban/Small City,11.03,11.64,39.29,49.07
15919,County_15919,Iowa,Urban,4.19,3.88,56.35,39.77
38405,County_38405,Pennsylvania,Rural,6.56,6.75,54.3,38.95
11743,County_11743,Hawaii,Rural,14.68,15.15,45.34,39.51
43317,County_43317,Texas,Rural,6.23,6.3,49.3,44.4
41563,County_41563,South Dakota,Rural,13.05,12.93,40.92,46.14
21007,County_21007,Massachusetts,Urban,,7.05,46.48,46.47
39093,County_39093,Rhode Island,Urban,3.07,3.1,45.64,51.26
30803,County_30803,New Jersey,Rural,6.94,7.44,60.45,32.11
2041,County_2041,Alaska,Urban,8.54,8.68,38.79,52.53
30155,County_30155,New Jersey,Urban,,12.98,47.73,39.29
23289,County_23289,Minnesota,Rural,7.23,7.73,46.91,45.36
17221,County_17221,Kentucky,Rural,5.87,5.74,53.97,40.29
9895,County_9895,Florida,Rural,4.07,4.69,49.98,45.34
42191,County_42191,Tennessee,Urban,4.92,5.37,51.71,42.92
45367,County_45367,Vermont,Rural,10.73,10.85,41.59,47.55
19223,County_19223,Maine,Rural,13.59,14.4,53.08,32.52
26905,County_26905,Montana,Rural,12.12,12.29,44.05,43.66
29275,County_29275,New Hampshire,Rural,7.94,7.66,56.65,35.69
2021,County_2021,Alaska,Rural,8.28,,45.55,46.16
45151,County_45151,Vermont,Rural,14.38,14.89,48.02,37.09
33213,County_33213,North Carolina,Suburban/Small City,11.9,11.6,55.4,33.0
37639,County_37639,Oregon,Urban,9.11,10.51,49.71,39.78
7359,County_7359,Connecticut,Rural,3.33,3.75,53.57,42.68
7147,County_7147,Connecticut,Rural,10.38,10.39,44.81,44.8
17989,County_17989,Kentucky,Urban,8.11,8.8,60.55,30.65
37483,County_37483,Oregon,Rural,14.31,15.38,43.37,41.25
23253,County_23253,Minnesota,Rural,15.37,16.49,44.14,39.37
1701,County_1701,Alabama,Urban,13.33,13.04,44.62,42.34
50651,County_50651,Wyoming,Suburban/Small City,10.31,10.64,45.04,44.31
44831,County_44831,Utah,Rural,10.1,10.79,50.64,38.58
16157,County_16157,Kansas,Rural,11.15,12.93,36.99,50.07
4199,County_4199,Arkansas,Urban,14.92,14.75,43.13,42.12
8163,County_8163,Delaware,Suburban/Small City,7.07,6.78,49.96,43.25
3275,County_3275,Arizona,Rural,5.89,5.24,48.98,45.78
13627,County_13627,Illinois,Urban,10.26,10.2,37.2,
21889,County_21889,Massachusetts,Suburban/Small City,9.85,9.98,53.52,36.5
51935,County_51935,Other,Rural,9.78,9.89,37.29,52.81
47749,County_47749,Washington,Urban,5.9,5.83,40.88,53.29
29653,County_29653,New Hampshire,Rural,11.17,11.08,44.8,44.12
10481,County_10481,Georgia,Urban,12.39,12.72,42.22,45.06
53733,County_53733,Other,Suburban/Small City,9.95,10.74,48.77,40.49
39667,County_39667,Rhode Island,Rural,,9.61,43.13,47.25
14583,County_14583,Indiana,Urban,17.21,17.71,30.0,52.29
23919,County_23919,Minnesota,Rural,13.22,13.45,34.1,52.46
43657,County_43657,Texas,Urban,10.89,11.07,42.08,46.85
53115,County_53115,Other,Rural,7.98,7.72,50.43,41.85
36777,County_36777,Oklahoma,Rural,14.34,14.19,52.03,33.78
35487,County_35487,Ohio,Rural,9.07,8.94,43.38,47.68
26543,County_26543,Montana,Suburban/Small City,7.54,8.48,40.61,50.91
27161,County_27161,Nebraska,Urban,12.17,13.04,46.83,40.13
22769,County_22769,Michigan,Rural,7.31,7.8,51.94,40.25
20361,County_20361,Maryland,Urban,10.47,10.67,47.23,42.1
23703,County_23703,Minnesota,Urban,12.08,12.88,40.0,47.12
33749,County_33749,North Carolina,Rural,10.46,10.58,42.5,46.92
18767,County_18767,Louisiana,Urban,11.61,11.43,38.77,49.81
21785,County_21785,Massachusetts,Suburban/Small City,15.74,16.91,34.39,48.69
35133,County_35133,Ohio,Rural,4.71,6.03,55.1,38.87
15763,County_15763,Iowa,Rural,8.72,9.2,56.97,33.83
53917,County_53917,Other,Rural,6.39,7.11,48.54,44.36
32239,County_32239,New York,Rural,14.79,15.74,41.31,42.96
35359,County_35359,Ohio,Urban,11.33,11.34,53.33,35.33
11803,County_11803,Hawaii,Urban,7.03,7.0,45.09,47.91
4371,County_4371,Arkansas,Rural,9.86,10.29,52.4,37.3
41745,County_41745,South Dakota,Urban,11.68,12.78,49.55,37.67
7167,County_7167,Connecticut,Rural,14.7,16.27,47.0,36.72
54403,County_54403,Other,Rural,9.46,9.97,47.59,42.43
45903,County_45903,Vermont,Urban,11.38,11.59,43.18,45.23
7667,County_7667,Connecticut,Rural,9.38,9.61,48.42,41.97
7455,County_7455,Connecticut,Urban,6.16,6.49,43.27,50.25
7589,County_7589,Connecticut,Rural,4.55,4.85,54.55,40.6
51839,County_51839,Other,Suburban/Small City,12.69,13.68,38.16,48.16
13221,County_13221,Illinois,Urban,13.27,13.44,46.12,40.44
16051,County_16051,Kansas,Rural,13.69,14.52,37.55,47.93
42089,County_42089,Tennessee,Rural,13.55,14.47,43.14,42.38
52163,County_52163,Other,Rural,9.59,9.75,41.2,49.05
35305,County_35305,Ohio,Rural,3.64,3.92,60.84,35.25
8285,County_8285,Delaware,Rural,12.44,12.75,48.5,38.76
11431,County_11431,Hawaii,Rural,,8.49,45.53,45.98
21245,County_21245,Massachusetts,Rural,15.35,15.18,38.0,46.83
14707,County_14707,Indiana,Rural,7.33,7.45,53.75,38.79
13281,County_13281,Illinois,Rural,,11.56,39.75,48.68
53403,County_53403,Other,Suburban/Small City,9.94,10.51,48.56,40.93
38453,County_38453,Pennsylvania,Rural,7.23,7.85,54.32,37.83
44133,County_44133,Utah,Rural,11.11,10.78,53.32,
22537,County_22537,Michigan,Urban,8.99,9.61,43.46,46.93
41763,County_41763,South Dakota,Urban,8.11,8.45,46.87,44.69
30415,County_30415,New Jersey,Rural,15.93,16.15,45.72,38.13
22481,County_22481,Michigan,Rural,10.42,10.9,45.15,
31873,County_31873,New Mexico,Rural,10.24,10.45,47.48,42.07
8279,County_8279,Delaware,Urban,6.16,6.74,47.68,45.58
41885,County_41885,South Dakota,Rural,11.68,12.12,40.87,47.01
14781,County_14781,Indiana,Rural,11.42,12.18,40.68,47.15
4487,County_4487,Arkansas,Rural,12.82,13.66,44.23,42.12
10437,County_10437,Georgia,Rural,11.74,12.4,51.09,36.51
21133,County_21133,Massachusetts,Urban,17.7,17.5,43.58,38.92
5663,County_5663,California,Rural,12.0,11.88,42.82,45.3
16615,County_16615,Kansas,Rural,13.09,14.53,49.12,36.34
45609,County_45609,Vermont,Suburban/Small City,10.91,12.21,33.02,54.78
14883,County_14883,Indiana,Rural,12.09,13.1,38.06,48.84
6921,County_6921,Colorado,Suburban/Small City,13.09,12.92,38.56,48.53
51261,County_51261,Other,Rural,6.81,7.44,52.64,39.92
14279,County_14279,Indiana,Urban,10.89,11.52,40.15,48.33
1389,County_1389,Alabama,Urban,7.14,8.12,50.16,41.72
32177,County_32177,New York,Urban,11.95,12.37,47.39,40.25
47757,County_47757,Washington,Suburban/Small City,12.36,12.08,33.47,54.45
28425,County_28425,Nevada,Suburban/Small City,14.5,15.16,48.82,36.03
27979,County_27979,Nebraska,Rural,11.67,11.77,54.14,34.09
7921,County_7921,Connecticut,Urban,9.29,9.37,53.71,36.92
16987,County_16987,Kansas,Rural,8.57,8.74,55.21,36.05
48883,County_48883,West Virginia,Urban,,,52.85,36.23
22901,County_22901,Michigan,Rural,,11.92,42.82,45.26
49549,County_49549,Wisconsin,Rural,10.86,10.27,49.61,40.12
33913,County_33913,North Carolina,Rural,6.55,,51.54,41.74
22085,County_22085,Michigan,Rural,11.64,11.79,48.05,40.16
45499,County_45499,Vermont,Rural,13.85,14.65,45.23,40.12
4925,County_4925,Arkansas,Rural,9.42,9.59,49.45,40.96
34003,County_34003,North Dakota,Urban,13.37,13.77,44.79,41.44
26273,County_26273,Montana,Suburban/Small City,8.59,8.89,44.63,46.47
28799,County_28799,Nevada,Rural,9.73,9.74,50.86,39.4
55417,County_55417,Other,Rural,12.06,12.37,,43.49
29597,County_29597,New Hampshire,Urban,7.33,,48.72,43.98
39125,County_39125,Rhode Island,Rural,8.04,7.42,44.77,47.81
2309,County_2309,Alaska,Rural,10.23,10.38,42.66,46.96
50919,County_50919,Wyoming,Urban,8.99,9.05,51.34,39.61
53733,County_53733,Other,Urban,7.55,7.66,56.96,35.38
2671,County_2671,Alaska,Rural,11.68,12.71,40.15,47.14
6011,County_6011,Colorado,Rural,6.15,6.38,54.4,39.22
27765,County_27765,Nebraska,Urban,7.14,6.77,54.84,38.39
39437,County_39437,Rhode Island,Suburban/Small City,11.09,11.76,43.61,44.63
10629,County_10629,Georgia,Rural,4.54,4.64,51.22,44.14
47859,County_47859,Washington,Rural,13.98,14.63,37.69,47.68
1277,County_1277,Alabama,Suburban/Small City,14.36,14.11,40.64,45.25
51375,County_51375,Other,Rural,12.6,13.29,46.02,40.69
48699,County_48699,West Virginia,Rural,12.4,13.2,42.94,
38737,County_38737,Pennsylvania,Rural,13.27,14.04,52.64,33.33
32109,County_32109,New York,Rural,11.61,11.15,42.14,46.71
34121,County_34121,North Dakota,Rural,5.34,5.54,48.49,45.96
16521,County_16521,Kansas,Rural,8.16,8.2,47.08,44.72
36155,County_36155,Oklahoma,Urban,3.21,2.76,65.29,31.95
5297,County_5297,California,Urban,13.33,13.68,39.13,47.19
7713,County_7713,Connecticut,Rural,16.35,16.19,34.33,49.47
3783,County_3783,Arizona,Urban,4.18,4.87,56.55,38.58
29941,County_29941,New Hampshire,Suburban/Small City,7.42,8.72,49.17,42.11
14505,County_14505,Indiana,Rural,13.84,13.73,40.77,45.5
9163,County_9163,Florida,Urban,11.07,10.8,45.51,43.69
34189,County_34189,North Dakota,Rural,8.7,8.41,46.05,45.54
34643,County_34643,North Dakota,Rural,13.65,13.04,46.5,40.47
43713,County_43713,Texas,Rural,5.77,6.72,48.44,44.84
34751,County_34751,North Dakota,Suburban/Small City,10.5,10.7,53.37,35.94
37151,County_37151,Oregon,Rural,11.54,12.94,52.39,34.67
27349,County_27349,Nebraska,Rural,8.27,8.13,45.71,46.17
31591,County_31591,New Mexico,Suburban/Small City,9.27,9.54,47.66,42.8
25193,County_25193,Missouri,Suburban/Small City,12.41,12.58,45.6,41.82
31391,County_31391,New Mexico,Urban,12.57,12.55,46.83,40.62
25481,County_25481,Missouri,Urban,13.61,13.82,40.71,45.47
32491,County_32491,New York,Urban,12.36,11.91,42.1,45.99
37457,County_37457,Oregon,Rural,9.95,10.56,47.58,41.86
18117,County_18117,Louisiana,Rural,11.03,11.65,43.23,45.12
10147,County_10147,Georgia,Urban,15.46,,40.79,43.41
7683,County_7683,Connecticut,Urban,14.5,14.49,45.19,40.32
51985,County_51985,Other,Rural,12.53,12.54,46.43,41.03
22231,County_22231,Michigan,Urban,8.21,8.98,53.5,37.52
18777,County_18777,Louisiana,Rural,9.59,9.56,42.14,48.29
19011,County_19011,Maine,Rural,10.86,10.75,39.79,49.46
45023,County_45023,Vermont,Urban,6.12,6.84,47.43,45.73
48067,County_48067,West Virginia,Urban,8.99,8.78,45.42,45.8
44889,County_44889,Utah,Rural,10.81,11.06,48.18,40.76
40029,County_40029,South Carolina,Rural,13.95,15.17,38.99,45.84
31911,County_31911,New Mexico,Suburban/Small City,16.02,15.77,44.64,39.59
47415,County_47415,Washington,Rural,16.05,15.9,44.46,39.63
12863,County_12863,Idaho,Rural,13.69,,49.04,37.17
36613,County_36613,Oklahoma,Urban,15.68,15.67,46.45,37.88
35307,County_35307,Ohio,Rural,14.86,15.38,42.26,42.37
39313,County_39313,Rhode Island,Rural,6.16,6.73,58.94,34.33
55321,County_55321,Other,Urban,7.8,8.51,54.97,
4479,County_4479,Arkansas,Suburban/Small City,9.15,9.34,51.15,39.51
25507,County_25507,Missouri,Urban,7.85,8.46,40.43,51.12
31955,County_31955,New Mexico,Rural,8.92,9.13,41.51,49.36
10087,County_10087,Georgia,Rural,9.52,9.48,45.46,45.06
52321,County_52321,Other,Urban,10.99,10.04,44.37,45.59
2761,County_2761,Alaska,Suburban/Small City,10.16,10.45,44.49,45.06
2151,County_2151,Alaska,Rural,10.22,11.18,51.77,37.06
35131,County_35131,Ohio,Rural,10.16,10.34,43.86,45.8
31135,County_31135,New Mexico,Rural,13.28,13.54,42.28,44.18
19361,County_19361,Maine,Urban,9.32,9.94,44.54,45.51
18641,County_18641,Louisiana,Rural,7.06,6.97,56.84,36.19
42569,County_42569,Tennessee,Urban,,11.56,46.04,42.41
51679,County_51679,Other,Rural,3.14,4.11,45.73,50.17
22313,County_22313,Michigan,Rural,3.37,3.81,58.1,38.09
13831,County_13831,Illinois,Rural,2.87,2.83,53.26,43.9
13173,County_13173,Illinois,Rural,10.01,10.24,43.08,46.68
29171,County_29171,New Hampshire,Rural,10.02,11.16,44.45,44.38
28927,County_28927,Nevada,Rural,11.79,11.91,46.85,41.24
41519,County_41519,South Dakota,Rural,14.3,14.41,43.17,42.43
10057,County_10057,Georgia,Rural,4.7,5.66,46.52,47.81
10915,County_10915,Georgia,Rural,8.95,9.71,48.71,41.58
37189,County_37189,Oregon,Rural,14.95,15.56,46.99,
12069,County_12069,Idaho,Urban,13.61,13.34,42.13,44.53
20131,County_20131,Maryland,Rural,15.28,15.02,48.1,36.88
25847,County_25847,Missouri,Rural,13.46,13.56,36.56,49.89
48893,County_48893,West Virginia,Rural,11.94,11.98,41.32,46.7
38167,County_38167,Pennsylvania,Rural,8.67,8.67,51.16,40.16
3083,County_3083,Arizona,Urban,7.46,7.66,50.59,41.75
25249,County_25249,Missouri,Urban,7.84,8.09,49.63,42.27
37317,County_37317,Oregon,Urban,6.64,6.33,47.69,45.98
17645,County_17645,Kentucky,Rural,12.05,12.81,47.35,39.84
11767,County_11767,Hawaii,Urban,4.71,5.08,55.26,39.66
34583,County_34583,North Dakota,Rural,9.6,9.19,50.05,40.76
18495,County_18495,Louisiana,Urban,13.69,14.41,38.24,47.35
34135,County_34135,North Dakota,Rural,13.54,14.37,45.38,40.25
41725,County_41725,South Dakota,Urban,6.01,6.84,45.33,47.83
3153,County_3153,Arizona,Suburban/Small City,14.31,14.65,43.98,
37251,County_37251,Oregon,Rural,,13.74,46.48,39.78
8117,County_8117,Delaware,Rural,2.37,2.46,52.87,44.67
44073,County_44073,Utah,Rural,10.06,10.58,39.61,49.8
45233,County_45233,Vermont,Urban,15.79,16.82,43.33,39.85
13425,County_13425,Illinois,Rural,6.5,6.85,54.39,38.76
38363,County_38363,Pennsylvania,Rural,15.11,14.84,41.33,43.83
29183,County_29183,New Hampshire,Urban,13.64,13.62,40.62,45.76
55563,County_55563,Other,Rural,7.59,8.28,49.91,41.8
31363,County_31363,New Mexico,Rural,,13.69,36.0,50.31
56613,County_56613,Other,Rural,10.12,9.2,48.15,42.65
21545,County_21545,Massachusetts,Rural,8.04,8.56,55.94,35.51
15467,County_15467,Iowa,Urban,8.32,8.12,50.46,41.42
49565,County_49565,Wisconsin,Rural,10.05,11.16,49.8,39.04
53515,County_53515,Other,Rural,10.45,11.37,55.42,33.2
18981,County_18981,Louisiana,Suburban/Small City,14.69,14.62,36.85,48.54
17213,County_17213,Kentucky,Urban,9.45,9.67,52.97,37.36
4459,County_4459,Arkansas,Rural,5.27,6.03,46.67,47.3
18987,County_18987,Louisiana,Suburban/Small City,14.51,15.28,48.84,35.88
43525,County_43525,Texas,Urban,6.79,7.4,54.63,37.97
45767,County_45767,Vermont,Rural,6.22,5.96,43.19,50.85
37643,County_37643,Oregon,Rural,6.25,6.82,49.88,43.31
35903,County_35903,Ohio,Rural,11.12,11.49,49.72,38.8
20071,County_20071,Maryland,Rural,10.99,11.41,52.81,35.78
13763,County_13763,Illinois,Rural,8.78,10.26,45.35,44.39
35843,County_35843,Ohio,Rural,11.33,11.81,48.57,39.62
17099,County_17099,Kentucky,Rural,5.87,6.1,52.39,41.5
4431,County_4431,Arkansas,Rural,8.88,9.38,59.61,31.01
2917,County_2917,Alaska,Rural,14.02,14.31,45.75,39.95
27071,County_27071,Nebraska,Rural,10.93,10.71,54.16,35.12
37317,County_37317,Oregon,Urban,8.87,8.37,51.29,40.34
45253,County_45253,Vermont,Rural,14.27,14.04,53.25,32.7
10587,County_10587,Georgia,Urban,6.22,7.14,46.96,45.9
55165,County_55165,Other,Urban,10.58,11.8,51.52,36.67
55735,County_55735,Other,Rural,15.93,15.84,43.39,40.76
37789,County_37789,Oregon,Suburban/Small City,8.45,9.41,52.19,38.4
41303,County_41303,South Dakota,Suburban/Small City,11.68,11.55,55.25,33.19
38731,County_38731,Pennsylvania,Rural,1.95,1.69,64.61,33.7
31549,County_31549,New Mexico,Rural,5.75,6.99,54.53,38.48
15481,County_15481,Iowa,Rural,9.95,10.16,,46.01
23205,County_23205,Minnesota,Urban,10.2,9.26,56.25,34.49
17487,County_17487,Kentucky,Rural,11.2,11.8,53.83,34.38
36147,County_36147,Oklahoma,Rural,8.69,8.63,47.28,44.08
45547,County_45547,Vermont,Rural,8.17,7.67,56.12,36.2
38361,County_38361,Pennsylvania,Rural,16.06,16.13,35.25,48.62
38451,County_38451,Pennsylvania,Rural,10.39,10.57,40.35,49.08
43989,County_43989,Texas,Rural,,9.44,48.16,42.4
35987,County_35987,Ohio,Urban,8.57,7.95,51.64,40.41
36327,County_36327,Oklahoma,Rural,5.69,6.06,59.38,34.56
31667,County_31667,New Mexico,Suburban/Small City,6.41,5.96,54.19,39.84
11923,County_11923,Hawaii,Rural,9.46,9.99,46.31,43.7
4903,County_4903,Arkansas,Rural,10.8,,49.01,39.54
36667,County_36667,Oklahoma,Urban,10.2,10.77,51.47,37.76
43713,County_43713,Texas,Suburban/Small City,9.8,9.63,55.78,34.59
56627,County_56627,Other,Urban,14.68,16.44,42.46,41.1
6233,County_6233,Colorado,Urban,12.71,,,34.89
42103,County_42103,Tennessee,Rural,17.12,17.1,36.47,46.43
52483,County_52483,Other,Rural,13.15,13.7,,44.09
3647,County_3647,Arizona,Rural,12.25,12.44,51.16,36.4
54089,County_54089,Other,Rural,7.54,8.19,57.22,34.59
53595,County_53595,Other,Rural,9.18,9.17,56.76,34.07
17515,County_17515,Kentucky,Urban,9.3,9.42,43.31,47.27
12775,County_12775,Idaho,Rural,6.84,7.29,52.32,40.39
52947,County_52947,Other,Rural,14.58,14.74,38.87,46.39
39911,County_39911,Rhode Island,Urban,8.41,8.44,,49.5
45241,County_45241,Vermont,Suburban/Small City,7.76,7.23,50.61,42.16
23341,County_23341,Minnesota,Suburban/Small City,9.38,9.24,49.44,41.32
53177,County_53177,Other,Rural,10.37,,51.01,37.14
36607,County_36607,Oklahoma,Rural,12.74,13.64,42.88,43.48
41731,County_41731,South Dakota,Suburban/Small City,12.24,12.46,52.35,35.19
11657,County_11657,Hawaii,Urban,9.91,9.42,59.58,31.01
4805,County_4805,Arkansas,Urban,14.08,12.92,40.34,46.74
37567,County_37567,Oregon,Rural,6.14,5.83,52.65,41.52
25343,County_25343,Missouri,Rural,9.28,9.36,52.12,38.51
34927,County_34927,North Dakota,Rural,10.61,10.56,52.14,37.3
45239,County_45239,Vermont,Urban,11.87,13.03,44.1,42.87
4299,County_4299,Arkansas,Urban,8.59,9.5,48.28,42.22
41009,County_41009,South Dakota,Rural,10.13,10.03,50.59,39.38
25305,County_25305,Missouri,Rural,8.68,9.41,38.41,52.18
3179,County_3179,Arizona,Suburban/Small City,9.17,9.79,56.79,33.42
31209,County_31209,New Mexico,Rural,8.96,9.35,54.36,36.3
7131,County_7131,Connecticut,Rural,11.5,12.04,53.58,34.38
54443,County_54443,Other,Urban,14.43,15.0,40.95,44.05
26947,County_26947,Montana,Urban,11.92,12.17,53.62,34.21
35745,County_35745,Ohio,Rural,8.94,9.79,46.29,
33831,County_33831,North Carolina,Rural,12.32,,36.06,
11055,County_11055,Hawaii,Rural,14.5,15.03,46.12,38.84
46001,County_46001,Virginia,Suburban/Small City,,8.58,38.79,52.64
17491,County_17491,Kentucky,Suburban/Small City,11.35,11.22,42.45,46.33
38773,County_38773,Pennsylvania,Urban,3.6,4.0,55.18,40.82
23347,County_23347,Minnesota,Rural,9.95,10.3,43.54,46.15
5945,County_5945,California,Urban,10.52,10.5,50.4,39.1
38579,County_38579,Pennsylvania,Rural,10.02,10.28,49.41,40.31
30947,County_30947,New Jersey,Rural,,11.4,50.12,38.48
49045,County_49045,Wisconsin,Urban,7.19,8.05,,37.52
14279,County_14279,Indiana,Rural,10.91,10.6,51.14,38.26
50919,County_50919,Wyoming,Rural,9.75,10.36,45.95,43.7
34971,County_34971,North Dakota,Urban,10.26,10.39,51.96,37.65
27647,County_27647,Nebraska,Rural,14.13,14.24,42.27,43.5
10109,County_10109,Georgia,Urban,11.09,,49.6,40.02
56933,County_56933,Other,Suburban/Small City,12.03,12.78,45.52,41.71
35261,County_35261,Ohio,Urban,13.8,13.29,38.5,48.21
24725,County_24725,Mississippi,Rural,8.11,8.38,54.69,36.92
40475,County_40475,South Carolina,Rural,10.77,11.01,48.64,40.34
17957,County_17957,Kentucky,Rural,11.36,11.51,48.65,39.84
23953,County_23953,Minnesota,Urban,13.7,13.86,47.95,38.19
44883,County_44883,Utah,Rural,10.75,12.01,43.16,44.83
54183,County_54183,Other,Suburban/Small City,10.04,10.6,40.25,49.15
7815,County_7815,Connecticut,Suburban/Small City,13.01,12.88,42.91,44.21
45023,County_45023,Vermont,Rural,,13.34,42.23,44.44
32453,County_32453,New York,Rural,9.53,9.69,51.6,38.71
52245,County_52245,Other,Rural,6.55,7.42,58.14,34.44
44853,County_44853,Utah,Rural,9.25,9.17,44.86,45.97
7165,County_7165,Connecticut,Urban,15.43,15.85,43.1,41.05
5857,County_5857,California,Urban,12.73,12.07,39.81,48.12
29181,County_29181,New Hampshire,Urban,11.52,11.22,44.48,44.3
53887,County_53887,Other,Suburban/Small City,8.3,8.05,50.26,41.69
4323,County_4323,Arkansas,Suburban/Small City,5.63,5.91,55.84,38.25
3795,County_3795,Arizona,Rural,8.91,9.23,40.82,49.95
50501,County_50501,Wyoming,Rural,4.63,4.8,50.59,44.61
39943,County_39943,Rhode Island,Rural,,14.73,42.24,43.03
51525,County_51525,Other,Urban,8.16,8.6,49.15,42.25
25865,County_25865,Missouri,Urban,9.99,10.09,50.07,39.84
48797,County_48797,West Virginia,Rural,14.8,15.26,34.67,50.07
20809,County_20809,Maryland,Rural,15.72,15.71,44.36,39.93
16953,County_16953,Kansas,Suburban/Small City,10.69,11.28,47.75,40.97
19155,County_19155,Maine,Urban,8.61,9.01,48.69,42.3
23871,County_23871,Minnesota,Urban,9.1,8.96,54.59,36.46
33465,County_33465,North Carolina,Urban,7.0,7.47,57.55,34.99
4063,County_4063,Arkansas,Rural,10.12,10.91,49.81,39.28
53211,County_53211,Other,Rural,14.88,15.69,40.21,44.1
29353,County_29353,New Hampshire,Urban,7.52,8.3,47.49,44.21
43629,County_43629,Texas,Rural,6.91,6.96,59.04,34.0
13599,County_13599,Illinois,Suburban/Small City,6.51,6.96,54.3,38.75
24957,County_24957,Mississippi,Suburban/Small City,10.43,11.69,,39.06
8483,County_8483,Delaware,Rural,16.31,16.13,43.33,40.54
25053,County_25053,Missouri,Rural,5.63,5.56,57.36,37.08
41291,County_41291,South Dakota,Suburban/Small City,4.45,4.76,45.67,49.57
10047,County_10047,Georgia,Suburban/Small City,4.64,4.88,44.4,50.73
42347,County_42347,Tennessee,Rural,6.29,7.34,48.9,43.76
18215,County_18215,Louisiana,Urban,10.48,10.61,42.19,47.2
33295,County_33295,North Carolina,Rural,,11.31,42.01,46.68
46873,County_46873,Virginia,Suburban/Small City,12.74,12.61,54.8,32.59
11873,County_11873,Hawaii,Rural,15.9,15.53,36.36,48.11
4311,County_4311,Arkansas,Rural,7.18,7.84,50.25,41.91
33759,County_33759,North Carolina,Suburban/Small City,3.15,3.92,49.98,46.1
11969,County_11969,Hawaii,Rural,5.75,5.37,61.53,33.09
40817,County_40817,South Carolina,Rural,11.55,11.52,55.96,32.52
12189,County_12189,Idaho,Rural,5.53,5.58,50.82,43.6
19759,County_19759,Maine,Rural,13.74,15.18,41.8,43.01
15965,County_15965,Iowa,Rural,6.32,6.45,51.97,41.59
8357,County_8357,Delaware,Rural,12.69,13.6,43.86,42.54
31143,County_31143,New Mexico,Rural,2.98,3.23,56.27,40.5
55407,County_55407,Other,Urban,7.58,8.03,46.06,45.91
28125,County_28125,Nevada,Rural,1.25,1.89,58.43,39.68
49425,County_49425,Wisconsin,Urban,13.4,12.94,46.68,40.38
34143,County_34143,North Dakota,Urban,9.16,10.44,51.25,38.31
44123,County_44123,Utah,Rural,5.64,5.5,51.95,42.55
11263,County_11263,Hawaii,Urban,7.52,8.3,49.53,42.16
13147,County_13147,Illinois,Urban,8.78,10.25,50.55,39.19
39595,County_39595,Rhode Island,Urban,6.15,6.8,51.68,41.53
1425,County_1425,Alabama,Suburban/Small City,11.51,12.11,38.63,49.26
18131,County_18131,Louisiana,Urban,14.91,15.35,40.76,43.89
37819,County_37819,Oregon,Urban,5.37,,49.97,44.24
56951,County_56951,Other,Rural,6.35,5.86,56.54,37.59
35885,County_35885,Ohio,Rural,,12.1,46.54,41.37
22845,County_22845,Michigan,Rural,11.28,11.12,42.14,46.75
38171,County_38171,Pennsylvania,Suburban/Small City,9.96,10.63,48.67,40.69
49671,County_49671,Wisconsin,Urban,12.76,12.92,50.06,37.01
9361,County_9361,Florida,Urban,13.44,13.76,38.46,47.78
55947,County_55947,Other,Rural,9.69,9.25,57.16,33.59
43955,County_43955,Texas,Urban,4.17,,47.78,47.2
48551,County_48551,West Virginia,Urban,6.45,7.16,47.74,45.09
17473,County_17473,Kentucky,Rural,6.12,6.92,48.82,44.26
2921,County_2921,Alaska,Rural,9.67,10.02,48.3,41.68
45891,County_45891,Vermont,Urban,15.38,15.92,38.26,
21815,County_21815,Massachusetts,Rural,13.96,14.05,42.83,43.12
9117,County_9117,Florida,Suburban/Small City,15.02,15.05,46.44,38.51
15631,County_15631,Iowa,Urban,12.69,12.59,40.0,47.41
39153,County_39153,Rhode Island,Rural,15.82,15.09,47.0,37.92
35853,County_35853,Ohio,Rural,8.13,9.28,41.55,49.18
55657,County_55657,Other,Urban,6.26,6.89,52.08,41.03
12215,County_12215,Idaho,Urban,15.19,14.95,38.36,46.69
36781,County_36781,Oklahoma,Rural,11.77,11.82,48.77,39.41
15973,County_15973,Iowa,Urban,6.64,6.45,47.93,45.63
38749,County_38749,Pennsylvania,Urban,11.03,11.48,47.88,40.64
37241,County_37241,Oregon,Urban,3.78,4.18,55.77,40.06
5545,County_5545,California,Urban,12.53,13.52,,39.27
13709,County_13709,Illinois,Urban,16.19,16.33,38.97,44.7
10629,County_10629,Georgia,Urban,10.7,11.2,38.05,50.75
35835,County_35835,Ohio,Rural,15.86,15.7,38.15,
42161,County_42161,Tennessee,Urban,11.93,12.1,40.43,47.47
51875,County_51875,Other,Rural,8.52,8.85,53.74,37.41
21499,County_21499,Massachusetts,Urban,9.57,9.68,47.34,42.98
50207,County_50207,Wyoming,Rural,,9.7,50.57,39.73
39795,County_39795,Rhode Island,Suburban/Small City,12.52,12.6,45.45,41.95
19005,County_19005,Maine,Urban,9.04,10.04,55.84,34.12
15283,County_15283,Iowa,Rural,8.75,9.01,48.36,42.63
31395,County_31395,New Mexico,Urban,12.54,13.45,45.46,41.09
50679,County_50679,Wyoming,Rural,13.84,14.44,36.3,49.26
32175,County_32175,New York,Urban,9.43,9.17,45.56,45.27
26265,County_26265,Montana,Rural,16.94,16.81,48.37,34.83
33309,County_33309,North Carolina,Suburban/Small City,12.91,13.3,49.52,37.17
40119,County_40119,South Carolina,Rural,12.7,14.21,45.79,40.0
37849,County_37849,Oregon,Rural,13.76,14.2,46.2,39.6
25841,County_25841,Missouri,Urban,5.64,6.99,58.2,34.81
50829,County_50829,Wyoming,Rural,,12.78,45.3,41.91
8767,County_8767,Delaware,Urban,6.97,7.17,56.58,36.25
21599,County_21599,Massachusetts,Urban,10.61,10.9,53.64,35.46
29257,County_29257,New Hampshire,Rural,7.65,8.25,43.93,47.81
44305,County_44305,Utah,Urban,8.22,,56.85,
29933,County_29933,New Hampshire,Urban,7.19,7.44,53.28,39.28
40943,County_40943,South Carolina,Rural,9.66,10.72,50.6,38.68
26389,County_26389,Montana,Urban,13.1,13.52,45.74,40.74
32907,County_32907,New York,Urban,14.67,14.98,38.11,46.91
17205,County_17205,Kentucky,Urban,9.96,10.35,48.57,41.08
21075,County_21075,Massachusetts,Rural,10.67,10.46,50.72,38.83
2313,County_2313,Alaska,Rural,14.5,14.54,46.84,38.62
18911,County_18911,Louisiana,Rural,9.79,9.74,53.84,36.43
54357,County_54357,Other,Rural,11.32,11.74,52.2,36.07
19467,County_19467,Maine,Suburban/Small City,15.11,14.83,42.74,42.44
28459,County_28459,Nevada,Rural,7.3,7.41,54.79,37.8
48801,County_48801,West Virginia,Urban,11.78,12.61,43.84,43.56
54465,County_54465,Other,Rural,10.28,11.04,52.43,36.53
29157,County_29157,New Hampshire,Suburban/Small City,14.31,15.01,46.88,38.11
12133,County_12133,Idaho,Rural,,8.56,,43.42
38881,County_38881,Pennsylvania,Rural,11.23,11.75,41.0,47.24
12935,County_12935,Idaho,Suburban/Small City,14.48,14.58,40.47,44.95
34995,County_34995,North Dakota,Urban,5.03,4.54,61.32,34.14
31417,County_31417,New Mexico,Rural,12.83,13.02,34.84,52.14
2895,County_2895,Alaska,Urban,13.2,13.28,41.38,45.34
22337,County_22337,Michigan,Rural,16.63,16.74,41.74,41.52
55565,County_55565,Other,Rural,9.13,9.02,49.08,41.9
12869,County_12869,Idaho,Urban,7.73,7.75,49.94,42.31
40993,County_40993,South Carolina,Urban,1.84,1.58,60.11,38.31
49991,County_49991,Wisconsin,Urban,14.96,15.46,50.84,33.7
2573,County_2573,Alaska,Rural,7.51,7.96,51.31,40.73
12109,County_12109,Idaho,Rural,15.48,15.91,42.84,41.25
13807,County_13807,Illinois,Rural,11.19,11.4,56.29,32.31
31979,County_31979,New Mexico,Urban,12.39,11.6,58.53,29.87
53507,County_53507,Other,Rural,14.94,15.04,39.14,45.81
2277,County_2277,Alaska,Rural,15.43,15.44,46.04,38.52
30841,County_30841,New Jersey,Rural,,7.51,53.68,38.81
39731,County_39731,Rhode Island,Rural,6.96,7.09,46.12,46.79
13143,County_13143,Illinois,Urban,11.14,,45.89,42.92
35201,County_35201,Ohio,Rural,11.88,11.36,49.49,39.15
44039,County_44039,Utah,Urban,10.92,12.09,45.26,42.64
55377,County_55377,Other,Urban,9.06,10.25,38.81,50.94
13589,County_13589,Illinois,Rural,13.29,13.74,35.63,50.63
22193,County_22193,Michigan,Urban,12.04,12.3,45.87,41.84
31647,County_31647,New Mexico,Rural,7.19,7.84,50.3,41.86
45623,County_45623,Vermont,Rural,11.55,10.66,45.59,43.75
55047,County_55047,Other,Rural,10.5,10.56,43.73,45.71
3779,County_3779,Arizona,Suburban/Small City,7.37,7.16,57.22,35.62
45499,County_45499,Vermont,Rural,5.59,5.49,49.05,
22623,County_22623,Michigan,Suburban/Small City,12.98,12.99,49.03,37.98
35907,County_35907,Ohio,Rural,14.59,15.1,36.78,48.13
41921,County_41921,South Dakota,Rural,11.16,11.83,47.41,40.76
32559,County_32559,New York,Urban,9.87,10.8,53.38,35.81
45521,County_45521,Vermont,Rural,11.07,11.48,52.7,35.81
36513,County_36513,Oklahoma,Rural,9.68,9.31,50.95,39.74
46175,County_46175,Virginia,Rural,13.04,13.52,48.67,37.81
46129,County_46129,Virginia,Urban,13.41,13.4,53.07,33.52
18167,County_18167,Louisiana,Rural,2.96,2.45,51.36,46.19
2179,County_2179,Alaska,Rural,8.16,8.21,54.91,36.88
29643,County_29643,New Hampshire,Suburban/Small City,11.69,11.91,37.02,51.07
38567,County_38567,Pennsylvania,Urban,11.79,12.44,39.1,48.47
50007,County_50007,Wyoming,Urban,5.82,6.54,49.3,44.16
53117,County_53117,Other,Suburban/Small City,,6.28,52.42,41.3
47553,County_47553,Washington,Urban,13.15,13.38,48.6,38.02
1375,County_1375,Alabama,Rural,11.8,11.72,41.58,46.7
46825,County_46825,Virginia,Rural,7.28,8.18,46.92,44.9
31721,County_31721,New Mexico,Urban,6.86,7.43,61.16,31.41
41025,County_41025,South Dakota,Rural,2.55,2.82,54.03,43.16
51173,County_51173,Other,Urban,10.89,11.93,47.41,40.66
56259,County_56259,Other,Rural,15.64,16.03,44.43,39.54
35449,County_35449,Ohio,Rural,5.51,5.51,52.82,41.67
55715,County_55715,Other,Urban,6.02,5.98,58.94,35.08
17239,County_17239,Kentucky,Rural,5.39,5.67,50.83,43.5
3875,County_3875,Arizona,Rural,,11.21,53.37,35.42
17937,County_17937,Kentucky,Rural,9.31,8.93,55.45,35.62
13669,County_13669,Illinois,Urban,8.71,8.83,47.83,43.35
14639,County_14639,Indiana,Suburban/Small City,9.51,8.96,47.75,43.29
44981,County_44981,Utah,Rural,13.61,14.15,44.63,41.22
38953,County_38953,Pennsylvania,Suburban/Small City,8.91,9.44,47.57,42.99
37263,County_37263,Oregon,Urban,16.82,16.72,40.25,43.03
49653,County_49653,Wisconsin,Rural,14.68,15.31,44.23,40.47
40971,County_40971,South Carolina,Rural,6.96,6.97,55.48,37.55
32971,County_32971,New York,Urban,12.17,12.56,55.19,32.25
35979,County_35979,Ohio,Urban,8.19,8.13,50.41,41.46
40467,County_40467,South Carolina,Rural,11.07,11.03,47.95,41.02
43727,County_43727,Texas,Rural,14.14,13.78,38.44,47.78
3799,County_3799,Arizona,Rural,11.29,11.65,47.52,40.83
12781,County_12781,Idaho,Urban,,9.25,52.97,37.78
46395,County_46395,Virginia,Rural,12.19,12.7,51.46,35.84
45823,County_45823,Vermont,Rural,14.83,15.52,30.0,54.48
29085,County_29085,New Hampshire,Rural,7.62,8.16,58.76,33.08
39789,County_39789,Rhode Island,Urban,10.63,11.49,49.11,39.4
12701,County_12701,Idaho,Urban,5.61,5.7,43.02,51.28
5231,County_5231,California,Urban,11.58,11.74,44.46,43.8
3717,County_3717,Arizona,Rural,8.06,7.97,58.19,33.84
4141,County_4141,Arkansas,Rural,7.32,7.58,45.79,46.64
35503,County_35503,Ohio,Urban,9.5,8.97,49.16,41.87
50147,County_50147,Wyoming,Suburban/Small City,9.54,,51.26,38.14
5957,County_5957,California,Rural,9.53,10.46,41.08,48.45
43307,County_43307,Texas,Urban,5.53,5.45,62.83,
40623,County_40623,South Carolina,Rural,6.14,6.47,57.09,36.45
27153,County_27153,Nebraska,Rural,9.28,9.95,46.26,43.79
52201,County_52201,Other,Suburban/Small City,,7.11,44.81,
51913,County_51913,Other,Suburban/Small City,10.68,11.12,51.2,37.68
5875,County_5875,California,Rural,7.66,9.0,45.91,45.09
44295,County_44295,Utah,Rural,3.5,3.55,58.25,38.2
11413,County_11413,Hawaii,Urban,13.73,14.16,52.87,32.97
21263,County_21263,Massachusetts,Rural,13.9,15.13,44.68,40.19
38883,County_38883,Pennsylvania,Suburban/Small City,6.31,5.77,61.09,33.14
45103,County_45103,Vermont,Urban,14.13,14.62,40.7,44.68
29381,County_29381,New Hampshire,Urban,12.06,12.14,45.51,42.35
12321,County_12321,Idaho,Urban,7.21,7.17,34.36,58.47
6569,County_6569,Colorado,Suburban/Small City,6.09,7.16,43.83,49.01
2611,County_2611,Alaska,Rural,13.39,13.58,39.53,46.89
34581,County_34581,North Dakota,Urban,17.22,17.28,30.67,52.04
45891,County_45891,Vermont,Suburban/Small City,10.97,10.42,38.68,50.89
15371,County_15371,Iowa,Rural,8.27,7.59,48.79,
55141,County_55141,Other,Rural,13.97,14.06,42.08,43.86
50223,County_50223,Wyoming,Rural,10.59,11.51,45.5,42.99
39623,County_39623,Rhode Island,Rural,7.25,8.7,51.96,39.33
40947,County_40947,South Carolina,Urban,6.89,7.05,53.29,39.66
7753,County_7753,Connecticut,Suburban/Small City,7.02,7.11,49.67,43.22
31463,County_31463,New Mexico,Rural,,12.88,42.75,44.37
6101,County_6101,Colorado,Suburban/Small City,12.39,11.55,52.28,36.17
27907,County_27907,Nebraska,Urban,10.63,10.83,50.82,38.35
35687,County_35687,Ohio,Suburban/Small City,13.05,12.4,47.57,40.02
50941,County_50941,Wyoming,Rural,8.44,9.75,46.55,43.7
56003,County_56003,Other,Urban,14.0,15.1,41.61,43.29
19991,County_19991,Maine,Rural,9.29,9.03,39.23,51.75
25933,County_25933,Missouri,Rural,7.63,7.43,49.34,43.23
51119,County_51119,Other,Suburban/Small City,13.92,14.23,53.69,32.08
45961,County_45961,Vermont,Urban,6.91,7.36,52.11,40.53
30811,County_30811,New Jersey,Rural,13.17,13.11,46.92,39.97
41825,County_41825,South Dakota,Suburban/Small City,13.04,13.33,51.85,34.83
3655,County_3655,Arizona,Rural,8.01,8.59,,
50679,County_50679,Wyoming,Rural,9.31,8.81,45.39,45.79
7947,County_7947,Connecticut,Urban,8.61,9.34,47.09,43.57
19161,County_19161,Maine,Urban,12.75,13.17,34.15,52.68
49287,County_49287,Wisconsin,Rural,9.32,10.15,44.26,45.59
19415,County_19415,Maine,Rural,6.82,6.81,47.97,45.22
26373,County_26373,Montana,Suburban/Small City,12.36,11.8,30.36,57.84
39691,County_39691,Rhode Island,Rural,6.31,7.23,48.23,44.54
49209,County_49209,Wisconsin,Rural,6.13,6.85,53.39,39.76
51797,County_51797,Other,Urban,7.71,8.23,49.26,42.51
19121,County_19121,Maine,Suburban/Small City,13.53,13.95,44.11,41.94
24523,County_24523,Mississippi,Urban,12.65,13.44,37.17,49.39
23235,County_23235,Minnesota,Urban,3.73,3.14,48.15,48.7
46443,County_46443,Virginia,Urban,11.01,10.84,44.57,44.59
50009,County_50009,Wyoming,Urban,9.59,9.19,,32.47
19055,County_19055,Maine,Suburban/Small City,5.96,6.04,46.25,47.71
7975,County_7975,Connecticut,Urban,9.66,9.76,44.36,45.88
54535,County_54535,Other,Suburban/Small City,6.98,6.75,50.9,42.35
18949,County_18949,Louisiana,Rural,7.72,6.73,54.03,39.24
17431,County_17431,Kentucky,Urban,8.76,10.07,43.45,46.49
9693,County_9693,Florida,Suburban/Small City,13.14,13.8,43.89,42.3
5927,County_5927,California,Rural,15.96,16.21,35.81,47.98
24795,County_24795,Mississippi,Urban,6.89,7.23,54.34,38.44
23831,County_23831,Minnesota,Urban,14.85,15.22,46.41,38.37
19435,County_19435,Maine,Urban,13.6,14.35,36.25,49.41
56273,County_56273,Other,Urban,10.38,11.06,52.07,36.88
15449,County_15449,Iowa,Rural,6.62,7.03,45.56,47.41
31661,County_31661,New Mexico,Rural,7.29,7.22,57.18,35.6
42301,County_42301,Tennessee,Urban,9.15,9.45,55.82,34.74
46869,County_46869,Virginia,Urban,7.98,8.2,54.88,36.92
44735,County_44735,Utah,Urban,15.47,16.32,39.65,44.03
45023,County_45023,Vermont,Rural,12.89,12.58,39.05,48.37
29509,County_29509,New Hampshire,Urban,8.26,8.77,54.51,36.72
36309,County_36309,Oklahoma,Rural,9.94,10.08,45.54,44.38
10217,County_10217,Georgia,Urban,8.11,8.52,54.74,36.74
44497,County_44497,Utah,Rural,13.8,14.56,40.23,45.21
20915,County_20915,Maryland,Rural,14.27,15.06,42.23,42.72
52071,County_52071,Other,Urban,5.57,5.61,49.66,44.73
8889,County_8889,Delaware,Rural,11.3,10.67,54.83,34.5
16261,County_16261,Kansas,Rural,9.32,10.16,49.34,40.5
30469,County_30469,New Jersey,Suburban/Small City,8.07,8.66,49.05,42.29
53585,County_53585,Other,Suburban/Small City,3.9,4.51,59.28,36.21
33701,County_33701,North Carolina,Rural,8.89,9.26,42.73,48.01
44817,County_44817,Utah,Rural,8.48,8.58,51.77,39.65
1449,County_1449,Alabama,Rural,7.91,7.67,52.87,39.46
24585,County_24585,Mississippi,Rural,7.5,8.23,51.69,40.08
41041,County_41041,South Dakota,Rural,8.41,9.39,47.72,42.89
20013,County_20013,Maryland,Urban,9.29,9.95,45.33,44.72
49231,County_49231,Wisconsin,Rural,12.75,13.13,39.44,47.43
46127,County_46127,Virginia,Rural,17.4,17.76,42.93,39.31
20373,County_20373,Maryland,Rural,2.75,2.37,43.65,53.98
25329,County_25329,Missouri,Rural,13.14,13.85,48.37,37.78
20341,County_20341,Maryland,Urban,6.3,6.33,,39.96
5327,County_5327,California,Rural,3.99,4.23,52.12,43.65
5471,County_5471,California,Rural,8.55,9.61,57.92,32.48
29547,County_29547,New Hampshire,Rural,13.37,13.67,43.18,43.15
22529,County_22529,Michigan,Urban,6.33,6.09,55.37,38.54
31569,County_31569,New Mexico,Urban,5.36,5.31,,34.91
27453,County_27453,Nebraska,Urban,15.36,15.15,39.73,45.11
34761,County_34761,North Dakota,Rural,13.88,14.14,46.31,39.54
2463,County_2463,Alaska,Rural,10.93,10.94,51.35,37.71
19227,County_19227,Maine,Rural,15.35,15.45,39.16,
7295,County_7295,Connecticut,Rural,14.38,14.16,49.75,36.09
28763,County_28763,Nevada,Urban,11.56,12.7,57.59,29.71
12615,County_12615,Idaho,Rural,12.45,12.33,45.74,41.93
13379,County_13379,Illinois,Urban,11.88,12.32,51.1,36.58
30453,County_30453,New Jersey,Rural,12.05,12.32,51.88,35.8
38861,County_38861,Pennsylvania,Urban,14.05,14.38,33.19,52.43
27559,County_27559,Nebraska,Rural,13.82,14.59,44.82,40.58
3491,County_3491,Arizona,Rural,17.83,17.84,35.22,46.94
44069,County_44069,Utah,Rural,12.82,13.13,45.14,41.74
28515,County_28515,Nevada,Urban,8.71,9.21,,43.66
20901,County_20901,Maryland,Rural,10.76,11.39,39.52,49.09
12375,County_12375,Idaho,Urban,14.68,15.27,45.59,39.14
37049,County_37049,Oregon,Rural,11.4,11.63,50.69,37.68
33561,County_33561,North Carolina,Suburban/Small City,11.57,11.65,39.75,48.6
28557,County_28557,Nevada,Urban,11.34,11.4,49.69,38.91
12687,County_12687,Idaho,Rural,,7.04,51.64,41.32
27513,County_27513,Nebraska,Suburban/Small City,8.42,,54.76,36.32
26631,County_26631,Montana,Rural,14.08,13.9,45.67,40.43
34353,County_34353,North Dakota,Rural,15.02,14.79,55.94,29.27
6343,County_6343,Colorado,Urban,,8.83,41.64,49.54
31557,County_31557,New Mexico,Rural,10.39,11.84,49.39,38.77
3257,County_3257,Arizona,Suburban/Small City,7.74,7.95,47.85,44.2
42285,County_42285,Tennessee,Suburban/Small City,15.46,15.02,43.4,41.57
3797,County_3797,Arizona,Rural,6.22,6.61,44.07,49.32
42147,County_42147,Tennessee,Suburban/Small City,5.04,5.2,51.36,43.44
2217,County_2217,Alaska,Suburban/Small City,13.28,14.04,42.85,43.11
8465,County_8465,Delaware,Rural,8.84,8.74,47.79,43.48
43449,County_43449,Texas,Rural,10.95,10.6,44.02,45.38
10231,County_10231,Georgia,Rural,5.89,6.41,45.16,48.44
50139,County_50139,Wyoming,Urban,,8.55,45.65,45.8
34017,County_34017,North Dakota,Rural,11.78,11.62,37.23,51.16
25771,County_25771,Missouri,Rural,6.43,7.45,59.04,33.51
37679,County_37679,Oregon,Rural,11.42,12.23,47.38,40.39
55665,County_55665,Other,Rural,7.15,7.68,52.27,40.05
13139,County_13139,Illinois,Rural,17.31,17.6,48.82,33.58
27743,County_27743,Nebraska,Urban,15.05,15.48,37.64,46.88
28699,County_28699,Nevada,Rural,10.97,11.15,43.7,45.15
30215,County_30215,New Jersey,Suburban/Small City,15.3,15.78,42.56,41.67
20461,County_20461,Maryland,Rural,5.39,5.83,53.48,40.69
26155,County_26155,Montana,Rural,7.73,8.42,39.81,51.78
33751,County_33751,North Carolina,Rural,6.75,6.24,55.74,38.01
53373,County_53373,Other,Urban,10.34,10.35,54.98,34.66
11429,County_11429,Hawaii,Rural,10.95,10.68,52.12,37.2
50287,County_50287,Wyoming,Urban,13.2,12.49,36.32,51.19
24743,County_24743,Mississippi,Urban,6.43,6.77,41.25,51.98
48621,County_48621,West Virginia,Rural,12.95,13.36,51.54,35.1
40335,County_40335,South Carolina,Rural,7.26,7.26,45.14,47.6
38925,County_38925,Pennsylvania,Rural,8.23,8.92,49.31,41.77
47101,County_47101,Washington,Rural,2.07,2.77,50.57,46.65
18503,County_18503,Louisiana,Suburban/Small City,12.1,12.26,53.49,34.26
26569,County_26569,Montana,Urban,5.41,5.9,55.51,38.58
10513,County_10513,Georgia,Rural,3.4,3.66,53.69,42.66
26501,County_26501,Montana,Rural,11.18,11.59,49.1,39.31
16161,County_16161,Kansas,Urban,6.31,6.81,59.1,34.09
31243,County_31243,New Mexico,Rural,13.42,13.66,45.36,40.98
51669,County_51669,Other,Rural,11.21,11.27,52.05,36.68
49541,County_49541,Wisconsin,Rural,8.09,9.03,55.93,35.05
2053,County_2053,Alaska,Rural,9.62,11.19,48.22,40.59
49935,County_49935,Wisconsin,Rural,7.74,8.08,43.5,48.42
5047,County_5047,California,Urban,5.83,6.69,50.62,
40799,County_40799,South Carolina,Rural,8.51,9.0,50.5,40.51
17681,County_17681,Kentucky,Rural,13.0,13.25,39.27,47.48
33587,County_33587,North Carolina,Urban,15.48,15.69,44.34,39.97
36787,County_36787,Oklahoma,Rural,3.42,4.73,49.46,45.81
4111,County_4111,Arkansas,Rural,5.68,5.61,52.47,41.92
26521,County_26521,Montana,Urban,3.87,4.35,60.22,35.43
7935,County_7935,Connecticut,Urban,9.14,10.34,50.56,39.1
20313,County_20313,Maryland,Rural,11.33,11.11,54.12,34.77
21779,County_21779,Massachusetts,Rural,10.36,9.75,50.04,40.21
31741,County_31741,New Mexico,Urban,8.68,8.69,53.93,37.39
32195,County_32195,New York,Rural,8.09,8.37,51.41,40.23
26187,County_26187,Montana,Rural,8.21,8.34,57.95,33.71
35043,County_35043,Ohio,Rural,10.22,9.96,,35.87
37287,County_37287,Oregon,Rural,6.41,7.6,48.02,44.38
29537,County_29537,New Hampshire,Urban,13.21,13.63,48.79,37.58
6489,County_6489,Colorado,Rural,12.22,12.58,47.97,39.46
31253,County_31253,New Mexico,Urban,3.56,3.62,55.0,41.38
24591,County_24591,Mississippi,Rural,7.5,7.72,50.87,41.42
54219,County_54219,Other,Suburban/Small City,5.27,5.17,53.78,41.05
9931,County_9931,Florida,Urban,12.41,,45.16,41.25
25381,County_25381,Missouri,Urban,7.36,7.76,49.99,42.26
7699,County_7699,Connecticut,Urban,8.16,8.37,52.02,39.61
24685,County_24685,Mississippi,Rural,3.31,4.13,50.68,45.19
14925,County_14925,Indiana,Rural,5.63,5.37,50.05,44.58
34867,County_34867,North Dakota,Suburban/Small City,16.7,17.39,36.62,46.0
18159,County_18159,Louisiana,Rural,5.32,5.67,47.61,46.72
54235,County_54235,Other,Urban,9.8,10.97,45.73,43.3
1759,County_1759,Alabama,Urban,8.86,9.3,50.46,40.24
44457,County_44457,Utah,Rural,11.51,12.4,45.17,42.43
16055,County_16055,Kansas,Rural,9.97,10.99,47.4,41.61
16543,County_16543,Kansas,Rural,5.47,5.1,57.31,37.59
31947,County_31947,New Mexico,Rural,15.87,16.02,47.07,36.91
23111,County_23111,Minnesota,Rural,12.7,13.68,,36.12
35239,County_35239,Ohio,Rural,12.83,13.41,36.04,50.55
18585,County_18585,Louisiana,Rural,5.86,6.24,48.86,44.89
53493,County_53493,Other,Rural,4.98,5.26,57.25,37.5
23559,County_23559,Minnesota,Urban,2.18,2.54,52.49,44.96
36915,County_36915,Oklahoma,Suburban/Small City,5.47,5.81,53.82,40.36
47305,County_47305,Washington,Rural,5.37,5.61,61.39,
2257,County_2257,Alaska,Urban,5.86,,56.45,37.8
8481,County_8481,Delaware,Rural,11.36,11.41,49.36,39.23
52859,County_52859,Other,Urban,3.74,4.0,53.36,42.64
16009,County_16009,Kansas,Rural,10.15,10.15,40.81,49.04
47531,County_47531,Washington,Urban,6.15,6.65,56.56,36.79
49685,County_49685,Wisconsin,Rural,14.69,15.82,39.16,45.02
43737,County_43737,Texas,Urban,11.98,11.83,46.9,41.28
34207,County_34207,North Dakota,Suburban/Small City,11.94,12.64,46.04,41.32
19331,County_19331,Maine,Urban,5.24,5.01,56.39,38.6
16147,County_16147,Kansas,Rural,16.24,16.59,53.31,30.1
15367,County_15367,Iowa,Rural,9.16,9.23,46.77,44.0
51539,County_51539,Other,Rural,12.68,13.21,45.35,41.45
4705,County_4705,Arkansas,Urban,10.27,10.32,,31.21
19687,County_19687,Maine,Urban,14.32,14.99,39.54,45.47
23193,County_23193,Minnesota,Rural,7.95,8.44,53.59,37.97
44011,County_44011,Utah,Rural,7.95,8.63,47.68,43.68
40651,County_40651,South Carolina,Rural,9.49,9.85,50.93,39.21
50567,County_50567,Wyoming,Urban,5.77,5.85,55.87,38.28
30475,County_30475,New Jersey,Suburban/Small City,7.6,7.74,52.26,40.0
6233,County_6233,Colorado,Urban,13.19,13.23,50.98,35.79
34345,County_34345,North Dakota,Rural,5.74,5.07,53.83,41.1
45587,County_45587,Vermont,Rural,10.21,,54.91,35.23
48733,County_48733,West Virginia,Rural,14.84,14.67,48.8,36.53
44907,County_44907,Utah,Urban,15.68,16.14,41.36,42.5
44845,County_44845,Utah,Rural,12.3,12.46,46.13,41.41
47931,County_47931,Washington,Rural,13.32,,50.36,35.91
37335,County_37335,Oregon,Rural,15.93,15.94,35.83,48.23
22443,County_22443,Michigan,Urban,7.87,8.12,48.67,43.21
17387,County_17387,Kentucky,Rural,10.58,11.09,49.68,39.23
46945,County_46945,Virginia,Rural,8.96,8.7,58.85,32.45
5649,County_5649,California,Rural,8.13,8.71,52.02,39.27
14125,County_14125,Indiana,Urban,5.64,7.42,43.11,49.47
27389,County_27389,Nebraska,Suburban/Small City,13.01,13.59,41.65,44.75
36743,County_36743,Oklahoma,Suburban/Small City,6.1,7.33,46.12,46.55
39715,County_39715,Rhode Island,Rural,4.72,4.52,52.45,43.04
31093,County_31093,New Mexico,Rural,11.47,12.68,46.16,41.16
13793,County_13793,Illinois,Rural,4.2,,58.79,37.77
30035,County_30035,New Jersey,Urban,13.18,13.11,44.08,42.8
44589,County_44589,Utah,Urban,16.53,16.24,38.34,45.42
47123,County_47123,Washington,Suburban/Small City,9.29,9.71,45.34,44.95
53321,County_53321,Other,Rural,10.17,10.31,46.37,43.32
52295,County_52295,Other,Rural,11.79,11.78,47.89,40.32
14599,County_14599,Indiana,Urban,6.99,7.28,51.12,41.6
36257,County_36257,Oklahoma,Rural,4.22,4.18,56.0,39.82
46433,County_46433,Virginia,Rural,7.36,7.96,41.76,50.28
2493,County_2493,Alaska,Rural,5.35,5.94,44.8,
26797,County_26797,Montana,Rural,14.67,15.21,48.09,36.7
56977,County_56977,Other,Rural,4.26,4.96,54.88,40.16
47149,County_47149,Washington,Rural,6.5,6.29,44.57,49.14
9517,County_9517,Florida,Rural,3.68,3.72,65.06,31.23
15937,County_15937,Iowa,Rural,4.84,4.79,52.46,42.75
5819,County_5819,California,Urban,6.95,7.69,,42.44
44389,County_44389,Utah,Urban,8.32,8.58,46.28,45.14
51267,County_51267,Other,Rural,9.0,9.22,50.71,
28991,County_28991,Nevada,Suburban/Small City,12.18,,51.24,36.13
27053,County_27053,Nebraska,Urban,,10.35,47.2,42.45
34757,County_34757,North Dakota,Rural,16.38,,38.38,44.79
25135,County_25135,Missouri,Urban,7.17,7.91,54.63,37.47
42433,County_42433,Tennessee,Rural,5.25,6.18,54.49,39.33
29375,County_29375,New Hampshire,Urban,13.24,13.14,47.32,39.54
10419,County_10419,Georgia,Rural,7.51,8.65,46.2,45.16
13063,County_13063,Illinois,Urban,13.37,13.82,48.62,37.56
34939,County_34939,North Dakota,Suburban/Small City,11.77,12.84,44.56,42.6
36423,County_36423,Oklahoma,Urban,8.52,8.63,45.66,45.71
41733,County_41733,South Dakota,Rural,12.83,12.11,41.36,46.54
48489,County_48489,West Virginia,Rural,8.11,8.61,52.67,
9143,County_9143,Florida,Urban,7.21,8.35,55.08,36.57
16527,County_16527,Kansas,Rural,7.77,7.07,55.09,37.84
40491,County_40491,South Carolina,Suburban/Small City,4.73,4.93,61.29,33.78
32197,County_32197,New York,Urban,6.92,7.96,60.01,32.03
20341,County_20341,Maryland,Rural,10.25,11.6,46.68,41.72
22207,County_22207,Michigan,Suburban/Small City,11.87,12.61,43.19,44.2
28543,County_28543,Nevada,Rural,,9.29,48.32,42.38
30525,County_30525,New Jersey,Rural,4.93,4.78,55.51,39.71
4047,County_4047,Arkansas,Rural,,12.02,,46.47
55421,County_55421,Other,Urban,15.11,15.88,41.4,42.72
16091,County_16091,Kansas,Rural,9.72,10.35,44.35,45.3
56963,County_56963,Other,Rural,13.45,14.62,43.91,41.47
22533,County_22533,Michigan,Rural,10.67,11.08,50.75,38.16
3505,County_3505,Arizona,Suburban/Small City,12.14,12.0,55.84,32.17
16321,County_16321,Kansas,Urban,14.21,14.12,41.5,44.38
1537,County_1537,Alabama,Suburban/Small City,14.43,15.61,40.84,43.56
35411,County_35411,Ohio,Rural,14.36,13.95,38.33,47.72
3691,County_3691,Arizona,Urban,12.82,13.15,47.71,39.14
22437,County_22437,Michigan,Urban,7.95,8.09,54.11,37.8
42177,County_42177,Tennessee,Urban,7.38,7.84,47.67,44.49
19689,County_19689,Maine,Urban,7.43,8.15,55.52,36.33
29133,County_29133,New Hampshire,Urban,,14.88,43.83,41.29
30689,County_30689,New Jersey,Rural,7.15,7.05,60.98,31.97
21489,County_21489,Massachusetts,Rural,9.91,10.49,47.08,42.44
13773,County_13773,Illinois,Rural,3.52,4.17,55.16,40.68
4473,County_4473,Arkansas,Urban,11.24,10.35,48.32,41.33
31159,County_31159,New Mexico,Rural,11.53,11.59,46.52,41.89
8989,County_8989,Delaware,Rural,6.85,7.23,53.32,39.45
4907,County_4907,Arkansas,Urban,7.2,7.9,41.47,50.63
56533,County_56533,Other,Rural,6.38,6.78,50.76,42.46
47979,County_47979,Washington,Urban,12.2,11.88,46.72,
40417,County_40417,South Carolina,Rural,5.08,5.33,48.49,46.18
15273,County_15273,Iowa,Urban,12.15,12.87,47.07,40.06
18589,County_18589,Louisiana,Urban,9.88,11.29,47.93,40.78
17589,County_17589,Kentucky,Rural,5.91,6.48,43.26,50.25
28047,County_28047,Nevada,Urban,8.74,8.75,41.36,49.9
3785,County_3785,Arizona,Rural,12.03,11.72,45.87,42.41
25241,County_25241,Missouri,Urban,8.32,8.46,48.73,42.8
49121,County_49121,Wisconsin,Rural,3.86,4.44,56.21,39.35
16355,County_16355,Kansas,Rural,8.57,8.65,47.43,43.92
44665,County_44665,Utah,Rural,17.1,17.52,41.63,40.85
7811,County_7811,Connecticut,Urban,8.99,9.04,54.99,35.97
10229,County_10229,Georgia,Rural,11.05,,41.17,47.06
46749,County_46749,Virginia,Rural,13.48,14.13,52.63,33.24
41873,County_41873,South Dakota,Rural,4.64,5.2,57.61,37.19
47667,County_47667,Washington,Rural,9.44,9.94,46.07,44.0
18661,County_18661,Louisiana,Urban,9.63,8.92,45.7,45.38
20095,County_20095,Maryland,Suburban/Small City,13.17,13.04,46.92,40.04
16075,County_16075,Kansas,Rural,9.79,9.75,42.06,48.18
52241,County_52241,Other,Urban,11.69,12.27,49.23,38.5
18735,County_18735,Louisiana,Urban,9.06,9.3,50.43,40.27
46183,County_46183,Virginia,Rural,6.16,6.38,53.3,40.32
22505,County_22505,Michigan,Urban,6.84,7.62,59.44,32.94
45137,County_45137,Vermont,Rural,13.94,,49.02,
49531,County_49531,Wisconsin,Rural,5.98,5.93,59.43,34.63
32535,County_32535,New York,Suburban/Small City,15.33,15.0,47.83,37.17
7491,County_7491,Connecticut,Rural,9.5,9.77,,36.85
44491,County_44491,Utah,Urban,11.31,12.06,54.79,33.15
37001,County_37001,Oregon,Rural,14.8,15.0,39.89,45.12
37393,County_37393,Oregon,Rural,5.33,5.83,50.73,43.44
48141,County_48141,West Virginia,Rural,15.34,14.57,46.5,38.93
43827,County_43827,Texas,Suburban/Small City,9.51,11.09,43.84,45.07
24291,County_24291,Mississippi,Urban,11.36,12.6,47.74,39.66
27231,County_27231,Nebraska,Rural,8.93,8.46,43.74,47.8
45153,County_45153,Vermont,Urban,5.9,6.4,46.31,47.3
2307,County_2307,Alaska,Urban,3.82,4.42,51.24,44.33
52097,County_52097,Other,Suburban/Small City,17.27,18.06,41.6,40.33
18945,County_18945,Louisiana,Rural,15.03,15.77,42.85,41.37
40675,County_40675,South Carolina,Urban,16.27,16.72,39.44,43.84
43483,County_43483,Texas,Urban,6.75,6.44,52.73,40.83
28725,County_28725,Nevada,Suburban/Small City,10.81,11.78,44.62,43.6
29629,County_29629,New Hampshire,Urban,11.58,11.73,,45.65
2529,County_2529,Alaska,Suburban/Small City,8.45,8.76,38.55,52.69
37691,County_37691,Oregon,Rural,10.48,10.67,35.26,54.08
25873,County_25873,Missouri,Rural,3.04,3.92,46.07,50.01
48115,County_48115,West Virginia,Suburban/Small City,12.99,13.71,31.25,55.04
14009,County_14009,Indiana,Urban,12.95,13.13,49.82,37.05
41223,County_41223,South Dakota,Rural,13.05,13.03,50.77,36.19
6441,County_6441,Colorado,Urban,11.32,11.63,44.82,43.55
44445,County_44445,Utah,Suburban/Small City,13.97,14.25,42.67,43.09
22541,County_22541,Michigan,Rural,5.82,6.21,46.03,47.76
1355,County_1355,Alabama,Rural,2.71,3.11,57.99,38.9
10857,County_10857,Georgia,Rural,6.7,7.6,49.24,43.16
44315,County_44315,Utah,Suburban/Small City,11.78,11.6,52.2,36.2
21063,County_21063,Massachusetts,Suburban/Small City,13.55,13.48,37.38,49.14
46521,County_46521,Virginia,Urban,14.06,14.62,37.13,48.25
5143,County_5143,California,Rural,7.8,7.78,43.89,48.32
32513,County_32513,New York,Suburban/Small City,3.35,3.19,47.4,49.41
23715,County_23715,Minnesota,Rural,9.65,9.76,46.86,43.38
45791,County_45791,Vermont,Urban,8.35,9.1,55.73,35.17
48809,County_48809,West Virginia,Urban,5.88,7.01,52.22,40.77
20623,County_20623,Maryland,Rural,8.32,8.3,54.21,37.49
30621,County_30621,New Jersey,Suburban/Small City,8.18,8.81,51.95,39.24
41447,County_41447,South Dakota,Rural,12.8,12.89,43.68,43.43
4835,County_4835,Arkansas,Urban,,5.07,49.64,45.28
5789,County_5789,California,Rural,9.67,10.71,53.59,35.7
50829,County_50829,Wyoming,Rural,5.31,6.22,55.38,38.4
18915,County_18915,Louisiana,Rural,3.5,3.95,59.03,37.02
9271,County_9271,Florida,Urban,5.61,6.06,58.73,35.21
53931,County_53931,Other,Rural,9.94,10.04,38.05,
48049,County_48049,West Virginia,Urban,7.65,8.45,43.71,47.84
34477,County_34477,North Dakota,Urban,5.58,5.8,55.17,39.03
51067,County_51067,Other,Urban,,9.98,54.06,35.96
49703,County_49703,Wisconsin,Rural,17.03,17.43,,
56615,County_56615,Other,Rural,1.85,2.32,57.7,39.99
51593,County_51593,Other,Rural,12.6,13.16,45.67,41.17
52687,County_52687,Other,Suburban/Small City,,8.78,47.2,44.02
8665,County_8665,Delaware,Rural,6.43,6.96,50.46,42.58
23013,County_23013,Minnesota,Suburban/Small City,6.75,8.24,46.89,44.86
2493,County_2493,Alaska,Urban,7.47,7.92,49.3,42.78
20155,County_20155,Maryland,Suburban/Small City,14.37,14.14,40.03,45.83
50513,County_50513,Wyoming,Suburban/Small City,7.63,7.99,48.05,43.97
2985,County_2985,Alaska,Urban,5.84,5.89,54.75,39.36
56311,County_56311,Other,Urban,16.68,16.74,42.72,
42541,County_42541,Tennessee,Suburban/Small City,6.38,6.73,48.76,44.5
42969,County_42969,Tennessee,Suburban/Small City,7.3,7.3,49.18,43.52
40427,County_40427,South Carolina,Rural,12.96,13.34,49.32,37.34
32135,County_32135,New York,Rural,6.72,7.3,43.51,49.19
32617,County_32617,New York,Rural,12.39,12.47,42.8,44.74
44655,County_44655,Utah,Rural,11.13,12.2,56.25,31.55
41961,County_41961,South Dakota,Rural,9.38,9.8,47.4,42.8
29093,County_29093,New Hampshire,Rural,5.14,5.85,45.77,48.38
56579,County_56579,Other,Rural,9.52,9.79,47.8,42.4
25275,County_25275,Missouri,Suburban/Small City,9.01,9.29,55.17,
8087,County_8087,Delaware,Urban,14.31,15.48,43.14,41.38
33637,County_33637,North Carolina,Rural,11.15,11.16,48.81,40.04
7407,County_7407,Connecticut,Urban,7.94,8.89,45.5,45.61
55573,County_55573,Other,Rural,10.31,10.8,,41.6
21287,County_21287,Massachusetts,Urban,10.28,10.87,43.02,46.11
28643,County_28643,Nevada,Rural,10.03,9.85,40.72,49.43
3781,County_3781,Arizona,Suburban/Small City,7.91,7.03,49.05,43.92
12827,County_12827,Idaho,Rural,10.56,11.18,50.43,38.38
42807,County_42807,Tennessee,Rural,15.45,15.83,39.69,44.48
10107,County_10107,Georgia,Suburban/Small City,7.89,8.29,57.03,34.68
46577,County_46577,Virginia,Rural,5.21,4.73,65.37,29.9
28755,County_28755,Nevada,Rural,7.0,6.9,56.46,36.64
15751,County_15751,Iowa,Suburban/Small City,10.33,10.99,36.93,52.08
53955,County_53955,Other,Urban,8.42,8.99,43.27,47.74
15169,County_15169,Iowa,Rural,8.09,8.86,50.22,40.91
9365,County_9365,Florida,Urban,6.3,6.72,50.02,43.26
53919,County_53919,Other,Rural,9.39,10.16,38.83,51.01
44687,County_44687,Utah,Rural,8.92,9.25,50.12,40.63
37387,County_37387,Oregon,Rural,12.12,12.65,45.01,42.34
18409,County_18409,Louisiana,Rural,6.44,6.65,51.22,42.12
37725,County_37725,Oregon,Rural,8.85,8.68,56.27,35.05
34015,County_34015,North Dakota,Urban,7.55,7.84,48.1,44.06
32221,County_32221,New York,Rural,12.21,13.17,38.68,48.14
2343,County_2343,Alaska,Rural,12.97,12.65,38.49,48.86
12589,County_12589,Idaho,Rural,15.23,16.26,50.59,33.15
20871,County_20871,Maryland,Urban,8.35,8.54,51.97,39.49
13995,County_13995,Illinois,Suburban/Small City,9.84,9.54,42.72,47.74
34345,County_34345,North Dakota,Urban,14.68,15.17,45.09,39.74
30139,County_30139,New Jersey,Suburban/Small City,5.85,5.53,56.18,38.29
15863,County_15863,Iowa,Rural,7.21,7.77,57.22,35.01
20843,County_20843,Maryland,Suburban/Small City,7.72,8.46,47.91,43.63
23373,County_23373,Minnesota,Rural,16.74,17.15,38.07,44.78
45259,County_45259,Vermont,Urban,11.28,10.7,44.0,45.3
52035,County_52035,Other,Urban,7.25,6.92,60.1,32.98
34601,County_34601,North Dakota,Rural,7.95,8.45,41.97,49.58
52265,County_52265,Other,Rural,11.74,12.64,49.66,37.7
14211,County_14211,Indiana,Rural,10.38,10.45,53.26,36.29
13875,County_13875,Illinois,Rural,5.39,5.25,49.46,45.29
42339,County_42339,Tennessee,Rural,12.77,12.22,56.26,31.52
22657,County_22657,Michigan,Rural,5.36,4.77,49.9,45.33
43211,County_43211,Texas,Rural,12.23,12.78,39.39,47.83
34825,County_34825,North Dakota,Rural,5.62,,56.57,37.2
39559,County_39559,Rhode Island,Rural,5.25,5.81,45.96,48.23
42879,County_42879,Tennessee,Urban,14.63,15.25,41.21,43.54
29653,County_29653,New Hampshire,Rural,10.32,10.07,48.32,41.61
49601,County_49601,Wisconsin,Rural,13.56,14.67,39.54,45.79
22033,County_22033,Michigan,Rural,3.59,4.5,50.14,45.36
12115,County_12115,Idaho,Urban,11.24,11.94,49.26,38.8
5005,County_5005,California,Rural,10.3,10.52,44.62,44.86
16799,County_16799,Kansas,Urban,5.92,5.67,52.99,41.34
45241,County_45241,Vermont,Suburban/Small City,7.22,8.25,42.65,49.09
19175,County_19175,Maine,Rural,9.1,9.19,51.34,39.47
56519,County_56519,Other,Rural,10.03,9.59,55.5,34.91
2969,County_2969,Alaska,Rural,4.96,5.04,50.0,44.97
35049,County_35049,Ohio,Urban,6.13,6.51,53.4,40.09
2981,County_2981,Alaska,Urban,7.63,7.35,48.78,43.87
13383,County_13383,Illinois,Rural,12.24,12.62,40.57,46.81
41035,County_41035,South Dakota,Urban,,10.58,51.74,37.68
43335,County_43335,Texas,Rural,13.2,14.23,45.15,40.62
55849,County_55849,Other,Rural,13.14,12.96,43.48,43.56
20011,County_20011,Maryland,Rural,13.46,13.87,44.73,41.4
9443,County_9443,Florida,Urban,7.11,8.24,62.19,29.57
47895,County_47895,Washington,Suburban/Small City,12.28,12.84,39.69,47.47
6647,County_6647,Colorado,Urban,9.84,11.18,45.74,43.08
55015,County_55015,Other,Rural,6.12,6.52,51.65,41.82
53839,County_53839,Other,Suburban/Small City,14.27,14.13,43.25,42.62
36705,County_36705,Oklahoma,Rural,15.82,16.81,46.82,36.36
40835,County_40835,South Carolina,Rural,5.25,5.79,58.6,35.61
17345,County_17345,Kentucky,Urban,13.6,13.25,46.61,40.14
56517,County_56517,Other,Urban,12.12,13.38,50.62,36.0
21769,County_21769,Massachusetts,Rural,10.63,11.16,49.02,39.82
6503,County_6503,Colorado,Urban,,12.81,45.84,41.35
35905,County_35905,Ohio,Urban,7.94,9.47,50.76,39.77
42451,County_42451,Tennessee,Rural,7.56,7.87,49.38,42.75
17811,County_17811,Kentucky,Urban,14.78,15.21,41.56,
20037,County_20037,Maryland,Rural,11.64,12.6,52.15,35.25
44357,County_44357,Utah,Urban,11.87,12.37,49.39,38.24
21487,County_21487,Massachusetts,Rural,11.55,,47.55,41.21
51481,County_51481,Other,Urban,6.63,7.31,54.6,38.09
49717,County_49717,Wisconsin,Suburban/Small City,8.07,8.01,,49.21
18955,County_18955,Louisiana,Rural,14.44,14.8,48.04,37.16
35615,County_35615,Ohio,Rural,12.21,12.22,45.69,42.09
33133,County_33133,North Carolina,Rural,15.81,16.38,43.3,40.32
21909,County_21909,Massachusetts,Rural,11.02,11.41,49.3,39.29
33983,County_33983,North Carolina,Rural,16.64,16.61,35.0,48.39
23299,County_23299,Minnesota,Rural,4.43,4.52,61.96,33.52
13729,County_13729,Illinois,Rural,2.27,2.58,63.17,34.25
34733,County_34733,North Dakota,Urban,12.92,13.14,47.67,39.19
33221,County_33221,North Carolina,Urban,10.06,11.55,54.92,33.53
13183,County_13183,Illinois,Urban,15.95,16.31,37.76,45.93
51327,County_51327,Other,Rural,7.62,7.11,53.28,39.61
46525,County_46525,Virginia,Urban,,3.03,59.98,
36235,County_36235,Oklahoma,Urban,12.64,12.92,46.33,40.75
16427,County_16427,Kansas,Urban,4.41,4.92,53.73,41.35
45731,County_45731,Vermont,Rural,9.29,10.27,58.65,31.09
13877,County_13877,Illinois,Rural,15.73,16.42,34.0,49.58
8527,County_8527,Delaware,Urban,6.35,6.18,47.2,46.63
36213,County_36213,Oklahoma,Rural,10.15,10.59,,37.74
41851,County_41851,South Dakota,Suburban/Small City,7.34,7.64,41.9,50.46
4621,County_4621,Arkansas,Urban,11.98,12.65,,38.27
6867,County_6867,Colorado,Urban,6.34,6.38,53.36,40.26
9961,County_9961,Florida,Rural,14.27,14.27,50.44,35.29
9359,County_9359,Florida,Urban,14.17,14.13,39.56,46.31
45087,County_45087,Vermont,Rural,12.02,12.87,40.29,46.84
4343,County_4343,Arkansas,Suburban/Small City,12.73,12.5,43.92,43.58
7673,County_7673,Connecticut,Rural,8.63,10.26,60.58,29.16
17931,County_17931,Kentucky,Urban,11.24,11.51,42.71,45.78
27923,County_27923,Nebraska,Rural,12.71,12.97,40.88,46.15
9795,County_9795,Florida,Suburban/Small City,8.99,8.96,52.88,38.16
34541,County_34541,North Dakota,Urban,6.97,8.0,47.61,44.39
43663,County_43663,Texas,Urban,9.02,9.16,45.4,45.44
48355,County_48355,West Virginia,Urban,11.99,11.95,44.8,43.25
50835,County_50835,Wyoming,Rural,10.66,10.79,55.38,33.83
54255,County_54255,Other,Rural,6.54,7.06,52.78,40.16
1829,County_1829,Alabama,Urban,6.08,5.7,54.88,39.42
48707,County_48707,West Virginia,Rural,10.16,11.52,51.72,36.76
8429,County_8429,Delaware,Urban,11.0,11.3,44.25,44.45
37523,County_37523,Oregon,Urban,5.26,4.95,56.96,
25891,County_25891,Missouri,Rural,15.31,16.25,40.71,43.05
21989,County_21989,Massachusetts,Urban,6.12,5.33,52.79,41.88
37677,County_37677,Oregon,Urban,12.32,12.9,,41.7
27923,County_27923,Nebraska,Urban,10.62,11.49,,36.01
7797,County_7797,Connecticut,Urban,15.05,16.18,41.56,42.26
28703,County_28703,Nevada,Urban,15.06,15.42,44.07,40.51
30241,County_30241,New Jersey,Urban,18.02,19.06,49.36,31.58
12351,County_12351,Idaho,Rural,11.03,10.24,,
28063,County_28063,Nevada,Rural,13.01,12.99,41.25,45.75
31359,County_31359,New Mexico,Rural,5.47,6.11,51.68,42.21
44469,County_44469,Utah,Rural,12.99,12.77,35.35,51.87
35273,County_35273,Ohio,Rural,10.24,,48.51,41.04
18861,County_18861,Louisiana,Rural,13.31,13.84,42.7,43.47
20391,County_20391,Maryland,Rural,6.01,5.87,53.49,40.64
23289,County_23289,Minnesota,Rural,5.3,5.01,48.85,46.14
17899,County_17899,Kentucky,Rural,12.77,13.56,44.42,42.02
27085,County_27085,Nebraska,Urban,7.14,6.92,61.29,31.79
2601,County_2601,Alaska,Urban,16.37,16.36,44.81,38.84
16097,County_16097,Kansas,Rural,9.4,10.23,47.27,42.5
15431,County_15431,Iowa,Urban,14.49,14.73,34.81,50.46
36719,County_36719,Oklahoma,Rural,6.47,6.6,53.68,39.73
33991,County_33991,North Carolina,Rural,12.22,12.13,48.24,39.63
46131,County_46131,Virginia,Rural,6.28,6.49,46.76,46.76
50841,County_50841,Wyoming,Rural,10.87,11.72,45.9,42.39
37851,County_37851,Oregon,Rural,11.76,11.63,47.16,41.21
44597,County_44597,Utah,Suburban/Small City,9.82,9.91,49.7,40.39
1559,County_1559,Alabama,Suburban/Small City,8.84,9.2,52.41,38.4
13939,County_13939,Illinois,Rural,6.03,6.07,49.27,44.66
12151,County_12151,Idaho,Rural,3.59,3.77,51.24,44.99
4627,County_4627,Arkansas,Rural,13.63,13.9,45.46,40.64
12503,County_12503,Idaho,Rural,14.37,14.58,42.01,43.4
21395,County_21395,Massachusetts,Urban,8.54,8.12,51.56,40.33
50427,County_50427,Wyoming,Urban,6.74,6.46,50.31,43.23
33667,County_33667,North Carolina,Rural,8.2,8.42,54.8,36.79
27279,County_27279,Nebraska,Rural,4.37,5.38,54.8,39.81
4141,County_4141,Arkansas,Urban,14.93,15.57,36.16,48.27
21913,County_21913,Massachusetts,Urban,10.67,,49.07,40.28
50549,County_50549,Wyoming,Urban,9.22,9.94,51.47,38.59
25429,County_25429,Missouri,Urban,,13.66,48.11,38.23
40925,County_40925,South Carolina,Rural,12.51,12.81,41.49,45.7
22517,County_22517,Michigan,Rural,15.19,15.31,47.22,37.47
54293,County_54293,Other,Rural,8.89,9.7,49.12,41.18
11151,County_11151,Hawaii,Rural,9.95,10.11,39.15,50.74
15313,County_15313,Iowa,Suburban/Small City,10.38,11.4,37.54,51.06
46263,County_46263,Virginia,Suburban/Small City,9.38,9.47,44.85,45.69
27259,County_27259,Nebraska,Rural,11.12,10.6,43.42,45.98
45623,County_45623,Vermont,Rural,6.49,5.93,46.28,47.79
36525,County_36525,Oklahoma,Rural,12.82,13.12,46.09,40.79
54379,County_54379,Other,Rural,3.83,3.69,55.61,40.7
52271,County_52271,Other,Rural,6.23,6.05,49.27,44.68
46719,County_46719,Virginia,Rural,4.37,5.6,,43.09
53663,County_53663,Other,Urban,17.61,17.77,32.13,50.1
26365,County_26365,Montana,Urban,8.69,8.71,54.61,36.68
18687,County_18687,Louisiana,Suburban/Small City,6.07,5.68,55.81,38.52
38385,County_38385,Pennsylvania,Urban,5.52,6.23,55.84,37.93
17631,County_17631,Kentucky,Urban,7.11,7.63,47.92,44.45
38271,County_38271,Pennsylvania,Rural,8.5,8.54,51.36,40.1
4263,County_4263,Arkansas,Urban,3.95,3.28,50.22,46.5
31201,County_31201,New Mexico,Urban,6.93,7.39,47.43,45.18
1131,County_1131,Alabama,Rural,12.72,13.25,41.88,44.87
9741,County_9741,Florida,Urban,7.05,7.52,58.49,33.99
46917,County_46917,Virginia,Urban,15.52,15.84,39.3,44.86
54951,County_54951,Other,Urban,5.67,6.15,51.86,41.99
9773,County_9773,Florida,Urban,13.92,14.14,46.5,39.36
34393,County_34393,North Dakota,Rural,4.93,5.08,55.79,39.13
8639,County_8639,Delaware,Suburban/Small City,17.27,17.39,44.42,38.19
23597,County_23597,Minnesota,Urban,11.85,11.58,47.61,40.81
33149,County_33149,North Carolina,Urban,10.02,10.43,51.06,38.51
12171,County_12171,Idaho,Rural,15.49,15.95,37.67,46.38
14161,County_14161,Indiana,Urban,6.57,6.29,47.14,46.57
45379,County_45379,Vermont,Rural,6.71,7.78,,
40759,County_40759,South Carolina,Rural,12.92,11.88,,42.42
47601,County_47601,Washington,Rural,6.28,7.31,56.98,35.72
22139,County_22139,Michigan,Urban,8.21,8.19,49.66,42.15
7993,County_7993,Connecticut,Suburban/Small City,8.79,9.13,54.53,36.34
18997,County_18997,Louisiana,Urban,6.23,7.38,45.27,47.35
3205,County_3205,Arizona,Rural,12.1,12.95,41.66,45.38
11901,County_11901,Hawaii,Rural,9.21,9.6,40.78,49.63
38095,County_38095,Pennsylvania,Rural,10.22,10.77,48.76,40.47
47729,County_47729,Washington,Urban,,16.55,40.3,43.15
22347,County_22347,Michigan,Rural,8.28,7.88,45.55,46.56
18269,County_18269,Louisiana,Rural,9.73,10.34,55.22,34.44
56571,County_56571,Other,Suburban/Small City,13.15,14.01,50.71,35.28
38471,County_38471,Pennsylvania,Urban,5.66,6.26,50.87,42.87
35685,County_35685,Ohio,Urban,11.44,11.71,48.59,39.69
41619,County_41619,South Dakota,Suburban/Small City,9.85,10.5,49.57,39.94
51701,County_51701,Other,Suburban/Small City,7.4,7.93,47.51,44.56
49571,County_49571,Wisconsin,Rural,7.44,7.84,53.95,38.21
6531,County_6531,Colorado,Urban,12.43,12.65,51.83,35.52
1561,County_1561,Alabama,Urban,10.34,10.76,51.79,37.45
49089,County_49089,Wisconsin,Rural,4.85,5.91,59.78,34.31
15269,County_15269,Iowa,Urban,6.62,6.37,53.04,40.59
49493,County_49493,Wisconsin,Urban,12.87,13.25,44.92,41.83
8873,County_8873,Delaware,Rural,10.41,10.36,45.91,43.73
29907,County_29907,New Hampshire,Urban,7.64,8.33,62.22,29.44
29531,County_29531,New Hampshire,Urban,,14.13,45.27,40.6
18877,County_18877,Louisiana,Rural,,12.11,45.27,42.62
33499,County_33499,North Carolina,Urban,8.62,8.35,51.22,40.43
46953,County_46953,Virginia,Suburban/Small City,4.51,5.42,53.35,41.23
9011,County_9011,Florida,Urban,9.09,9.54,46.48,43.99
56781,County_56781,Other,Suburban/Small City,9.53,10.07,45.37,44.55
55825,County_55825,Other,Rural,7.01,7.0,48.11,44.89
20615,County_20615,Maryland,Rural,12.64,12.85,45.84,41.31
2551,County_2551,Alaska,Rural,10.22,11.24,47.25,41.51
29929,County_29929,New Hampshire,Rural,19.3,19.47,38.82,41.71
56995,County_56995,Other,Urban,6.35,7.48,46.13,46.39
50217,County_50217,Wyoming,Rural,14.9,14.42,47.64,37.94
2049,County_2049,Alaska,Urban,9.35,10.02,43.97,46.01
13967,County_13967,Illinois,Suburban/Small City,8.86,8.94,62.64,28.42
6541,County_6541,Colorado,Rural,12.49,12.68,41.42,45.9
23835,County_23835,Minnesota,Urban,13.96,14.2,35.01,50.79
55285,County_55285,Other,Rural,14.67,14.78,45.49,39.73
34827,County_34827,North Dakota,Urban,15.34,16.04,41.76,42.2
10707,County_10707,Georgia,Urban,13.28,13.31,47.45,39.24
17169,County_17169,Kentucky,Suburban/Small City,,,41.93,47.69
52865,County_52865,Other,Urban,8.4,9.17,54.74,36.09
39351,County_39351,Rhode Island,Rural,13.6,13.94,58.51,27.55
18303,County_18303,Louisiana,Rural,5.93,6.71,39.64,53.65
17295,County_17295,Kentucky,Rural,10.93,12.07,49.58,38.35
10093,County_10093,Georgia,Suburban/Small City,7.98,8.0,52.26,39.74
56065,County_56065,Other,Rural,13.65,14.21,50.64,35.15
38423,County_38423,Pennsylvania,Urban,16.18,16.67,44.52,38.81
24583,County_24583,Mississippi,Rural,5.95,6.0,50.6,43.4
2943,County_2943,Alaska,Rural,12.17,12.54,56.04,31.42
45781,County_45781,Vermont,Rural,9.37,9.28,49.28,41.45
46647,County_46647,Virginia,Urban,11.03,11.89,47.67,40.44
6839,County_6839,Colorado,Rural,3.85,4.65,49.21,46.14
33359,County_33359,North Carolina,Rural,6.67,6.87,53.47,39.66
28353,County_28353,Nevada,Rural,5.34,5.88,42.77,51.36
49025,County_49025,Wisconsin,Rural,14.49,15.34,46.05,38.6
42555,County_42555,Tennessee,Suburban/Small City,8.79,,50.85,40.92
11317,County_11317,Hawaii,Rural,14.37,14.31,43.42,42.27
43205,County_43205,Texas,Rural,15.17,14.97,34.03,51.0
35537,County_35537,Ohio,Urban,10.55,10.54,53.63,
41551,County_41551,South Dakota,Rural,7.33,7.18,54.06,38.76
12651,County_12651,Idaho,Rural,5.24,6.71,53.67,39.63
44365,County_44365,Utah,Rural,11.52,12.42,42.35,45.23
11667,County_11667,Hawaii,Rural,9.93,10.6,48.4,40.99
56307,County_56307,Other,Suburban/Small City,8.07,8.94,35.21,55.85
30635,County_30635,New Jersey,Rural,6.56,5.9,51.69,42.41
24449,County_24449,Mississippi,Urban,11.1,11.05,46.2,42.75
40255,County_40255,South Carolina,Urban,,12.94,45.56,41.5
10859,County_10859,Georgia,Urban,,12.37,43.83,43.8
19317,County_19317,Maine,Urban,17.36,18.56,,43.19
15237,County_15237,Iowa,Urban,11.93,12.25,45.27,42.48
8505,County_8505,Delaware,Rural,5.24,5.07,,39.41
52177,County_52177,Other,Urban,14.02,13.92,48.72,37.36
10423,County_10423,Georgia,Urban,14.25,14.39,51.51,34.1
22967,County_22967,Michigan,Rural,7.17,7.18,48.35,44.47
45125,County_45125,Vermont,Rural,8.73,9.48,53.39,37.13
1783,County_1783,Alabama,Urban,12.53,13.31,33.57,53.11
53437,County_53437,Other,Suburban/Small City,5.93,6.11,51.18,42.71
33677,County_33677,North Carolina,Rural,15.42,15.66,46.49,37.84
54303,County_54303,Other,Suburban/Small City,7.69,8.41,49.63,41.96
42309,County_42309,Tennessee,Suburban/Small City,13.53,13.51,51.47,35.02
32475,County_32475,New York,Urban,8.71,10.3,47.5,42.2
33347,County_33347,North Carolina,Urban,16.37,16.56,36.87,46.57
38153,County_38153,Pennsylvania,Rural,9.27,9.6,47.65,42.75
45423,County_45423,Vermont,Rural,10.21,9.8,48.99,41.2
20853,County_20853,Maryland,Rural,13.08,13.6,42.34,44.06
39991,County_39991,Rhode Island,Rural,12.92,,50.75,36.4
26867,County_26867,Montana,Suburban/Small City,10.1,10.33,54.57,35.1
23037,County_23037,Minnesota,Urban,,14.21,47.69,38.1
41955,County_41955,South Dakota,Rural,10.14,10.66,44.19,45.15
15547,County_15547,Iowa,Urban,11.48,11.36,46.64,42.0
48663,County_48663,West Virginia,Rural,5.09,5.58,56.47,37.95
7699,County_7699,Connecticut,Rural,14.83,16.12,44.31,39.57
35047,County_35047,Ohio,Rural,14.39,14.66,45.16,40.18
53167,County_53167,Other,Urban,16.29,16.45,43.79,39.76
24501,County_24501,Mississippi,Rural,11.9,12.56,42.93,44.51
16445,County_16445,Kansas,Urban,10.49,11.32,43.4,45.28
17235,County_17235,Kentucky,Urban,10.24,9.96,54.76,35.28
26127,County_26127,Montana,Urban,11.83,12.48,40.04,47.48
32745,County_32745,New York,Rural,10.69,10.82,48.68,40.5
50803,County_50803,Wyoming,Urban,14.07,13.38,,44.55
27155,County_27155,Nebraska,Urban,13.16,13.12,49.72,37.15
32067,County_32067,New York,Urban,11.3,11.62,,50.55
27651,County_27651,Nebraska,Rural,12.6,12.79,45.46,41.75
13815,County_13815,Illinois,Suburban/Small City,3.45,4.83,43.45,51.72
35163,County_35163,Ohio,Suburban/Small City,9.13,9.7,53.41,36.89
38629,County_38629,Pennsylvania,Rural,3.65,3.58,54.41,42.01
28299,County_28299,Nevada,Urban,14.11,14.21,40.95,44.85
40329,County_40329,South Carolina,Suburban/Small City,10.36,10.83,44.2,44.97
43701,County_43701,Texas,Urban,7.35,7.31,43.96,48.73
36125,County_36125,Oklahoma,Rural,13.32,13.27,42.52,44.21
22019,County_22019,Michigan,Rural,8.22,7.77,56.09,36.14
48577,County_48577,West Virginia,Rural,7.15,7.54,51.95,40.51
5617,County_5617,California,Rural,9.38,10.13,51.84,38.03
38271,County_38271,Pennsylvania,Rural,10.94,11.06,51.9,37.04
31881,County_31881,New Mexico,Urban,7.22,7.26,52.03,40.72
18631,County_18631,Louisiana,Urban,7.07,7.39,50.03,42.58
14543,County_14543,Indiana,Rural,6.64,6.84,56.35,36.81
8915,County_8915,Delaware,Urban,2.59,2.56,48.98,48.46
51941,County_51941,Other,Urban,8.64,8.41,53.89,37.7
48691,County_48691,West Virginia,Rural,10.58,10.97,54.13,34.9
14385,County_14385,Indiana,Suburban/Small City,12.66,12.9,46.34,40.76
54871,County_54871,Other,Urban,6.94,6.48,,32.01
39763,County_39763,Rhode Island,Urban,4.14,4.37,53.86,41.77
40371,County_40371,South Carolina,Rural,6.0,5.23,53.0,41.77
42949,County_42949,Tennessee,Urban,,7.6,40.75,51.65
29891,County_29891,New Hampshire,Urban,6.32,7.56,54.87,37.57
16039,County_16039,Kansas,Rural,5.9,7.25,49.88,42.87
3487,County_3487,Arizona,Rural,15.01,15.06,49.28,35.66
2029,County_2029,Alaska,Urban,9.67,9.62,51.18,39.2
35267,County_35267,Ohio,Rural,7.17,7.62,46.18,46.19
29041,County_29041,New Hampshire,Rural,6.83,7.32,59.15,33.53
28715,County_28715,Nevada,Rural,7.09,7.28,45.42,47.3
22767,County_22767,Michigan,Rural,9.17,9.36,49.61,41.03
39533,County_39533,Rhode Island,Urban,10.88,11.15,47.26,41.59
31395,County_31395,New Mexico,Rural,10.85,12.06,50.04,37.9
28973,County_28973,Nevada,Suburban/Small City,9.73,9.67,55.92,34.41
55255,County_55255,Other,Urban,12.27,12.33,48.43,39.24
34915,County_34915,North Dakota,Rural,7.78,,51.29,40.61
13557,County_13557,Illinois,Urban,7.25,8.68,48.98,42.34
41843,County_41843,South Dakota,Urban,6.08,6.59,47.72,45.7
45923,County_45923,Vermont,Urban,15.9,16.43,41.25,42.32
9143,County_9143,Florida,Suburban/Small City,8.48,8.91,60.78,30.31
10457,County_10457,Georgia,Rural,8.52,10.03,59.25,30.72
46513,County_46513,Virginia,Urban,12.98,13.58,45.22,41.2
36771,County_36771,Oklahoma,Rural,5.6,5.57,53.57,40.87
27855,County_27855,Nebraska,Urban,11.67,11.31,42.95,45.73
39621,County_39621,Rhode Island,Urban,17.02,17.52,40.73,41.75
27479,County_27479,Nebraska,Suburban/Small City,10.24,9.38,47.22,43.41
33447,County_33447,North Carolina,Urban,2.83,2.68,57.45,39.87
34237,County_34237,North Dakota,Rural,14.2,14.81,44.09,41.09
31989,County_31989,New Mexico,Rural,9.83,10.09,53.22,36.69
11105,County_11105,Hawaii,Rural,14.48,14.74,43.97,41.28
33497,County_33497,North Carolina,Rural,9.09,9.24,56.37,34.39
40275,County_40275,South Carolina,Rural,14.12,13.83,37.93,48.23
47919,County_47919,Washington,Suburban/Small City,15.87,15.75,39.3,44.95
43711,County_43711,Texas,Suburban/Small City,12.94,13.73,49.95,36.32
3577,County_3577,Arizona,Rural,13.8,14.51,34.89,50.61
24971,County_24971,Mississippi,Rural,7.17,7.42,52.77,39.81
40065,County_40065,South Carolina,Urban,13.53,13.37,47.77,38.86
18239,County_18239,Louisiana,Rural,5.37,6.32,60.08,33.61
29107,County_29107,New Hampshire,Urban,15.46,15.86,40.01,44.13
27159,County_27159,Nebraska,Urban,3.76,4.24,52.86,42.9
24789,County_24789,Mississippi,Rural,10.14,9.75,53.43,36.82
5263,County_5263,California,Rural,12.29,12.97,45.59,41.44
15039,County_15039,Iowa,Rural,15.18,15.94,40.78,43.28
3057,County_3057,Arizona,Rural,4.23,5.14,38.88,55.98
33405,County_33405,North Carolina,Rural,9.9,9.86,56.34,33.8
45341,County_45341,Vermont,Urban,,5.13,51.92,42.96
51799,County_51799,Other,Urban,8.08,8.36,45.59,46.05
52863,County_52863,Other,Urban,5.37,5.23,50.8,43.97
12887,County_12887,Idaho,Suburban/Small City,7.52,8.1,53.04,38.86
9197,County_9197,Florida,Rural,11.46,12.77,42.56,44.67
18243,County_18243,Louisiana,Rural,9.22,10.07,49.43,40.51
36461,County_36461,Oklahoma,Rural,6.24,6.68,50.36,42.96
2793,County_2793,Alaska,Rural,8.37,8.84,54.1,37.06
6177,County_6177,Colorado,Urban,10.01,9.47,54.9,35.63
48373,County_48373,West Virginia,Urban,13.44,13.32,46.94,39.74
33817,County_33817,North Carolina,Urban,7.43,7.03,51.2,41.77
4411,County_4411,Arkansas,Rural,11.58,11.14,54.73,34.13
40505,County_40505,South Carolina,Urban,10.99,11.22,40.42,48.37
21583,County_21583,Massachusetts,Urban,5.6,5.8,45.91,48.29
17549,County_17549,Kentucky,Rural,7.57,7.88,52.16,39.96
1343,County_1343,Alabama,Rural,6.17,5.85,54.05,40.11
33681,County_33681,North Carolina,Urban,11.97,12.6,41.39,46.01
22147,County_22147,Michigan,Rural,4.16,5.0,55.92,39.08
38871,County_38871,Pennsylvania,Urban,9.24,9.49,47.98,42.53
22577,County_22577,Michigan,Rural,8.76,9.18,48.73,42.09
17503,County_17503,Kentucky,Rural,10.65,10.78,55.13,34.09
19283,County_19283,Maine,Suburban/Small City,9.87,10.06,47.69,42.25
45415,County_45415,Vermont,Rural,5.87,6.04,37.85,56.11
18589,County_18589,Louisiana,Suburban/Small City,13.28,14.11,38.04,47.86
40107,County_40107,South Carolina,Rural,3.95,3.39,61.13,35.48
21561,County_21561,Massachusetts,Urban,3.7,3.98,60.07,35.94
49213,County_49213,Wisconsin,Rural,10.78,10.39,44.26,45.35
31087,County_31087,New Mexico,Rural,9.18,9.6,51.72,38.69
22311,County_22311,Michigan,Rural,10.4,11.3,41.0,47.7
19215,County_19215,Maine,Urban,13.36,13.91,45.34,40.76
28095,County_28095,Nevada,Rural,8.03,8.75,47.74,43.51
12853,County_12853,Idaho,Rural,6.78,5.68,48.11,46.21
18867,County_18867,Louisiana,Rural,6.05,6.21,51.64,42.16
26747,County_26747,Montana,Urban,14.59,14.85,43.1,42.05
29005,County_29005,New Hampshire,Rural,15.17,15.64,39.91,44.45
3053,County_3053,Arizona,Rural,9.0,9.38,49.1,41.52
34185,County_34185,North Dakota,Rural,,13.45,34.42,52.13
10191,County_10191,Georgia,Urban,6.27,6.71,55.96,37.33
47545,County_47545,Washington,Suburban/Small City,11.57,11.58,41.37,47.05
21563,County_21563,Massachusetts,Rural,7.38,7.82,53.8,38.38
50609,County_50609,Wyoming,Rural,8.2,7.6,52.45,39.95
22037,County_22037,Michigan,Suburban/Small City,11.4,,50.78,37.78
30899,County_30899,New Jersey,Urban,5.2,5.72,45.18,49.1
8977,County_8977,Delaware,Rural,7.98,8.46,43.99,47.55
5027,County_5027,California,Suburban/Small City,11.87,12.46,45.67,41.88
19353,County_19353,Maine,Rural,9.1,8.65,45.27,46.08
32753,County_32753,New York,Rural,12.34,11.94,59.63,28.43
42347,County_42347,Tennessee,Rural,14.12,14.22,43.83,41.95
31281,County_31281,New Mexico,Rural,14.97,,48.99,35.65
35415,County_35415,Ohio,Rural,6.71,7.16,48.63,44.22
27849,County_27849,Nebraska,Rural,12.44,14.35,37.78,47.87
19517,County_19517,Maine,Suburban/Small City,0.7,,49.66,49.39
4739,County_4739,Arkansas,Rural,9.68,10.07,49.21,40.72
52227,County_52227,Other,Urban,12.02,12.44,42.01,45.56
12797,County_12797,Idaho,Urban,9.14,8.82,45.07,46.11
10683,County_10683,Georgia,Urban,5.82,7.0,44.06,48.94
26859,County_26859,Montana,Suburban/Small City,14.03,14.3,46.66,39.03
23671,County_23671,Minnesota,Urban,12.57,12.46,54.4,33.14
33023,County_33023,North Carolina,Rural,9.84,9.54,45.78,44.69
15953,County_15953,Iowa,Urban,3.29,3.98,58.59,37.42
5857,County_5857,California,Rural,7.88,8.37,53.05,38.58
1273,County_1273,Alabama,Rural,11.12,11.06,49.28,39.65
15115,County_15115,Iowa,Urban,17.71,,43.24,38.91
4045,County_4045,Arkansas,Rural,7.24,7.28,51.29,41.44
42779,County_42779,Tennessee,Urban,10.12,10.48,45.77,43.76
2563,County_2563,Alaska,Urban,12.53,12.68,40.81,46.5
26607,County_26607,Montana,Rural,6.69,7.33,53.02,39.65
19537,County_19537,Maine,Urban,13.9,14.44,53.16,32.4
33315,County_33315,North Carolina,Suburban/Small City,11.68,11.37,53.76,34.86
35629,County_35629,Ohio,Rural,14.22,14.4,34.72,50.88
51861,County_51861,Other,Urban,11.82,12.04,46.04,41.93
37731,County_37731,Oregon,Rural,5.29,5.57,61.72,32.71
2245,County_2245,Alaska,Rural,4.64,5.39,56.08,38.53
56633,County_56633,Other,Suburban/Small City,11.36,12.28,46.34,41.38
32857,County_32857,New York,Urban,11.23,10.77,53.24,35.99
23385,County_23385,Minnesota,Urban,15.0,15.45,36.19,48.36
36263,County_36263,Oklahoma,Suburban/Small City,8.52,9.23,44.5,46.27
27393,County_27393,Nebraska,Rural,3.76,3.96,,46.75
9931,County_9931,Florida,Suburban/Small City,8.38,9.03,56.33,34.65
9015,County_9015,Florida,Urban,12.28,12.61,52.9,34.48
47291,County_47291,Washington,Suburban/Small City,9.29,9.76,52.04,38.2
1775,County_1775,Alabama,Rural,9.35,9.96,48.06,41.98
2383,County_2383,Alaska,Urban,13.89,14.39,39.84,45.77
15893,County_15893,Iowa,Rural,,8.61,49.11,42.28
29425,County_29425,New Hampshire,Rural,9.15,8.82,52.2,38.98
37407,County_37407,Oregon,Urban,10.32,10.59,45.14,44.27
6947,County_6947,Colorado,Rural,11.06,11.73,44.74,43.53
48447,County_48447,West Virginia,Rural,5.04,4.56,51.9,43.54
11207,County_11207,Hawaii,Urban,6.15,6.2,47.7,46.1
42827,County_42827,Tennessee,Urban,7.07,7.37,45.35,47.28
45521,County_45521,Vermont,Urban,10.81,,42.93,46.09
26529,County_26529,Montana,Suburban/Small City,8.45,8.64,43.98,47.38
28565,County_28565,Nevada,Rural,8.92,9.13,48.28,42.59
37325,County_37325,Oregon,Suburban/Small City,10.69,11.27,39.04,49.69
24367,County_24367,Mississippi,Suburban/Small City,10.54,11.27,44.58,44.15
9985,County_9985,Florida,Urban,15.47,16.58,44.23,39.19
9461,County_9461,Florida,Rural,9.9,10.14,56.73,33.12
50549,County_50549,Wyoming,Suburban/Small City,,10.09,51.82,38.1
38229,County_38229,Pennsylvania,Urban,15.99,16.22,,51.48
36715,County_36715,Oklahoma,Rural,13.56,13.93,40.87,45.2
43133,County_43133,Texas,Rural,9.48,10.65,39.62,49.73
56937,County_56937,Other,Suburban/Small City,4.8,4.52,61.26,
56265,County_56265,Other,Urban,9.21,9.71,43.49,46.8
2205,County_2205,Alaska,Urban,8.92,8.94,50.78,40.27
34117,County_34117,North Dakota,Urban,10.75,12.21,49.96,37.83
54743,County_54743,Other,Rural,12.13,12.61,43.15,44.24
29063,County_29063,New Hampshire,Urban,15.01,16.14,39.6,44.26
49559,County_49559,Wisconsin,Suburban/Small City,11.89,13.71,43.92,42.37
46109,County_46109,Virginia,Rural,5.7,6.25,54.02,39.73
53795,County_53795,Other,Rural,5.76,4.8,55.62,39.58
8271,County_8271,Delaware,Urban,11.34,11.2,40.95,47.85
52063,County_52063,Other,Rural,7.99,8.13,51.89,39.98
28041,County_28041,Nevada,Rural,8.02,8.04,51.28,40.68
43681,County_43681,Texas,Urban,10.49,11.43,46.93,41.64
45315,County_45315,Vermont,Urban,12.4,13.19,49.88,36.93
52631,County_52631,Other,Urban,16.07,16.06,36.62,47.32
43665,County_43665,Texas,Urban,14.11,14.58,47.08,38.34
54469,County_54469,Other,Rural,12.68,12.71,43.78,43.5
56745,County_56745,Other,Urban,8.81,9.28,50.82,39.9
11253,County_11253,Hawaii,Urban,13.32,13.92,,42.25
17845,County_17845,Kentucky,Rural,2.46,2.81,61.72,35.47
26905,County_26905,Montana,Urban,11.1,11.81,49.49,38.69
12535,County_12535,Idaho,Rural,7.45,7.51,49.04,43.45
30951,County_30951,New Jersey,Rural,9.5,10.27,50.09,39.64
45159,County_45159,Vermont,Rural,14.66,13.91,51.26,34.83
12061,County_12061,Idaho,Rural,6.57,6.63,43.67,49.7
11275,County_11275,Hawaii,Rural,16.52,17.19,41.19,41.62
52483,County_52483,Other,Rural,15.25,14.74,46.18,39.08
49411,County_49411,Wisconsin,Rural,16.42,16.41,48.04,35.56
53113,County_53113,Other,Rural,17.21,16.55,30.0,53.45
1537,County_1537,Alabama,Urban,8.28,8.43,46.52,45.06
47349,County_47349,Washington,Urban,7.62,7.83,49.14,43.03
26339,County_26339,Montana,Rural,9.63,9.67,39.76,50.57
24543,County_24543,Mississippi,Rural,10.28,9.21,62.15,28.64
34335,County_34335,North Dakota,Rural,13.31,13.29,48.78,37.93
1573,County_1573,Alabama,Rural,10.67,10.75,45.14,
37333,County_37333,Oregon,Urban,8.04,7.8,41.16,51.03
46175,County_46175,Virginia,Rural,10.49,10.9,46.27,42.83
46461,County_46461,Virginia,Urban,6.62,7.02,44.32,48.65
15123,County_15123,Iowa,Rural,5.91,6.24,52.01,41.75
43745,County_43745,Texas,Rural,6.25,6.96,53.17,39.86
16347,County_16347,Kansas,Urban,12.54,12.79,39.33,47.87
38389,County_38389,Pennsylvania,Urban,9.77,10.16,44.8,45.04
11721,County_11721,Hawaii,Rural,4.59,4.47,59.04,36.49
34371,County_34371,North Dakota,Rural,13.36,12.72,49.4,37.87
41417,County_41417,South Dakota,Suburban/Small City,8.51,8.28,54.03,37.69
54919,County_54919,Other,Urban,3.37,4.34,50.24,45.42
8723,County_8723,Delaware,Rural,8.81,9.4,49.8,40.81
28345,County_28345,Nevada,Rural,7.34,6.62,52.35,41.04
4901,County_4901,Arkansas,Rural,12.34,11.97,48.06,39.97
12407,County_12407,Idaho,Rural,14.59,15.43,40.5,44.07
45997,County_45997,Vermont,Rural,4.94,5.28,50.64,44.08
42801,County_42801,Tennessee,Urban,9.23,9.61,44.98,45.41
52251,County_52251,Other,Rural,12.84,13.45,45.5,41.05
46017,County_46017,Virginia,Rural,7.1,7.63,,38.21
51153,County_51153,Other,Urban,12.16,11.98,52.8,35.22
28365,County_28365,Nevada,Rural,4.88,4.81,50.15,45.04
48967,County_48967,West Virginia,Suburban/Small City,16.83,16.71,45.05,38.24
33825,County_33825,North Carolina,Rural,15.15,16.13,44.83,39.03
18593,County_18593,Louisiana,Rural,8.84,8.98,45.86,45.16
48545,County_48545,West Virginia,Urban,15.95,15.2,39.31,45.5
16371,County_16371,Kansas,Urban,11.79,11.62,,51.52
49101,County_49101,Wisconsin,Suburban/Small City,2.77,3.44,52.68,43.88
19017,County_19017,Maine,Urban,6.41,7.31,52.05,40.64
31991,County_31991,New Mexico,Rural,9.86,10.07,38.31,51.63
46505,County_46505,Virginia,Urban,13.62,13.44,56.76,29.79
48679,County_48679,West Virginia,Rural,5.26,6.13,50.83,43.04
8215,County_8215,Delaware,Urban,16.55,17.1,30.89,52.01
51935,County_51935,Other,Rural,15.42,15.88,47.94,36.18
38045,County_38045,Pennsylvania,Rural,15.55,,38.09,46.74
20073,County_20073,Maryland,Urban,8.24,9.39,36.65,53.96
31271,County_31271,New Mexico,Urban,2.9,3.46,47.32,49.22
23217,County_23217,Minnesota,Rural,5.07,5.55,49.96,44.48
22095,County_22095,Michigan,Suburban/Small City,10.74,11.13,49.55,39.32
30965,County_30965,New Jersey,Rural,13.39,13.58,47.46,38.96
1739,County_1739,Alabama,Urban,9.52,10.17,50.96,38.88
5381,County_5381,California,Rural,7.31,7.7,51.21,41.09
20423,County_20423,Maryland,Rural,10.1,9.86,44.24,45.9
18937,County_18937,Louisiana,Rural,13.59,13.88,36.06,50.06
22291,County_22291,Michigan,Urban,10.21,9.97,42.69,47.34
32277,County_32277,New York,Urban,14.44,14.66,43.31,42.03
46531,County_46531,Virginia,Rural,15.67,16.04,38.66,45.29
35273,County_35273,Ohio,Rural,15.73,15.68,,44.95
20429,County_20429,Maryland,Rural,13.05,12.51,40.63,46.86
37343,County_37343,Oregon,Urban,11.43,12.15,47.27,40.59
33023,County_33023,North Carolina,Suburban/Small City,14.42,14.86,46.18,38.96
33281,County_33281,North Carolina,Rural,10.6,10.63,50.3,39.07
56407,County_56407,Other,Rural,10.15,10.28,51.92,37.8
1947,County_1947,Alabama,Rural,16.54,17.75,44.94,37.31
22995,County_22995,Michigan,Rural,12.22,12.18,40.15,47.67
43901,County_43901,Texas,Rural,16.27,16.51,33.76,49.73
56251,County_56251,Other,Urban,10.05,10.14,47.66,42.2
51809,County_51809,Other,Urban,13.02,12.82,50.73,36.45
45151,County_45151,Vermont,Rural,9.05,8.76,43.93,
55955,County_55955,Other,Rural,13.21,,44.03,42.57
46403,County_46403,Virginia,Urban,10.49,10.74,49.18,40.08
11313,County_11313,Hawaii,Urban,9.23,9.33,52.15,38.52
15545,County_15545,Iowa,Rural,11.72,12.32,,42.46
21817,County_21817,Massachusetts,Urban,6.78,7.26,57.81,34.93
12787,County_12787,Idaho,Rural,11.79,12.13,45.99,41.89
6417,County_6417,Colorado,Rural,5.39,5.92,54.37,39.72
37295,County_37295,Oregon,Rural,11.72,11.88,48.67,39.44
54817,County_54817,Other,Rural,11.58,12.19,49.9,37.91
20495,County_20495,Maryland,Urban,5.19,5.19,56.14,38.67
24217,County_24217,Mississippi,Rural,8.65,8.3,,41.45
33587,County_33587,North Carolina,Rural,7.03,7.18,39.9,52.92
55727,County_55727,Other,Urban,4.27,3.85,54.59,41.56
45541,County_45541,Vermont,Urban,8.64,9.14,45.16,45.69
16487,County_16487,Kansas,Rural,9.24,9.11,60.97,29.92
6379,County_6379,Colorado,Suburban/Small City,8.14,8.71,41.93,49.37
9821,County_9821,Florida,Urban,13.34,14.21,35.18,50.6
36395,County_36395,Oklahoma,Rural,15.16,16.18,32.43,51.38
36651,County_36651,Oklahoma,Urban,14.09,14.68,42.66,42.66
41493,County_41493,South Dakota,Urban,6.6,6.65,54.44,38.91
41335,County_41335,South Dakota,Rural,12.86,13.06,40.44,46.5
48335,County_48335,West Virginia,Urban,8.42,8.04,59.72,32.25
51779,County_51779,Other,Rural,5.05,5.41,48.09,46.51
26637,County_26637,Montana,Urban,5.72,4.32,46.84,48.84
14829,County_14829,Indiana,Rural,7.38,7.57,43.94,48.49
12795,County_12795,Idaho,Urban,7.07,8.1,61.12,30.78
41731,County_41731,South Dakota,Urban,9.62,9.89,42.53,47.59
19653,County_19653,Maine,Rural,12.37,11.87,41.66,46.47
14605,County_14605,Indiana,Rural,7.73,7.65,55.99,36.35
40219,County_40219,South Carolina,Rural,12.06,12.39,49.49,38.12
43505,County_43505,Texas,Rural,10.22,11.05,48.11,40.84
16249,County_16249,Kansas,Urban,8.88,9.07,48.53,42.4
10697,County_10697,Georgia,Suburban/Small City,14.26,14.98,43.12,41.9
36203,County_36203,Oklahoma,Suburban/Small City,11.74,12.25,46.83,40.91
52287,County_52287,Other,Rural,3.5,,44.83,51.37
9211,County_9211,Florida,Rural,10.13,11.37,40.28,48.34
56419,County_56419,Other,Suburban/Small City,14.61,14.44,50.02,35.54
29057,County_29057,New Hampshire,Suburban/Small City,7.59,8.03,53.84,38.13
5517,County_5517,California,Rural,13.37,13.94,45.51,40.56
20851,County_20851,Maryland,Rural,5.93,6.16,56.72,37.12
11655,County_11655,Hawaii,Urban,10.62,10.88,43.15,45.98
17579,County_17579,Kentucky,Rural,14.58,14.88,48.7,36.42
11401,County_11401,Hawaii,Suburban/Small City,5.53,6.76,54.25,38.99
5719,County_5719,California,Suburban/Small City,3.93,3.7,53.95,42.35
48187,County_48187,West Virginia,Rural,11.11,11.21,49.67,39.12
30787,County_30787,New Jersey,Urban,9.83,9.63,50.88,39.48
26877,County_26877,Montana,Urban,15.88,,40.94,43.51
17249,County_17249,Kentucky,Rural,12.66,13.3,50.61,36.08
5357,County_5357,California,Suburban/Small City,5.22,5.74,60.31,33.95
30585,County_30585,New Jersey,Rural,14.2,14.86,44.86,40.28
18197,County_18197,Louisiana,Rural,12.25,12.26,52.53,35.21
30419,County_30419,New Jersey,Urban,14.17,13.59,45.58,40.83
16383,County_16383,Kansas,Urban,8.03,9.47,47.81,42.72
43531,County_43531,Texas,Rural,5.65,5.66,50.83,43.51
54717,County_54717,Other,Rural,16.74,16.72,39.44,
21923,County_21923,Massachusetts,Rural,7.22,6.86,61.17,31.97
31557,County_31557,New Mexico,Rural,4.06,4.72,59.74,35.54
13947,County_13947,Illinois,Rural,12.97,13.12,44.54,42.34
50715,County_50715,Wyoming,Rural,10.68,10.28,43.65,46.06
16421,County_16421,Kansas,Suburban/Small City,8.2,8.61,52.65,38.74
54317,County_54317,Other,Rural,16.4,16.56,44.04,39.4
11763,County_11763,Hawaii,Rural,7.49,6.88,46.14,46.98
50233,County_50233,Wyoming,Urban,7.73,7.65,45.96,46.38
56849,County_56849,Other,Urban,14.38,14.11,44.46,41.43
38561,County_38561,Pennsylvania,Urban,4.52,5.46,55.17,39.37
9543,County_9543,Florida,Suburban/Small City,11.42,12.13,46.99,40.89
13387,County_13387,Illinois,Urban,8.42,8.58,40.54,50.88
44031,County_44031,Utah,Urban,13.49,13.54,44.61,41.85
22515,County_22515,Michigan,Rural,7.74,8.36,43.1,48.54
5895,County_5895,California,Urban,15.77,15.26,38.73,46.01
47723,County_47723,Washington,Urban,6.95,7.65,46.78,45.57
16511,County_16511,Kansas,Suburban/Small City,5.01,5.49,58.19,36.33
52281,County_52281,Other,Urban,12.75,12.85,47.25,39.9
5149,County_5149,California,Urban,9.29,10.82,47.43,41.75
14179,County_14179,Indiana,Rural,8.77,9.47,43.01,
19697,County_19697,Maine,Rural,10.73,10.7,46.42,42.87
54093,County_54093,Other,Rural,11.16,11.7,57.12,31.18
25199,County_25199,Missouri,Urban,9.01,9.52,46.78,43.71
19179,County_19179,Maine,Suburban/Small City,12.64,,39.98,46.44
4653,County_4653,Arkansas,Rural,9.8,10.28,51.54,38.17
50273,County_50273,Wyoming,Urban,12.81,12.8,52.5,34.7
24739,County_24739,Mississippi,Suburban/Small City,,12.56,39.09,48.34
27649,County_27649,Nebraska,Urban,5.71,6.27,52.47,41.26
16201,County_16201,Kansas,Urban,6.03,5.97,47.21,46.82
40373,County_40373,South Carolina,Rural,14.56,14.98,39.24,45.78
54629,County_54629,Other,Urban,,10.37,48.99,40.64
35535,County_35535,Ohio,Rural,11.92,11.83,51.68,36.5
28739,County_28739,Nevada,Suburban/Small City,13.49,14.25,41.14,44.62
31913,County_31913,New Mexico,Rural,6.33,5.97,46.03,48.0
35009,County_35009,Ohio,Urban,14.97,15.82,43.66,40.52
47593,County_47593,Washington,Rural,3.72,3.96,,37.61
12129,County_12129,Idaho,Rural,10.58,11.82,,47.29
19885,County_19885,Maine,Urban,10.13,10.63,50.54,38.82
5575,County_5575,California,Rural,15.8,16.14,41.2,42.66
54701,County_54701,Other,Rural,5.23,5.52,57.2,37.28
40549,County_40549,South Carolina,Urban,,12.04,48.3,39.66
2631,County_2631,Alaska,Rural,4.35,4.64,52.91,42.44
25529,County_25529,Missouri,Urban,9.66,10.79,49.7,39.52
37101,County_37101,Oregon,Rural,15.4,14.73,32.08,53.19
50967,County_50967,Wyoming,Rural,7.84,8.22,52.03,39.75
25241,County_25241,Missouri,Rural,7.8,8.48,56.21,35.31
20011,County_20011,Maryland,Urban,7.16,7.23,53.7,
23655,County_23655,Minnesota,Rural,3.68,3.22,60.82,35.95
15363,County_15363,Iowa,Rural,7.64,8.44,48.53,43.03
27933,County_27933,Nebraska,Rural,14.86,14.65,35.64,49.71
21529,County_21529,Massachusetts,Urban,6.88,7.1,42.02,50.87
21039,County_21039,Massachusetts,Urban,4.36,5.13,48.96,45.91
13735,County_13735,Illinois,Rural,12.02,11.95,45.13,42.92
9969,County_9969,Florida,Urban,6.87,7.67,47.98,44.35
51597,County_51597,Other,Urban,11.48,12.12,,37.59
15511,County_15511,Iowa,Suburban/Small City,13.99,13.92,51.97,34.11
8363,County_8363,Delaware,Rural,6.11,,46.53,46.74
28939,County_28939,Nevada,Urban,,14.0,,45.93
39775,County_39775,Rhode Island,Rural,9.23,9.15,56.87,33.99
17621,County_17621,Kentucky,Rural,16.38,15.41,48.65,35.94
56423,County_56423,Other,Rural,14.25,14.7,40.69,44.6
46609,County_46609,Virginia,Rural,,15.17,42.66,42.18
32561,County_32561,New York,Rural,7.57,8.02,49.99,42.0
9063,County_9063,Florida,Suburban/Small City,,4.44,54.79,40.77
8535,County_8535,Delaware,Urban,7.77,7.61,36.88,55.51
44557,County_44557,Utah,Rural,11.92,12.92,48.95,38.13
56235,County_56235,Other,Urban,10.99,11.78,39.18,49.04
30947,County_30947,New Jersey,Rural,14.94,14.51,52.9,32.59
8671,County_8671,Delaware,Rural,6.85,7.0,55.8,37.2
11413,County_11413,Hawaii,Rural,10.4,,44.57,45.15
3455,County_3455,Arizona,Rural,14.68,14.52,52.47,33.0
3857,County_3857,Arizona,Urban,15.72,15.98,48.82,35.2
12025,County_12025,Idaho,Rural,8.52,9.14,49.53,41.34
32651,County_32651,New York,Rural,10.7,10.59,,36.99
20901,County_20901,Maryland,Suburban/Small City,5.22,5.0,49.08,45.92
6379,County_6379,Colorado,Urban,4.31,4.52,56.68,38.8
43467,County_43467,Texas,Rural,13.62,13.22,42.2,44.58
41793,County_41793,South Dakota,Rural,9.42,9.82,50.9,39.28
42693,County_42693,Tennessee,Urban,10.69,10.51,41.37,48.12
11265,County_11265,Hawaii,Rural,6.86,8.22,45.52,46.26
37609,County_37609,Oregon,Rural,6.01,,53.77,40.18
19197,County_19197,Maine,Suburban/Small City,12.09,,50.58,36.06
5681,County_5681,California,Rural,14.55,14.95,45.81,39.24
37265,County_37265,Oregon,Rural,10.54,11.05,44.58,44.37
27973,County_27973,Nebraska,Urban,8.07,9.33,43.49,47.18
56683,County_56683,Other,Rural,4.13,3.63,55.34,41.04
10131,County_10131,Georgia,Urban,10.34,10.36,53.03,36.61
26251,County_26251,Montana,Urban,13.03,13.05,47.51,39.44
18541,County_18541,Louisiana,Urban,6.03,6.49,49.17,44.34
23121,County_23121,Minnesota,Rural,11.19,11.5,38.11,50.39
8279,County_8279,Delaware,Rural,6.48,6.9,50.14,42.96
5401,County_5401,California,Urban,11.83,12.55,42.43,45.03
52347,County_52347,Other,Rural,8.82,8.69,50.49,40.82
17125,County_17125,Kentucky,Suburban/Small City,16.85,17.03,33.41,49.55
42929,County_42929,Tennessee,Suburban/Small City,11.19,11.7,50.58,37.72
16871,County_16871,Kansas,Urban,2.94,2.91,59.91,37.18
48417,County_48417,West Virginia,Suburban/Small City,5.99,6.27,46.48,47.25
7463,County_7463,Connecticut,Rural,10.5,11.98,42.59,45.43
36717,County_36717,Oklahoma,Urban,11.28,11.68,45.72,42.6
43411,County_43411,Texas,Rural,6.93,6.68,47.37,45.95
9517,County_9517,Florida,Rural,11.32,11.53,40.64,47.83
38809,County_38809,Pennsylvania,Urban,9.61,10.38,47.15,42.47
48439,County_48439,West Virginia,Rural,6.54,6.58,47.06,46.36
35007,County_35007,Ohio,Rural,10.71,10.62,45.61,43.76
53415,County_53415,Other,Rural,8.3,8.4,51.63,39.97
44497,County_44497,Utah,Suburban/Small City,12.76,13.7,51.11,35.19
50147,County_50147,Wyoming,Suburban/Small City,15.08,15.41,42.96,41.63
14145,County_14145,Indiana,Urban,3.46,2.69,55.05,42.25
22187,County_22187,Michigan,Rural,9.16,9.46,42.79,
28605,County_28605,Nevada,Urban,6.13,6.51,52.61,40.89
40275,County_40275,South Carolina,Rural,4.25,4.89,55.61,39.5
48305,County_48305,West Virginia,Suburban/Small City,12.17,12.41,41.45,46.15
38939,County_38939,Pennsylvania,Rural,16.23,,34.45,48.94
31765,County_31765,New Mexico,Rural,2.99,3.15,57.05,39.8
39775,County_39775,Rhode Island,Rural,10.46,11.95,47.21,40.83
34861,County_34861,North Dakota,Urban,11.02,10.99,45.22,
50969,County_50969,Wyoming,Urban,7.64,7.85,59.95,32.2
48753,County_48753,West Virginia,Rural,15.41,15.72,39.89,44.38
4673,County_4673,Arkansas,Rural,16.65,16.74,,43.12
25423,County_25423,Missouri,Suburban/Small City,13.44,13.81,50.29,35.9
55809,County_55809,Other,Rural,7.55,8.29,39.75,51.96
52057,County_52057,Other,Rural,9.8,9.84,48.24,41.92
14777,County_14777,Indiana,Rural,11.95,11.8,41.32,46.88
33617,County_33617,North Carolina,Urban,14.66,15.03,39.83,45.13
3255,County_3255,Arizona,Urban,15.9,15.68,46.32,38.0
50971,County_50971,Wyoming,Suburban/Small City,6.6,6.78,49.56,43.66
28683,County_28683,Nevada,Urban,8.49,8.95,48.11,42.95
34675,County_34675,North Dakota,Rural,7.51,8.36,55.36,36.28
37153,County_37153,Oregon,Rural,14.48,14.71,43.49,41.8
27497,County_27497,Nebraska,Rural,7.31,6.74,54.13,39.13
40623,County_40623,South Carolina,Rural,6.13,6.35,57.23,36.42
6829,County_6829,Colorado,Suburban/Small City,8.63,10.07,43.87,46.06
49647,County_49647,Wisconsin,Urban,7.29,7.24,53.57,39.19
24611,County_24611,Mississippi,Urban,11.04,,42.24,45.58
17671,County_17671,Kentucky,Rural,6.96,7.46,57.65,
25629,County_25629,Missouri,Urban,,7.14,44.34,48.52
39483,County_39483,Rhode Island,Suburban/Small City,10.39,11.4,48.62,39.98
12259,County_12259,Idaho,Urban,6.31,6.19,44.1,49.71
6725,County_6725,Colorado,Rural,6.62,6.52,57.86,35.62
3177,County_3177,Arizona,Rural,9.28,9.0,50.82,40.18
25827,County_25827,Missouri,Rural,15.34,16.16,47.08,36.76
44123,County_44123,Utah,Suburban/Small City,9.04,9.31,44.92,45.77
28753,County_28753,Nevada,Rural,5.25,5.84,49.97,44.2
34943,County_34943,North Dakota,Urban,10.99,11.36,48.43,40.21
20057,County_20057,Maryland,Rural,12.51,13.16,50.13,36.71
54393,County_54393,Other,Rural,10.3,10.04,61.96,28.0
55315,County_55315,Other,Rural,12.56,13.95,46.5,39.55
53271,County_53271,Other,Rural,13.07,13.91,33.79,52.3
18827,County_18827,Louisiana,Urban,9.1,10.23,45.55,44.22
14099,County_14099,Indiana,Rural,8.4,10.17,45.09,44.74
13085,County_13085,Illinois,Suburban/Small City,2.49,2.23,62.26,35.51
40845,County_40845,South Carolina,Rural,13.04,13.05,38.21,48.74
1853,County_1853,Alabama,Urban,11.0,11.61,48.7,39.69
39249,County_39249,Rhode Island,Rural,11.69,10.54,45.25,44.21
49747,County_49747,Wisconsin,Urban,6.96,7.42,50.64,
16669,County_16669,Kansas,Rural,6.93,7.28,64.0,28.71
53273,County_53273,Other,Urban,12.45,11.71,45.34,42.95
54503,County_54503,Other,Rural,13.16,12.69,40.71,46.6
21713,County_21713,Massachusetts,Rural,13.6,,46.44,39.87
32157,County_32157,New York,Rural,5.19,5.92,53.51,40.58
41043,County_41043,South Dakota,Suburban/Small City,8.34,8.78,48.61,42.61
15569,County_15569,Iowa,Rural,13.29,14.32,48.53,37.14
33431,County_33431,North Carolina,Rural,9.5,9.58,42.09,48.33
23297,County_23297,Minnesota,Urban,,8.54,50.18,41.28
19125,County_19125,Maine,Rural,14.63,15.41,35.95,48.64
20273,County_20273,Maryland,Rural,8.89,9.43,57.18,33.39
14697,County_14697,Indiana,Rural,7.38,7.64,51.55,40.81
18625,County_18625,Louisiana,Urban,6.91,7.95,57.28,34.77
21507,County_21507,Massachusetts,Urban,10.59,11.0,45.35,43.65
1235,County_1235,Alabama,Rural,2.5,2.61,54.24,43.15
21993,County_21993,Massachusetts,Rural,11.15,11.8,43.51,44.69
24581,County_24581,Mississippi,Rural,7.22,7.14,46.93,45.93
42315,County_42315,Tennessee,Rural,3.81,,54.39,41.16
54525,County_54525,Other,Rural,7.02,7.54,50.65,41.81
13825,County_13825,Illinois,Rural,13.89,14.34,45.26,40.4
40317,County_40317,South Carolina,Urban,14.06,14.47,44.73,40.8
25325,County_25325,Missouri,Rural,,11.09,44.42,44.49
53911,County_53911,Other,Suburban/Small City,10.45,10.68,50.14,39.18
19133,County_19133,Maine,Suburban/Small City,2.8,3.41,58.37,38.22
43571,County_43571,Texas,Urban,15.04,15.37,35.48,49.15
30259,County_30259,New Jersey,Urban,3.46,4.84,56.37,38.79
20063,County_20063,Maryland,Urban,12.32,13.44,42.89,
33319,County_33319,North Carolina,Suburban/Small City,7.66,8.0,48.89,43.11
15327,County_15327,Iowa,Urban,4.25,3.88,55.18,40.94
35861,County_35861,Ohio,Rural,9.05,9.14,57.6,33.26
46465,County_46465,Virginia,Urban,10.97,10.99,54.93,34.09
5497,County_5497,California,Rural,15.3,14.74,50.38,34.87
37455,County_37455,Oregon,Rural,3.79,5.36,58.99,35.65
7223,County_7223,Connecticut,Urban,10.6,11.25,39.48,49.27
24321,County_24321,Mississippi,Rural,11.92,12.29,43.06,44.65
21713,County_21713,Massachusetts,Rural,5.35,5.94,49.01,45.05
37081,County_37081,Oregon,Rural,8.92,9.38,52.29,38.34
6615,County_6615,Colorado,Rural,6.12,7.18,57.44,35.39
23993,County_23993,Minnesota,Rural,10.51,11.21,43.47,45.32
25639,County_25639,Missouri,Urban,10.71,11.24,51.13,37.63
39727,County_39727,Rhode Island,Urban,6.96,7.12,,46.93
56835,County_56835,Other,Urban,8.56,9.56,44.85,45.6
31311,County_31311,New Mexico,Rural,9.47,10.54,51.79,37.68
18331,County_18331,Louisiana,Urban,3.37,3.42,47.61,48.97
16975,County_16975,Kansas,Urban,14.59,14.2,51.27,34.52
10035,County_10035,Georgia,Rural,5.58,5.29,57.39,37.31
5541,County_5541,California,Rural,5.72,5.23,50.47,44.3
16985,County_16985,Kansas,Rural,11.7,11.33,50.49,38.17
53211,County_53211,Other,Urban,5.53,4.81,51.34,43.85
10593,County_10593,Georgia,Rural,12.47,12.18,42.49,45.33
11311,County_11311,Hawaii,Rural,6.95,7.82,47.68,44.5
21095,County_21095,Massachusetts,Suburban/Small City,12.88,12.59,38.57,48.84
56411,County_56411,Other,Rural,8.64,8.9,51.19,39.91
43541,County_43541,Texas,Rural,18.01,18.07,35.96,45.97
13531,County_13531,Illinois,Rural,4.02,3.6,49.52,46.88
40305,County_40305,South Carolina,Rural,12.08,11.85,43.86,44.29
33917,County_33917,North Carolina,Suburban/Small City,2.11,2.27,59.63,38.1
49763,County_49763,Wisconsin,Urban,8.08,8.12,47.89,43.99
33021,County_33021,North Carolina,Rural,3.34,3.98,48.72,47.31
52367,County_52367,Other,Rural,7.83,8.57,48.04,43.39
56521,County_56521,Other,Rural,11.43,11.94,38.98,49.07
45849,County_45849,Vermont,Rural,17.04,17.41,38.59,44.0
49377,County_49377,Wisconsin,Rural,13.26,13.31,48.53,38.16
21601,County_21601,Massachusetts,Rural,12.8,12.21,49.28,38.51
28161,County_28161,Nevada,Rural,11.07,11.31,40.84,47.85
31153,County_31153,New Mexico,Rural,14.16,14.13,37.59,48.29
11975,County_11975,Hawaii,Urban,14.22,14.77,39.6,45.63
34929,County_34929,North Dakota,Suburban/Small City,12.59,12.29,47.3,40.41
31631,County_31631,New Mexico,Urban,11.0,10.95,49.96,39.09
53453,County_53453,Other,Urban,13.82,14.85,41.3,43.85
39191,County_39191,Rhode Island,Rural,14.29,14.69,36.46,48.85
48883,County_48883,West Virginia,Rural,8.93,9.42,54.04,36.54
36751,County_36751,Oklahoma,Urban,9.34,9.69,43.57,46.74
13837,County_13837,Illinois,Urban,8.58,8.43,44.82,46.75
52927,County_52927,Other,Urban,3.01,2.94,61.41,35.65
7539,County_7539,Connecticut,Rural,6.8,7.4,62.16,30.43
14969,County_14969,Indiana,Urban,11.18,11.21,42.46,46.33
11895,County_11895,Hawaii,Urban,5.4,6.03,56.67,37.3
15973,County_15973,Iowa,Urban,13.9,14.3,,40.26
56123,County_56123,Other,Rural,9.54,9.91,49.26,40.83
15909,County_15909,Iowa,Urban,13.55,13.84,50.52,35.65
20703,County_20703,Maryland,Rural,6.26,6.86,48.6,44.54
32763,County_32763,New York,Urban,14.25,15.46,48.21,36.33
28723,County_28723,Nevada,Rural,13.47,14.27,43.71,42.02
25309,County_25309,Missouri,Rural,14.12,14.68,45.35,39.97
49675,County_49675,Wisconsin,Urban,7.5,,44.73,46.91
23917,County_23917,Minnesota,Rural,9.37,10.13,53.05,36.82
20985,County_20985,Maryland,Urban,3.38,3.7,55.2,41.1
49783,County_49783,Wisconsin,Rural,9.65,9.66,59.02,31.32
18083,County_18083,Louisiana,Suburban/Small City,15.43,15.6,45.25,39.15
36915,County_36915,Oklahoma,Suburban/Small City,10.53,10.75,43.36,45.89
29725,County_29725,New Hampshire,Urban,5.41,6.02,50.73,43.25
5597,County_5597,California,Urban,6.38,6.29,51.84,41.87
1331,County_1331,Alabama,Urban,12.85,13.29,49.93,36.78
36823,County_36823,Oklahoma,Urban,9.61,,47.05,43.59
54451,County_54451,Other,Rural,10.85,11.7,55.2,33.1
12409,County_12409,Idaho,Suburban/Small City,14.52,14.19,45.47,40.34
46839,County_46839,Virginia,Urban,3.66,3.49,54.35,42.16
18775,County_18775,Louisiana,Rural,8.16,8.95,56.71,34.34
4093,County_4093,Arkansas,Rural,8.09,8.84,,40.98
54529,County_54529,Other,Rural,10.41,11.01,47.26,41.73
35005,County_35005,Ohio,Urban,9.03,9.78,44.27,45.95
55159,County_55159,Other,Rural,7.16,6.63,53.25,40.11
9149,County_9149,Florida,Suburban/Small City,2.25,2.38,58.99,38.63
19659,County_19659,Maine,Rural,8.92,8.56,43.84,47.59
21609,County_21609,Massachusetts,Rural,,4.45,47.9,
11633,County_11633,Hawaii,Suburban/Small City,8.59,8.67,50.18,41.15
48869,County_48869,West Virginia,Rural,5.1,5.16,,45.25
15563,County_15563,Iowa,Suburban/Small City,14.45,14.91,36.16,48.93
56957,County_56957,Other,Rural,15.06,15.51,44.84,39.65
2793,County_2793,Alaska,Urban,2.73,3.51,50.14,46.35
20735,County_20735,Maryland,Rural,17.27,,41.77,40.18
30021,County_30021,New Jersey,Rural,7.04,7.09,51.23,41.67
39377,County_39377,Rhode Island,Rural,5.44,5.38,53.48,41.14
20785,County_20785,Maryland,Rural,14.97,16.04,45.06,38.9
29181,County_29181,New Hampshire,Rural,3.86,4.07,54.01,41.92
35053,County_35053,Ohio,Rural,11.08,11.73,44.8,43.48
37749,County_37749,Oregon,Rural,15.57,15.53,46.61,37.86
4063,County_4063,Arkansas,Rural,10.56,10.97,45.15,43.88
25163,County_25163,Missouri,Rural,5.44,5.52,59.39,35.09
9123,County_9123,Florida,Rural,10.52,10.16,51.14,38.7
43597,County_43597,Texas,Rural,6.48,,43.78,49.16
50277,County_50277,Wyoming,Urban,8.83,9.03,47.36,43.62
52541,County_52541,Other,Rural,9.9,10.5,47.65,41.85
1867,County_1867,Alabama,Urban,11.43,11.34,46.16,42.5
24679,County_24679,Mississippi,Rural,5.59,5.25,48.17,46.57
4553,County_4553,Arkansas,Rural,16.82,17.56,50.54,31.91
56271,County_56271,Other,Rural,12.73,13.03,42.82,44.15
52917,County_52917,Other,Rural,9.01,8.58,53.2,38.23
41123,County_41123,South Dakota,Rural,12.51,12.79,52.2,35.02
22429,County_22429,Michigan,Rural,9.71,9.86,51.03,39.12
34353,County_34353,North Dakota,Urban,10.58,10.96,44.87,44.17
37389,County_37389,Oregon,Rural,3.44,3.81,50.14,46.05
11601,County_11601,Hawaii,Urban,13.36,15.18,,45.97
13727,County_13727,Illinois,Suburban/Small City,11.83,12.98,45.61,41.41
36165,County_36165,Oklahoma,Rural,10.59,11.37,51.3,37.34
22283,County_22283,Michigan,Suburban/Small City,14.32,14.64,51.49,33.87
9483,County_9483,Florida,Urban,5.29,5.16,55.65,39.19
34361,County_34361,North Dakota,Rural,9.05,9.2,51.79,39.01
25111,County_25111,Missouri,Rural,11.8,12.09,47.56,40.35
48475,County_48475,West Virginia,Suburban/Small City,2.25,2.34,53.41,44.26
56073,County_56073,Other,Urban,13.23,14.04,49.47,36.49
30369,County_30369,New Jersey,Rural,,12.02,48.74,39.24
49251,County_49251,Wisconsin,Urban,9.85,9.71,39.61,50.68
38855,County_38855,Pennsylvania,Rural,12.82,13.09,46.64,40.27
49607,County_49607,Wisconsin,Rural,8.7,9.58,40.26,50.15
45401,County_45401,Vermont,Rural,6.64,6.22,50.14,43.64
40205,County_40205,South Carolina,Rural,10.71,11.5,47.39,41.11
16449,County_16449,Kansas,Urban,9.79,9.83,45.98,44.19
28471,County_28471,Nevada,Urban,9.66,10.34,46.17,43.5
10817,County_10817,Georgia,Urban,9.72,10.22,49.95,39.82
33473,County_33473,North Carolina,Rural,10.67,11.43,,36.81
7225,County_7225,Connecticut,Rural,12.23,13.22,46.84,39.95
53713,County_53713,Other,Rural,7.3,7.29,52.33,40.38
41211,County_41211,South Dakota,Urban,12.88,13.16,48.23,38.62
33959,County_33959,North Carolina,Rural,9.99,10.25,40.77,48.98
7405,County_7405,Connecticut,Rural,12.96,13.39,47.14,39.47
18633,County_18633,Louisiana,Rural,12.25,12.89,52.72,34.39
20033,County_20033,Maryland,Urban,6.46,6.47,54.67,38.85
25851,County_25851,Missouri,Urban,5.15,5.67,43.84,50.5
11779,County_11779,Hawaii,Suburban/Small City,12.92,12.71,41.05,46.25
11149,County_11149,Hawaii,Rural,,13.65,46.2,40.15
5599,County_5599,California,Urban,5.99,6.01,51.24,42.75
42031,County_42031,Tennessee,Urban,14.96,15.36,46.09,38.54
52409,County_52409,Other,Urban,8.24,7.97,53.46,38.58
31981,County_31981,New Mexico,Rural,14.08,15.14,42.43,42.43
10129,County_10129,Georgia,Urban,10.17,10.31,51.18,38.5
40855,County_40855,South Carolina,Suburban/Small City,13.27,13.56,48.74,37.69
54385,County_54385,Other,Urban,12.64,13.07,,44.23
52637,County_52637,Other,Rural,14.07,14.48,38.39,47.13
43001,County_43001,Texas,Urban,3.67,3.19,53.2,43.61
46573,County_46573,Virginia,Rural,3.81,3.74,56.09,40.17
4813,County_4813,Arkansas,Rural,5.93,6.5,53.93,39.57
51309,County_51309,Other,Urban,16.58,17.13,34.92,47.95
18351,County_18351,Louisiana,Rural,11.11,11.6,50.85,37.55
52403,County_52403,Other,Rural,6.93,8.17,47.78,44.05
43439,County_43439,Texas,Rural,13.01,14.34,46.84,38.82
28113,County_28113,Nevada,Urban,14.28,14.84,40.17,44.99
31469,County_31469,New Mexico,Urban,12.8,12.35,38.05,49.61
23479,County_23479,Minnesota,Rural,17.46,17.41,37.41,45.18
20345,County_20345,Maryland,Urban,14.44,14.74,37.71,47.55
27811,County_27811,Nebraska,Suburban/Small City,4.2,4.59,56.31,39.1
41939,County_41939,South Dakota,Rural,12.15,12.1,50.14,37.77
31255,County_31255,New Mexico,Urban,11.66,12.67,47.19,40.14
15311,County_15311,Iowa,Rural,11.64,12.77,49.45,37.78
2115,County_2115,Alaska,Urban,10.67,11.21,56.52,32.27
45483,County_45483,Vermont,Urban,3.53,3.92,58.27,37.81
11853,County_11853,Hawaii,Rural,11.84,12.23,51.49,36.28
4685,County_4685,Arkansas,Rural,14.41,,34.66,50.18
15357,County_15357,Iowa,Rural,8.13,8.34,49.32,42.34
5241,County_5241,California,Rural,10.54,10.21,48.8,
12863,County_12863,Idaho,Urban,6.13,5.76,56.75,37.49
12905,County_12905,Idaho,Urban,13.51,13.04,39.71,47.25
28281,County_28281,Nevada,Rural,10.88,10.68,49.43,39.88
34969,County_34969,North Dakota,Urban,11.48,11.47,37.83,50.69
4233,County_4233,Arkansas,Suburban/Small City,8.65,9.27,56.55,34.18
52809,County_52809,Other,Urban,14.1,13.61,34.39,52.0
52737,County_52737,Other,Rural,9.22,9.68,48.4,41.92
5911,County_5911,California,Rural,12.17,12.88,54.37,32.75
45099,County_45099,Vermont,Rural,10.66,11.55,50.86,37.59
8477,County_8477,Delaware,Rural,11.14,11.52,45.08,43.4
39805,County_39805,Rhode Island,Urban,8.66,8.89,43.13,47.98
17541,County_17541,Kentucky,Rural,16.22,,43.44,39.92
53275,County_53275,Other,Rural,9.47,9.62,42.14,48.24
13485,County_13485,Illinois,Urban,6.01,6.61,50.34,43.05
16541,County_16541,Kansas,Rural,5.52,5.05,52.63,42.32
19907,County_19907,Maine,Rural,5.35,5.02,56.19,38.8
56521,County_56521,Other,Urban,6.89,7.06,51.89,41.06
38507,County_38507,Pennsylvania,Rural,12.05,12.73,43.69,
11357,County_11357,Hawaii,Rural,4.26,4.6,62.97,32.43
48291,County_48291,West Virginia,Urban,4.89,4.71,48.98,46.32
24249,County_24249,Mississippi,Rural,12.29,12.99,44.83,42.18
51923,County_51923,Other,Rural,13.7,14.16,40.43,45.4
34563,County_34563,North Dakota,Rural,6.97,6.34,46.99,46.67
8587,County_8587,Delaware,Urban,6.91,6.62,49.41,43.96
44045,County_44045,Utah,Rural,8.59,10.26,55.11,34.63
45515,County_45515,Vermont,Urban,13.87,13.94,48.71,37.36
16219,County_16219,Kansas,Rural,9.5,9.79,51.86,38.36
40715,County_40715,South Carolina,Suburban/Small City,12.06,11.67,42.87,45.45
3537,County_3537,Arizona,Urban,6.09,5.91,55.14,38.95
35467,County_35467,Ohio,Rural,9.21,9.72,54.62,35.65
42503,County_42503,Tennessee,Rural,9.48,9.46,52.08,38.46
47369,County_47369,Washington,Urban,,7.72,50.15,42.13
45367,County_45367,Vermont,Urban,2.08,1.55,54.07,44.38
13483,County_13483,Illinois,Urban,10.12,10.35,42.18,47.47
50613,County_50613,Wyoming,Rural,10.61,10.66,43.09,46.24
17269,County_17269,Kentucky,Rural,,8.11,51.95,39.94
30549,County_30549,New Jersey,Rural,11.16,11.54,40.38,48.08
43417,County_43417,Texas,Rural,11.82,12.04,54.68,33.28
13553,County_13553,Illinois,Rural,12.48,12.74,48.43,38.83
14087,County_14087,Indiana,Urban,13.46,14.18,39.93,45.9
44237,County_44237,Utah,Suburban/Small City,6.48,8.03,43.75,48.22
17419,County_17419,Kentucky,Rural,4.27,4.23,47.86,47.91
42837,County_42837,Tennessee,Rural,8.29,8.35,47.29,44.36
11687,County_11687,Hawaii,Urban,7.81,,44.92,46.39
22397,County_22397,Michigan,Rural,6.55,7.28,48.98,
8879,County_8879,Delaware,Urban,8.15,7.7,54.88,37.42
17585,County_17585,Kentucky,Urban,8.0,8.47,43.64,47.89
28313,County_28313,Nevada,Rural,15.77,16.11,47.99,35.9
19443,County_19443,Maine,Rural,8.1,8.53,53.77,37.7
18601,County_18601,Louisiana,Urban,4.77,4.24,,37.68
9961,County_9961,Florida,Rural,11.66,11.73,34.7,53.57
7911,County_7911,Connecticut,Rural,6.47,6.57,58.01,35.42
34825,County_34825,North Dakota,Urban,8.68,9.8,47.13,43.08
56233,County_56233,Other,Urban,7.93,,51.91,39.43
31295,County_31295,New Mexico,Rural,7.41,7.87,50.3,41.82
11623,County_11623,Hawaii,Rural,12.64,13.34,45.26,41.4
35657,County_35657,Ohio,Rural,10.13,9.98,53.54,36.48
6351,County_6351,Colorado,Suburban/Small City,14.1,14.98,33.0,52.02
27065,County_27065,Nebraska,Rural,11.65,12.39,39.01,48.6
26317,County_26317,Montana,Rural,5.54,6.81,47.72,45.47
53155,County_53155,Other,Rural,7.03,7.83,54.8,37.38
27091,County_27091,Nebraska,Urban,16.67,15.68,31.24,53.08
4737,County_4737,Arkansas,Rural,11.09,11.08,50.61,38.31
47873,County_47873,Washington,Rural,10.9,10.51,51.26,38.22
9675,County_9675,Florida,Rural,14.64,14.38,,33.66
43657,County_43657,Texas,Rural,6.34,7.27,60.43,32.3
50723,County_50723,Wyoming,Rural,7.18,7.27,50.49,42.24
54755,County_54755,Other,Urban,11.33,12.02,48.58,
13671,County_13671,Illinois,Suburban/Small City,16.24,16.27,36.04,
12505,County_12505,Idaho,Rural,15.66,16.88,41.98,41.14
18517,County_18517,Louisiana,Rural,6.8,7.73,41.97,50.3
53881,County_53881,Other,Urban,6.77,6.63,39.92,53.45
43815,County_43815,Texas,Rural,6.24,6.36,48.97,44.67
36431,County_36431,Oklahoma,Rural,8.31,8.86,59.4,31.74
34131,County_34131,North Dakota,Urban,11.11,11.28,,43.93
52567,County_52567,Other,Rural,15.65,16.83,34.47,48.71
44097,County_44097,Utah,Rural,13.2,13.72,43.18,43.11
4551,County_4551,Arkansas,Urban,9.65,10.55,45.2,44.25
18619,County_18619,Louisiana,Urban,14.87,14.81,47.73,37.46
13309,County_13309,Illinois,Rural,7.47,7.45,52.62,39.93
23813,County_23813,Minnesota,Rural,4.98,,50.29,44.7
13381,County_13381,Illinois,Rural,12.64,12.65,39.65,47.7
20611,County_20611,Maryland,Urban,7.92,8.61,53.4,37.99
7099,County_7099,Connecticut,Rural,10.67,11.41,47.25,41.33
52217,County_52217,Other,Rural,15.4,16.34,47.36,36.3
33055,County_33055,North Carolina,Suburban/Small City,12.27,12.95,37.86,49.19
24663,County_24663,Mississippi,Rural,5.81,5.75,38.54,55.72
27763,County_27763,Nebraska,Rural,8.8,9.1,51.99,38.91
24467,County_24467,Mississippi,Rural,5.91,6.46,47.48,46.05
24455,County_24455,Mississippi,Urban,7.19,7.57,49.93,42.5
49213,County_49213,Wisconsin,Rural,13.04,13.01,40.48,46.51
38153,County_38153,Pennsylvania,Rural,12.32,12.78,45.96,41.26
44323,County_44323,Utah,Rural,6.02,5.89,51.98,42.13
44673,County_44673,Utah,Rural,6.98,8.24,38.35,53.41
50373,County_50373,Wyoming,Urban,13.09,14.04,43.59,42.37
37059,County_37059,Oregon,Rural,9.62,9.83,42.89,47.28
27069,County_27069,Nebraska,Rural,12.77,12.92,41.48,45.6
51655,County_51655,Other,Rural,8.15,7.87,55.55,36.58
31433,County_31433,New Mexico,Urban,10.68,10.79,49.77,39.45
54769,County_54769,Other,Suburban/Small City,7.59,8.38,44.53,47.09
13061,County_13061,Illinois,Urban,6.22,6.26,53.73,40.01
4829,County_4829,Arkansas,Suburban/Small City,8.0,9.6,48.77,41.63
43577,County_43577,Texas,Rural,17.41,17.63,34.65,47.72
56181,County_56181,Other,Urban,4.98,6.16,47.25,46.59
23847,County_23847,Minnesota,Rural,14.56,14.71,50.43,34.86
19989,County_19989,Maine,Urban,10.91,11.41,56.64,31.96
13301,County_13301,Illinois,Rural,9.57,9.58,55.39,35.03
14765,County_14765,Indiana,Urban,13.07,12.67,49.45,37.88
46279,County_46279,Virginia,Rural,4.74,5.15,52.43,42.41
55335,County_55335,Other,Rural,8.59,8.65,48.79,42.56
2337,County_2337,Alaska,Rural,9.25,9.14,54.22,
2783,County_2783,Alaska,Urban,15.01,15.75,37.34,46.91
41109,County_41109,South Dakota,Rural,9.06,9.18,43.08,47.74
26585,County_26585,Montana,Urban,,9.05,58.2,32.75
16181,County_16181,Kansas,Urban,11.86,12.21,50.52,37.28
2567,County_2567,Alaska,Suburban/Small City,6.52,4.8,50.83,44.37
16487,County_16487,Kansas,Urban,11.24,11.39,56.46,32.15
20331,County_20331,Maryland,Urban,11.95,12.5,32.45,55.06
54981,County_54981,Other,Rural,5.63,,44.78,49.3
11751,County_11751,Hawaii,Urban,8.97,9.65,46.94,43.41
44635,County_44635,Utah,Urban,10.81,11.21,49.38,39.41
35917,County_35917,Ohio,Rural,4.35,4.88,53.5,41.61
52067,County_52067,Other,Rural,6.71,7.03,46.66,46.3
3387,County_3387,Arizona,Rural,11.45,11.52,42.08,46.41
32903,County_32903,New York,Rural,11.91,11.57,48.85,39.59
1799,County_1799,Alabama,Urban,16.71,17.35,43.88,38.77
42679,County_42679,Tennessee,Rural,9.6,10.54,54.12,35.34
34921,County_34921,North Dakota,Urban,8.64,8.61,37.47,53.92
40953,County_40953,South Carolina,Urban,6.62,6.99,48.68,44.33
13419,County_13419,Illinois,Rural,12.74,13.26,46.72,40.02
56439,County_56439,Other,Suburban/Small City,11.47,11.74,,40.69
44441,County_44441,Utah,Urban,9.27,9.1,37.13,53.76
33473,County_33473,North Carolina,Rural,7.84,8.24,43.97,47.8
47053,County_47053,Washington,Urban,,8.02,54.9,37.08
36421,County_36421,Oklahoma,Urban,6.44,6.46,62.25,
27847,County_27847,Nebraska,Rural,8.01,8.78,51.9,39.33
18427,County_18427,Louisiana,Suburban/Small City,7.31,7.38,50.46,42.15
52989,County_52989,Other,Urban,11.17,10.89,44.14,44.97
33665,County_33665,North Carolina,Suburban/Small City,4.64,4.55,57.88,37.57
55849,County_55849,Other,Rural,9.28,9.7,56.42,33.88
52205,County_52205,Other,Rural,7.97,8.66,53.65,37.7
38941,County_38941,Pennsylvania,Urban,10.3,11.0,53.26,35.74
36527,County_36527,Oklahoma,Urban,16.37,16.75,45.25,38.0
16497,County_16497,Kansas,Urban,12.68,13.23,43.14,43.63
48093,County_48093,West Virginia,Suburban/Small City,15.82,16.09,52.01,31.91
15887,County_15887,Iowa,Suburban/Small City,7.93,8.06,46.88,45.06
7069,County_7069,Connecticut,Urban,4.95,5.54,47.03,47.43
14183,County_14183,Indiana,Suburban/Small City,16.64,16.6,49.13,34.27
9667,County_9667,Florida,Rural,15.01,15.33,46.19,38.48
14851,County_14851,Indiana,Rural,4.77,5.02,45.61,49.36
10627,County_10627,Georgia,Suburban/Small City,3.69,3.93,57.01,39.06
14699,County_14699,Indiana,Rural,11.39,11.43,47.33,41.24
17317,County_17317,Kentucky,Suburban/Small City,10.71,10.74,47.49,41.77
31289,County_31289,New Mexico,Urban,7.07,7.15,56.07,36.79
49737,County_49737,Wisconsin,Rural,8.39,,51.18,41.2
52931,County_52931,Other,Suburban/Small City,4.94,5.07,48.24,46.69
8237,County_8237,Delaware,Rural,13.76,13.24,42.34,44.42
11841,County_11841,Hawaii,Urban,9.65,9.7,55.49,34.81
21329,County_21329,Massachusetts,Rural,6.16,6.3,51.0,42.7
22473,County_22473,Michigan,Urban,2.27,2.27,47.56,50.17
40401,County_40401,South Carolina,Urban,13.88,13.94,38.76,47.3
21401,County_21401,Massachusetts,Rural,12.08,12.53,51.57,35.9
47431,County_47431,Washington,Urban,8.15,7.17,56.23,36.6
39851,County_39851,Rhode Island,Suburban/Small City,12.15,11.57,46.66,41.77
16755,County_16755,Kansas,Rural,,15.34,46.38,38.28
27933,County_27933,Nebraska,Suburban/Small City,13.45,13.33,47.84,38.82
42805,County_42805,Tennessee,Urban,12.25,12.51,42.64,44.85
54033,County_54033,Other,Rural,7.87,7.9,51.45,40.65
31465,County_31465,New Mexico,Suburban/Small City,8.12,8.87,45.68,45.46
23669,County_23669,Minnesota,Suburban/Small City,6.28,6.55,,40.9
25097,County_25097,Missouri,Rural,16.04,17.02,38.48,44.5
20955,County_20955,Maryland,Suburban/Small City,7.8,9.09,48.88,42.04
25431,County_25431,Missouri,Urban,11.14,11.44,48.71,39.85
13613,County_13613,Illinois,Urban,16.03,16.61,41.61,41.78
38613,County_38613,Pennsylvania,Urban,6.44,6.28,60.06,33.66
19033,County_19033,Maine,Rural,16.1,16.92,42.75,40.33
47049,County_47049,Washington,Rural,13.6,14.1,43.8,42.11
53369,County_53369,Other,Rural,8.15,,44.65,47.08
25489,County_25489,Missouri,Rural,5.02,5.36,47.27,47.37
18767,County_18767,Louisiana,Rural,12.96,13.5,46.14,40.36
52723,County_52723,Other,Urban,8.24,8.25,52.38,39.37
30169,County_30169,New Jersey,Rural,14.68,14.28,53.48,32.24
51663,County_51663,Other,Rural,7.79,7.74,45.02,47.24
6135,County_6135,Colorado,Rural,3.66,3.88,56.55,39.57
13833,County_13833,Illinois,Rural,16.87,16.61,42.03,41.37
23381,County_23381,Minnesota,Suburban/Small City,7.83,7.26,56.65,36.09
18079,County_18079,Louisiana,Urban,10.48,9.76,50.3,39.94
35335,County_35335,Ohio,Rural,8.27,9.4,57.44,33.15
43105,County_43105,Texas,Rural,9.16,9.61,41.42,48.97
48969,County_48969,West Virginia,Rural,12.27,12.4,52.28,35.33
31041,County_31041,New Mexico,Urban,9.35,9.93,49.4,40.67
10197,County_10197,Georgia,Urban,8.97,9.24,41.64,49.12
15663,County_15663,Iowa,Rural,7.66,8.16,49.37,42.47
17773,County_17773,Kentucky,Urban,10.33,10.34,47.6,42.06
12941,County_12941,Idaho,Suburban/Small City,9.86,9.92,49.56,40.52
40847,County_40847,South Carolina,Suburban/Small City,10.4,10.79,40.79,48.43
20059,County_20059,Maryland,Suburban/Small City,6.15,6.37,52.46,41.17
16071,County_16071,Kansas,Suburban/Small City,12.71,12.36,35.32,52.32
22767,County_22767,Michigan,Urban,16.97,17.47,50.6,31.93
4055,County_4055,Arkansas,Urban,14.01,13.86,49.73,36.4
28519,County_28519,Nevada,Suburban/Small City,8.91,8.68,51.83,39.48
55629,County_55629,Other,Urban,5.63,5.42,54.35,40.23
54801,County_54801,Other,Rural,3.93,6.05,52.44,41.51
26223,County_26223,Montana,Urban,9.63,10.1,50.76,39.14
28493,County_28493,Nevada,Rural,15.09,15.4,43.56,41.05
46881,County_46881,Virginia,Rural,11.2,11.24,40.74,48.03
20497,County_20497,Maryland,Rural,6.67,6.23,48.16,
38733,County_38733,Pennsylvania,Urban,6.98,7.35,43.18,49.47
19497,County_19497,Maine,Urban,14.19,14.24,48.6,37.16
42225,County_42225,Tennessee,Suburban/Small City,11.66,11.79,,43.69
38271,County_38271,Pennsylvania,Rural,9.3,9.82,53.79,36.39
53187,County_53187,Other,Rural,11.51,12.04,42.25,45.71
3345,County_3345,Arizona,Rural,15.12,15.38,38.65,45.97
54983,County_54983,Other,Suburban/Small City,8.61,8.8,,46.95
36385,County_36385,Oklahoma,Rural,14.91,15.24,47.04,37.71
6983,County_6983,Colorado,Suburban/Small City,12.83,12.61,51.04,36.35
49799,County_49799,Wisconsin,Urban,12.01,11.96,46.07,41.97
5439,County_5439,California,Urban,7.7,8.67,45.18,46.15
55503,County_55503,Other,Suburban/Small City,12.55,12.25,42.57,45.17
42723,County_42723,Tennessee,Suburban/Small City,13.05,13.49,45.74,40.78
47949,County_47949,Washington,Rural,9.91,10.44,48.36,41.21
54637,County_54637,Other,Urban,4.48,4.8,53.6,41.6
31311,County_31311,New Mexico,Urban,14.12,14.58,43.31,42.11
21229,County_21229,Massachusetts,Rural,8.2,8.79,46.95,44.26
42033,County_42033,Tennessee,Rural,9.14,9.65,44.6,45.76
53803,County_53803,Other,Urban,14.3,15.58,51.88,32.54
12839,County_12839,Idaho,Urban,10.84,10.98,43.59,45.42
16695,County_16695,Kansas,Rural,12.02,11.95,42.97,
5353,County_5353,California,Urban,8.94,9.58,44.85,45.56
49135,County_49135,Wisconsin,Urban,4.73,5.45,55.48,39.07
45375,County_45375,Vermont,Rural,10.76,11.32,40.6,48.08
32691,County_32691,New York,Urban,15.22,15.69,42.29,42.02
7897,County_7897,Connecticut,Rural,9.28,9.66,44.57,45.77
14269,County_14269,Indiana,Rural,6.34,6.47,,40.53
2851,County_2851,Alaska,Rural,5.35,6.29,49.95,43.75
37753,County_37753,Oregon,Rural,12.56,12.95,37.05,50.0
10573,County_10573,Georgia,Rural,13.33,14.17,40.37,45.46
15133,County_15133,Iowa,Rural,10.63,11.15,42.21,46.64
38515,County_38515,Pennsylvania,Suburban/Small City,7.86,8.14,51.84,40.02
48549,County_48549,West Virginia,Urban,7.16,7.32,55.12,37.57
28139,County_28139,Nevada,Suburban/Small City,13.31,13.41,47.12,
34855,County_34855,North Dakota,Suburban/Small City,12.12,13.43,34.54,52.04
20667,County_20667,Maryland,Suburban/Small City,15.07,15.75,33.17,51.08
18971,County_18971,Louisiana,Urban,16.44,16.95,47.23,35.82
55629,County_55629,Other,Rural,10.21,10.53,55.84,33.63
31737,County_31737,New Mexico,Urban,11.42,12.16,45.06,42.78
56481,County_56481,Other,Urban,15.14,16.05,38.89,45.06
20253,County_20253,Maryland,Suburban/Small City,9.89,9.88,41.76,48.36
21735,County_21735,Massachusetts,Urban,7.11,7.63,47.87,44.5
11473,County_11473,Hawaii,Suburban/Small City,9.09,9.45,54.98,35.57
12959,County_12959,Idaho,Urban,13.44,13.42,36.95,49.63
9833,County_9833,Florida,Suburban/Small City,13.47,13.32,52.15,34.52
4653,County_4653,Arkansas,Urban,7.66,9.06,48.85,42.09
44093,County_44093,Utah,Rural,9.45,8.48,46.01,45.51
54755,County_54755,Other,Rural,11.41,12.64,43.27,44.09
45751,County_45751,Vermont,Rural,8.27,8.86,49.12,42.02
40193,County_40193,South Carolina,Rural,7.69,,58.06,33.67
55063,County_55063,Other,Suburban/Small City,15.94,16.15,45.57,38.28
32081,County_32081,New York,Rural,,17.22,,33.82
35015,County_35015,Ohio,Suburban/Small City,14.6,14.59,32.87,52.55
51403,County_51403,Other,Rural,6.08,7.06,54.85,38.09
13767,County_13767,Illinois,Urban,12.64,13.94,51.83,34.23
44139,County_44139,Utah,Suburban/Small City,3.83,4.75,49.47,45.78
49175,County_49175,Wisconsin,Urban,11.26,12.11,50.26,37.63
18859,County_18859,Louisiana,Rural,8.96,9.54,46.44,44.02
46817,County_46817,Virginia,Rural,8.63,9.05,52.74,38.21
39109,County_39109,Rhode Island,Rural,10.43,9.82,44.45,45.72
25789,County_25789,Missouri,Urban,7.79,,58.1,33.26
10975,County_10975,Georgia,Suburban/Small City,6.03,5.54,52.62,41.83
53733,County_53733,Other,Rural,14.7,14.67,36.31,49.01
11091,County_11091,Hawaii,Rural,,11.88,49.66,38.46
27391,County_27391,Nebraska,Suburban/Small City,4.02,4.11,43.98,51.91
4395,County_4395,Arkansas,Rural,,10.92,50.47,38.61
44687,County_44687,Utah,Suburban/Small City,13.61,14.14,47.47,38.39
37845,County_37845,Oregon,Suburban/Small City,8.35,8.81,50.87,40.33
50839,County_50839,Wyoming,Urban,12.63,13.52,51.79,
5829,County_5829,California,Suburban/Small City,10.56,10.78,41.91,47.31
22797,County_22797,Michigan,Rural,8.32,8.52,54.89,36.59
43529,County_43529,Texas,Rural,1.84,1.58,51.94,46.48
30025,County_30025,New Jersey,Urban,12.44,12.06,45.38,42.56
51981,County_51981,Other,Rural,6.08,6.17,54.69,39.14
31341,County_31341,New Mexico,Rural,5.38,7.21,46.15,46.64
17543,County_17543,Kentucky,Suburban/Small City,6.66,6.07,49.24,44.68
47159,County_47159,Washington,Rural,5.05,5.13,53.31,41.55
22889,County_22889,Michigan,Rural,11.9,12.21,,46.49
13403,County_13403,Illinois,Rural,8.86,9.6,45.95,44.45
30695,County_30695,New Jersey,Rural,10.21,10.58,47.78,41.65
16393,County_16393,Kansas,Rural,8.74,9.61,49.81,40.58
32857,County_32857,New York,Rural,11.15,10.97,51.78,37.25
50431,County_50431,Wyoming,Rural,4.39,5.1,51.16,43.73
19767,County_19767,Maine,Urban,16.53,16.96,37.5,45.54
23117,County_23117,Minnesota,Urban,4.23,4.77,46.68,48.55
2549,County_2549,Alaska,Rural,4.22,4.84,54.96,40.2
37179,County_37179,Oregon,Rural,7.78,7.85,47.41,44.74
46599,County_46599,Virginia,Rural,13.74,14.45,45.16,40.39
36489,County_36489,Oklahoma,Rural,7.79,8.26,,35.53
20549,County_20549,Maryland,Rural,16.85,17.04,40.64,42.32
1033,County_1033,Alabama,Rural,11.33,11.3,47.69,41.01
56471,County_56471,Other,Suburban/Small City,8.23,8.11,63.73,28.16
3407,County_3407,Arizona,Rural,15.37,16.0,35.49,
18467,County_18467,Louisiana,Rural,15.95,16.21,41.5,42.3
15487,County_15487,Iowa,Urban,9.86,9.97,46.54,43.48
13643,County_13643,Illinois,Rural,17.02,17.94,42.04,40.02
24709,County_24709,Mississippi,Urban,8.85,9.46,42.39,48.15
11983,County_11983,Hawaii,Rural,10.98,10.79,46.12,43.1
19805,County_19805,Maine,Rural,16.29,16.77,42.77,40.46
39169,County_39169,Rhode Island,Rural,11.6,10.81,53.68,35.51
20315,County_20315,Maryland,Suburban/Small City,13.71,13.29,48.49,38.22
35785,County_35785,Ohio,Rural,7.95,8.25,48.59,43.15
34859,County_34859,North Dakota,Urban,11.01,11.58,48.82,39.59
14461,County_14461,Indiana,Urban,8.59,8.53,52.27,39.2
5583,County_5583,California,Rural,9.7,9.72,50.34,39.94
11485,County_11485,Hawaii,Suburban/Small City,12.49,13.04,45.48,41.47
54463,County_54463,Other,Rural,7.29,7.71,64.0,28.29
4017,County_4017,Arkansas,Rural,3.94,4.19,60.65,35.16
43481,County_43481,Texas,Urban,14.87,14.48,38.52,47.0
28645,County_28645,Nevada,Urban,11.25,11.31,41.12,47.58
37317,County_37317,Oregon,Rural,14.6,15.39,42.15,42.46
55783,County_55783,Other,Rural,8.28,10.05,43.07,46.88
28339,County_28339,Nevada,Rural,16.31,15.89,40.16,43.95
33573,County_33573,North Carolina,Urban,10.73,10.23,47.84,41.93
22855,County_22855,Michigan,Rural,14.82,15.73,42.09,42.18
32419,County_32419,New York,Rural,11.11,11.26,48.66,40.08
16865,County_16865,Kansas,Urban,13.61,14.26,47.53,38.21
50077,County_50077,Wyoming,Rural,,12.26,48.81,38.93
1775,County_1775,Alabama,Suburban/Small City,13.45,14.26,50.17,35.56
54283,County_54283,Other,Rural,7.17,9.0,47.13,43.86
15005,County_15005,Iowa,Rural,18.42,18.65,30.0,51.35
13337,County_13337,Illinois,Rural,8.06,8.37,47.37,44.26
19329,County_19329,Maine,Rural,4.59,4.82,42.93,52.25
47577,County_47577,Washington,Urban,11.59,12.26,48.72,39.02
43653,County_43653,Texas,Rural,,13.9,52.05,34.05
25665,County_25665,Missouri,Suburban/Small City,12.13,13.83,51.79,34.38
35447,County_35447,Ohio,Rural,7.78,7.47,48.93,43.6
19917,County_19917,Maine,Urban,,14.95,39.91,45.13
28493,County_28493,Nevada,Urban,10.97,11.17,54.31,34.52
22795,County_22795,Michigan,Suburban/Small City,11.38,10.78,40.77,48.45
31145,County_31145,New Mexico,Urban,1.58,1.44,57.14,41.42
55823,County_55823,Other,Rural,8.11,8.38,,40.31
40207,County_40207,South Carolina,Rural,7.13,7.26,45.1,47.65
4593,County_4593,Arkansas,Rural,4.79,5.9,47.92,46.18
50063,County_50063,Wyoming,Rural,,15.63,30.0,
35607,County_35607,Ohio,Rural,5.45,5.93,,38.42
5927,County_5927,California,Urban,16.02,,46.65,37.22
55247,County_55247,Other,Rural,6.99,6.56,60.06,33.38
53129,County_53129,Other,Rural,4.8,5.03,46.58,48.38
10865,County_10865,Georgia,Suburban/Small City,16.01,16.39,48.64,34.97
6387,County_6387,Colorado,Rural,10.22,11.23,48.85,39.92
18201,County_18201,Louisiana,Urban,11.42,11.52,45.58,42.9
15457,County_15457,Iowa,Urban,12.02,12.58,39.78,47.63
39649,County_39649,Rhode Island,Rural,,10.51,42.82,46.66
34811,County_34811,North Dakota,Urban,6.25,6.53,50.29,43.18
36973,County_36973,Oklahoma,Urban,17.47,18.36,36.45,45.19
29453,County_29453,New Hampshire,Rural,5.75,5.46,47.71,46.84
52011,County_52011,Other,Rural,9.22,10.06,44.93,45.02
8109,County_8109,Delaware,Urban,12.21,12.36,49.89,
10391,County_10391,Georgia,Rural,8.87,10.51,45.87,43.61
17071,County_17071,Kentucky,Rural,10.88,10.4,46.16,43.43
38021,County_38021,Pennsylvania,Suburban/Small City,11.56,12.28,49.27,38.45
48821,County_48821,West Virginia,Rural,7.79,8.11,50.59,41.3
49047,County_49047,Wisconsin,Rural,13.64,13.53,45.28,41.19
19313,County_19313,Maine,Urban,13.7,,45.14,40.65
22881,County_22881,Michigan,Suburban/Small City,7.8,7.82,48.67,43.51
46921,County_46921,Virginia,Urban,14.12,14.98,40.82,44.2
55011,County_55011,Other,Rural,7.01,7.43,44.51,48.05
29637,County_29637,New Hampshire,Suburban/Small City,8.3,8.63,50.18,41.19
33273,County_33273,North Carolina,Rural,7.51,6.82,49.83,43.35
37741,County_37741,Oregon,Urban,13.18,13.57,32.92,53.51
49701,County_49701,Wisconsin,Urban,10.13,10.24,49.04,40.72
38671,County_38671,Pennsylvania,Urban,16.1,16.36,33.63,50.01
24555,County_24555,Mississippi,Urban,10.07,10.75,44.44,44.81
21335,County_21335,Massachusetts,Urban,13.91,15.07,47.85,37.08
39419,County_39419,Rhode Island,Suburban/Small City,6.72,6.23,52.7,41.08
28453,County_28453,Nevada,Rural,12.91,12.82,50.81,36.37
49459,County_49459,Wisconsin,Rural,11.54,12.08,39.25,48.67
16463,County_16463,Kansas,Rural,12.62,12.87,46.84,40.28
21377,County_21377,Massachusetts,Rural,12.98,13.96,46.92,39.12
50141,County_50141,Wyoming,Suburban/Small City,11.93,12.71,39.48,47.81
7817,County_7817,Connecticut,Rural,8.01,8.79,49.76,41.44
52023,County_52023,Other,Rural,7.11,7.28,44.37,48.35
6709,County_6709,Colorado,Urban,8.54,8.77,45.64,
13059,County_13059,Illinois,Suburban/Small City,6.54,6.67,41.29,52.04
32563,County_32563,New York,Rural,12.68,12.71,44.65,42.63
4007,County_4007,Arkansas,Rural,3.67,3.69,57.4,38.91
34075,County_34075,North Dakota,Rural,9.35,10.22,49.4,
14347,County_14347,Indiana,Urban,9.22,10.28,49.42,40.3
23311,County_23311,Minnesota,Rural,5.82,5.95,50.58,43.47
49489,County_49489,Wisconsin,Rural,13.53,14.06,39.67,46.27
40565,County_40565,South Carolina,Urban,9.15,9.05,50.08,40.87
26829,County_26829,Montana,Rural,14.79,15.04,44.22,40.74
34073,County_34073,North Dakota,Rural,9.41,9.4,46.03,44.57
15029,County_15029,Iowa,Suburban/Small City,11.41,11.81,39.42,48.76
54275,County_54275,Other,Urban,18.98,18.74,47.4,33.86
33243,County_33243,North Carolina,Suburban/Small City,16.63,16.76,,42.49
49599,County_49599,Wisconsin,Rural,9.1,9.93,48.26,41.82
28509,County_28509,Nevada,Urban,13.17,13.84,36.1,50.06
2687,County_2687,Alaska,Rural,6.8,,53.83,39.7
41091,County_41091,South Dakota,Rural,11.89,,44.58,42.96
42307,County_42307,Tennessee,Urban,7.88,7.24,54.68,38.09
25727,County_25727,Missouri,Rural,5.4,6.01,51.24,42.75
19657,County_19657,Maine,Urban,8.45,8.26,38.59,53.15
46093,County_46093,Virginia,Urban,10.97,11.62,45.66,42.72
44775,County_44775,Utah,Urban,10.15,10.39,46.58,43.03
48945,County_48945,West Virginia,Rural,7.99,8.83,48.88,42.29
22907,County_22907,Michigan,Rural,12.1,,48.45,38.88
11379,County_11379,Hawaii,Urban,10.84,10.52,41.57,47.91
6789,County_6789,Colorado,Rural,14.26,14.62,50.39,34.99
27819,County_27819,Nebraska,Rural,2.68,3.27,59.18,37.55
37973,County_37973,Oregon,Rural,5.12,,61.01,33.35
8293,County_8293,Delaware,Urban,16.37,16.7,40.88,42.42
47811,County_47811,Washington,Rural,9.45,9.52,51.47,39.01
32357,County_32357,New York,Rural,12.66,13.35,45.13,41.52
31431,County_31431,New Mexico,Rural,2.18,1.83,55.19,42.98
38863,County_38863,Pennsylvania,Suburban/Small City,,6.62,59.13,34.25
13381,County_13381,Illinois,Rural,11.59,12.55,35.33,52.12
30603,County_30603,New Jersey,Rural,11.38,11.39,45.7,42.9
35987,County_35987,Ohio,Urban,4.38,4.86,61.12,34.02
52791,County_52791,Other,Rural,6.42,6.16,57.26,36.58
54691,County_54691,Other,Rural,5.88,5.73,55.11,39.17
13109,County_13109,Illinois,Urban,11.28,10.51,38.11,51.38
37315,County_37315,Oregon,Suburban/Small City,15.22,16.26,50.7,33.04
3841,County_3841,Arizona,Urban,11.06,12.41,48.76,38.84
36893,County_36893,Oklahoma,Urban,5.25,7.02,46.83,46.15
39579,County_39579,Rhode Island,Suburban/Small City,6.42,7.12,52.57,40.31
10405,County_10405,Georgia,Suburban/Small City,13.69,14.38,47.48,38.14
55535,County_55535,Other,Rural,3.38,3.72,46.04,50.24
27281,County_27281,Nebraska,Urban,12.64,12.51,46.6,40.89
22659,County_22659,Michigan,Rural,5.53,5.49,60.26,34.25
37083,County_37083,Oregon,Rural,13.14,13.06,47.15,39.79
55391,County_55391,Other,Rural,10.61,9.82,62.12,28.06
6221,County_6221,Colorado,Suburban/Small City,10.75,11.03,54.97,34.0
24831,County_24831,Mississippi,Rural,7.07,7.16,46.87,45.97
42387,County_42387,Tennessee,Urban,3.69,3.71,56.1,40.19
2037,County_2037,Alaska,Rural,11.7,12.6,49.64,37.76
18393,County_18393,Louisiana,Urban,15.14,,34.26,49.95
40081,County_40081,South Carolina,Rural,9.29,8.91,52.34,38.75
52237,County_52237,Other,Urban,7.07,7.77,47.55,44.68
28485,County_28485,Nevada,Urban,10.15,10.46,45.02,44.52
22179,County_22179,Michigan,Rural,6.07,,47.0,
1993,County_1993,Alabama,Rural,12.79,13.3,38.94,47.77
19447,County_19447,Maine,Rural,7.65,7.21,54.77,38.01
6231,County_6231,Colorado,Urban,10.88,10.93,44.4,44.68
55607,County_55607,Other,Urban,10.57,9.87,48.79,41.34
23165,County_23165,Minnesota,Urban,7.55,9.21,50.94,39.85
35439,County_35439,Ohio,Urban,14.98,15.09,48.61,36.3
30525,County_30525,New Jersey,Rural,7.29,8.08,47.24,44.68
40237,County_40237,South Carolina,Rural,7.42,7.45,55.73,36.82
7069,County_7069,Connecticut,Suburban/Small City,11.02,12.06,40.45,47.49
32523,County_32523,New York,Suburban/Small City,15.79,16.76,30.72,52.51
34845,County_34845,North Dakota,Urban,11.44,12.25,42.93,44.82
43575,County_43575,Texas,Rural,10.17,10.4,42.55,47.04
19225,County_19225,Maine,Rural,9.73,10.38,42.67,46.96
38085,County_38085,Pennsylvania,Urban,10.91,10.86,41.79,47.35
47253,County_47253,Washington,Rural,8.84,9.25,49.49,41.27
24873,County_24873,Mississippi,Rural,14.78,15.58,49.68,34.74
6659,County_6659,Colorado,Rural,13.79,14.42,39.64,45.94
17945,County_17945,Kentucky,Urban,14.82,15.36,38.67,45.97
20617,County_20617,Maryland,Rural,,11.61,44.38,44.02
16331,County_16331,Kansas,Urban,7.57,,58.48,33.11
36699,County_36699,Oklahoma,Rural,12.67,11.93,52.63,35.44
53177,County_53177,Other,Urban,4.95,5.89,44.92,49.18
16725,County_16725,Kansas,Urban,8.97,8.84,53.4,37.76
49481,County_49481,Wisconsin,Urban,8.34,9.16,,
40967,County_40967,South Carolina,Rural,4.35,5.11,54.71,40.18
36821,County_36821,Oklahoma,Rural,12.5,13.15,46.57,40.27
39549,County_39549,Rhode Island,Urban,8.68,8.57,39.38,52.05
49071,County_49071,Wisconsin,Urban,14.71,15.76,41.85,42.39
56017,County_56017,Other,Rural,14.18,14.27,40.93,44.8
28229,County_28229,Nevada,Rural,14.98,14.66,48.62,36.72
37171,County_37171,Oregon,Rural,9.98,9.55,42.21,48.24
28689,County_28689,Nevada,Urban,7.73,7.26,49.38,43.35
1601,County_1601,Alabama,Urban,10.11,10.91,52.43,36.66
54119,County_54119,Other,Rural,9.36,9.2,51.65,39.16
48263,County_48263,West Virginia,Urban,8.14,8.46,51.91,39.63
4971,County_4971,Arkansas,Rural,2.6,3.08,57.9,39.02
55829,County_55829,Other,Urban,7.66,7.54,46.15,46.31
16059,County_16059,Kansas,Rural,3.19,3.87,51.03,45.1
1923,County_1923,Alabama,Rural,11.6,12.27,47.8,39.93
8499,County_8499,Delaware,Rural,12.43,13.17,42.2,44.63
17221,County_17221,Kentucky,Rural,,6.67,49.22,44.11
32187,County_32187,New York,Suburban/Small City,13.78,14.38,53.63,32.0
53091,County_53091,Other,Rural,,8.68,48.24,43.08
12077,County_12077,Idaho,Urban,6.0,6.26,53.6,40.14
56241,County_56241,Other,Rural,4.68,4.09,58.35,37.55
46479,County_46479,Virginia,Rural,3.55,3.83,47.59,48.57
17077,County_17077,Kentucky,Rural,10.87,10.45,47.26,42.28
42407,County_42407,Tennessee,Rural,8.39,8.74,,44.08
21007,County_21007,Massachusetts,Urban,12.74,13.04,53.4,33.56
13927,County_13927,Illinois,Urban,10.99,10.8,47.32,41.88
27053,County_27053,Nebraska,Suburban/Small City,12.24,13.33,42.64,44.03
40507,County_40507,South Carolina,Rural,4.91,5.28,54.98,39.74
46515,County_46515,Virginia,Urban,9.38,9.26,52.57,38.17
17155,County_17155,Kentucky,Suburban/Small City,8.43,8.53,50.28,41.19
6051,County_6051,Colorado,Rural,10.12,9.96,43.25,46.79
46491,County_46491,Virginia,Urban,9.97,9.92,47.7,42.38
50037,County_50037,Wyoming,Rural,10.08,10.94,47.67,41.39
6407,County_6407,Colorado,Urban,8.83,9.1,47.33,43.56
17339,County_17339,Kentucky,Urban,9.0,9.69,45.65,44.66
19067,County_19067,Maine,Urban,7.22,7.54,52.17,40.29
18147,County_18147,Louisiana,Rural,11.08,11.85,40.39,47.76
44821,County_44821,Utah,Rural,10.37,11.09,51.22,37.69
21099,County_21099,Massachusetts,Urban,6.44,6.38,49.14,44.48
51275,County_51275,Other,Rural,13.82,14.17,51.36,34.48
24481,County_24481,Mississippi,Urban,5.18,5.75,51.94,42.31
47681,County_47681,Washington,Rural,,8.37,50.86,40.77
1339,County_1339,Alabama,Urban,14.5,15.02,41.45,43.53
20285,County_20285,Maryland,Suburban/Small City,6.94,7.35,52.05,40.6
28213,County_28213,Nevada,Suburban/Small City,12.67,13.55,43.32,43.13
56569,County_56569,Other,Urban,9.3,10.04,50.13,39.83
50957,County_50957,Wyoming,Rural,11.25,11.31,37.43,51.26
21091,County_21091,Massachusetts,Rural,11.48,12.0,47.47,40.53
42377,County_42377,Tennessee,Rural,10.3,9.95,50.7,39.35
16741,County_16741,Kansas,Rural,15.86,16.3,49.28,34.43
31773,County_31773,New Mexico,Rural,10.6,10.42,48.05,41.53
49093,County_49093,Wisconsin,Suburban/Small City,4.03,4.2,61.93,33.87
20717,County_20717,Maryland,Rural,12.5,12.64,44.32,43.04
47859,County_47859,Washington,Rural,17.06,17.24,40.17,42.59
10299,County_10299,Georgia,Rural,17.46,17.72,32.42,49.86
52585,County_52585,Other,Rural,11.02,10.51,40.28,49.21
18315,County_18315,Louisiana,Urban,13.06,13.42,39.27,47.31
18027,County_18027,Louisiana,Rural,10.96,11.67,47.36,40.98
7463,County_7463,Connecticut,Rural,6.46,6.72,50.0,43.28
21935,County_21935,Massachusetts,Rural,5.51,5.61,56.22,38.17
49085,County_49085,Wisconsin,Urban,2.8,3.91,52.46,43.64
47051,County_47051,Washington,Urban,8.21,7.68,,46.36
8917,County_8917,Delaware,Rural,10.76,12.17,49.25,38.58
30901,County_30901,New Jersey,Rural,12.27,12.36,43.08,44.56
23275,County_23275,Minnesota,Urban,15.02,15.24,40.96,43.81
41895,County_41895,South Dakota,Rural,8.79,9.08,60.17,30.75
7303,County_7303,Connecticut,Suburban/Small City,2.74,3.79,52.61,43.6
41249,County_41249,South Dakota,Urban,8.21,9.19,50.44,40.36
32057,County_32057,New York,Suburban/Small City,8.43,8.64,42.93,48.43
33947,County_33947,North Carolina,Suburban/Small City,9.98,10.19,48.13,41.68
5983,County_5983,California,Suburban/Small City,13.13,13.72,40.46,45.82
35009,County_35009,Ohio,Urban,12.29,12.37,52.53,35.1
4199,County_4199,Arkansas,Rural,7.22,7.44,50.47,42.09
21571,County_21571,Massachusetts,Rural,9.25,9.79,43.69,46.52
36031,County_36031,Oklahoma,Urban,7.05,6.93,53.79,39.28
3963,County_3963,Arizona,Rural,,13.05,41.12,45.83
10863,County_10863,Georgia,Suburban/Small City,8.27,8.86,48.6,42.54
53649,County_53649,Other,Urban,14.9,15.5,40.84,
17717,County_17717,Kentucky,Suburban/Small City,6.9,7.66,49.79,42.55
10437,County_10437,Georgia,Rural,8.13,8.75,50.82,40.42
3591,County_3591,Arizona,Rural,14.49,15.19,52.93,31.87
48499,County_48499,West Virginia,Rural,12.79,13.69,44.65,41.66
26143,County_26143,Montana,Rural,13.08,13.73,50.29,35.97
32415,County_32415,New York,Rural,3.47,3.79,58.11,38.1
55371,County_55371,Other,Urban,7.57,7.66,47.86,44.48
29783,County_29783,New Hampshire,Rural,8.11,7.21,45.17,47.63
16539,County_16539,Kansas,Suburban/Small City,12.44,12.34,52.5,
7075,County_7075,Connecticut,Rural,9.32,8.32,53.31,38.37
18587,County_18587,Louisiana,Urban,12.47,14.16,35.03,50.81
12479,County_12479,Idaho,Rural,11.16,10.7,50.23,39.07
37245,County_37245,Oregon,Rural,14.0,15.28,36.1,48.62
32309,County_32309,New York,Urban,5.62,5.64,48.68,45.68
51543,County_51543,Other,Urban,4.8,5.5,42.15,52.35
50533,County_50533,Wyoming,Urban,14.61,14.59,49.92,35.49
47217,County_47217,Washington,Rural,5.95,5.75,66.59,27.66
39441,County_39441,Rhode Island,Urban,12.92,13.24,40.6,46.16
49261,County_49261,Wisconsin,Rural,7.85,8.6,48.04,43.36
9903,County_9903,Florida,Rural,10.55,10.75,50.5,38.75
40893,County_40893,South Carolina,Urban,9.89,10.57,36.04,53.39
5657,County_5657,California,Rural,4.4,5.58,50.54,43.88
6561,County_6561,Colorado,Urban,9.29,9.15,49.66,41.19
10135,County_10135,Georgia,Rural,9.22,10.16,48.46,41.38
36067,County_36067,Oklahoma,Rural,2.02,1.88,45.15,52.97
17969,County_17969,Kentucky,Rural,6.97,7.3,54.3,38.39
11717,County_11717,Hawaii,Rural,6.24,6.42,42.62,50.96
20641,County_20641,Maryland,Rural,15.62,15.4,53.38,31.22
54629,County_54629,Other,Urban,17.89,18.4,43.67,37.93
20447,County_20447,Maryland,Urban,15.9,16.27,36.14,47.59
43583,County_43583,Texas,Urban,11.59,11.86,46.8,
24845,County_24845,Mississippi,Rural,6.34,6.78,54.65,38.56
6519,County_6519,Colorado,Rural,,9.84,48.98,41.18
26629,County_26629,Montana,Rural,7.05,6.74,42.58,50.67
34933,County_34933,North Dakota,Suburban/Small City,9.37,9.82,45.13,45.05
6049,County_6049,Colorado,Urban,5.42,5.45,60.06,34.48
40855,County_40855,South Carolina,Urban,7.58,7.22,49.45,
39263,County_39263,Rhode Island,Rural,14.54,15.55,34.72,49.73
7965,County_7965,Connecticut,Urban,15.5,16.25,45.22,38.54
52973,County_52973,Other,Rural,8.69,9.14,46.75,44.11
3427,County_3427,Arizona,Urban,13.19,13.61,56.43,29.96
13369,County_13369,Illinois,Urban,17.66,18.36,37.91,43.73
49557,County_49557,Wisconsin,Urban,5.68,5.02,54.1,40.88
10967,County_10967,Georgia,Rural,15.0,15.71,45.81,38.48
35749,County_35749,Ohio,Urban,12.05,12.34,46.88,40.78
52395,County_52395,Other,Urban,12.78,12.71,50.3,37.0
43875,County_43875,Texas,Urban,6.38,6.65,49.99,43.36
7343,County_7343,Connecticut,Rural,6.79,6.67,46.96,46.37
37527,County_37527,Oregon,Rural,11.65,12.29,41.03,46.67
17889,County_17889,Kentucky,Urban,8.75,9.04,43.35,47.6
31799,County_31799,New Mexico,Rural,8.75,9.1,49.62,41.28
7597,County_7597,Connecticut,Rural,4.3,4.55,56.24,39.21
51317,County_51317,Other,Rural,11.74,11.67,47.74,40.58
1051,County_1051,Alabama,Urban,14.75,14.05,39.94,46.01
22727,County_22727,Michigan,Urban,11.25,11.27,54.98,33.75
23039,County_23039,Minnesota,Rural,7.4,8.18,51.74,40.09
30977,County_30977,New Jersey,Urban,14.32,15.31,43.49,41.2
1057,County_1057,Alabama,Suburban/Small City,12.96,12.78,44.98,
49261,County_49261,Wisconsin,Rural,6.41,6.98,51.28,
26173,County_26173,Montana,Rural,7.98,7.76,53.76,38.48
35195,County_35195,Ohio,Urban,7.28,7.69,46.4,45.91
2029,County_2029,Alaska,Rural,12.58,12.79,58.01,29.2
48741,County_48741,West Virginia,Rural,14.06,14.66,42.12,43.23
15909,County_15909,Iowa,Suburban/Small City,8.69,7.94,50.12,41.94
10001,County_10001,Georgia,Urban,17.43,17.44,30.66,51.9
54357,County_54357,Other,Urban,11.42,11.73,38.59,49.69
39421,County_39421,Rhode Island,Rural,11.18,12.03,48.43,39.54
48445,County_48445,West Virginia,Urban,7.83,8.63,52.58,38.8
52183,County_52183,Other,Suburban/Small City,11.15,11.53,47.79,40.68
49603,County_49603,Wisconsin,Rural,8.21,8.88,56.4,34.72
23267,County_23267,Minnesota,Urban,17.32,17.73,45.34,36.93
30769,County_30769,New Jersey,Suburban/Small City,5.25,4.88,51.22,43.89
42387,County_42387,Tennessee,Urban,16.51,15.9,47.0,37.1
21531,County_21531,Massachusetts,Rural,4.88,5.53,55.84,38.63
51047,County_51047,Other,Rural,6.89,7.5,55.59,36.91
21215,County_21215,Massachusetts,Rural,10.78,10.86,45.39,43.75
37253,County_37253,Oregon,Rural,12.94,12.6,44.72,42.68
19463,County_19463,Maine,Urban,9.47,10.39,43.98,45.63
16789,County_16789,Kansas,Rural,10.52,11.99,48.67,39.33
36873,County_36873,Oklahoma,Urban,6.63,6.93,58.91,34.16
3259,County_3259,Arizona,Rural,16.71,17.51,45.58,36.92
40383,County_40383,South Carolina,Rural,6.61,6.98,47.05,45.97
34495,County_34495,North Dakota,Rural,12.36,12.68,51.0,36.32
9037,County_9037,Florida,Rural,9.25,9.33,51.89,38.77
22197,County_22197,Michigan,Rural,14.29,14.48,,40.7
37221,County_37221,Oregon,Suburban/Small City,6.8,7.13,,44.35
45771,County_45771,Vermont,Rural,7.07,8.43,47.28,44.29
56759,County_56759,Other,Urban,7.54,7.87,40.75,51.38
29241,County_29241,New Hampshire,Urban,3.36,4.58,,38.58
45777,County_45777,Vermont,Rural,15.17,15.38,41.75,42.87
31657,County_31657,New Mexico,Rural,7.35,7.42,59.79,32.79
25109,County_25109,Missouri,Rural,14.53,14.2,36.75,49.04
40705,County_40705,South Carolina,Urban,11.15,11.52,50.09,38.39
52373,County_52373,Other,Rural,10.67,11.21,45.51,43.28
22263,County_22263,Michigan,Rural,7.81,9.16,45.02,45.82
23519,County_23519,Minnesota,Rural,11.71,11.92,52.06,36.02
13859,County_13859,Illinois,Rural,8.7,9.04,45.15,45.8
9389,County_9389,Florida,Rural,5.43,5.06,52.39,42.55
31797,County_31797,New Mexico,Rural,11.86,11.41,38.84,49.75
31789,County_31789,New Mexico,Urban,8.56,8.6,39.74,51.66
33731,County_33731,North Carolina,Rural,12.12,12.45,38.96,48.59
29391,County_29391,New Hampshire,Urban,10.48,11.0,39.91,49.08
4035,County_4035,Arkansas,Suburban/Small City,12.96,12.52,48.65,38.84
34289,County_34289,North Dakota,Rural,13.56,13.53,42.91,43.56
43241,County_43241,Texas,Rural,4.55,3.78,47.21,49.01
40535,County_40535,South Carolina,Suburban/Small City,11.69,12.09,48.92,38.98
7073,County_7073,Connecticut,Urban,,14.83,44.04,41.13
35241,County_35241,Ohio,Suburban/Small City,7.71,8.02,48.06,43.92
10403,County_10403,Georgia,Rural,12.15,12.34,50.33,37.33
1085,County_1085,Alabama,Urban,4.29,4.63,54.54,40.83
41105,County_41105,South Dakota,Urban,5.96,5.66,43.36,50.98
49081,County_49081,Wisconsin,Rural,11.81,11.95,46.19,41.86
42715,County_42715,Tennessee,Urban,12.05,12.56,50.95,36.49
54111,County_54111,Other,Rural,7.76,7.92,44.19,47.88
55883,County_55883,Other,Rural,15.52,15.2,38.5,46.3
6325,County_6325,Colorado,Urban,6.75,6.24,56.5,37.26
6133,County_6133,Colorado,Urban,8.34,8.96,43.51,47.53
5349,County_5349,California,Suburban/Small City,10.11,11.49,42.89,45.62
12423,County_12423,Idaho,Urban,14.12,15.06,46.77,38.17
29083,County_29083,New Hampshire,Urban,8.06,8.3,56.02,35.68
18087,County_18087,Louisiana,Urban,8.62,9.48,57.03,33.5
14339,County_14339,Indiana,Urban,3.92,4.8,52.67,42.52
13629,County_13629,Illinois,Suburban/Small City,6.56,6.65,48.16,45.19
49709,County_49709,Wisconsin,Rural,12.27,12.18,35.76,52.06
13181,County_13181,Illinois,Rural,12.18,11.86,43.39,44.76
50285,County_50285,Wyoming,Suburban/Small City,10.96,11.43,49.05,39.52
13867,County_13867,Illinois,Urban,16.55,16.66,48.74,34.6
2321,County_2321,Alaska,Urban,13.36,13.4,42.48,44.13
17739,County_17739,Kentucky,Rural,15.78,16.13,38.86,45.01
26425,County_26425,Montana,Urban,11.54,13.12,43.45,43.44
1893,County_1893,Alabama,Rural,3.24,3.36,63.38,33.26
36821,County_36821,Oklahoma,Rural,10.42,9.99,53.89,36.12
39439,County_39439,Rhode Island,Rural,14.75,15.63,37.29,47.08
2179,County_2179,Alaska,Rural,5.09,4.98,47.09,47.93
42825,County_42825,Tennessee,Rural,5.31,5.3,43.46,51.24
41983,County_41983,South Dakota,Suburban/Small City,8.7,9.97,58.22,31.81
49641,County_49641,Wisconsin,Urban,15.8,17.26,47.2,35.54
1373,County_1373,Alabama,Rural,13.32,13.51,45.85,40.64
29363,County_29363,New Hampshire,Rural,12.88,,52.02,34.64
3195,County_3195,Arizona,Suburban/Small City,6.82,6.23,49.63,44.13
2559,County_2559,Alaska,Urban,12.77,12.83,40.0,47.17
40411,County_40411,South Carolina,Urban,8.41,8.35,52.88,38.78
7397,County_7397,Connecticut,Rural,9.61,10.34,40.36,49.3
13865,County_13865,Illinois,Rural,8.31,8.44,44.15,47.4
17271,County_17271,Kentucky,Suburban/Small City,11.69,12.12,44.87,43.01
7837,County_7837,Connecticut,Rural,13.04,12.58,41.28,46.14
3343,County_3343,Arizona,Urban,11.83,11.96,44.28,43.76
5403,County_5403,California,Rural,10.04,9.38,45.0,45.62
31023,County_31023,New Mexico,Rural,9.12,9.3,52.65,38.06
12185,County_12185,Idaho,Rural,6.12,5.38,55.0,39.62
33831,County_33831,North Carolina,Rural,11.04,10.82,55.2,33.98
3849,County_3849,Arizona,Suburban/Small City,4.95,5.46,57.87,36.67
14385,County_14385,Indiana,Rural,14.63,15.47,39.93,44.6
36869,County_36869,Oklahoma,Urban,6.45,6.45,43.37,50.18
16227,County_16227,Kansas,Urban,10.07,10.21,46.14,43.65
18089,County_18089,Louisiana,Rural,10.93,10.95,46.64,42.41
29919,County_29919,New Hampshire,Rural,5.86,5.68,53.86,40.46
5971,County_5971,California,Urban,6.93,6.15,53.08,40.77
27985,County_27985,Nebraska,Urban,11.71,12.48,49.38,38.14
24823,County_24823,Mississippi,Rural,,13.23,42.08,44.7
44063,County_44063,Utah,Rural,11.88,11.93,40.86,47.21
21083,County_21083,Massachusetts,Urban,14.3,15.05,39.69,45.26
23897,County_23897,Minnesota,Urban,9.47,9.14,39.63,51.23
34039,County_34039,North Dakota,Rural,5.22,5.31,52.5,42.19
15171,County_15171,Iowa,Rural,8.45,8.13,45.32,46.55
1743,County_1743,Alabama,Rural,14.52,14.74,44.87,40.39
47319,County_47319,Washington,Rural,12.4,12.09,42.27,45.64
18191,County_18191,Louisiana,Urban,4.84,5.8,53.95,40.25
5549,County_5549,California,Rural,13.45,14.0,52.85,33.15
37179,County_37179,Oregon,Rural,12.82,12.99,40.19,46.81
31363,County_31363,New Mexico,Urban,5.81,6.98,50.16,42.86
48411,County_48411,West Virginia,Urban,7.42,7.89,42.65,49.46
21609,County_21609,Massachusetts,Urban,4.75,5.29,42.5,52.21
31353,County_31353,New Mexico,Rural,7.66,8.01,46.92,45.07
53673,County_53673,Other,Rural,10.02,10.22,49.71,40.06
8063,County_8063,Delaware,Suburban/Small City,12.07,12.43,55.12,32.45
49597,County_49597,Wisconsin,Rural,3.09,2.62,54.38,43.0
56381,County_56381,Other,Rural,12.25,12.05,40.3,47.66
21331,County_21331,Massachusetts,Urban,14.21,14.35,49.62,36.03
10103,County_10103,Georgia,Urban,5.6,6.2,50.34,43.47
10315,County_10315,Georgia,Rural,8.74,9.19,43.52,47.29
4509,County_4509,Arkansas,Rural,15.53,15.12,,45.26
20619,County_20619,Maryland,Rural,10.23,9.54,55.9,34.56
41049,County_41049,South Dakota,Urban,14.61,15.05,39.56,45.39
14519,County_14519,Indiana,Rural,9.05,9.95,50.57,39.48
15335,County_15335,Iowa,Rural,7.05,7.83,46.44,45.73
50753,County_50753,Wyoming,Rural,5.48,6.42,50.92,42.67
7205,County_7205,Connecticut,Rural,11.0,11.15,43.25,45.6
22699,County_22699,Michigan,Urban,7.69,8.09,54.42,37.49
32583,County_32583,New York,Rural,9.52,9.88,46.4,43.72
20547,County_20547,Maryland,Rural,3.87,3.97,51.59,44.44
43533,County_43533,Texas,Urban,12.31,12.97,49.35,
14351,County_14351,Indiana,Rural,17.75,18.38,45.06,36.56
26783,County_26783,Montana,Suburban/Small City,8.45,8.91,53.95,37.14
12097,County_12097,Idaho,Suburban/Small City,10.34,10.2,44.78,45.02
46385,County_46385,Virginia,Rural,9.23,10.4,55.87,33.73
31211,County_31211,New Mexico,Rural,13.67,13.21,40.4,46.39
17417,County_17417,Kentucky,Suburban/Small City,6.86,8.06,49.14,42.8
9615,County_9615,Florida,Urban,5.97,6.24,59.57,34.19
31739,County_31739,New Mexico,Suburban/Small City,4.54,4.21,47.96,47.83
54571,County_54571,Other,Rural,9.03,10.11,46.63,43.26
19197,County_19197,Maine,Urban,13.96,13.3,38.25,48.45
31263,County_31263,New Mexico,Rural,13.19,13.27,50.08,36.64
42799,County_42799,Tennessee,Rural,5.87,6.23,55.83,37.94
23061,County_23061,Minnesota,Rural,11.67,12.05,45.88,42.08
5031,County_5031,California,Urban,15.14,16.08,34.17,49.75
8359,County_8359,Delaware,Rural,14.2,13.58,50.6,35.83
20311,County_20311,Maryland,Rural,,13.36,44.11,42.53
1029,County_1029,Alabama,Rural,4.7,5.75,44.3,49.96
39951,County_39951,Rhode Island,Suburban/Small City,7.8,7.57,50.53,41.9
32721,County_32721,New York,Suburban/Small City,13.83,13.93,47.04,39.03
53895,County_53895,Other,Urban,13.23,14.69,41.73,43.58
31405,County_31405,New Mexico,Suburban/Small City,11.07,11.65,43.58,44.78
49601,County_49601,Wisconsin,Urban,11.55,11.85,51.9,36.25
45673,County_45673,Vermont,Rural,15.79,16.2,,38.41
19899,County_19899,Maine,Urban,12.94,13.61,52.32,34.07
52661,County_52661,Other,Suburban/Small City,8.76,8.44,46.77,44.79
10675,County_10675,Georgia,Suburban/Small City,14.95,15.41,43.78,40.8
41843,County_41843,South Dakota,Suburban/Small City,6.56,7.41,47.94,44.65
25139,County_25139,Missouri,Suburban/Small City,4.3,4.16,45.2,50.63
19567,County_19567,Maine,Rural,10.19,10.32,52.87,36.81
6603,County_6603,Colorado,Urban,6.56,6.78,59.71,33.52
16871,County_16871,Kansas,Rural,3.33,3.66,56.85,39.49
25291,County_25291,Missouri,Suburban/Small City,11.47,11.45,43.11,45.44
56605,County_56605,Other,Suburban/Small City,11.95,12.29,50.74,36.98
37929,County_37929,Oregon,Rural,3.4,3.28,51.25,45.47
14433,County_14433,Indiana,Rural,7.76,8.57,51.36,40.07
9197,County_9197,Florida,Rural,16.39,16.43,34.92,48.65
21767,County_21767,Massachusetts,Rural,4.36,5.46,51.64,42.89
47581,County_47581,Washington,Rural,,11.98,42.4,45.62
52641,County_52641,Other,Urban,11.43,11.5,38.53,49.97
18535,County_18535,Louisiana,Rural,12.68,12.7,39.77,47.52
54817,County_54817,Other,Suburban/Small City,10.75,10.5,47.63,41.88
11185,County_11185,Hawaii,Rural,7.39,,51.42,40.71
41479,County_41479,South Dakota,Suburban/Small City,5.03,5.68,53.0,41.32
53823,County_53823,Other,Suburban/Small City,14.41,13.99,43.93,42.08
46387,County_46387,Virginia,Rural,14.92,15.34,41.75,42.91
6251,County_6251,Colorado,Rural,7.73,7.69,55.9,36.41
9253,County_9253,Florida,Urban,10.82,11.7,42.79,45.5
19843,County_19843,Maine,Rural,10.11,9.88,44.62,45.49
16157,County_16157,Kansas,Rural,13.19,13.12,57.11,29.78
29553,County_29553,New Hampshire,Rural,8.71,9.22,55.39,35.39
54979,County_54979,Other,Urban,12.12,13.53,42.76,43.71
45691,County_45691,Vermont,Urban,14.92,15.41,49.83,34.77
48523,County_48523,West Virginia,Rural,13.51,13.82,49.58,36.59
22709,County_22709,Michigan,Urban,12.73,12.51,42.79,44.7
16643,County_16643,Kansas,Rural,13.66,13.68,42.72,43.6
12773,County_12773,Idaho,Urban,12.74,13.63,43.55,
19107,County_19107,Maine,Urban,2.75,3.19,52.35,44.45
38073,County_38073,Pennsylvania,Urban,15.6,15.32,37.51,47.16
54309,County_54309,Other,Urban,10.89,10.78,55.74,33.49
52689,County_52689,Other,Rural,5.29,5.28,51.49,43.23
55777,County_55777,Other,Rural,12.9,12.94,49.79,37.27
14557,County_14557,Indiana,Rural,7.87,8.25,52.81,38.94
23537,County_23537,Minnesota,Rural,14.05,14.6,,37.7
41113,County_41113,South Dakota,Rural,6.75,7.42,60.05,32.52
13805,County_13805,Illinois,Suburban/Small City,12.98,12.7,40.45,46.84
26079,County_26079,Montana,Urban,6.07,7.02,55.84,37.14
52229,County_52229,Other,Urban,7.28,7.53,47.12,45.35
51921,County_51921,Other,Urban,,6.49,51.29,42.22
35367,County_35367,Ohio,Urban,15.11,15.27,43.52,41.21
19819,County_19819,Maine,Suburban/Small City,12.57,12.66,43.54,43.8
51903,County_51903,Other,Rural,10.65,,40.53,
31481,County_31481,New Mexico,Urban,15.01,15.57,45.3,39.13
52943,County_52943,Other,Urban,8.64,8.73,49.96,41.3
56067,County_56067,Other,Rural,13.83,14.05,53.24,32.7
26609,County_26609,Montana,Suburban/Small City,5.3,4.95,45.02,50.02
44275,County_44275,Utah,Suburban/Small City,5.79,,51.46,41.75
1157,County_1157,Alabama,Urban,10.72,10.77,45.37,43.86
49183,County_49183,Wisconsin,Rural,6.26,6.59,52.84,40.57
47231,County_47231,Washington,Rural,14.4,14.78,39.56,45.66
53675,County_53675,Other,Rural,8.42,7.75,55.91,36.34
47959,County_47959,Washington,Rural,14.37,14.99,45.78,39.23
20591,County_20591,Maryland,Rural,13.94,14.24,48.93,36.84
45951,County_45951,Vermont,Urban,12.2,12.74,47.06,40.21
43357,County_43357,Texas,Urban,9.56,9.67,42.29,48.04
1921,County_1921,Alabama,Rural,2.38,2.49,46.46,51.04
12945,County_12945,Idaho,Urban,10.02,10.28,42.37,47.35
13123,County_13123,Illinois,Suburban/Small City,2.9,2.3,58.27,39.43
12547,County_12547,Idaho,Urban,12.7,13.0,42.99,44.01
56027,County_56027,Other,Rural,4.41,5.06,64.61,30.33
15131,County_15131,Iowa,Urban,9.95,10.37,50.66,38.97
22141,County_22141,Michigan,Rural,11.34,11.51,49.11,39.39
7021,County_7021,Connecticut,Rural,9.42,8.75,51.04,40.2
44031,County_44031,Utah,Urban,11.38,11.09,54.42,34.48
8857,County_8857,Delaware,Urban,7.96,8.18,51.82,40.0
24127,County_24127,Mississippi,Rural,12.58,12.99,44.62,42.4
13325,County_13325,Illinois,Urban,10.92,11.02,45.85,43.13
25857,County_25857,Missouri,Urban,1.53,1.69,52.07,46.24
24541,County_24541,Mississippi,Urban,6.13,6.09,55.74,38.16
44347,County_44347,Utah,Urban,10.57,,44.18,44.44
39475,County_39475,Rhode Island,Rural,8.86,8.74,43.08,48.18
24265,County_24265,Mississippi,Rural,6.37,6.63,48.55,44.82
52277,County_52277,Other,Rural,12.82,13.28,47.21,39.51
6661,County_6661,Colorado,Urban,,8.57,49.82,41.61
14603,County_14603,Indiana,Urban,12.36,12.56,45.38,42.06
55459,County_55459,Other,Rural,7.53,7.77,48.86,43.36
13447,County_13447,Illinois,Urban,15.04,15.38,40.4,44.22
29293,County_29293,New Hampshire,Rural,5.61,6.93,50.77,42.3
18143,County_18143,Louisiana,Rural,14.95,14.77,50.91,34.32
16831,County_16831,Kansas,Suburban/Small City,7.19,8.11,56.65,35.25
14597,County_14597,Indiana,Rural,7.88,7.84,45.12,47.04
16945,County_16945,Kansas,Rural,13.51,14.29,39.71,46.0
43369,County_43369,Texas,Urban,11.38,11.27,40.43,48.31
41337,County_41337,South Dakota,Rural,13.22,13.62,54.0,
27677,County_27677,Nebraska,Urban,14.26,15.17,31.29,53.53
37339,County_37339,Oregon,Rural,9.08,8.77,46.21,45.02
8539,County_8539,Delaware,Rural,16.06,16.14,46.81,37.06
52559,County_52559,Other,Urban,12.09,11.49,52.29,36.21
28647,County_28647,Nevada,Urban,7.61,7.59,46.26,46.16
26595,County_26595,Montana,Rural,16.54,16.69,45.61,37.69
17151,County_17151,Kentucky,Rural,13.93,14.07,46.68,39.25
21929,County_21929,Massachusetts,Rural,11.84,12.23,55.61,32.17
6153,County_6153,Colorado,Suburban/Small City,9.85,9.62,58.98,31.4
25437,County_25437,Missouri,Suburban/Small City,,9.91,42.77,47.31
46121,County_46121,Virginia,Rural,13.52,13.29,45.42,41.3
2523,County_2523,Alaska,Suburban/Small City,12.23,13.3,34.8,51.9
7419,County_7419,Connecticut,Urban,13.74,14.25,47.02,38.73
9691,County_9691,Florida,Rural,11.9,12.38,41.98,45.64
46337,County_46337,Virginia,Rural,10.64,10.12,52.03,37.85
29493,County_29493,New Hampshire,Rural,10.77,10.4,41.89,47.71
7297,County_7297,Connecticut,Rural,9.86,9.96,53.61,36.44
55847,County_55847,Other,Rural,11.41,10.75,57.52,31.73
31707,County_31707,New Mexico,Rural,12.94,13.73,38.17,48.1
42623,County_42623,Tennessee,Rural,10.72,9.91,36.76,53.33
41501,County_41501,South Dakota,Urban,11.73,12.12,,47.98
39129,County_39129,Rhode Island,Urban,13.35,,42.26,45.79
8051,County_8051,Delaware,Rural,13.49,13.35,45.91,40.73
11991,County_11991,Hawaii,Urban,4.74,5.39,54.28,
8689,County_8689,Delaware,Rural,8.67,9.43,44.81,45.76
24277,County_24277,Mississippi,Rural,10.2,10.66,40.97,48.37
10377,County_10377,Georgia,Rural,12.51,12.25,38.14,49.61
33915,County_33915,North Carolina,Urban,6.91,,56.7,36.43
49225,County_49225,Wisconsin,Rural,8.95,9.81,38.91,51.28
15099,County_15099,Iowa,Urban,3.96,4.23,52.0,43.76
5431,County_5431,California,Urban,11.13,11.7,45.04,43.26
26463,County_26463,Montana,Rural,12.93,12.77,37.85,49.39
45535,County_45535,Vermont,Urban,8.91,9.33,51.73,38.94
41365,County_41365,South Dakota,Rural,7.33,8.32,51.14,40.55
11491,County_11491,Hawaii,Rural,9.38,9.82,47.52,42.66
14647,County_14647,Indiana,Rural,6.06,5.54,63.33,31.13
26353,County_26353,Montana,Urban,13.86,15.1,47.33,37.57
41227,County_41227,South Dakota,Rural,6.51,7.32,53.3,39.37
11375,County_11375,Hawaii,Rural,11.41,11.21,48.01,40.78
8447,County_8447,Delaware,Suburban/Small City,6.16,7.46,56.84,35.71
41583,County_41583,South Dakota,Urban,7.0,7.03,49.91,43.06
1175,County_1175,Alabama,Rural,9.14,10.2,47.62,42.18
52951,County_52951,Other,Rural,5.77,6.14,47.02,46.84
14435,County_14435,Indiana,Rural,12.09,12.6,43.51,43.89
29587,County_29587,New Hampshire,Urban,11.81,11.44,44.73,43.83
29957,County_29957,New Hampshire,Urban,8.31,8.98,51.58,39.44
47633,County_47633,Washington,Urban,8.39,8.6,54.87,36.54
1281,County_1281,Alabama,Urban,11.42,11.65,58.15,30.2
4711,County_4711,Arkansas,Rural,7.12,7.35,45.06,47.59
35305,County_35305,Ohio,Rural,5.25,5.56,50.27,44.17
18099,County_18099,Louisiana,Rural,7.24,7.38,47.58,45.04
30613,County_30613,New Jersey,Suburban/Small City,7.61,7.9,57.95,34.15
40447,County_40447,South Carolina,Rural,16.11,17.33,35.5,47.17
20037,County_20037,Maryland,Urban,13.92,13.54,47.87,38.58
4715,County_4715,Arkansas,Suburban/Small City,9.86,11.0,43.53,45.47
18239,County_18239,Louisiana,Rural,11.54,,48.21,40.62
27059,County_27059,Nebraska,Suburban/Small City,13.72,14.26,44.04,41.71
4921,County_4921,Arkansas,Rural,11.85,11.88,47.64,40.48
24703,County_24703,Mississippi,Rural,13.89,14.36,44.19,41.45
52025,County_52025,Other,Rural,12.14,12.64,37.65,49.71
25167,County_25167,Missouri,Urban,8.61,9.54,55.18,35.29
37415,County_37415,Oregon,Urban,10.12,10.13,52.45,37.42
24469,County_24469,Mississippi,Urban,14.67,14.9,35.15,49.94
6893,County_6893,Colorado,Urban,5.38,5.63,49.85,44.52
30175,County_30175,New Jersey,Urban,8.02,8.36,52.49,39.16
41705,County_41705,South Dakota,Rural,11.3,11.48,37.94,50.58
44595,County_44595,Utah,Rural,14.32,15.11,45.18,39.71
52161,County_52161,Other,Rural,12.75,14.11,41.9,43.99
40977,County_40977,South Carolina,Rural,8.4,9.15,48.52,42.33
2025,County_2025,Alaska,Suburban/Small City,6.97,6.46,50.88,42.66
46007,County_46007,Virginia,Rural,5.45,5.48,54.8,39.72
21693,County_21693,Massachusetts,Urban,13.05,13.95,38.58,47.47
48735,County_48735,West Virginia,Urban,9.56,,48.48,41.03
24915,County_24915,Mississippi,Urban,11.31,11.49,44.04,44.47
51911,County_51911,Other,Rural,13.05,14.06,45.29,40.65
47651,County_47651,Washington,Rural,12.66,12.04,51.33,36.62
53507,County_53507,Other,Rural,12.77,12.7,33.74,53.56
55257,County_55257,Other,Rural,10.08,10.57,41.71,47.72
22589,County_22589,Michigan,Rural,16.82,16.77,40.51,42.72
56901,County_56901,Other,Rural,12.33,12.97,45.57,41.46
56585,County_56585,Other,Rural,11.57,11.31,43.24,45.44
28081,County_28081,Nevada,Suburban/Small City,17.2,16.58,36.6,46.82
42317,County_42317,Tennessee,Rural,4.09,3.91,51.7,44.39
41777,County_41777,South Dakota,Suburban/Small City,6.26,,53.47,40.67
44011,County_44011,Utah,Rural,9.82,10.83,50.17,39.0
41615,County_41615,South Dakota,Rural,7.31,7.43,49.08,43.49
2505,County_2505,Alaska,Rural,7.58,8.85,57.15,33.99
43401,County_43401,Texas,Suburban/Small City,12.7,13.05,47.21,39.74
49641,County_49641,Wisconsin,Rural,7.87,8.27,53.45,38.28
16289,County_16289,Kansas,Rural,12.74,13.11,35.85,51.03
55767,County_55767,Other,Suburban/Small City,8.73,8.68,54.44,36.87
15157,County_15157,Iowa,Rural,8.92,,46.28,43.73
39793,County_39793,Rhode Island,Urban,8.9,8.9,46.25,44.85
43263,County_43263,Texas,Urban,4.12,4.64,51.59,43.77
33765,County_33765,North Carolina,Suburban/Small City,10.47,10.65,45.65,43.7
16885,County_16885,Kansas,Suburban/Small City,3.18,2.87,58.78,38.35
52747,County_52747,Other,Rural,9.48,9.82,53.38,36.8
5253,County_5253,California,Rural,6.85,7.26,55.24,37.5
48197,County_48197,West Virginia,Urban,11.51,10.5,49.17,40.33
5793,County_5793,California,Rural,10.22,11.27,48.87,39.87
47455,County_47455,Washington,Rural,,15.01,40.83,44.16
41161,County_41161,South Dakota,Urban,13.25,12.81,54.16,33.03
35585,County_35585,Ohio,Rural,7.74,6.56,48.88,44.56
30007,County_30007,New Jersey,Rural,12.91,12.13,46.03,41.84
18943,County_18943,Louisiana,Rural,12.64,12.23,45.93,41.84
13913,County_13913,Illinois,Suburban/Small City,14.76,14.72,36.59,48.69
56855,County_56855,Other,Rural,8.58,8.89,41.47,49.64
2087,County_2087,Alaska,Urban,7.95,7.74,51.56,40.7
45197,County_45197,Vermont,Rural,3.7,3.72,55.84,40.44
48747,County_48747,West Virginia,Rural,6.8,7.52,53.44,39.04
53657,County_53657,Other,Rural,16.27,16.49,37.47,46.04
1721,County_1721,Alabama,Rural,13.08,13.55,57.23,29.23
50831,County_50831,Wyoming,Rural,8.75,8.32,49.43,42.26
19941,County_19941,Maine,Urban,3.42,4.71,60.06,35.22
26233,County_26233,Montana,Rural,,12.49,44.45,43.07
21073,County_21073,Massachusetts,Urban,6.8,7.87,49.64,42.49
40833,County_40833,South Carolina,Rural,13.23,13.09,41.34,45.57
55789,County_55789,Other,Urban,13.74,14.78,38.98,46.24
48233,County_48233,West Virginia,Urban,11.94,11.77,42.1,46.13
3601,County_3601,Arizona,Urban,8.19,8.02,60.84,31.13
37859,County_37859,Oregon,Urban,3.46,4.28,47.45,48.27
15313,County_15313,Iowa,Rural,7.42,8.38,52.7,38.92
26917,County_26917,Montana,Urban,9.93,10.03,52.33,37.64
20757,County_20757,Maryland,Rural,13.39,13.37,41.93,44.7
48385,County_48385,West Virginia,Rural,11.08,10.96,38.19,50.85
37919,County_37919,Oregon,Urban,11.96,13.08,38.28,48.65
42791,County_42791,Tennessee,Urban,4.23,4.37,53.87,41.76
40617,County_40617,South Carolina,Rural,15.38,15.6,33.0,51.4
51663,County_51663,Other,Rural,6.8,,46.2,47.16
7705,County_7705,Connecticut,Urban,14.67,14.08,44.54,41.37
28879,County_28879,Nevada,Rural,12.48,13.54,36.66,49.81
37327,County_37327,Oregon,Rural,4.15,3.89,48.31,47.8
3325,County_3325,Arizona,Rural,6.03,6.89,55.44,37.66
36975,County_36975,Oklahoma,Rural,2.91,2.85,49.82,47.33
53263,County_53263,Other,Rural,7.55,7.58,45.04,47.38
50293,County_50293,Wyoming,Urban,9.85,10.15,49.68,40.18
5743,County_5743,California,Suburban/Small City,7.27,8.01,55.35,36.64
5071,County_5071,California,Rural,10.87,11.45,49.17,39.38
23719,County_23719,Minnesota,Suburban/Small City,7.5,7.75,46.84,
1215,County_1215,Alabama,Suburban/Small City,8.61,8.08,46.28,45.65
29375,County_29375,New Hampshire,Rural,3.84,4.27,51.1,44.62
45519,County_45519,Vermont,Rural,13.81,13.14,43.5,43.36
46581,County_46581,Virginia,Rural,13.7,14.74,45.71,39.55
49169,County_49169,Wisconsin,Rural,9.64,9.4,49.14,41.46
26645,County_26645,Montana,Rural,7.68,7.66,49.35,42.99
33821,County_33821,North Carolina,Rural,15.64,15.92,42.58,41.5
38207,County_38207,Pennsylvania,Rural,12.14,12.21,46.83,40.97
54773,County_54773,Other,Rural,,11.78,44.63,43.59
14613,County_14613,Indiana,Urban,,11.57,46.96,41.47
10859,County_10859,Georgia,Rural,8.83,9.14,51.62,39.24
6515,County_6515,Colorado,Urban,5.41,5.73,,53.25
48991,County_48991,West Virginia,Urban,11.39,11.41,42.26,46.33
29659,County_29659,New Hampshire,Rural,11.19,11.2,39.52,49.28
29745,County_29745,New Hampshire,Rural,12.08,11.49,48.43,40.08
24811,County_24811,Mississippi,Urban,7.35,7.51,53.74,38.75
32703,County_32703,New York,Rural,6.4,6.78,62.66,30.56
38337,County_38337,Pennsylvania,Urban,,16.49,47.49,36.03
32653,County_32653,New York,Rural,7.65,8.11,47.53,44.36
56825,County_56825,Other,Rural,12.59,13.11,47.95,38.94
26001,County_26001,Montana,Rural,11.13,11.31,42.54,46.15
51065,County_51065,Other,Urban,,4.89,47.68,47.43
46979,County_46979,Virginia,Rural,7.99,7.76,61.6,30.63
47107,County_47107,Washington,Rural,5.68,6.08,51.07,42.84
9565,County_9565,Florida,Rural,8.17,8.4,56.18,35.43
22219,County_22219,Michigan,Rural,15.27,14.83,41.73,43.45
14733,County_14733,Indiana,Urban,10.01,10.86,44.54,44.6
9585,County_9585,Florida,Urban,11.19,10.98,51.72,37.3
41429,County_41429,South Dakota,Urban,13.32,13.37,39.21,47.42
17711,County_17711,Kentucky,Rural,,6.44,49.13,44.43
46469,County_46469,Virginia,Rural,12.04,12.44,44.27,43.29
42921,County_42921,Tennessee,Suburban/Small City,10.43,11.1,41.95,46.95
5917,County_5917,California,Rural,8.99,9.58,49.81,40.61
40539,County_40539,South Carolina,Rural,12.38,12.78,39.49,47.73
37645,County_37645,Oregon,Suburban/Small City,11.01,11.6,47.2,
40525,County_40525,South Carolina,Rural,15.38,16.36,43.76,39.88
45341,County_45341,Vermont,Rural,14.0,,41.21,44.54
28079,County_28079,Nevada,Rural,4.88,5.7,,40.64
26277,County_26277,Montana,Rural,13.64,13.86,45.1,41.05
11117,County_11117,Hawaii,Rural,11.98,12.65,42.94,44.41
17073,County_17073,Kentucky,Rural,8.92,8.69,39.54,51.78
42227,County_42227,Tennessee,Urban,13.75,13.06,49.39,37.55
2443,County_2443,Alaska,Rural,4.24,4.15,54.31,41.54
22399,County_22399,Michigan,Urban,3.74,5.06,64.35,30.6
14007,County_14007,Indiana,Rural,4.4,4.63,62.73,32.64
49217,County_49217,Wisconsin,Urban,10.13,10.07,41.83,48.1
45937,County_45937,Vermont,Rural,9.4,10.18,52.12,37.69
18515,County_18515,Louisiana,Urban,12.31,13.51,43.72,42.76
28891,County_28891,Nevada,Urban,14.49,14.07,35.01,50.92
14785,County_14785,Indiana,Suburban/Small City,3.83,4.2,61.69,34.11
15665,County_15665,Iowa,Rural,9.63,9.18,52.95,37.87
33447,County_33447,North Carolina,Urban,9.3,10.19,42.17,47.63
38635,County_38635,Pennsylvania,Rural,13.16,13.51,43.38,43.11
38803,County_38803,Pennsylvania,Urban,14.35,14.42,44.68,40.91
40557,County_40557,South Carolina,Rural,4.42,4.28,57.65,38.06
17159,County_17159,Kentucky,Rural,13.26,14.08,43.59,42.33
34889,County_34889,North Dakota,Rural,14.69,14.45,49.44,36.11
8871,County_8871,Delaware,Rural,10.55,10.58,,31.81
27349,County_27349,Nebraska,Suburban/Small City,4.34,4.52,50.45,
52907,County_52907,Other,Urban,8.04,8.7,48.96,42.34
52523,County_52523,Other,Rural,14.16,14.28,48.1,37.61
5333,County_5333,California,Rural,14.85,15.62,44.55,39.83
22355,County_22355,Michigan,Rural,9.46,9.94,55.61,
52847,County_52847,Other,Rural,13.68,14.04,35.08,50.88
19619,County_19619,Maine,Urban,7.91,7.35,57.36,35.29
52977,County_52977,Other,Urban,16.88,16.9,44.15,38.96
25819,County_25819,Missouri,Rural,12.69,12.8,41.88,45.32
26525,County_26525,Montana,Rural,7.12,7.8,48.87,43.33
13805,County_13805,Illinois,Rural,8.97,9.45,49.97,40.57
1187,County_1187,Alabama,Rural,9.18,9.35,45.6,45.05
11949,County_11949,Hawaii,Rural,13.3,13.14,41.31,45.55
50827,County_50827,Wyoming,Rural,12.43,11.3,51.24,37.46
7821,County_7821,Connecticut,Rural,4.12,4.19,53.86,41.95
56493,County_56493,Other,Urban,11.98,12.38,46.85,40.77
6479,County_6479,Colorado,Urban,5.91,5.77,43.81,50.42
20805,County_20805,Maryland,Rural,10.94,10.37,41.71,47.92
32785,County_32785,New York,Urban,14.39,14.66,41.72,43.61
48541,County_48541,West Virginia,Rural,11.37,11.99,37.68,50.32
30333,County_30333,New Jersey,Rural,13.08,13.75,41.39,44.86
14249,County_14249,Indiana,Rural,13.42,13.68,49.45,36.87
5997,County_5997,California,Rural,9.34,9.07,54.8,36.13
56053,County_56053,Other,Urban,13.71,14.26,45.97,39.77
11687,County_11687,Hawaii,Urban,14.19,14.58,41.88,43.54
44629,County_44629,Utah,Rural,8.72,9.21,52.39,38.4
19907,County_19907,Maine,Rural,6.29,6.2,,38.11
35735,County_35735,Ohio,Rural,8.6,8.59,47.96,43.46
35135,County_35135,Ohio,Suburban/Small City,13.18,14.63,38.15,47.22
40193,County_40193,South Carolina,Rural,10.34,10.53,44.57,44.9
20841,County_20841,Maryland,Rural,11.96,11.58,48.12,40.3
44715,County_44715,Utah,Rural,8.42,8.43,49.33,42.24
30083,County_30083,New Jersey,Urban,7.37,7.03,51.08,41.88
28359,County_28359,Nevada,Suburban/Small City,13.22,14.05,39.93,46.02
50765,County_50765,Wyoming,Rural,14.82,15.1,41.03,43.88
46071,County_46071,Virginia,Rural,17.75,18.28,31.75,49.97
6019,County_6019,Colorado,Rural,9.21,9.79,50.41,39.8
40393,County_40393,South Carolina,Rural,5.83,6.51,58.36,35.13
43589,County_43589,Texas,Rural,13.99,14.12,51.62,34.26
48121,County_48121,West Virginia,Rural,9.22,9.74,44.85,45.41
52263,County_52263,Other,Rural,,15.29,46.98,37.73
56755,County_56755,Other,Rural,7.96,8.07,50.64,41.3
51983,County_51983,Other,Urban,5.35,5.58,50.47,43.95
36807,County_36807,Oklahoma,Rural,13.54,14.18,49.89,35.93
23421,County_23421,Minnesota,Rural,13.56,13.81,44.57,
38731,County_38731,Pennsylvania,Rural,15.72,16.76,44.66,38.58
35463,County_35463,Ohio,Rural,11.41,12.75,44.24,
19469,County_19469,Maine,Suburban/Small City,11.52,11.96,50.82,37.22
35409,County_35409,Ohio,Urban,7.74,8.12,52.27,39.61
26545,County_26545,Montana,Rural,5.37,5.01,51.74,43.25
19869,County_19869,Maine,Rural,12.67,13.07,43.03,43.9
8467,County_8467,Delaware,Rural,6.24,6.39,58.25,35.37
43421,County_43421,Texas,Rural,7.07,7.32,57.35,35.33
51331,County_51331,Other,Urban,13.1,13.57,48.09,38.34
36919,County_36919,Oklahoma,Urban,12.84,13.18,38.56,48.26
14295,County_14295,Indiana,Rural,15.42,15.99,51.82,32.19
12475,County_12475,Idaho,Rural,,16.36,39.6,44.05
13987,County_13987,Illinois,Urban,12.84,12.59,43.97,43.44
23427,County_23427,Minnesota,Rural,9.5,10.43,50.37,39.2
43777,County_43777,Texas,Rural,13.93,13.79,43.72,42.49
22249,County_22249,Michigan,Suburban/Small City,11.44,10.88,48.52,40.6
10591,County_10591,Georgia,Urban,12.31,12.46,48.96,38.59
40799,County_40799,South Carolina,Rural,7.48,7.58,41.97,50.46
7967,County_7967,Connecticut,Rural,14.79,15.09,40.38,44.54
25235,County_25235,Missouri,Rural,15.76,15.46,,45.03
41867,County_41867,South Dakota,Urban,12.59,13.37,50.32,36.3
8319,County_8319,Delaware,Rural,9.02,9.12,,47.19
23749,County_23749,Minnesota,Urban,,10.04,42.35,47.61
54769,County_54769,Other,Rural,4.28,5.2,49.21,45.59
20475,County_20475,Maryland,Urban,13.24,12.82,50.04,37.14
24885,County_24885,Mississippi,Rural,12.15,11.78,50.95,37.27
3879,County_3879,Arizona,Rural,10.73,11.46,50.27,38.27
21853,County_21853,Massachusetts,Suburban/Small City,6.1,5.79,56.74,37.48
13879,County_13879,Illinois,Urban,7.03,6.94,56.98,36.08
40759,County_40759,South Carolina,Rural,7.76,8.71,60.25,31.05
23517,County_23517,Minnesota,Rural,7.6,7.29,50.34,42.36
1979,County_1979,Alabama,Rural,6.45,7.38,51.77,40.86
56163,County_56163,Other,Suburban/Small City,9.17,9.26,52.96,37.77
33407,County_33407,North Carolina,Rural,5.93,6.51,47.52,45.97
41877,County_41877,South Dakota,Urban,6.88,7.26,57.87,34.87
32623,County_32623,New York,Urban,8.04,8.53,48.39,43.08
34743,County_34743,North Dakota,Rural,11.65,11.54,45.18,43.28
5809,County_5809,California,Urban,11.36,12.04,52.44,35.51
17323,County_17323,Kentucky,Urban,9.27,,55.68,34.62
25501,County_25501,Missouri,Urban,9.14,9.09,47.75,43.16
10835,County_10835,Georgia,Urban,8.35,9.11,51.29,39.61
50497,County_50497,Wyoming,Rural,10.86,11.16,43.79,45.06
9447,County_9447,Florida,Suburban/Small City,12.23,12.83,48.09,39.08
20125,County_20125,Maryland,Urban,8.89,9.85,56.16,33.99
47563,County_47563,Washington,Urban,11.1,11.96,38.08,49.96
48205,County_48205,West Virginia,Urban,4.79,5.09,40.61,54.29
56143,County_56143,Other,Rural,8.56,8.34,48.25,43.4
31751,County_31751,New Mexico,Urban,15.94,16.35,42.89,40.76
47265,County_47265,Washington,Rural,11.59,11.44,50.73,37.82
36909,County_36909,Oklahoma,Rural,12.9,13.84,42.62,43.54
40227,County_40227,South Carolina,Rural,9.99,10.15,47.73,42.11
8583,County_8583,Delaware,Rural,9.48,10.44,45.71,43.85
38065,County_38065,Pennsylvania,Rural,12.62,12.84,44.66,42.49
7337,County_7337,Connecticut,Suburban/Small City,5.48,5.94,55.82,38.24
37395,County_37395,Oregon,Rural,10.08,,53.86,35.42
17013,County_17013,Kentucky,Urban,11.9,12.27,48.45,39.28
16575,County_16575,Kansas,Rural,9.91,9.99,47.11,42.9
55303,County_55303,Other,Rural,11.29,10.72,54.44,34.84
44851,County_44851,Utah,Urban,7.88,8.61,55.0,36.39
7581,County_7581,Connecticut,Urban,9.56,10.42,46.36,
30553,County_30553,New Jersey,Urban,6.78,7.14,50.39,
37665,County_37665,Oregon,Urban,4.65,5.15,51.71,43.15
10801,County_10801,Georgia,Urban,10.96,10.67,53.6,35.73
35135,County_35135,Ohio,Suburban/Small City,,13.23,41.54,45.23
16893,County_16893,Kansas,Rural,8.56,8.6,46.35,45.05
31677,County_31677,New Mexico,Rural,11.01,11.53,45.81,42.66
14075,County_14075,Indiana,Urban,11.25,12.26,39.69,48.05
37387,County_37387,Oregon,Rural,10.85,10.56,44.1,45.33
36517,County_36517,Oklahoma,Urban,13.69,13.61,43.11,43.28
12277,County_12277,Idaho,Rural,4.36,4.13,60.75,35.12
50843,County_50843,Wyoming,Suburban/Small City,8.58,9.1,43.97,46.93
9135,County_9135,Florida,Rural,9.68,10.63,44.35,45.01
8207,County_8207,Delaware,Urban,5.13,6.06,51.39,42.54
39049,County_39049,Rhode Island,Urban,7.03,7.27,54.48,
41261,County_41261,South Dakota,Urban,6.95,6.47,53.64,39.88
13139,County_13139,Illinois,Urban,5.86,5.99,47.67,46.34
20047,County_20047,Maryland,Rural,12.02,12.71,,47.78
27137,County_27137,Nebraska,Rural,14.9,14.58,46.41,39.01
47309,County_47309,Washington,Urban,12.23,13.48,,38.77
49099,County_49099,Wisconsin,Urban,10.97,11.24,42.66,46.1
43795,County_43795,Texas,Rural,7.88,7.75,40.09,52.16
39211,County_39211,Rhode Island,Urban,7.61,7.33,47.49,45.18
54929,County_54929,Other,Rural,13.35,14.29,41.3,44.41
47339,County_47339,Washington,Urban,7.18,7.56,,47.95
36579,County_36579,Oklahoma,Rural,12.89,12.95,40.02,47.03
23013,County_23013,Minnesota,Urban,9.64,9.4,52.25,38.35
17645,County_17645,Kentucky,Urban,10.26,10.95,41.75,47.3
29905,County_29905,New Hampshire,Urban,15.86,16.22,43.7,40.08
49195,County_49195,Wisconsin,Urban,15.84,16.5,35.42,48.08
15475,County_15475,Iowa,Urban,6.73,7.17,44.15,48.68
41303,County_41303,South Dakota,Urban,10.63,10.65,45.7,43.64
48069,County_48069,West Virginia,Rural,11.5,11.61,46.04,42.36
3505,County_3505,Arizona,Rural,10.39,10.16,43.19,46.65
5239,County_5239,California,Rural,15.64,15.64,39.41,44.95
47863,County_47863,Washington,Urban,9.97,9.96,49.74,40.31
27785,County_27785,Nebraska,Urban,5.55,6.85,51.16,42.0
52453,County_52453,Other,Rural,7.22,7.53,51.29,41.18
46507,County_46507,Virginia,Urban,10.33,10.65,49.52,39.83
19711,County_19711,Maine,Rural,8.06,7.7,47.04,45.26
37137,County_37137,Oregon,Suburban/Small City,7.74,8.31,49.37,42.32
34685,County_34685,North Dakota,Rural,9.23,8.73,50.06,41.2
4435,County_4435,Arkansas,Rural,8.63,9.45,43.26,47.29
31319,County_31319,New Mexico,Urban,9.39,9.96,50.15,39.89
52547,County_52547,Other,Rural,3.03,3.41,54.91,41.67
41329,County_41329,South Dakota,Rural,12.42,12.36,45.74,41.9
26821,County_26821,Montana,Urban,10.1,10.69,51.87,37.44
50687,County_50687,Wyoming,Rural,12.1,12.63,47.0,40.37
48047,County_48047,West Virginia,Rural,15.67,16.43,33.26,50.31
55911,County_55911,Other,Urban,10.95,11.51,39.69,48.8
6145,County_6145,Colorado,Rural,12.33,12.95,48.88,38.16
38629,County_38629,Pennsylvania,Rural,3.28,2.95,48.44,48.61
49157,County_49157,Wisconsin,Rural,15.33,15.52,37.3,47.17
47037,County_47037,Washington,Rural,10.08,10.57,36.62,52.81
28765,County_28765,Nevada,Rural,14.96,15.15,31.8,53.05
1445,County_1445,Alabama,Rural,10.24,11.0,47.86,41.14
9709,County_9709,Florida,Rural,10.48,10.18,46.75,43.06
20253,County_20253,Maryland,Rural,7.77,,46.36,44.61
42353,County_42353,Tennessee,Urban,8.97,10.07,42.94,46.99
29909,County_29909,New Hampshire,Rural,13.49,13.84,50.42,35.75
17195,County_17195,Kentucky,Rural,4.03,4.01,52.6,43.39
20443,County_20443,Maryland,Rural,11.75,12.31,47.25,40.44
5351,County_5351,California,Rural,11.14,12.63,41.43,45.94
34825,County_34825,North Dakota,Rural,11.92,12.31,32.88,54.82
36553,County_36553,Oklahoma,Suburban/Small City,13.21,14.13,37.94,47.93
30291,County_30291,New Jersey,Rural,12.06,12.94,45.85,41.21
48551,County_48551,West Virginia,Rural,9.21,9.8,48.62,41.59
30217,County_30217,New Jersey,Rural,17.56,17.59,47.61,34.8
5405,County_5405,California,Rural,16.82,16.76,46.28,36.96
2081,County_2081,Alaska,Rural,12.87,13.59,50.39,36.02
10463,County_10463,Georgia,Urban,5.69,6.68,47.75,45.56
29523,County_29523,New Hampshire,Urban,10.5,11.68,,55.03
2883,County_2883,Alaska,Urban,14.21,14.46,38.23,47.31
32801,County_32801,New York,Urban,9.01,9.68,40.77,49.55
10417,County_10417,Georgia,Urban,4.33,4.59,64.33,31.08
18415,County_18415,Louisiana,Rural,3.22,3.55,50.42,46.03
6565,County_6565,Colorado,Rural,6.25,7.1,45.47,47.44
32745,County_32745,New York,Suburban/Small City,11.16,11.16,42.98,45.86
10347,County_10347,Georgia,Urban,12.59,12.05,50.15,37.8
12245,County_12245,Idaho,Suburban/Small City,13.26,14.06,38.16,47.78
36981,County_36981,Oklahoma,Rural,6.8,7.52,44.16,48.32
24051,County_24051,Mississippi,Rural,10.55,10.6,46.02,43.38
8201,County_8201,Delaware,Suburban/Small City,,6.18,57.72,36.1
11983,County_11983,Hawaii,Rural,10.09,9.68,46.4,43.92
5081,County_5081,California,Urban,8.13,7.74,55.17,37.1
16663,County_16663,Kansas,Urban,9.83,10.0,56.74,33.26
29109,County_29109,New Hampshire,Urban,8.7,9.04,52.65,38.31
13329,County_13329,Illinois,Urban,13.4,13.93,30.69,55.38
19149,County_19149,Maine,Urban,14.31,15.66,42.1,42.23
21951,County_21951,Massachusetts,Rural,11.03,10.96,41.28,47.75
23587,County_23587,Minnesota,Rural,9.13,9.28,46.34,44.38
41581,County_41581,South Dakota,Rural,10.16,11.81,52.14,36.04
11691,County_11691,Hawaii,Urban,9.81,10.14,43.39,46.47
6523,County_6523,Colorado,Suburban/Small City,8.12,8.41,,32.52
19119,County_19119,Maine,Urban,7.41,7.06,,52.05
1829,County_1829,Alabama,Rural,11.32,11.34,49.48,39.18
38385,County_38385,Pennsylvania,Rural,6.61,6.7,46.03,47.26
7431,County_7431,Connecticut,Rural,7.28,7.14,53.91,38.95
5921,County_5921,California,Urban,,12.89,49.22,37.89
18867,County_18867,Louisiana,Urban,10.06,9.67,51.81,38.52
41565,County_41565,South Dakota,Rural,10.28,10.8,47.08,42.13
42663,County_42663,Tennessee,Rural,8.68,8.18,48.14,43.68
51267,County_51267,Other,Urban,,12.28,49.06,38.67
31033,County_31033,New Mexico,Rural,15.09,15.28,40.69,44.03
29611,County_29611,New Hampshire,Rural,5.5,5.3,53.95,40.75
7097,County_7097,Connecticut,Urban,10.96,11.57,,38.76
40087,County_40087,South Carolina,Rural,9.15,9.19,47.19,43.62
12459,County_12459,Idaho,Rural,10.04,,50.82,38.9
30803,County_30803,New Jersey,Rural,13.5,14.39,42.35,43.26
20101,County_20101,Maryland,Rural,11.14,11.01,50.12,38.87
13825,County_13825,Illinois,Urban,10.83,11.6,53.07,35.33
44367,County_44367,Utah,Rural,10.22,10.27,53.88,35.85
16429,County_16429,Kansas,Rural,12.22,12.96,45.64,41.4
15599,County_15599,Iowa,Urban,13.35,14.28,47.47,38.26
30175,County_30175,New Jersey,Urban,10.52,11.31,53.92,34.77
9861,County_9861,Florida,Suburban/Small City,9.74,9.53,49.8,40.67
40887,County_40887,South Carolina,Suburban/Small City,5.06,4.94,53.31,41.75
29979,County_29979,New Hampshire,Rural,10.02,10.73,47.17,42.09
15897,County_15897,Iowa,Rural,13.79,13.79,48.89,37.32
5065,County_5065,California,Rural,8.34,8.34,53.78,37.89
37059,County_37059,Oregon,Urban,10.95,11.63,50.17,38.19
13127,County_13127,Illinois,Rural,7.87,8.18,51.87,39.95
18239,County_18239,Louisiana,Rural,16.95,17.26,40.49,42.25
28845,County_28845,Nevada,Urban,12.73,12.91,44.92,42.17
28305,County_28305,Nevada,Rural,16.56,17.22,37.84,44.94
23549,County_23549,Minnesota,Urban,6.59,7.45,51.09,41.47
48751,County_48751,West Virginia,Rural,13.57,14.44,46.39,39.17
37607,County_37607,Oregon,Rural,12.16,13.22,44.19,42.59
52481,County_52481,Other,Rural,15.06,14.82,30.0,55.18
2505,County_2505,Alaska,Rural,7.86,8.75,44.69,46.55
21037,County_21037,Massachusetts,Rural,7.07,7.28,49.84,42.88
37909,County_37909,Oregon,Urban,10.93,11.87,35.11,53.01
18139,County_18139,Louisiana,Rural,9.74,10.21,44.91,44.88
37701,County_37701,Oregon,Rural,,9.41,44.44,46.15
34301,County_34301,North Dakota,Urban,9.68,9.54,36.77,53.69
43481,County_43481,Texas,Rural,16.75,17.01,46.24,36.76
3555,County_3555,Arizona,Rural,11.33,12.12,49.99,37.9
21637,County_21637,Massachusetts,Rural,,13.65,34.9,51.45
43301,County_43301,Texas,Rural,8.27,8.5,45.27,46.23
22001,County_22001,Michigan,Rural,12.58,13.18,41.58,45.24
54449,County_54449,Other,Rural,6.35,6.67,52.63,40.69
25785,County_25785,Missouri,Suburban/Small City,7.84,8.51,44.68,46.81
49775,County_49775,Wisconsin,Urban,,10.88,44.73,44.39
40487,County_40487,South Carolina,Rural,8.87,10.18,51.54,38.28
55731,County_55731,Other,Urban,9.48,9.43,52.56,38.0
8071,County_8071,Delaware,Rural,10.18,10.6,45.79,43.61
37845,County_37845,Oregon,Urban,9.14,8.96,42.02,49.02
45763,County_45763,Vermont,Urban,6.78,6.77,49.11,44.13
44585,County_44585,Utah,Urban,9.65,10.26,41.63,48.11
36441,County_36441,Oklahoma,Urban,14.0,15.35,46.37,38.27
54881,County_54881,Other,Rural,6.03,6.19,58.12,
24373,County_24373,Mississippi,Rural,14.1,14.64,41.48,43.88
26489,County_26489,Montana,Rural,6.36,6.76,45.21,48.03
32069,County_32069,New York,Urban,11.72,12.01,45.55,42.44
14379,County_14379,Indiana,Rural,17.26,16.99,42.03,40.98
56867,County_56867,Other,Rural,7.25,7.3,49.2,43.5
19539,County_19539,Maine,Urban,14.02,14.81,41.27,43.92
17577,County_17577,Kentucky,Rural,15.5,15.65,45.68,38.67
48921,County_48921,West Virginia,Rural,8.42,9.27,51.86,38.87
17761,County_17761,Kentucky,Rural,8.63,8.72,38.01,53.27
50257,County_50257,Wyoming,Urban,11.84,12.9,49.79,37.31
34445,County_34445,North Dakota,Urban,10.73,10.57,52.14,37.29
20199,County_20199,Maryland,Rural,15.79,15.38,41.88,42.75
24979,County_24979,Mississippi,Rural,5.32,4.73,52.77,42.49
55949,County_55949,Other,Rural,7.98,9.0,57.3,33.71
6175,County_6175,Colorado,Rural,7.82,8.78,38.27,52.95
3131,County_3131,Arizona,Urban,5.78,5.9,53.81,40.29
37719,County_37719,Oregon,Suburban/Small City,4.61,5.53,47.85,46.62
4847,County_4847,Arkansas,Suburban/Small City,5.6,6.06,44.72,49.22
23109,County_23109,Minnesota,Rural,12.95,12.88,47.74,39.38
31809,County_31809,New Mexico,Urban,5.26,5.87,52.25,41.88
12405,County_12405,Idaho,Rural,9.46,9.5,52.39,38.11
25499,County_25499,Missouri,Suburban/Small City,13.12,13.68,45.2,41.13
19159,County_19159,Maine,Urban,8.13,8.17,54.28,37.55
39267,County_39267,Rhode Island,Urban,7.19,7.51,50.83,41.66
32811,County_32811,New York,Rural,14.62,14.57,42.73,42.69
41525,County_41525,South Dakota,Rural,13.09,13.02,,35.34
6851,County_6851,Colorado,Rural,11.2,11.12,41.58,47.3
49099,County_49099,Wisconsin,Rural,10.78,10.47,46.16,43.36
14453,County_14453,Indiana,Urban,12.9,13.47,44.21,42.32
22673,County_22673,Michigan,Rural,6.18,6.34,44.86,48.8
52721,County_52721,Other,Urban,13.36,13.99,42.37,43.64
47875,County_47875,Washington,Rural,8.19,9.14,44.5,46.36
44779,County_44779,Utah,Urban,14.86,15.11,40.55,44.34
44097,County_44097,Utah,Urban,9.61,10.46,45.3,44.24
24509,County_24509,Mississippi,Rural,3.04,2.26,62.67,35.07
46995,County_46995,Virginia,Rural,8.01,8.09,53.2,38.71
46611,County_46611,Virginia,Rural,12.55,13.17,41.73,
15227,County_15227,Iowa,Rural,12.17,12.1,40.01,47.9
41053,County_41053,South Dakota,Rural,4.32,4.85,55.74,39.4
54657,County_54657,Other,Rural,13.22,13.04,46.75,40.21
13319,County_13319,Illinois,Urban,9.02,8.81,48.23,42.95
43249,County_43249,Texas,Rural,6.3,6.45,57.25,36.3
5965,County_5965,California,Urban,13.24,13.05,49.73,37.22
1207,County_1207,Alabama,Rural,13.97,14.23,49.02,36.75
56953,County_56953,Other,Rural,11.8,11.71,44.15,44.14
2263,County_2263,Alaska,Rural,10.29,9.48,55.4,35.12
36411,County_36411,Oklahoma,Rural,8.08,8.39,60.28,31.32
8715,County_8715,Delaware,Urban,9.23,9.37,52.48,38.15
41637,County_41637,South Dakota,Suburban/Small City,5.49,5.99,48.82,45.19
11065,County_11065,Hawaii,Suburban/Small City,11.53,12.42,39.42,48.17
20971,County_20971,Maryland,Rural,16.38,17.32,37.46,45.22
15923,County_15923,Iowa,Urban,15.51,15.95,41.28,42.77
18767,County_18767,Louisiana,Suburban/Small City,9.86,10.05,51.09,38.86
24717,County_24717,Mississippi,Urban,10.14,10.5,45.08,44.42
27885,County_27885,Nebraska,Urban,3.32,,58.61,37.97
2057,County_2057,Alaska,Rural,12.21,13.89,39.21,46.9
25345,County_25345,Missouri,Rural,5.12,5.57,54.73,39.7
44717,County_44717,Utah,Urban,9.76,10.46,51.33,38.22
49871,County_49871,Wisconsin,Rural,14.61,15.21,39.22,45.57
45069,County_45069,Vermont,Urban,7.95,7.87,49.19,42.94
49033,County_49033,Wisconsin,Suburban/Small City,12.08,11.63,46.29,42.08
15521,County_15521,Iowa,Rural,,16.95,36.4,46.65
51747,County_51747,Other,Urban,7.79,8.4,53.96,37.64
19133,County_19133,Maine,Suburban/Small City,8.8,9.11,53.11,37.78
28183,County_28183,Nevada,Rural,13.93,12.68,51.64,35.68
34257,County_34257,North Dakota,Urban,12.47,13.13,51.19,35.68
2289,County_2289,Alaska,Rural,11.82,12.38,40.19,47.44
10221,County_10221,Georgia,Rural,5.8,6.15,51.29,42.56
54781,County_54781,Other,Suburban/Small City,9.77,9.66,48.92,41.42
17827,County_17827,Kentucky,Urban,14.04,14.3,54.61,31.1
11721,County_11721,Hawaii,Urban,5.22,4.8,55.69,39.51
40929,County_40929,South Carolina,Urban,14.01,14.27,40.51,45.23
39123,County_39123,Rhode Island,Rural,9.71,9.6,40.38,50.02
21225,County_21225,Massachusetts,Rural,10.71,11.24,53.95,34.81
36241,County_36241,Oklahoma,Rural,17.55,17.28,43.13,
50579,County_50579,Wyoming,Rural,13.72,13.95,44.09,41.96
18469,County_18469,Louisiana,Urban,11.72,12.84,40.48,46.68
5371,County_5371,California,Rural,9.73,9.77,47.34,42.89
36215,County_36215,Oklahoma,Urban,4.5,5.32,49.75,44.93
44045,County_44045,Utah,Rural,10.61,10.77,50.6,38.63
4603,County_4603,Arkansas,Rural,5.07,5.71,52.6,41.69
54579,County_54579,Other,Rural,12.21,,35.96,51.82
1337,County_1337,Alabama,Urban,3.92,5.0,53.83,41.16
51289,County_51289,Other,Rural,13.44,14.09,37.74,48.17
13827,County_13827,Illinois,Suburban/Small City,8.18,7.97,47.49,44.54
22015,County_22015,Michigan,Suburban/Small City,4.75,,53.57,41.42
34827,County_34827,North Dakota,Rural,11.29,11.97,47.81,40.22
7933,County_7933,Connecticut,Urban,9.97,9.74,55.57,34.69
10219,County_10219,Georgia,Rural,11.49,12.82,46.08,41.1
29613,County_29613,New Hampshire,Rural,,8.07,56.05,35.88
26453,County_26453,Montana,Urban,8.74,9.19,39.23,51.57
13807,County_13807,Illinois,Rural,13.18,13.7,52.26,34.04
39871,County_39871,Rhode Island,Urban,14.57,14.45,49.1,36.45
47661,County_47661,Washington,Urban,8.91,9.39,48.44,42.16
9435,County_9435,Florida,Rural,10.22,11.72,48.34,39.94
28821,County_28821,Nevada,Rural,6.54,6.76,54.81,38.43
40065,County_40065,South Carolina,Rural,12.39,12.34,52.48,35.17
8063,County_8063,Delaware,Rural,3.1,2.78,63.25,33.97
44099,County_44099,Utah,Urban,6.89,7.51,51.56,40.93
1817,County_1817,Alabama,Rural,8.1,8.21,54.68,37.11
27953,County_27953,Nebraska,Rural,7.99,8.6,49.11,42.29
47515,County_47515,Washington,Rural,11.9,11.76,46.54,41.7
52761,County_52761,Other,Suburban/Small City,10.86,10.93,53.98,35.09
41147,County_41147,South Dakota,Rural,10.14,11.19,49.4,39.42
6115,County_6115,Colorado,Urban,13.54,14.07,48.63,37.3
51319,County_51319,Other,Urban,15.77,15.99,38.6,45.4
5093,County_5093,California,Rural,11.27,11.92,38.26,49.82
12233,County_12233,Idaho,Rural,7.28,7.25,51.93,40.82
31055,County_31055,New Mexico,Rural,2.62,3.0,57.31,39.7
56605,County_56605,Other,Suburban/Small City,7.48,8.08,38.58,53.34
2991,County_2991,Alaska,Rural,13.24,14.18,44.48,41.34
29629,County_29629,New Hampshire,Rural,13.51,13.79,46.4,39.81
27933,County_27933,Nebraska,Urban,8.08,8.1,49.95,41.95
10583,County_10583,Georgia,Urban,4.15,5.42,,43.2
22705,County_22705,Michigan,Rural,10.98,10.96,44.81,44.23
47661,County_47661,Washington,Suburban/Small City,7.49,7.72,38.55,53.73
15457,County_15457,Iowa,Rural,14.65,15.63,36.63,47.74
53493,County_53493,Other,Urban,8.62,9.48,42.73,47.79
10115,County_10115,Georgia,Urban,12.06,12.73,40.1,47.16
37755,County_37755,Oregon,Urban,3.7,3.84,53.79,42.37
19235,County_19235,Maine,Urban,8.02,9.28,46.09,44.63
53081,County_53081,Other,Rural,,11.02,44.53,44.45
16113,County_16113,Kansas,Rural,13.15,,48.07,
29797,County_29797,New Hampshire,Rural,14.17,14.74,49.62,35.64
44773,County_44773,Utah,Urban,16.31,16.18,41.09,42.73
16417,County_16417,Kansas,Rural,8.99,9.75,48.93,41.32
15627,County_15627,Iowa,Rural,8.22,7.76,50.67,41.56
31323,County_31323,New Mexico,Rural,,8.97,53.57,37.46
49145,County_49145,Wisconsin,Urban,10.39,10.03,49.59,40.38
4511,County_4511,Arkansas,Rural,6.85,7.32,46.77,45.91
8201,County_8201,Delaware,Urban,10.6,11.75,45.44,42.82
32679,County_32679,New York,Urban,16.2,16.83,40.99,42.18
4049,County_4049,Arkansas,Suburban/Small City,16.88,16.44,34.64,48.92
6127,County_6127,Colorado,Urban,14.25,14.15,45.21,40.64
39823,County_39823,Rhode Island,Urban,5.98,5.83,47.75,46.41
27213,County_27213,Nebraska,Rural,5.2,5.32,48.91,45.77
24937,County_24937,Mississippi,Urban,11.42,12.1,44.25,43.65
45193,County_45193,Vermont,Rural,10.04,10.57,39.5,49.94
2457,County_2457,Alaska,Rural,13.41,14.19,45.45,40.37
44263,County_44263,Utah,Urban,10.01,10.61,52.09,37.3
7597,County_7597,Connecticut,Rural,11.78,11.41,45.43,
25711,County_25711,Missouri,Rural,6.36,7.07,42.72,50.21
44561,County_44561,Utah,Urban,12.56,12.85,48.24,38.91
8811,County_8811,Delaware,Urban,10.98,11.07,49.78,39.15
18653,County_18653,Louisiana,Urban,9.9,9.6,45.3,45.11
32431,County_32431,New York,Rural,10.58,10.82,47.59,41.59
50431,County_50431,Wyoming,Urban,8.55,8.93,51.45,39.62
32477,County_32477,New York,Urban,7.16,6.86,56.65,36.49
19813,County_19813,Maine,Rural,12.85,12.8,45.83,41.37
35437,County_35437,Ohio,Urban,14.27,14.3,40.88,44.82
50661,County_50661,Wyoming,Rural,14.74,16.64,38.06,45.31
36969,County_36969,Oklahoma,Rural,14.11,14.06,45.74,40.19
56335,County_56335,Other,Urban,0.85,0.96,55.75,43.29
31787,County_31787,New Mexico,Rural,7.22,7.31,40.54,52.15
13851,County_13851,Illinois,Suburban/Small City,7.93,8.11,50.95,40.94
41515,County_41515,South Dakota,Rural,8.95,9.33,40.99,49.68
31899,County_31899,New Mexico,Rural,10.59,10.38,48.6,41.02
46211,County_46211,Virginia,Urban,8.2,8.07,48.26,43.68
47165,County_47165,Washington,Urban,7.58,7.55,60.05,32.4
40341,County_40341,South Carolina,Rural,13.7,14.34,45.06,40.59
10049,County_10049,Georgia,Rural,16.19,15.75,40.24,44.01
20751,County_20751,Maryland,Rural,14.19,14.38,47.98,37.64
41269,County_41269,South Dakota,Urban,7.02,7.64,53.12,39.24
4235,County_4235,Arkansas,Urban,11.89,12.78,42.91,44.31
24581,County_24581,Mississippi,Suburban/Small City,4.28,5.87,54.15,39.98
6549,County_6549,Colorado,Urban,,3.64,55.19,41.17
43041,County_43041,Texas,Rural,5.82,6.58,42.66,
54831,County_54831,Other,Rural,13.85,13.47,45.61,40.92
33657,County_33657,North Carolina,Rural,9.55,9.76,57.24,33.0
4873,County_4873,Arkansas,Urban,12.32,12.14,42.61,45.25
26811,County_26811,Montana,Rural,14.11,14.69,39.79,45.52
44401,County_44401,Utah,Rural,9.72,10.03,53.76,36.21
2631,County_2631,Alaska,Rural,8.29,,50.53,40.34
19667,County_19667,Maine,Rural,,14.0,46.93,39.08
14657,County_14657,Indiana,Rural,9.02,10.08,49.25,40.67
36755,County_36755,Oklahoma,Urban,6.79,7.59,40.81,51.6
33141,County_33141,North Carolina,Rural,8.14,8.34,57.59,34.07
28969,County_28969,Nevada,Rural,8.45,7.58,49.9,42.52
45273,County_45273,Vermont,Urban,10.97,10.98,38.97,50.06
34833,County_34833,North Dakota,Urban,6.34,6.63,50.82,42.55
30813,County_30813,New Jersey,Rural,8.78,9.98,40.7,49.32
7487,County_7487,Connecticut,Suburban/Small City,4.9,4.55,49.89,45.56
26485,County_26485,Montana,Rural,13.96,14.29,44.61,41.1
39747,County_39747,Rhode Island,Urban,14.23,15.09,45.18,39.73
33813,County_33813,North Carolina,Urban,14.29,15.26,40.92,43.83
22949,County_22949,Michigan,Suburban/Small City,2.08,2.23,67.37,30.4
10947,County_10947,Georgia,Urban,6.35,5.92,58.37,35.71
31051,County_31051,New Mexico,Rural,15.97,15.93,45.67,38.4
17607,County_17607,Kentucky,Urban,4.12,5.08,46.4,48.52
10643,County_10643,Georgia,Urban,11.57,11.18,55.3,33.52
5417,County_5417,California,Rural,6.78,7.93,43.85,48.22
4899,County_4899,Arkansas,Rural,9.64,9.76,37.19,53.05
44115,County_44115,Utah,Rural,14.88,15.35,38.59,46.06
53831,County_53831,Other,Urban,14.06,14.09,43.68,42.22
5063,County_5063,California,Suburban/Small City,7.02,7.5,50.35,42.15
33127,County_33127,North Carolina,Urban,13.8,13.86,35.28,50.86
22301,County_22301,Michigan,Rural,12.32,12.45,52.43,35.12
37961,County_37961,Oregon,Rural,4.5,3.93,52.39,43.69
31939,County_31939,New Mexico,Rural,10.46,10.39,40.17,49.44
16489,County_16489,Kansas,Urban,7.3,7.87,43.16,48.97
43567,County_43567,Texas,Rural,8.18,8.18,45.07,46.75
51229,County_51229,Other,Rural,7.58,8.08,48.27,43.65
51073,County_51073,Other,Rural,14.28,14.48,42.99,42.53
17455,County_17455,Kentucky,Rural,11.23,12.22,50.44,37.34
16965,County_16965,Kansas,Rural,2.15,2.23,63.75,34.02
22861,County_22861,Michigan,Urban,11.39,12.48,44.48,43.05
10155,County_10155,Georgia,Rural,10.71,10.86,47.87,41.27
3251,County_3251,Arizona,Urban,10.41,10.98,58.24,30.78
1699,County_1699,Alabama,Urban,15.92,,,43.8
27917,County_27917,Nebraska,Rural,10.25,11.16,59.27,29.56
27919,County_27919,Nebraska,Suburban/Small City,12.46,12.71,54.8,32.49
1795,County_1795,Alabama,Rural,11.07,11.37,45.95,42.68
4677,County_4677,Arkansas,Rural,10.14,10.34,55.27,34.39
55119,County_55119,Other,Urban,9.78,10.25,49.99,39.77
6841,County_6841,Colorado,Urban,11.36,11.65,50.88,37.47
30147,County_30147,New Jersey,Urban,4.64,4.61,55.85,39.54
41169,County_41169,South Dakota,Rural,11.35,11.03,50.5,38.47
48827,County_48827,West Virginia,Rural,15.41,15.36,34.78,49.86
42191,County_42191,Tennessee,Rural,10.28,11.02,34.87,54.1
12579,County_12579,Idaho,Rural,9.6,9.31,45.56,45.13
28869,County_28869,Nevada,Urban,13.16,14.35,48.81,36.84
12671,County_12671,Idaho,Urban,9.57,9.9,45.26,44.84
14901,County_14901,Indiana,Rural,12.82,13.05,42.88,44.07
49397,County_49397,Wisconsin,Rural,11.36,11.26,40.33,48.41
26443,County_26443,Montana,Rural,14.09,15.18,,40.33
12089,County_12089,Idaho,Rural,3.72,3.58,43.28,53.14
28315,County_28315,Nevada,Urban,11.55,12.63,40.69,46.68
11429,County_11429,Hawaii,Urban,8.0,7.9,51.46,40.64
4027,County_4027,Arkansas,Urban,9.88,10.21,52.81,36.98
2655,County_2655,Alaska,Rural,12.7,12.82,53.62,33.56
56181,County_56181,Other,Rural,13.32,14.17,48.53,37.3
18103,County_18103,Louisiana,Rural,15.78,15.44,30.0,54.56
47193,County_47193,Washington,Suburban/Small City,7.26,6.78,42.28,50.94
11505,County_11505,Hawaii,Rural,11.66,11.36,48.06,40.57
29027,County_29027,New Hampshire,Rural,12.07,,39.03,48.66
43311,County_43311,Texas,Rural,7.36,7.42,47.34,45.23
56031,County_56031,Other,Rural,10.51,11.28,42.16,
54879,County_54879,Other,Rural,7.52,8.23,58.16,33.61
35363,County_35363,Ohio,Urban,7.21,7.06,51.21,41.72
22637,County_22637,Michigan,Suburban/Small City,10.72,11.41,44.06,44.53
26909,County_26909,Montana,Rural,5.3,6.11,57.65,36.24
20269,County_20269,Maryland,Urban,12.66,14.51,40.65,44.84
11335,County_11335,Hawaii,Rural,9.84,9.74,52.54,37.73
15681,County_15681,Iowa,Urban,16.19,16.27,34.63,49.1
42165,County_42165,Tennessee,Rural,11.56,11.85,41.84,46.31
48335,County_48335,West Virginia,Suburban/Small City,13.09,13.83,44.72,41.45
3143,County_3143,Arizona,Rural,5.61,5.22,54.66,40.12
41139,County_41139,South Dakota,Rural,11.16,10.97,46.98,42.05
36987,County_36987,Oklahoma,Rural,,12.44,47.69,39.86
43135,County_43135,Texas,Urban,,5.78,,43.68
40011,County_40011,South Carolina,Rural,8.13,8.38,42.76,48.87
14785,County_14785,Indiana,Urban,13.16,13.55,49.25,37.19
15711,County_15711,Iowa,Urban,15.55,16.16,45.95,37.89
51529,County_51529,Other,Rural,7.55,7.78,54.93,37.29
3547,County_3547,Arizona,Urban,10.94,10.71,50.52,38.77
15151,County_15151,Iowa,Rural,10.88,12.41,53.77,33.82
55429,County_55429,Other,Rural,7.37,7.98,44.46,47.55
39145,County_39145,Rhode Island,Urban,10.06,10.7,43.74,45.56
3943,County_3943,Arizona,Rural,7.79,7.94,56.58,35.48
19149,County_19149,Maine,Rural,10.61,10.68,38.58,50.74
55119,County_55119,Other,Rural,14.6,14.42,40.17,45.41
54963,County_54963,Other,Suburban/Small City,7.24,7.67,51.34,40.99
36969,County_36969,Oklahoma,Urban,13.11,13.73,37.71,48.55
31141,County_31141,New Mexico,Urban,6.71,7.4,44.64,47.96
23647,County_23647,Minnesota,Rural,8.79,9.54,44.94,45.52
16515,County_16515,Kansas,Urban,10.54,10.79,45.64,43.57
56191,County_56191,Other,Rural,13.82,13.86,37.92,48.22
56349,County_56349,Other,Rural,7.57,7.99,45.18,46.83
14689,County_14689,Indiana,Rural,12.75,13.83,43.89,42.28
38827,County_38827,Pennsylvania,Suburban/Small City,,11.55,42.92,45.53
39591,County_39591,Rhode Island,Urban,4.1,5.0,50.35,44.65
37471,County_37471,Oregon,Urban,13.86,14.19,43.03,42.79
43909,County_43909,Texas,Urban,11.31,10.5,47.21,42.29
53263,County_53263,Other,Rural,4.86,5.24,43.69,51.06
35183,County_35183,Ohio,Suburban/Small City,6.81,8.19,55.4,36.42
52019,County_52019,Other,Urban,5.96,6.81,43.61,49.58
29929,County_29929,New Hampshire,Rural,10.98,11.33,39.59,49.08
38659,County_38659,Pennsylvania,Suburban/Small City,12.75,13.61,41.96,44.43
40873,County_40873,South Carolina,Suburban/Small City,11.37,10.91,43.44,45.65
23391,County_23391,Minnesota,Rural,11.67,11.25,47.11,41.63
38441,County_38441,Pennsylvania,Urban,7.37,7.61,44.72,47.67
37579,County_37579,Oregon,Urban,6.33,7.15,49.28,43.57
43275,County_43275,Texas,Rural,14.22,14.18,48.38,37.44
40119,County_40119,South Carolina,Urban,9.15,10.14,46.76,43.09
22351,County_22351,Michigan,Rural,14.17,14.26,43.18,42.56
22911,County_22911,Michigan,Rural,9.97,9.76,49.5,40.75
1843,County_1843,Alabama,Rural,6.82,6.82,51.23,41.95
40623,County_40623,South Carolina,Rural,6.58,6.88,51.11,42.01
11597,County_11597,Hawaii,Rural,9.5,9.57,45.1,45.32
24745,County_24745,Mississippi,Rural,5.48,5.86,40.76,53.38
2555,County_2555,Alaska,Rural,4.58,4.39,47.43,
12041,County_12041,Idaho,Rural,11.34,11.12,54.5,34.38
29673,County_29673,New Hampshire,Urban,13.58,14.26,46.8,38.94
54899,County_54899,Other,Urban,11.21,11.6,43.84,44.57
45325,County_45325,Vermont,Rural,14.86,14.69,35.08,50.23
31121,County_31121,New Mexico,Rural,8.93,8.73,42.75,48.52
16947,County_16947,Kansas,Urban,5.89,6.26,58.67,35.07
15975,County_15975,Iowa,Urban,4.67,5.27,63.03,
55911,County_55911,Other,Rural,16.03,16.11,46.21,37.68
21601,County_21601,Massachusetts,Rural,8.86,8.7,46.29,45.01
33579,County_33579,North Carolina,Rural,7.13,7.11,55.96,36.92
15039,County_15039,Iowa,Suburban/Small City,11.7,12.09,54.51,33.4
28015,County_28015,Nevada,Rural,10.19,10.94,45.69,
39643,County_39643,Rhode Island,Suburban/Small City,12.19,11.99,38.11,49.9
36817,County_36817,Oklahoma,Rural,11.59,11.63,45.65,42.72
13489,County_13489,Illinois,Urban,4.34,4.59,50.59,44.82
46343,County_46343,Virginia,Rural,9.96,10.57,52.88,36.55
53577,County_53577,Other,Urban,13.31,12.74,50.59,36.67
33913,County_33913,North Carolina,Rural,9.7,10.25,50.73,39.02
30059,County_30059,New Jersey,Rural,6.24,6.69,45.05,48.26
24283,County_24283,Mississippi,Rural,11.11,11.34,48.35,40.31
53073,County_53073,Other,Urban,9.45,9.54,45.98,44.48
35383,County_35383,Ohio,Urban,7.82,7.71,49.19,43.1
35899,County_35899,Ohio,Rural,5.4,5.65,57.23,37.12
14181,County_14181,Indiana,Rural,6.93,7.84,44.66,47.5
24403,County_24403,Mississippi,Urban,9.71,9.94,45.29,44.78
45775,County_45775,Vermont,Urban,13.97,15.07,49.37,35.56
34853,County_34853,North Dakota,Urban,10.24,9.44,46.24,44.32
39169,County_39169,Rhode Island,Rural,16.12,16.76,31.1,52.14
12153,County_12153,Idaho,Rural,4.58,3.97,60.53,35.5
44963,County_44963,Utah,Urban,8.94,9.57,41.75,48.68
30015,County_30015,New Jersey,Urban,8.86,9.36,52.79,37.85
15441,County_15441,Iowa,Suburban/Small City,9.06,10.02,48.79,41.19
35697,County_35697,Ohio,Rural,13.96,13.57,36.77,49.66
21041,County_21041,Massachusetts,Rural,8.29,7.95,50.09,41.96
20997,County_20997,Maryland,Urban,7.46,8.09,47.01,44.89
23727,County_23727,Minnesota,Rural,14.92,15.03,34.06,50.9
1131,County_1131,Alabama,Rural,11.19,11.51,45.66,42.83
15291,County_15291,Iowa,Rural,10.43,11.38,42.03,46.59
1121,County_1121,Alabama,Suburban/Small City,9.18,9.89,47.89,42.22
16419,County_16419,Kansas,Urban,,7.34,51.49,41.17
9137,County_9137,Florida,Rural,9.34,9.25,43.04,47.71
47513,County_47513,Washington,Rural,14.0,14.04,47.23,38.73
34943,County_34943,North Dakota,Rural,13.42,13.59,45.33,41.09
7063,County_7063,Connecticut,Urban,12.01,11.76,45.82,42.43
2543,County_2543,Alaska,Rural,7.13,6.49,49.71,43.79
37875,County_37875,Oregon,Rural,12.62,13.09,43.29,43.62
22517,County_22517,Michigan,Rural,7.18,7.43,57.43,35.15
17989,County_17989,Kentucky,Rural,9.15,9.44,45.84,44.72
51105,County_51105,Other,Rural,4.61,4.99,45.89,49.12
55799,County_55799,Other,Rural,6.3,6.55,54.83,38.62
55567,County_55567,Other,Rural,4.88,5.87,53.89,40.24
1865,County_1865,Alabama,Urban,9.89,9.59,52.13,
44407,County_44407,Utah,Rural,12.65,13.06,41.58,45.36
43115,County_43115,Texas,Suburban/Small City,13.61,14.19,42.7,43.11
17057,County_17057,Kentucky,Urban,8.09,8.89,51.19,39.92
7873,County_7873,Connecticut,Urban,16.49,15.24,,51.31
10921,County_10921,Georgia,Rural,6.22,7.66,39.36,52.98
50697,County_50697,Wyoming,Urban,7.34,7.82,47.11,45.07
18015,County_18015,Louisiana,Rural,16.31,16.18,41.13,42.68
4583,County_4583,Arkansas,Urban,12.04,11.94,47.58,40.48
5729,County_5729,California,Rural,10.65,10.88,45.0,44.12
41363,County_41363,South Dakota,Rural,7.97,8.65,43.54,47.81
18279,County_18279,Louisiana,Rural,12.36,13.22,50.16,36.62
29389,County_29389,New Hampshire,Rural,12.49,13.17,47.94,38.89
39737,County_39737,Rhode Island,Rural,,7.47,45.06,47.46
27021,County_27021,Nebraska,Rural,10.93,12.17,45.12,42.71
39175,County_39175,Rhode Island,Rural,5.67,5.79,54.34,39.87
46547,County_46547,Virginia,Rural,16.0,16.13,37.4,46.46
24901,County_24901,Mississippi,Rural,15.04,14.63,37.22,48.15
26067,County_26067,Montana,Urban,9.37,9.69,44.45,45.86
6119,County_6119,Colorado,Rural,14.32,14.19,50.31,35.5
56561,County_56561,Other,Rural,9.67,10.09,55.97,33.94
45301,County_45301,Vermont,Rural,11.71,11.89,38.15,49.96
42373,County_42373,Tennessee,Rural,8.74,9.86,38.69,51.45
31237,County_31237,New Mexico,Urban,14.81,15.51,,45.72
54791,County_54791,Other,Rural,10.09,9.84,45.91,44.26
39169,County_39169,Rhode Island,Urban,7.47,8.37,41.48,50.15
33989,County_33989,North Carolina,Rural,12.6,11.92,46.59,41.49
27889,County_27889,Nebraska,Urban,11.71,,45.03,42.85
17591,County_17591,Kentucky,Rural,7.26,6.71,50.02,43.27
28805,County_28805,Nevada,Rural,8.83,9.16,48.46,42.38
26547,County_26547,Montana,Urban,11.9,12.84,43.4,43.76
50509,County_50509,Wyoming,Rural,5.25,5.76,59.66,34.58
17925,County_17925,Kentucky,Urban,8.27,8.24,54.14,37.62
31143,County_31143,New Mexico,Urban,12.74,12.8,44.15,43.05
22465,County_22465,Michigan,Rural,9.25,11.34,40.72,47.95
46315,County_46315,Virginia,Urban,6.44,7.03,43.88,
53895,County_53895,Other,Rural,14.43,14.75,47.39,37.85
46045,County_46045,Virginia,Rural,5.71,6.42,,44.53
28101,County_28101,Nevada,Rural,14.5,14.92,41.03,44.05
50817,County_50817,Wyoming,Urban,13.09,14.17,44.62,41.2
36995,County_36995,Oklahoma,Rural,5.89,6.41,49.53,44.06
49429,County_49429,Wisconsin,Rural,4.11,5.36,52.46,42.18
51279,County_51279,Other,Rural,12.21,,39.62,47.87
21575,County_21575,Massachusetts,Urban,7.43,7.06,51.98,40.96
42957,County_42957,Tennessee,Rural,3.86,4.45,50.97,44.58
9619,County_9619,Florida,Rural,6.11,5.94,57.84,36.22
2139,County_2139,Alaska,Urban,10.43,9.57,47.62,42.81
1719,County_1719,Alabama,Urban,10.07,10.5,43.45,46.05
36373,County_36373,Oklahoma,Rural,8.38,9.2,46.2,44.6
42897,County_42897,Tennessee,Urban,9.87,10.3,43.74,45.95
55695,County_55695,Other,Rural,15.3,15.17,36.37,48.47
46769,County_46769,Virginia,Rural,13.34,13.42,52.44,34.14
15639,County_15639,Iowa,Rural,12.08,12.72,41.93,45.35
4975,County_4975,Arkansas,Rural,9.72,9.72,50.46,39.81
13137,County_13137,Illinois,Urban,3.2,3.21,46.07,50.73
40525,County_40525,South Carolina,Urban,13.21,13.59,43.16,43.25
41323,County_41323,South Dakota,Rural,4.84,5.2,58.21,36.6
50191,County_50191,Wyoming,Urban,3.03,3.81,51.78,44.41
3557,County_3557,Arizona,Rural,8.86,9.6,48.92,41.48
21963,County_21963,Massachusetts,Rural,15.05,15.51,42.85,41.64
12421,County_12421,Idaho,Rural,11.23,12.04,45.09,42.86
15171,County_15171,Iowa,Rural,12.44,11.68,47.83,40.49
19773,County_19773,Maine,Suburban/Small City,13.06,13.36,54.98,31.66
46105,County_46105,Virginia,Rural,4.65,4.81,52.21,42.98
1145,County_1145,Alabama,Suburban/Small City,13.58,14.72,35.87,49.41
47197,County_47197,Washington,Urban,11.0,10.77,47.19,42.04
53055,County_53055,Other,Urban,11.07,11.34,50.22,38.44
41759,County_41759,South Dakota,Urban,14.27,,42.35,43.21
35149,County_35149,Ohio,Rural,11.08,11.73,41.93,46.33
53793,County_53793,Other,Rural,8.42,9.35,49.63,41.02
43405,County_43405,Texas,Rural,10.77,11.42,33.46,55.12
29193,County_29193,New Hampshire,Rural,2.84,2.57,56.95,40.48
14447,County_14447,Indiana,Rural,,6.73,59.24,34.03
42299,County_42299,Tennessee,Rural,10.84,10.61,56.31,33.08
13801,County_13801,Illinois,Rural,3.64,3.62,51.15,45.22
27265,County_27265,Nebraska,Rural,4.49,4.74,57.53,37.73
42241,County_42241,Tennessee,Rural,2.53,2.32,50.95,46.73
28209,County_28209,Nevada,Suburban/Small City,11.37,11.57,42.37,
36561,County_36561,Oklahoma,Rural,9.86,10.92,40.55,48.53
45853,County_45853,Vermont,Rural,10.84,11.33,53.23,
15233,County_15233,Iowa,Urban,10.17,10.19,30.69,59.13
16363,County_16363,Kansas,Suburban/Small City,4.37,5.18,46.39,48.43
25941,County_25941,Missouri,Urban,10.94,10.85,52.65,36.5
21507,County_21507,Massachusetts,Suburban/Small City,13.77,13.81,42.39,43.8
1835,County_1835,Alabama,Suburban/Small City,2.22,2.56,,45.62
38865,County_38865,Pennsylvania,Urban,4.07,3.92,56.45,39.63
38437,County_38437,Pennsylvania,Rural,16.51,15.98,44.35,39.67
5659,County_5659,California,Urban,,11.22,44.04,44.73
1703,County_1703,Alabama,Rural,9.31,9.48,43.89,46.63
24321,County_24321,Mississippi,Urban,12.02,12.14,40.03,47.83
30891,County_30891,New Jersey,Rural,10.35,12.02,43.98,44.01
13537,County_13537,Illinois,Rural,7.43,7.87,49.48,42.65
45027,County_45027,Vermont,Rural,6.66,7.36,48.22,44.42
52519,County_52519,Other,Rural,11.28,11.91,44.16,43.93
15869,County_15869,Iowa,Urban,11.85,12.04,47.92,40.04
17773,County_17773,Kentucky,Urban,8.78,9.09,43.88,47.03
17805,County_17805,Kentucky,Rural,14.84,15.18,54.91,29.92
7179,County_7179,Connecticut,Rural,15.63,15.52,44.39,40.09
40027,County_40027,South Carolina,Urban,,11.62,51.73,36.64
54997,County_54997,Other,Rural,10.81,10.84,43.41,45.75
49239,County_49239,Wisconsin,Urban,14.32,14.04,43.1,42.86
28119,County_28119,Nevada,Rural,17.07,16.93,52.05,31.02
51203,County_51203,Other,Urban,14.21,14.37,40.31,45.33
24381,County_24381,Mississippi,Urban,7.76,7.52,36.21,56.28
42489,County_42489,Tennessee,Urban,15.39,16.54,44.6,38.87
9529,County_9529,Florida,Rural,8.87,7.91,56.63,
23395,County_23395,Minnesota,Urban,6.62,7.06,55.39,37.56
1111,County_1111,Alabama,Urban,12.39,12.98,51.71,35.31
41461,County_41461,South Dakota,Suburban/Small City,6.27,6.33,54.33,39.33
24997,County_24997,Mississippi,Rural,16.49,16.76,40.18,43.06
22501,County_22501,Michigan,Rural,5.62,5.53,57.83,36.64
55043,County_55043,Other,Rural,12.32,12.69,44.57,42.74
24475,County_24475,Mississippi,Rural,11.53,11.8,46.97,41.23
5673,County_5673,California,Rural,6.29,6.75,52.59,40.66
29989,County_29989,New Hampshire,Rural,11.54,12.05,50.0,37.95
5363,County_5363,California,Suburban/Small City,10.83,11.3,42.57,46.13
35135,County_35135,Ohio,Urban,13.77,13.42,45.81,40.77
10067,County_10067,Georgia,Urban,6.54,5.56,58.67,35.77
3251,County_3251,Arizona,Suburban/Small City,10.4,9.8,48.71,41.5
39727,County_39727,Rhode Island,Urban,6.74,6.25,54.89,38.86
5835,County_5835,California,Rural,8.81,8.76,47.12,44.12
28127,County_28127,Nevada,Suburban/Small City,9.5,9.88,48.55,41.57
8401,County_8401,Delaware,Rural,14.05,14.11,37.69,48.2
47725,County_47725,Washington,Urban,10.42,10.11,50.43,39.46
45739,County_45739,Vermont,Urban,7.78,8.69,43.46,47.85
16769,County_16769,Kansas,Urban,6.0,5.54,58.13,36.33
21205,County_21205,Massachusetts,Urban,14.48,15.95,43.57,40.49
16631,County_16631,Kansas,Rural,5.86,5.95,56.74,37.31
47885,County_47885,Washington,Suburban/Small City,3.03,3.95,53.39,42.66
41863,County_41863,South Dakota,Urban,14.13,14.14,36.02,49.84
37455,County_37455,Oregon,Rural,6.78,6.98,59.92,33.09
16425,County_16425,Kansas,Rural,13.32,14.02,52.52,33.45
4423,County_4423,Arkansas,Urban,10.75,12.23,45.21,42.56
56553,County_56553,Other,Rural,6.95,8.07,43.38,48.55
21875,County_21875,Massachusetts,Urban,13.54,13.31,45.49,41.2
24957,County_24957,Mississippi,Suburban/Small City,9.45,9.52,48.26,42.21
18781,County_18781,Louisiana,Rural,4.34,4.34,54.88,40.78
11217,County_11217,Hawaii,Suburban/Small City,13.45,13.45,46.44,40.11
22695,County_22695,Michigan,Rural,5.66,6.39,49.72,43.9
